path,kind,items,owner_post,in_inventory,bytes,channel_title,wayback_ts
/%D0%BC%D0%B8%D1%88%D0%BA%D0%B0-the-guide-to-grave-wave-2/feed/,post_comments,0,/%D0%BC%D0%B8%D1%88%D0%BA%D0%B0-the-guide-to-grave-wave-2/,yes,860,Comentarios en: Мишка – THE GUIDE TO GRAVE WAVE,20140109203908
/%E2%80%A0%E2%80%A0-the-coven-%E2%80%A0%E2%80%A0/feed/,post_comments,0,/%E2%80%A0%E2%80%A0-the-coven-%E2%80%A0%E2%80%A0/,yes,823,Comentarios en: †† THE COVEN ††,20140109204625
/%E2%80%A0%E2%80%A1%E2%80%A0-halloween-2010-2/feed/,post_comments,0,/%E2%80%A0%E2%80%A1%E2%80%A0-halloween-2010-2/,yes,818,Comentarios en: †‡† HALLOWEEN 2010,20140109194623
/%E2%80%A0-de%E2%96%B2d-virgin-%C2%9D%E2%80%A0-2/feed/,post_comments,0,/%E2%80%A0-de%E2%96%B2d-virgin-%C2%9D%E2%80%A0-2/,yes,823,Comentarios en: † DE▲D VIRGIN †,20140109202611
/%E2%96%82%E2%96%85%E2%96%87%E2%96%88%E2%96%93%E2%96%91%E2%9C%8C%E2%9C%8C%E2%9C%8C%E2%96%91%E2%96%93%E2%96%88%E2%96%87%E2%96%85%E2%96%82-2/feed/,post_comments,0,/%E2%96%82%E2%96%85%E2%96%87%E2%96%88%E2%96%93%E2%96%91%E2%9C%8C%E2%9C%8C%E2%9C%8C%E2%96%91%E2%96%93%E2%96%88%E2%96%87%E2%96%85%E2%96%82-2/,yes,1025,Comentarios en: ▂▅▇█▓░✌✌✌░▓█▇▅▂,20140110220218
/%E2%96%B2%E2%80%A0%E2%96%B2-2/feed/,post_comments,0,/%E2%96%B2%E2%80%A0%E2%96%B2-2/,yes,775,Comentarios en: ~▲†▲~,20140109201658
/%E2%96%BC%E2%96%B2%E2%96%BC-vagina-vangi-2/feed/,post_comments,0,/%E2%96%BC%E2%96%B2%E2%96%BC-vagina-vangi-2/,yes,812,Comentarios en: ▼▲▼ VAGINA VANGI,20140109193853
/%E2%96%BC%E2%96%B2%E2%96%BC-vagina-vangi-orthodox-2/feed/,post_comments,0,/%E2%96%BC%E2%96%B2%E2%96%BC-vagina-vangi-orthodox-2/,yes,847,Comentarios en: ▼▲▼ VAGINA VANGI – ORTHODOX,20140110213740
/%E2%97%95%E2%96%B2-%E2%99%A8-%E2%98%AF-hippie-new-year%E2%98%AF-%E2%99%A8-%E2%96%B2%E2%97%95/feed/,post_comments,1,/%E2%97%95%E2%96%B2-%E2%99%A8-%E2%98%AF-hippie-new-year%E2%98%AF-%E2%99%A8-%E2%96%B2%E2%97%95/,yes,1579,Comentarios en: ◕▲ ♨ ☯ HIPPIE NEW YEAR☯ ♨ ▲◕,20140110212701
/%E3%81%8D%E3%82%83%E3%82%8A%E3%83%BC%E3%81%B1%E3%81%BF%E3%82%85%E3%81%B1%E3%81%BF%E3%82%85-%E3%81%A4%E3%81%91%E3%81%BE%E3%81%A4%E3%81%91%E3%82%8B/feed/,post_comments,2,/%E3%81%8D%E3%82%83%E3%82%8A%E3%83%BC%E3%81%B1%E3%81%BF%E3%82%85%E3%81%B1%E3%81%BF%E3%82%85-%E3%81%A4%E3%81%91%E3%81%BE%E3%81%A4%E3%81%91%E3%82%8B/,yes,2303,Comentarios en: きゃりーぱみゅぱみゅ – つけまつける,20140110213226
/%E3%81%8D%E3%82%83%E3%82%8A%E3%83%BC%E3%81%B1%E3%81%BF%E3%82%85%E3%81%B1%E3%81%BF%E3%82%85-%E3%81%B5%E3%82%8A%E3%81%9D%E3%81%A7%E3%83%BC%E3%81%97%E3%82%87%E3%82%93/feed/,post_comments,0,/%E3%81%8D%E3%82%83%E3%82%8A%E3%83%BC%E3%81%B1%E3%81%BF%E3%82%85%E3%81%B1%E3%81%BF%E3%82%85-%E3%81%B5%E3%82%8A%E3%81%9D%E3%81%A7%E3%83%BC%E3%81%97%E3%82%87%E3%82%93/,yes,1095,Comentarios en: きゃりーぱみゅぱみゅ – ふりそでーしょん,20140109200442
/%E3%81%8D%E3%82%83%E3%82%8A%E3%83%BC%E3%81%B1%E3%81%BF%E3%82%85%E3%81%B1%E3%81%BF%E3%82%85-%E3%82%A4%E3%83%B3%E3%83%99%E3%83%BC%E3%83%80%E3%83%BC%E3%82%A4%E3%83%B3%E3%83%99%E3%83%BC%E3%83%80/feed/,post_comments,0,/%E3%81%8D%E3%82%83%E3%82%8A%E3%83%BC%E3%81%B1%E3%81%BF%E3%82%85%E3%81%B1%E3%81%BF%E3%82%85-%E3%82%A4%E3%83%B3%E3%83%99%E3%83%BC%E3%83%80%E3%83%BC%E3%82%A4%E3%83%B3%E3%83%99%E3%83%BC%E3%83%80/,yes,1161,Comentarios en: きゃりーぱみゅぱみゅ – インベーダーインベーダー,20140109194917
/%E3%81%8D%E3%82%83%E3%82%8A%E3%83%BC%E3%81%B1%E3%81%BF%E3%82%85%E3%81%B1%E3%81%BF%E3%82%85-%E3%83%95%E3%82%A1%E3%83%83%E3%82%B7%E3%83%A7%E3%83%B3%E3%83%A2%E3%83%B3%E3%82%B9%E3%82%BF%E3%83%BC/feed/,post_comments,0,/%E3%81%8D%E3%82%83%E3%82%8A%E3%83%BC%E3%81%B1%E3%81%BF%E3%82%85%E3%81%B1%E3%81%BF%E3%82%85-%E3%83%95%E3%82%A1%E3%83%83%E3%82%B7%E3%83%A7%E3%83%B3%E3%83%A2%E3%83%B3%E3%82%B9%E3%82%BF%E3%83%BC/,yes,1158,Comentarios en: きゃりーぱみゅぱみゅ – ファッションモンスター,20140109192543
/%E3%81%8D%E3%82%83%E3%82%8A%E3%83%BC%E3%81%B1%E3%81%BF%E3%82%85%E3%81%B1%E3%81%BF%E3%82%85-candy-candy/feed/,post_comments,0,/%E3%81%8D%E3%82%83%E3%82%8A%E3%83%BC%E3%81%B1%E3%81%BF%E3%82%85%E3%81%B1%E3%81%BF%E3%82%85-candy-candy/,yes,953,Comentarios en: きゃりーぱみゅぱみゅ- CANDY CANDY,20140109191551
/%E6%83%85%E5%A0%B1%E3%83%87%E3%82%B9%E3%82%AFvirtual/feed/,post_comments,0,/%E6%83%85%E5%A0%B1%E3%83%87%E3%82%B9%E3%82%AFvirtual/,yes,832,Comentarios en: 情報デスクVIRTUAL,20140109202329
/1-2/feed/,post_comments,0,/1-2/,yes,714,Comentarios en: #1,20140110214218
/18-ft-aids-3d-nectar/feed/,post_comments,0,/18-ft-aids-3d-nectar/,yes,775,Comentarios en: 18+ FT AIDS-3D – NECTAR,20140109191055
/18-mixtape/feed/,post_comments,0,/18-mixtape/,yes,737,Comentarios en: 18+ MIXTAPE,20140110215557
/18/feed/,post_comments,0,/18/,yes,713,Comentarios en: 18+,20140110213458
/2013-1/feed/,post_comments,1,/2013-1/,yes,1488,Comentarios en: 2013 #1,20140109191859
/21st-century-screw-2/feed/,post_comments,0,/21st-century-screw-2/,yes,764,Comentarios en: 21ST CENTURY SCREW,20140109194328
/3d-slut-iii/feed/,post_comments,0,/3d-slut-iii/,yes,739,Comentarios en: 3D SLUT III,20140109195200
/4-minute-ready-go/feed/,post_comments,0,/4-minute-ready-go/,yes,765,Comentarios en: 4 MINUTE – READY GO,20140110214402
/6-foot-7-foot/feed/,post_comments,0,/6-foot-7-foot/,yes,745,Comentarios en: 6 FOOT 7 FOOT,20140110212126
/a-tooth-for-an-eye/feed/,post_comments,0,/a-tooth-for-an-eye/,yes,760,Comentarios en: A TOOTH FOR AN EYE,20140109202059
/a-tribe-called-red/feed/,post_comments,0,/a-tribe-called-red/,yes,760,Comentarios en: A TRIBE CALLED RED,20140109193325
/aap-rocky-brand-new-guy/feed/,post_comments,0,/aap-rocky-brand-new-guy/,yes,784,Comentarios en: A$AP ROCKY – BRAND NEW GUY,20140109200631
/aap-rocky-goldie/feed/,post_comments,0,/aap-rocky-goldie/,yes,763,Comentarios en: A$AP ROCKY – GOLDIE,20140109190204
/aaron-spectre-lion-mix/feed/,post_comments,0,/aaron-spectre-lion-mix/,yes,772,Comentarios en: AARON SPECTRE LION MIX,20140109195957
/active-child-how-to-dress-well/feed/,post_comments,0,/active-child-how-to-dress-well/,yes,798,Comentarios en: ACTIVE CHILD + HOW TO DRESS WELL,20140109203933
/actually-huizenga-live-softrock-1-3/feed/,unretrievable,0,/actually-huizenga-live-softrock-1-3/,yes,0,,20140109184728
/actually/feed/,post_comments,1,/actually/,yes,1469,Comentarios en: ACTUALLY,20140110212336
/adeptus-from-the-valley/feed/,post_comments,0,/adeptus-from-the-valley/,yes,783,Comentarios en: ADEPTUS – FROM THE VALLEY,20140109191854
/adeptus/feed/,post_comments,0,/adeptus/,yes,727,Comentarios en: ADEPTUS,20140110213207
/affection/feed/,post_comments,0,/affection/,yes,733,Comentarios en: AFFECTION,20140109182720
/aftermath-negative-youth-presenta-pictureplane-df/feed/,post_comments,6,/aftermath-negative-youth-presenta-pictureplane-df/,yes,5896,Comentarios en: AFTERMATH: NEGATIVE YOUTH PRESENTA PICTUREPLANE @ DF,20140109201104
/alexico-aranas/feed/,post_comments,0,/alexico-aranas/,yes,757,Comentarios en: ALEXICO – ARAÑAS,20140109191812
/alexico-el-nombre-del-perro/feed/,post_comments,0,/alexico-el-nombre-del-perro/,yes,795,Comentarios en: ALEXICO – EL NOMBRE DEL PERRO,20140110211312
/alexico-gordo-grande-y-marica/feed/,post_comments,0,/alexico-gordo-grande-y-marica/,yes,793,Comentarios en: ALEXICO GORDO GRANDE Y MARICA,20140109191338
/alexico-se-pone-bilet-con-vegan-cannibal/feed/,post_comments,1,/alexico-se-pone-bilet-con-vegan-cannibal/,yes,1573,Comentarios en: ALEXICO SE PONE BILET CON VEGAN CANNIBAL,20140109192555
/alien-amv/feed/,post_comments,0,/alien-amv/,yes,733,Comentarios en: ALIEN AMV,20140109203722
/all-your-gifs-are-belong-to-us/feed/,unretrievable,0,/all-your-gifs-are-belong-to-us/,yes,0,,20140109184156
/alternative-ulster-sub-rosa/feed/,post_comments,0,/alternative-ulster-sub-rosa/,yes,792,Comentarios en: ALTERNATIVE ULSTER & SUB ROSA,20131214022837
/ambalance/feed/,post_comments,0,/ambalance/,yes,733,Comentarios en: AMBALANCE,20140110221919
/ambassadeurs-m-o-p-e/feed/,post_comments,0,/ambassadeurs-m-o-p-e/,yes,774,Comentarios en: AMBASSADEURS – M.O.P.E,20140110221130
/amber-ibarreche-kewl-girl/feed/,post_comments,1,/amber-ibarreche-kewl-girl/,yes,1751,Comentarios en: AMBER IBARRECHE – KEWL GIRL,20140109204602
/amber-ibarreche-she-dont-no-me/feed/,post_comments,0,/amber-ibarreche-she-dont-no-me/,yes,804,Comentarios en: AMBER IBARRECHE – SHE DONT NO ME,20140109191717
/american-juggalo/feed/,post_comments,0,/american-juggalo/,yes,754,Comentarios en: AMERICAN JUGGALO,20140111005032
/american-noise/feed/,post_comments,0,/american-noise/,yes,748,Comentarios en: AMERICAN NOISE,20140109192045
/ana-caprix-yours-feat-taylor-swift/feed/,post_comments,0,/ana-caprix-yours-feat-taylor-swift/,yes,819,Comentarios en: ANA CAPRIX – YOURS (FEAT. TAYLOR SWIFT),20140109191001
/ana-caprix/feed/,post_comments,0,/ana-caprix/,yes,736,Comentarios en: ANA CAPRIX,20140109193113
/angelina-pivarnick-im-hot/feed/,post_comments,0,/angelina-pivarnick-im-hot/,yes,796,Comentarios en: ANGELINA PIVARNICK – I’M HOT,20140110213755
/antes-de-que-nos-olviden-3/feed/,post_comments,0,/antes-de-que-nos-olviden-3/,yes,782,Comentarios en: ANTES DE QUE NOS OLVIDEN,20140110213129
/antes-de-que-nos-olviden-4/feed/,post_comments,0,/antes-de-que-nos-olviden-4/,yes,782,Comentarios en: ANTES DE QUE NOS OLVIDEN,20140110213801
/antwon-living-everydream-prod-pictureplane/feed/,post_comments,0,/antwon-living-everydream-prod-pictureplane/,yes,843,Comentarios en: ANTWON – LIVING EVERYDREAM (PROD. PICTUREPLANE),20140109202215
/apache-warrior/feed/,post_comments,0,/apache-warrior/,yes,748,Comentarios en: APACHE WARRIOR,20140110214214
/apart/feed/,post_comments,0,/apart/,yes,721,Comentarios en: APART,20140109202954
/apes/feed/,post_comments,0,/apes/,yes,718,Comentarios en: APES,20140109202256
/apocalyptic-bote-shaking/feed/,post_comments,0,/apocalyptic-bote-shaking/,yes,778,Comentarios en: APOCALYPTIC BOTE SHAKING,20140109193839
/araab-weekend-2/feed/,post_comments,0,/araab-weekend-2/,yes,751,Comentarios en: ARAAB WEEKEND 2,20140110212644
/araab-weekend/feed/,post_comments,0,/araab-weekend/,yes,745,Comentarios en: ARAAB WEEKEND,20140111005454
/araabmuzik/feed/,post_comments,0,/araabmuzik/,yes,766,Comentarios en: YOU’RE NOW LISTENING TO ARAABMUZIK,20140110212507
/arca-stretch-1-ep/feed/,post_comments,0,/arca-stretch-1-ep/,yes,765,Comentarios en: ARCA – STRETCH 1 EP,20140109200237
/archival-dirge-mix/feed/,post_comments,0,/archival-dirge-mix/,yes,760,Comentarios en: ARCHIVAL DIRGE MIX,20140109193902
/arena/feed/,post_comments,0,/arena/,yes,721,Comentarios en: ARENA,20140109184312
/armin-van-buuren-i-dont-own-you-white-ring-pikachu-remix/feed/,post_comments,0,/armin-van-buuren-i-dont-own-you-white-ring-pikachu-remix/,yes,891,Comentarios en: ARMIN VAN BUUREN – I DON’T OWN YOU (WHITE RING PIKACHU REMIX),20140109191658
/art-of-wor-blood-will-have-blood/feed/,post_comments,0,/art-of-wor-blood-will-have-blood/,yes,810,Comentarios en: ART OF WOR – BLOOD WILL HAVE BLOOD,20140109194646
/art-thoughtz/feed/,post_comments,0,/art-thoughtz/,yes,742,Comentarios en: ART THOUGHTZ,20140109203135
/aura-team-rockit/feed/,post_comments,0,/aura-team-rockit/,yes,762,Comentarios en: aura – team rockit,20140109195236
/baby-sloth-spirit/feed/,post_comments,0,/baby-sloth-spirit/,yes,757,Comentarios en: BABY SLOTH SPIRIT,20140110213532
/badd/feed/,post_comments,0,/badd/,yes,718,Comentarios en: BADD,20140110221004
/balam-acab-oh-why/feed/,post_comments,0,/balam-acab-oh-why/,yes,766,"Comentarios en: BALAM ACAB – OH, WHY",20140109200401
/banned-from-mtv/feed/,post_comments,0,/banned-from-mtv/,yes,751,Comentarios en: BANNED FROM MTV,20140109203014
/basketball/feed/,post_comments,0,/basketball/,yes,736,Comentarios en: BASKETBALL,20140109194952
/bb-pinkblue/feed/,unretrievable,0,/bb-pinkblue/,yes,0,,20140109202604
/beach-bum-im-go%E2%80%A0hsta-2/feed/,post_comments,0,/beach-bum-im-go%E2%80%A0hsta-2/,yes,803,Comentarios en: BEACH BUM – I’m Go†hsta,20140110212613
/bebetune/feed/,post_comments,1,/bebetune/,yes,1498,Comentarios en: BEBETUNE$,20140109192827
/bend-my-dick-to-my-ass/feed/,post_comments,0,/bend-my-dick-to-my-ass/,yes,772,Comentarios en: BEND MY DICK TO MY ASS,20140109192355
/best-coast-%E2%99%A5-wavves/feed/,post_comments,0,/best-coast-%E2%99%A5-wavves/,yes,781,Comentarios en: BEST COAST ♥ WAVVES,20140109203829
/beta-frontiers/feed/,post_comments,2,/beta-frontiers/,yes,2680,Comentarios en: BETA FRONTIERS,20140110222436
/better-off-alone/feed/,post_comments,0,/better-off-alone/,yes,754,Comentarios en: BETTER OFF ALONE,20140109191520
/big-magick-hustlas-2/feed/,post_comments,0,/big-magick-hustlas-2/,yes,764,Comentarios en: BIG MAGICK HUSTLAS,20140110214547
/bl%C2%A7%C2%A7d-ou%E2%80%A0-%C2%A7pnnr%C2%A7/feed/,post_comments,0,/bl%C2%A7%C2%A7d-ou%E2%80%A0-%C2%A7pnnr%C2%A7/,yes,825,Comentarios en: BL§§D ØU† – §PNNR§,20140110212710
/black-metal-kids-2/feed/,post_comments,0,/black-metal-kids-2/,yes,758,Comentarios en: BLACK METAL KIDS,20140110215325
/black-nails/feed/,post_comments,0,/black-nails/,yes,739,Comentarios en: BLACK NAILS,20140110213528
/black-skinhead/feed/,post_comments,0,/black-skinhead/,yes,748,Comentarios en: BLACK SKINHEAD,20140109184512
/black-yellow-vs-green-yellow/feed/,post_comments,0,/black-yellow-vs-green-yellow/,yes,802,Comentarios en: BLACK & YELLOW VS GREEN & YELLOW,20140109200455
/blackmilk/feed/,post_comments,0,/blackmilk/,yes,733,Comentarios en: BLACKMILK,20140109191650
/blissed-out-drones-ritualz-remix/feed/,post_comments,0,/blissed-out-drones-ritualz-remix/,yes,812,Comentarios en: BLISSED OUT – DRONES (RITUALZ REMIX),20140110212222
/blood-blood-blood/feed/,post_comments,0,/blood-blood-blood/,yes,757,Comentarios en: BLOOD BLOOD BLOOD,20140109191826
/blood-flow/feed/,post_comments,0,/blood-flow/,yes,736,Comentarios en: BLOOD FLOW,20140109192318
/blood-orange-champagne-coast/feed/,post_comments,0,/blood-orange-champagne-coast/,yes,798,Comentarios en: BLOOD ORANGE – CHAMPAGNE COAST,20140109194552
/blood-orange-neptune-ft-starchild/feed/,post_comments,1,/blood-orange-neptune-ft-starchild/,yes,2229,Comentarios en: BLOOD ORANGE – NEPTUNE (FT. STARCHILD),20140109193236
/bloody-knives/feed/,post_comments,0,/bloody-knives/,yes,745,Comentarios en: BLOODY KNIVES,20140109194215
/boan/feed/,post_comments,1,/boan/,yes,1215,Comentarios en: BOAN,20140109193851
/bodyguard-sex-with-axe-on/feed/,post_comments,0,/bodyguard-sex-with-axe-on/,yes,793,Comentarios en: BODYGUARD – SEX WITH AXE™  ON,20140109182641
/bodyguard/feed/,post_comments,1,/bodyguard/,yes,1378,Comentarios en: #BODYGUARD,20140110214813
/bonsai-babies/feed/,post_comments,0,/bonsai-babies/,yes,745,Comentarios en: BONSAI BABIES,20140110213448
/bored-this-way-2/feed/,post_comments,0,/bored-this-way-2/,yes,752,Comentarios en: BORED THIS WAY,20140109203925
/born-this-way/feed/,post_comments,0,/born-this-way/,yes,745,Comentarios en: BORN THIS WAY,20140110212517
/boy-friend/feed/,post_comments,0,/boy-friend/,yes,736,Comentarios en: BOY FRIEND,20140110222353
/boy-ruins-lives/feed/,post_comments,0,/boy-ruins-lives/,yes,751,Comentarios en: BOY RUINS LIVES,20140109190359
/boyfriend-x-zebra-katz/feed/,post_comments,0,/boyfriend-x-zebra-katz/,yes,772,Comentarios en: BOYFRIEND x ZEBRA KATZ,20140109193649
/brenmar-taking-it-down/feed/,post_comments,0,/brenmar-taking-it-down/,yes,780,Comentarios en: BRENMAR – TAKING IT DOWN,20140110213236
/brenmar-x-rihanna/feed/,post_comments,0,/brenmar-x-rihanna/,yes,757,Comentarios en: BRENMAR x RIHANNA,20140109203655
/brite-aid-sour-ep-mal004/feed/,post_comments,1,/brite-aid-sour-ep-mal004/,yes,1199,Comentarios en: BRITE AID – SOUR EP [MAL004],20140109184334
/broken/feed/,post_comments,0,/broken/,yes,724,Comentarios en: BROKEN,20140110212537
/brujjas-deejay-feat-hanna-shinohara/feed/,post_comments,0,/brujjas-deejay-feat-hanna-shinohara/,yes,811,Comentarios en: Brujjas Deejay feat Hanna Shinohara,20140109194658
/bruxa/feed/,post_comments,0,/bruxa/,yes,721,Comentarios en: BRUXA,20140110213922
/butterclock-hustling-feat-ooooo/feed/,post_comments,1,/butterclock-hustling-feat-ooooo/,yes,1462,Comentarios en: BUTTERCLOCK – HUSTLING (FEAT. oOoOO),20140109204511
/c-e-o-shadow-msg-mordor-mixtape/feed/,post_comments,0,/c-e-o-shadow-msg-mordor-mixtape/,yes,810,Comentarios en: C.E.O. SHADOW – MSG + MORDOR MIXTAPE,20140110213212
/call-her/feed/,post_comments,0,/call-her/,yes,730,Comentarios en: CALL HER,20140109191214
/campana-malignaritualz-en-indiegogo/feed/,post_comments,0,/campana-malignaritualz-en-indiegogo/,yes,813,Comentarios en: CAMPAÑA MALIGNA/RITUALZ EN INDIEGOGO,20140109202250
/cape-cod/feed/,post_comments,0,/cape-cod/,yes,730,Comentarios en: CAPE COD,20140109191615
/car-windows/feed/,post_comments,0,/car-windows/,yes,739,Comentarios en: CAR WINDOWS,20140110213130
/casi-xiu-xiu-casi-deerhoof-2/feed/,post_comments,0,/casi-xiu-xiu-casi-deerhoof-2/,yes,789,"Comentarios en: CASI XIU XIU, CASI DEERHOOF",20140110212913
/cassie-king-of-hearts/feed/,post_comments,0,/cassie-king-of-hearts/,yes,777,Comentarios en: CASSIE – KING OF HEARTS,20140110194948
/cassie-trilogy/feed/,post_comments,0,/cassie-trilogy/,yes,748,Comentarios en: CASSIE TRILOGY,20140109195139
/catamaran/feed/,post_comments,1,/catamaran/,yes,1245,Comentarios en: CATAMARAN,20140109194036
/catnapp/feed/,post_comments,0,/catnapp/,yes,727,Comentarios en: CATNAPP,20140109200510
/cel/feed/,post_comments,0,/cel/,yes,715,Comentarios en: CEL,20140109195141
/chainless/feed/,post_comments,0,/chainless/,yes,733,Comentarios en: CHAINLESS,20140109191434
/charli-xcx-so-far-away-princes-video-remix/feed/,post_comments,0,/charli-xcx-so-far-away-princes-video-remix/,yes,842,Comentarios en: CHARLI XCX – SO FAR AWAY (PRINCES VIDEO REMIX),20140110213622
/charli-xcx-stay-away-salems-angel-remix/feed/,post_comments,0,/charli-xcx-stay-away-salems-angel-remix/,yes,840,Comentarios en: CHARLI XCX – STAY AWAY (SALEM’S ANGEL REMIX),20140110212513
/charli-xcx-youre-the-one/feed/,post_comments,0,/charli-xcx-youre-the-one/,yes,793,Comentarios en: CHARLI XCX – YOU’RE THE ONE,20140109194625
/chillwave-checklist/feed/,post_comments,0,/chillwave-checklist/,yes,763,Comentarios en: CHILLWAVE CHECKLIST,20140111004849
/chvrches/feed/,post_comments,0,/chvrches/,yes,730,Comentarios en: CHVRCHES,20140109183446
/clams-casino-im-god-instrumental/feed/,post_comments,0,/clams-casino-im-god-instrumental/,yes,819,Comentarios en: CLAMS CASINO – I’M GOD (INSTRUMENTAL),20140109202608
/classified/feed/,post_comments,0,/classified/,yes,736,Comentarios en: CLASSIFIED,20140109200439
/cloud-aura/feed/,post_comments,0,/cloud-aura/,yes,736,Comentarios en: CLOUD AURA,20140109193103
/coins/feed/,post_comments,0,/coins/,yes,721,Comentarios en: COINS,20140110212726
/cold-nites-koreless-remix/feed/,post_comments,0,/cold-nites-koreless-remix/,yes,783,Comentarios en: COLD NITES (KORELESS REMIX),20140109202246
/cold-nites/feed/,post_comments,0,/cold-nites/,yes,736,Comentarios en: COLD NITES,20140109203141
/come-clean-mallinali-rubalcaba-yautepec-2/feed/,post_comments,0,/come-clean-mallinali-rubalcaba-yautepec-2/,yes,837,Comentarios en: COME CLEAN – MALLINALI RUBALCABA @ YAUTEPEC,20140110213751
/comma-ruttus/feed/,post_comments,0,/comma-ruttus/,yes,742,Comentarios en: COMMA RUTTUS,20140110213844
/comments/feed/,site_comments,10,,,9197,Comentarios para NEGATIVE YOUTH IS DEAD,20140210081941
/corona-capitalismo/feed/,post_comments,1,/corona-capitalismo/,yes,1189,Comentarios en: CORONA CAPITALISMO,20140109192834
/corpcore-kingdom-remix/feed/,post_comments,1,/corpcore-kingdom-remix/,yes,1497,Comentarios en: CORPCORE (KINGDOM REMIX),20140110212325
/cosmic-angel-the-illuminati-princess/feed/,post_comments,0,/cosmic-angel-the-illuminati-princess/,yes,816,Comentarios en: COSMIC ANGEL: THE ILLUMINATI PRINCE/SS,20140109190215
/coyote/feed/,post_comments,0,/coyote/,yes,724,Comentarios en: COYOTE,20140109190627
/craxxxmurf-r-i-p/feed/,post_comments,0,/craxxxmurf-r-i-p/,yes,763,Comentarios en: CRAXXXMURF – R.I.P.,20140109183355
/craxxxmurf/feed/,post_comments,0,/craxxxmurf/,yes,736,Comentarios en: CRAXXXMURF,20140109192246
/creep-animals-feat-holly-miranda/feed/,post_comments,1,/creep-animals-feat-holly-miranda/,yes,1285,Comentarios en: CREEP – ANIMALS (FEAT HOLLY MIRANDA),20140110220252
/creep-days-2/feed/,post_comments,0,/creep-days-2/,yes,748,Comentarios en: CREEP – DAYS,20140110212723
/creep-feat-nina-sky-you/feed/,post_comments,0,/creep-feat-nina-sky-you/,yes,784,Comentarios en: CREEP FEAT. NINA SKY – YOU,20140110212532
/creep-nina-sky/feed/,post_comments,1,/creep-nina-sky/,yes,1689,Comentarios en: CREEP + NINA SKY,20140110213311
/crime-fetish/feed/,post_comments,0,/crime-fetish/,yes,742,Comentarios en: CRIME FETISH,20140109203438
/crystal-casltes-affection/feed/,post_comments,1,/crystal-casltes-affection/,yes,1291,Comentarios en: CRYSTAL CASLTES – AFFECTION,20140109203158
/crystal-castles-iii/feed/,post_comments,0,/crystal-castles-iii/,yes,763,Comentarios en: CRYSTAL CASTLES III,20140109182447
/crystal-castles-plague/feed/,post_comments,0,/crystal-castles-plague/,yes,780,Comentarios en: CRYSTAL CASTLES – PLAGUE,20140109183113
/curse/feed/,post_comments,0,/curse/,yes,721,Comentarios en: CURSE,20140111004853
/cvlt-classics-hun-came/feed/,post_comments,0,/cvlt-classics-hun-came/,yes,781,Comentarios en: CVLT CLASSICS – HUN CAMÉ,20140110214628
/d-medley/feed/,post_comments,0,/d-medley/,yes,730,Comentarios en: D-MEDLEY,20140109183653
/damian-marley-nas-patience/feed/,post_comments,0,/damian-marley-nas-patience/,yes,798,Comentarios en: DAMIAN MARLEY & NAS – PATIENCE,20140109193250
/dancing-anymore/feed/,post_comments,0,/dancing-anymore/,yes,751,Comentarios en: DANCING ANYMORE,20140109203547
/dangerous-boys-club/feed/,post_comments,0,/dangerous-boys-club/,yes,763,Comentarios en: DANGEROUS BOYS CLUB,20140109191816
/dani-shivers-graves/feed/,post_comments,0,/dani-shivers-graves/,yes,771,Comentarios en: DANI SHIVERS – GRAVES,20140110214903
/dani-shivers-up/feed/,post_comments,1,/dani-shivers-up/,yes,2018,Comentarios en: DANI SHIVERS – UP!,20140110202740
/dani-shivers-witch/feed/,post_comments,1,/dani-shivers-witch/,yes,1629,Comentarios en: DANI SHIVERS – WITCH,20140110213349
/dark-killer-dance-night/feed/,post_comments,1,/dark-killer-dance-night/,yes,1401,Comentarios en: DARK KILLER DANCE NIGHT,20140110214145
/dark-sister/feed/,post_comments,0,/dark-sister/,yes,739,Comentarios en: DARK SISTER,20140110212801
/dark-york/feed/,post_comments,2,/dark-york/,yes,2363,Comentarios en: DARK YORK,20140109191010
/darkbloom/feed/,post_comments,0,/darkbloom/,yes,733,Comentarios en: DARKBLOOM,20140110222846
/das-racist-michael-jackson/feed/,post_comments,0,/das-racist-michael-jackson/,yes,792,Comentarios en: DAS RACIST – MICHAEL JACKSON,20140110213122
/david-lynch-good-day-todayi-know-2/feed/,post_comments,0,/david-lynch-good-day-todayi-know-2/,yes,815,Comentarios en: DAVID LYNCH – GOOD DAY TODAY/I KNOW,20140109191822
/de-la-cabeza/feed/,post_comments,0,/de-la-cabeza/,yes,742,Comentarios en: DE LA CABEZA,20140109192231
/deeeep/feed/,post_comments,0,/deeeep/,yes,724,Comentarios en: DEEEEP,20140110213312
/deon-al-qiyamah/feed/,post_comments,0,/deon-al-qiyamah/,yes,766,Comentarios en: D’EON – AL QIYAMAH,20140109192321
/deon-feat-marie-jane-kiss-me/feed/,post_comments,0,/deon-feat-marie-jane-kiss-me/,yes,805,Comentarios en: D’EON FEAT MARIE JANE – KISS ME,20140111004857
/deon-music-for-keyboards-vol1/feed/,post_comments,0,/deon-music-for-keyboards-vol1/,yes,808,Comentarios en: D’EON – MUSIC FOR KEYBOARDS VOL1,20140110183354
/deon-transparency-how-to-dress-well-rework/feed/,post_comments,0,/deon-transparency-how-to-dress-well-rework/,yes,849,Comentarios en: D’EON – TRANSPARENCY (HOW TO DRESS WELL REWORK),20140110215306
/desert-strike-ep-stream/feed/,post_comments,0,/desert-strike-ep-stream/,yes,777,Comentarios en: DESERT STRIKE EP [STREAM],20140109185615
/destroyer-remix/feed/,post_comments,0,/destroyer-remix/,yes,753,Comentarios en: DESTROYER + REMIX,20140109194545
/die-antwoord-rich-bitch/feed/,post_comments,0,/die-antwoord-rich-bitch/,yes,783,Comentarios en: DIE ANTWOORD – RICH BITCH,20140109201500
/digital-latex-pattern-recognition-mal008/feed/,post_comments,0,/digital-latex-pattern-recognition-mal008/,yes,836,Comentarios en: DIGITAL LATEX – PATTERN RECOGNITION [MAL008],20140109192253
/dipset-trance-party/feed/,post_comments,1,/dipset-trance-party/,yes,1638,Comentarios en: DIPSET TRANCE PARTY,20140109192153
/disaro-o-f-f/feed/,post_comments,1,/disaro-o-f-f/,yes,1344,Comentarios en: DISARO // O F F,20140109202751
/dj-hoodcore/feed/,post_comments,0,/dj-hoodcore/,yes,739,Comentarios en: DJ HOODCORE,20140109191625
/dj-javier-estrada-adicta-fuck-you/feed/,post_comments,0,/dj-javier-estrada-adicta-fuck-you/,yes,816,Comentarios en: DJ JAVIER ESTRADA  – ADICTA / FUCK YOU,20140109203403
/dj-maquina-de-muerte-sangree/feed/,post_comments,2,/dj-maquina-de-muerte-sangree/,yes,1788,Comentarios en: DJ MAQUINA DE MUERTE – SANGREE LIVE MIX,20140111004932
/dj-one-destiny-100back2school200-mix/feed/,post_comments,0,/dj-one-destiny-100back2school200-mix/,yes,822,Comentarios en: DJ ONE DESTINY – 100BACK2SCHOOL200 MIX,20140111005012
/dj-pablito-mix-moombathon-live-set-vol-1/feed/,post_comments,1,/dj-pablito-mix-moombathon-live-set-vol-1/,yes,1781,Comentarios en: DJ PABLITO MIX – MOOMBATHON LIVE SET VOL 1,20140109202643
/dj-smurphy-nightwaves/feed/,post_comments,0,/dj-smurphy-nightwaves/,yes,777,Comentarios en: DJ SMURPHY – NIGHTWAVES,20140110212147
/dj-smurphy-smurphwave-mal006/feed/,post_comments,2,/dj-smurphy-smurphwave-mal006/,yes,2435,Comentarios en: DJ SMURPHY – #SMURPHWAVE [MAL006],20140109192656
/dj-smurphy-troll-romance/feed/,post_comments,0,/dj-smurphy-troll-romance/,yes,786,Comentarios en: DJ SMURPHY – TROLL ROMANCE,20140109193328
/dj-symbiotix/feed/,post_comments,0,/dj-symbiotix/,yes,742,Comentarios en: DJ SYMBIOTIX,20140109192613
/dntel-enya-mixes/feed/,post_comments,0,/dntel-enya-mixes/,yes,762,Comentarios en: DNTEL – ENYA MIXES,20140109200831
/do-it/feed/,post_comments,0,/do-it/,yes,721,Comentarios en: DO IT,20140109200451
/dont/feed/,unretrievable,0,/dont/,yes,0,,20140109190931
/dream-affair/feed/,post_comments,0,/dream-affair/,yes,742,Comentarios en: DREAM AFFAIR,20140109195105
/dresden-dresses/feed/,post_comments,0,/dresden-dresses/,yes,751,Comentarios en: DRESDEN DRESSES,20140109190932
/dressed-for-space/feed/,post_comments,0,/dressed-for-space/,yes,757,Comentarios en: DRESSED FOR SPACE,20140109191635
/drift-kings/feed/,post_comments,0,/drift-kings/,yes,739,Comentarios en: DRIFT KINGS,20140109190659
/drones/feed/,post_comments,1,/drones/,yes,1507,Comentarios en: DRONES,20140109195623
/drugs-for-drunks-6-cassettes/feed/,post_comments,0,/drugs-for-drunks-6-cassettes/,yes,798,Comentarios en: DRUGS FOR DRUNKS – 6 CASSETTES,20140110213452
/drumcorps/feed/,post_comments,0,/drumcorps/,yes,733,Comentarios en: DRUMCORPS,20140109192542
/dstvv/feed/,post_comments,0,/dstvv/,yes,721,Comentarios en: DSTVV,20140109182528
/dum-dum-girls-coverea-a-the-smiths/feed/,post_comments,0,/dum-dum-girls-coverea-a-the-smiths/,yes,808,Comentarios en: DUM DUM GIRLS COVEREA A THE SMITHS,20140110212540
/ecstasy-motherfuckers/feed/,post_comments,0,/ecstasy-motherfuckers/,yes,769,Comentarios en: ECSTASY MOTHERFUCKERS,20140110220904
/edges-of-vortex/feed/,post_comments,0,/edges-of-vortex/,yes,751,Comentarios en: EDGES OF VORTEX,20140109194315
/egyptian-wrinkle/feed/,post_comments,0,/egyptian-wrinkle/,yes,754,Comentarios en: EGYPTIAN WRINKLE,20140109200912
/egyptrixx-start-from-the-beginning/feed/,post_comments,0,/egyptrixx-start-from-the-beginning/,yes,816,Comentarios en: EGYPTRIXX – START FROM THE BEGINNING,20140110212232
/el-trance-de-la-tia-nunia/feed/,post_comments,0,/el-trance-de-la-tia-nunia/,yes,781,Comentarios en: EL TRANCE DE LA TIA NUNIA,20140109201024
/electric-set-everything-in-your-power-mal009/feed/,post_comments,0,/electric-set-everything-in-your-power-mal009/,yes,848,Comentarios en: ELECTRIC SET – EVERYTHING IN YOUR POWER [MAL009],20140109183759
/elite-gymnastics-lifetrap/feed/,post_comments,0,/elite-gymnastics-lifetrap/,yes,790,Comentarios en: ELITE GYMNASTICS – LIFE/TRAP,20140109195144
/elite-gymnastics/feed/,post_comments,0,/elite-gymnastics/,yes,754,Comentarios en: ELITE GYMNASTICS,20140110193649
/ella-y-el-muerto/feed/,post_comments,0,/ella-y-el-muerto/,yes,754,Comentarios en: ELLA Y EL MUERTO,20140109191912
/emotional-physical/feed/,post_comments,0,/emotional-physical/,yes,762,Comentarios en: EMOTIONAL / PHYSICAL,20140109195245
/ener-y-deci/feed/,post_comments,0,/ener-y-deci/,yes,739,Comentarios en: ENER Y DECI,20140110214255
/entrevista-blissed-out/feed/,post_comments,0,/entrevista-blissed-out/,yes,776,Comentarios en: ENTREVISTA: BL§§D ØU†,20140110220329
/entrevista-con-jewels-of-the-nile-mp3s/feed/,post_comments,0,/entrevista-con-jewels-of-the-nile-mp3s/,yes,822,Comentarios en: ENTREVISTA CON JEWELS OF THE NILE + MP3s,20140110214622
/entrevista-grimes-deon-parte-1-2/feed/,post_comments,1,/entrevista-grimes-deon-parte-1-2/,yes,1431,Comentarios en: ENTREVISTA: GRIMES + D’EON // PARTE 1,20140110214418
/entrevista-grimes-deon-parte-2-2/feed/,post_comments,2,/entrevista-grimes-deon-parte-2-2/,yes,2011,Comentarios en: ENTREVISTA: GRIMES + D’EON // PARTE 2,20140110213906
/entrevista-nicolas/feed/,post_comments,0,/entrevista-nicolas/,yes,761,Comentarios en: ENTREVISTA: NICOLAS,20140109185509
/ep-n/feed/,post_comments,0,/ep-n/,yes,733,Comentarios en: EP ‘Ñ’,20140109195746
/estrategias-exitosas-de-estilos-de-vida-para-el-fin-del-mundo/feed/,post_comments,0,/estrategias-exitosas-de-estilos-de-vida-para-el-fin-del-mundo/,yes,889,Comentarios en: ESTRATEGIAS EXITOSAS DE ESTILOS DE VIDA PARA EL FIN DEL MUNDO,20140109183853
/eternity-zone/feed/,post_comments,2,/eternity-zone/,yes,1917,Comentarios en: ETERNITY ZONE,20140109204109
/eva-cherie/feed/,post_comments,2,/eva-cherie/,yes,2584,Comentarios en: EVA CHERIE,20140109182606
/everyone-not-everyone/feed/,post_comments,1,/everyone-not-everyone/,yes,1711,Comentarios en: EVERYONE (NOT EVERYONE),20140109182438
/everything-demo-ep/feed/,post_comments,1,/everything-demo-ep/,yes,1673,Comentarios en: EVERYTHING – DEMO EP,20140110220857
/everything-is-embarrassing-twin-shadow-remix/feed/,post_comments,0,/everything-is-embarrassing-twin-shadow-remix/,yes,840,Comentarios en: EVERYTHING IS EMBARRASSING (TWIN SHADOW REMIX),20140109193300
/everything-is-embarrassing-video/feed/,post_comments,2,/everything-is-embarrassing-video/,yes,2467,Comentarios en: EVERYTHING IS EMBARRASSING [VIDEO],20140109193426
/evian-christ-no-experiences/feed/,unretrievable,0,/evian-christ-no-experiences/,yes,0,,20140109184719
/eww/feed/,post_comments,0,/eww/,yes,715,Comentarios en: EWW,20140109194428
/exo-game/feed/,post_comments,0,/exo-game/,yes,725,Comentarios en: EXO,20140109182653
/exo/feed/,post_comments,0,/exo/,yes,715,Comentarios en: EXO,20140109193347
/ez-does-it/feed/,unretrievable,0,/ez-does-it/,yes,0,,20140109192249
/f-m-sushi/feed/,post_comments,0,/f-m-sushi/,yes,734,Comentarios en: F.M. SUSHI,20140109192143
/facebook-suicide-watch-2/feed/,post_comments,0,/facebook-suicide-watch-2/,yes,776,Comentarios en: FACEBOOK SUICIDE WATCH,20140110212638
/fam-lay-look-into-my-eyes-lilinternet-killam-ave-remix/feed/,post_comments,0,/fam-lay-look-into-my-eyes-lilinternet-killam-ave-remix/,yes,880,Comentarios en: FAM-LAY –  LOOK INTO MY EYES (@LILINTERNET KILLAM AVE REMIX),20140109194557
/fan-art-bedroom/feed/,post_comments,0,/fan-art-bedroom/,yes,751,Comentarios en: FAN ART BEDROOM,20140110212238
/fantorama-drama-plus/feed/,post_comments,0,/fantorama-drama-plus/,yes,766,Comentarios en: FANTORAMA DRAMA PLUS,20140110220137
/fart-face-mix/feed/,post_comments,0,/fart-face-mix/,yes,745,Comentarios en: FART-FACE MIX,20140109182111
/fatima-al-qadiri-desert-strike-ep/feed/,post_comments,0,/fatima-al-qadiri-desert-strike-ep/,yes,813,Comentarios en: FATIMA AL QADIRI – DESERT STRIKE EP,20140109190433
/fatima-al-qadiri-how-can-i-resist-u/feed/,post_comments,0,/fatima-al-qadiri-how-can-i-resist-u/,yes,819,Comentarios en: FATIMA AL QADIRI – HOW CAN I RESIST U,20140109195012
/fatima-al-qadiri-vatican-vibes/feed/,post_comments,1,/fatima-al-qadiri-vatican-vibes/,yes,2047,Comentarios en: FATIMA AL QADIRI – VATICAN VIBES,20140110211523
/fauna-negative-youth-mix-2013-1/feed/,post_comments,1,/fauna-negative-youth-mix-2013-1/,yes,1467,Comentarios en: FAUNA – NEGATIVE YOUTH MIX // 2013 #1,20140109192719
/fauna/feed/,post_comments,0,/fauna/,yes,721,Comentarios en: FAUNA,20140109184915
/feathers/feed/,post_comments,0,/feathers/,yes,730,Comentarios en: FEATHERS,20140109203414
/featureless-ghost/feed/,post_comments,0,/featureless-ghost/,yes,757,Comentarios en: FEATURELESS GHOST,20140109182308
/feed/,site_main,10,,,11286,NEGATIVE YOUTH IS DEAD,20110517221747
/feel-so-real/feed/,post_comments,0,/feel-so-real/,yes,742,Comentarios en: FEEL SO REAL,20140109183528
/feelings/feed/,post_comments,0,/feelings/,yes,730,Comentarios en: FEELINGS,20140109202615
/festival-nrmal-2011/feed/,post_comments,0,/festival-nrmal-2011/,yes,763,Comentarios en: FESTIVAL NRMAL 2011,20140110213218
/festival-nrmal-2012/feed/,post_comments,6,/festival-nrmal-2012/,yes,5289,Comentarios en: FESTIVAL NRMAL 2012,20140110220459
/festival-revolver-2da-edicion/feed/,post_comments,2,/festival-revolver-2da-edicion/,yes,2416,Comentarios en: FESTIVAL REVÓLVER: 2DA EDICIÓN,20140109202938
/fever-ray-the-wolf-2/feed/,post_comments,0,/fever-ray-the-wolf-2/,yes,772,Comentarios en: FEVER RAY – THE WOLF,20140109190636
/ff-pictureplane/feed/,post_comments,2,/ff-pictureplane/,yes,2185,Comentarios en: #FF @PICTUREPLANE,20140110212451
/fiebre-rey-2/feed/,post_comments,0,/fiebre-rey-2/,yes,741,"Comentarios en: FIEBRE, REY",20140109194847
/fifty-grand-exceptional/feed/,post_comments,0,/fifty-grand-exceptional/,yes,783,Comentarios en: FIFTY GRAND – EXCEPTIONAL,20140109192652
/fifty-grand/feed/,post_comments,0,/fifty-grand/,yes,739,Comentarios en: FIFTY GRAND,20140109184628
/fin-de-ano-mixtape-2010/feed/,post_comments,0,/fin-de-ano-mixtape-2010/,yes,776,Comentarios en: FIN DE AÑO MIXTAPE 2010,20140110221455
/first-prom/feed/,post_comments,0,/first-prom/,yes,736,Comentarios en: FIRST PROM,20140109204302
/flosstradamus-total-recall/feed/,post_comments,1,/flosstradamus-total-recall/,yes,1381,Comentarios en: FLOSSTRADAMUS – TOTAL RECALL,20140109200927
/forever-ballin/feed/,post_comments,0,/forever-ballin/,yes,748,Comentarios en: FOREVER BALLIN,20140109182853
/fostercare-altered-creature/feed/,post_comments,1,/fostercare-altered-creature/,yes,1657,Comentarios en: FOSTERCARE – ALTERED CREATURE,20140109202311
/fostercare-b-sides/feed/,post_comments,0,/fostercare-b-sides/,yes,760,Comentarios en: FOSTERCARE B-SIDES,20140109200658
/fostercare-long-clothing-mixtape/feed/,post_comments,0,/fostercare-long-clothing-mixtape/,yes,810,Comentarios en: FOSTERCARE – LONG CLOTHING MIXTAPE,20140109201543
/fostercare-remixes-01/feed/,post_comments,0,/fostercare-remixes-01/,yes,778,Comentarios en: FOSTERCARE –  REMIXES 01,20140109195805
/fostercare-sleepless/feed/,post_comments,0,/fostercare-sleepless/,yes,774,Comentarios en: FOSTERCARE – SLEEPLESS,20140110220908
/fostercare-sunfreeze-blown-out-refix/feed/,post_comments,0,/fostercare-sunfreeze-blown-out-refix/,yes,824,Comentarios en: FOSTERCARE – SUNFREEZE (BLOWN OUT REFIX),20140110213720
/fostercare-the-empire-will-drain-u/feed/,post_comments,0,/fostercare-the-empire-will-drain-u/,yes,816,Comentarios en: FOSTERCARE – THE EMPIRE WILL DRAIN U,20140110220920
/fotos-big-magick-hustlas-2/feed/,post_comments,0,/fotos-big-magick-hustlas-2/,yes,783,Comentarios en: FOTOS: BIG MAGICK HUSTLAS,20140110212651
/fotos-gatekeeper-irhell-2/feed/,post_comments,0,/fotos-gatekeeper-irhell-2/,yes,782,Comentarios en: FOTOS: GATEKEEPER @ IRHELL,20140109202418
/fotos-negative-%E2%80%A0-babes-2/feed/,post_comments,0,/fotos-negative-%E2%80%A0-babes-2/,yes,797,Comentarios en: FOTOS: NEGATIVE † BABES,20140911101112
/fotos-negative-%E2%80%A0-youth-2/feed/,post_comments,0,/fotos-negative-%E2%80%A0-youth-2/,yes,795,Comentarios en: FOTOS: NEGATIVE † YOUTH,20140110214141
/fotos-nrmal-2013/feed/,post_comments,0,/fotos-nrmal-2013/,yes,754,Comentarios en: FOTOS NRMAL 2013,20140109192427
/freak-out/feed/,post_comments,1,/freak-out/,yes,1461,Comentarios en: ☯ FREAK OUT!! ☯,20140110213557
/freeblissedout-2/feed/,post_comments,1,/freeblissedout-2/,yes,1541,Comentarios en: #FREEBLISSEDOUT,20140109204325
/fri-13th-mix/feed/,post_comments,0,/fri-13th-mix/,yes,742,Comentarios en: FRI 13TH MIX,20140109183319
/full-hearts/feed/,post_comments,1,/full-hearts/,yes,1279,Comentarios en: FULL HEARTS,20140109190123
/full-of-fire/feed/,post_comments,0,/full-of-fire/,yes,742,Comentarios en: FULL OF FIRE,20140109182732
/funerals-marae/feed/,post_comments,0,/funerals-marae/,yes,756,Comentarios en: FUNERALS – MARAE,20140109194457
/futuro-tropical-2/feed/,post_comments,1,/futuro-tropical-2/,yes,1576,Comentarios en: FUTURO TROPICAL,20140110203644
/games-strawberry-skies-feat-laurel-halo/feed/,post_comments,0,/games-strawberry-skies-feat-laurel-halo/,yes,834,Comentarios en: GAMES – STRAWBERRY SKIES (FEAT. LAUREL HALO),20140109194045
/gang-gang-dance-glass-jar-2/feed/,post_comments,0,/gang-gang-dance-glass-jar-2/,yes,793,Comentarios en: GANG GANG DANCE – GLASS JAR,20140110213525
/gary-war-born-of-the-light/feed/,post_comments,0,/gary-war-born-of-the-light/,yes,792,Comentarios en: GARY WAR – BORN OF THE LIGHT,20140109200625
/gauntlet-hair-top-bunk/feed/,unretrievable,0,/gauntlet-hair-top-bunk/,yes,0,,20140109203338
/genesis/feed/,post_comments,0,/genesis/,yes,727,Comentarios en: GENESIS,20140109193622
/geneva-jacuzzi-bad-moods/feed/,post_comments,0,/geneva-jacuzzi-bad-moods/,yes,786,Comentarios en: GENEVA JACUZZI – BAD MOODS,20140109200240
/geneva-jacuzzi-do-i-sad/feed/,post_comments,0,/geneva-jacuzzi-do-i-sad/,yes,783,Comentarios en: GENEVA JACUZZI – DO I SAD,20140110222135
/gesaffelstein-pursuit/feed/,post_comments,0,/gesaffelstein-pursuit/,yes,777,Comentarios en: GESAFFELSTEIN – PURSUIT,20140109203330
/ghost-raid/feed/,post_comments,0,/ghost-raid/,yes,736,Comentarios en: GHOST RAID,20140109192641
/gif-mashup/feed/,post_comments,0,/gif-mashup/,yes,736,Comentarios en: GIF Mashup,20140109195836
/gimme-gimme-gimme/feed/,post_comments,0,/gimme-gimme-gimme/,yes,757,Comentarios en: GIMME GIMME GIMME,20140110220901
/giza-gatekeeper-thunder-horse-2/feed/,post_comments,0,/giza-gatekeeper-thunder-horse-2/,yes,800,Comentarios en: GIZA: GATEKEEPER + THUNDER HORSE,20140109201118
/glass-popcorn-2011-2012-entrevista/feed/,post_comments,0,/glass-popcorn-2011-2012-entrevista/,yes,818,Comentarios en: GLASS POPCORN 2011 – 2012 + ENTREVISTA,20140109194832
/glass-popcorn-goin-hamburger/feed/,post_comments,0,/glass-popcorn-goin-hamburger/,yes,805,Comentarios en: GLASS POPCORN – GOIN’ HAMBURGER,20140109203527
/glass-popcorn-twitter-bxtches/feed/,post_comments,0,/glass-popcorn-twitter-bxtches/,yes,801,Comentarios en: GLASS POPCORN – TWITTER BXTCHES,20140109203631
/glass-teeth-x-funerals/feed/,post_comments,0,/glass-teeth-x-funerals/,yes,772,Comentarios en: GLASS TEETH x FUNERALS,20140109195042
/glossata/feed/,post_comments,0,/glossata/,yes,730,Comentarios en: GLOSSATA,20140109203915
/gn-ep/feed/,post_comments,0,/gn-ep/,yes,722,Comentarios en: GN$ EP,20140110203550
/god-created-the-beat/feed/,post_comments,1,/god-created-the-beat/,yes,1267,Comentarios en: GOD CREATED THE BEAT,20140109185607
/good-amount-orange-pack-glass-popcorn-remix/feed/,post_comments,1,/good-amount-orange-pack-glass-popcorn-remix/,yes,1556,Comentarios en: GOOD AMOUNT – ORANGE PACK (GLASS POPCORN REMIX),20140110212430
/grimes-2/feed/,post_comments,0,/grimes-2/,yes,728,Comentarios en: GRIMES,20140110213751
/grimes-genesis/feed/,post_comments,0,/grimes-genesis/,yes,756,Comentarios en: GRIMES – GENESIS,20140110220334
/grimes-nightmusic/feed/,post_comments,0,/grimes-nightmusic/,yes,793,Comentarios en: VIDEO: GRIMES – NIGHTMUSIC (FT. MAJICAL CLOUDZ),20140109201933
/grimes-oblivion/feed/,post_comments,0,/grimes-oblivion/,yes,759,Comentarios en: GRIMES – OBLIVION,20140110213435
/grimes-vanessa-2/feed/,post_comments,0,/grimes-vanessa-2/,yes,760,Comentarios en: GRIMES – VANESSA,20140109200228
/gsx-remixes/feed/,post_comments,0,/gsx-remixes/,yes,739,Comentarios en: GSX REMIXES,20140109192734
/guess-tiesto-nyt-lyf-collection/feed/,post_comments,0,/guess-tiesto-nyt-lyf-collection/,yes,800,Comentarios en: GUESS/TIËSTO NYT LYF COLLECTION,20140109202623
/guia-ny-a-nrmal-2013/feed/,post_comments,0,/guia-ny-a-nrmal-2013/,yes,767,Comentarios en: GUÍA NY A NRMAL 2013,20140110202832
/gun/feed/,post_comments,0,/gun/,yes,715,Comentarios en: GUN,20140109184601
/gvcci-hvcci-coyote-gang-2/feed/,post_comments,0,/gvcci-hvcci-coyote-gang-2/,yes,781,Comentarios en: GVCCI HVCCI + COYOTE GANG,20140109194600
/gvcci-hvcci-crack-the-whip/feed/,post_comments,1,/gvcci-hvcci-crack-the-whip/,yes,1565,Comentarios en: GVCCI HVCCI – CRACK THE WHIP,20140110211236
/haleek-maul-88/feed/,post_comments,0,/haleek-maul-88/,yes,756,Comentarios en: HALEEK MAUL – 88,20140109184405
/haleek-maul-supreme-cuts/feed/,post_comments,0,/haleek-maul-supreme-cuts/,yes,784,Comentarios en: HALEEK MAUL & SUPREME CUTS,20140109182524
/haleek-maul/feed/,post_comments,1,/haleek-maul/,yes,2145,Comentarios en: HALEEK MAUL,20140109185650
/ham/feed/,post_comments,0,/ham/,yes,721,Comentarios en: H•A•M,20140110212245
/hard-as-a-motherfucker/feed/,post_comments,0,/hard-as-a-motherfucker/,yes,772,Comentarios en: HARD AS A MOTHERFUCKER,20140110212453
/hard-destiny-live-mixtape/feed/,post_comments,0,/hard-destiny-live-mixtape/,yes,781,Comentarios en: HARD DESTINY LIVE MIXTAPE,20140110212442
/hd-boyz-torrent-leak/feed/,post_comments,0,/hd-boyz-torrent-leak/,yes,766,Comentarios en: HD BOYZ TORRENT LEAK,20140110214822
/hd-boyz-unzip/feed/,post_comments,0,/hd-boyz-unzip/,yes,753,Comentarios en: HD BOYZ – UNZIP,20140109203711
/hdxd-demoticon-mal010/feed/,post_comments,0,/hdxd-demoticon-mal010/,yes,779,Comentarios en: HDXD – DEMOTICON [MAL010],20140109195107
/health-australia/feed/,post_comments,0,/health-australia/,yes,754,Comentarios en: HEALTH AUSTRALIA,20140110215929
/health-en-mexico-2/feed/,post_comments,0,/health-en-mexico-2/,yes,758,Comentarios en: HEALTH EN MEXICO,20140110191718
/health-goth-star-pictureplane-cover/feed/,post_comments,1,/health-goth-star-pictureplane-cover/,yes,1390,Comentarios en: HEALTH – GOTH STAR (PICTUREPLANE COVER),20140110212242
/health-tears-video/feed/,post_comments,0,/health-tears-video/,yes,770,Comentarios en: HEALTH – TEARS [VIDEO],20140109191831
/health-tears/feed/,post_comments,1,/health-tears/,yes,1645,Comentarios en: HEALTH – TEARS,20140109192714
/heat/feed/,post_comments,0,/heat/,yes,718,Comentarios en: HEAT,20140109192813
/heaven/feed/,post_comments,0,/heaven/,yes,724,Comentarios en: HEAVEN,20140109193046
/held-tim-hecker-remix/feed/,post_comments,0,/held-tim-hecker-remix/,yes,771,Comentarios en: HELD (TIM HECKER REMIX),20140109194609
/hideous-men-sirens-2/feed/,post_comments,0,/hideous-men-sirens-2/,yes,772,Comentarios en: HIDEOUS MEN – SIRENS,20140110213043
/high-places-sophia/feed/,post_comments,0,/high-places-sophia/,yes,768,Comentarios en: HIGH PLACES – SOPHIA,20140110215718
/high-places-year-off/feed/,post_comments,0,/high-places-year-off/,yes,774,Comentarios en: HIGH PLACES – YEAR OFF,20140110215820
/hmmmmmmexico/feed/,post_comments,5,/hmmmmmmexico/,yes,4626,Comentarios en: HMMMMMMEXICO,20140109194742
/hola-2011/feed/,post_comments,0,/hola-2011/,yes,733,Comentarios en: HOLA 2011,20140109204529
/hold-it-against-me-nike7up-help-i%E2%80%99m-trapped-in-a-body-remix/feed/,post_comments,0,/hold-it-against-me-nike7up-help-i%E2%80%99m-trapped-in-a-body-remix/,yes,901,Comentarios en: HOLD IT AGAINST ME NIKE7UP HELP I’M TRAPPED IN A BODY REMIX,20140111005508
/hold-it-against-me/feed/,post_comments,0,/hold-it-against-me/,yes,760,Comentarios en: HOLD IT AGAINST ME,20140110200121
/hollagramz-galactic-leash-ep/feed/,post_comments,0,/hollagramz-galactic-leash-ep/,yes,798,Comentarios en: HOLLAGRAMZ – GALACTIC LEASH EP,20140109193400
/hollagramz-vs-blissed-out/feed/,post_comments,0,/hollagramz-vs-blissed-out/,yes,781,Comentarios en: HOLLAGRAMZ VS BLISSED OUT,20140110220951
/holograms/feed/,post_comments,0,/holograms/,yes,733,Comentarios en: HOLOGRAMS,20140109191516
/holy-other-held/feed/,post_comments,0,/holy-other-held/,yes,759,Comentarios en: HOLY OTHER – HELD,20140109184134
/holy-other-love-some1-teengirl-fantasy-remix-featuring-kelela/feed/,unretrievable,0,/holy-other-love-some1-teengirl-fantasy-remix-featuring-kelela/,yes,0,,20140109191252
/holy-other-touch/feed/,post_comments,2,/holy-other-touch/,yes,2570,Comentarios en: HOLY OTHER – TOUCH,20140110185507
/horse-macgyver-en-vivo-en-un-coche-2/feed/,post_comments,0,/horse-macgyver-en-vivo-en-un-coche-2/,yes,812,Comentarios en: HORSE MACGYVER EN VIVO EN UN COCHE,20140110215726
/house-of-comments/feed/,post_comments,0,/house-of-comments/,yes,757,Comentarios en: HOUSE OF COMMENTS,20140109193711
/house-of-ladosha-2/feed/,post_comments,0,/house-of-ladosha-2/,yes,758,Comentarios en: HOUSE OF LADOSHA,20140110212357
/house-of-ladosha-perched-rollin/feed/,post_comments,0,/house-of-ladosha-perched-rollin/,yes,820,Comentarios en: HOUSE OF LADOSHA – PERCHED & ROLLIN’,20140110213237
/house-of-ladosha-this-is-your-brain/feed/,post_comments,0,/house-of-ladosha-this-is-your-brain/,yes,819,Comentarios en: HOUSE OF LADOSHA – THIS IS YOUR BRAIN,20140110213102
/how-to-dress-well-change-yourself/feed/,post_comments,0,/how-to-dress-well-change-yourself/,yes,813,Comentarios en: HOW TO DRESS WELL – CHANGE YOURSELF,20140110212513
/httpe-m-bed-ded/feed/,post_comments,0,/httpe-m-bed-ded/,yes,755,Comentarios en: HTTP://E.M-BED.DE/D,20140109203042
/hustling/feed/,post_comments,0,/hustling/,yes,730,Comentarios en: HUSTLING,20140110213017
/hyper-reality/feed/,post_comments,0,/hyper-reality/,yes,745,Comentarios en: HYPER REALITY,20140109195233
/hypermotion-xb/feed/,post_comments,1,/hypermotion-xb/,yes,1550,Comentarios en: HYPERMOTION X/B,20140110212834
/i-come-with-knives/feed/,post_comments,0,/i-come-with-knives/,yes,760,Comentarios en: I COME WITH KNIVES,20140109191709
/icepunk-2-compilation/feed/,unretrievable,0,/icepunk-2-compilation/,yes,0,,20140109204126
/in-and-out/feed/,post_comments,0,/in-and-out/,yes,736,Comentarios en: IN AND OUT,20140109183625
/inc-the-place/feed/,post_comments,0,/inc-the-place/,yes,754,Comentarios en: .inc – the place,20140109200257
/indian-jewelry-see-forever/feed/,post_comments,0,/indian-jewelry-see-forever/,yes,785,Comentarios en: INDIAN JEWELRY- SEE FOREVER,20140109201643
/innergaze/feed/,post_comments,0,/innergaze/,yes,733,Comentarios en: INNERGAZE,20140109201738
/innocentia-obscura/feed/,post_comments,0,/innocentia-obscura/,yes,760,Comentarios en: INNOCENTIA OBSCURA,20140109191319
/ionika/feed/,post_comments,0,/ionika/,yes,724,Comentarios en: IONIKA,20140109191454
/ipc/feed/,post_comments,0,/ipc/,yes,715,Comentarios en: IPC,20140109202545
/irhell-2/feed/,post_comments,1,/irhell-2/,yes,1670,Comentarios en: IRHELL,20140110220924
/irl/feed/,post_comments,0,/irl/,yes,715,Comentarios en: IRL,20140109195858
/it-was-u-doss-remix/feed/,post_comments,0,/it-was-u-doss-remix/,yes,771,Comentarios en: & IT WAS U (DOSS REMIX),20140109184216
/its-dangerous-to-go-alone-take-this/feed/,post_comments,0,/its-dangerous-to-go-alone-take-this/,yes,819,"Comentarios en: IT’S DANGEROUS TO GO ALONE, TAKE THIS",20140109191820
/jack-ie-lo-gimme_m%C2%A5_drug/feed/,post_comments,0,/jack-ie-lo-gimme_m%C2%A5_drug/,yes,805,Comentarios en: JACK’ IE LO – GIMME_M¥_DRUG$,20140109193112
/jack-ie-lo-memorandum-colosio/feed/,post_comments,0,/jack-ie-lo-memorandum-colosio/,yes,808,Comentarios en: JACK’ IE LO – MEMORANDUM COLOSIO,20140111004945
/james-ferraro-condom/feed/,post_comments,0,/james-ferraro-condom/,yes,774,Comentarios en: JAMES FERRARO – CONDOM,20140109191018
/james-ferraro-sushi/feed/,post_comments,0,/james-ferraro-sushi/,yes,767,Comentarios en: JAMES FERRARO — SUSHI,20140109183822
/jay-z-99-problems-the-prodigy-remix-2/feed/,post_comments,0,/jay-z-99-problems-the-prodigy-remix-2/,yes,825,Comentarios en: JAY-Z – 99 PROBLEMS (THE PRODIGY REMIX),20140109202458
/jhene-aiko-stranger-nguzunguzu-rmx/feed/,post_comments,0,/jhene-aiko-stranger-nguzunguzu-rmx/,yes,818,Comentarios en: JHENE AIKO – STRANGER (NGUZUNGUZU RMX),20140110212902
/jj-brine/feed/,post_comments,0,/jj-brine/,yes,730,Comentarios en: JJ BRINE,20140109191752
/jj-kills-2/feed/,post_comments,1,/jj-kills-2/,yes,1490,Comentarios en: JJ KILLS,20140110212918
/jj/feed/,post_comments,0,/jj/,yes,712,Comentarios en: JJ,20140110213249
/julia-holter-nite-jewel-what-we-see/feed/,unretrievable,0,/julia-holter-nite-jewel-what-we-see/,yes,0,,20140109194035
/jummy/feed/,post_comments,0,/jummy/,yes,721,Comentarios en: JUMMY,20140109200920
/june/feed/,post_comments,0,/june/,yes,718,Comentarios en: JUNE,20140109190728
/k1llrgvp/feed/,post_comments,0,/k1llrgvp/,yes,730,Comentarios en: K1llRGVP,20140109195642
/kallisti-kali/feed/,post_comments,1,/kallisti-kali/,yes,1266,Comentarios en: KALLISTI KALI,20140109183326
/kara-step/feed/,post_comments,0,/kara-step/,yes,741,Comentarios en: KARA – STEP,20140109195211
/katie-got-bandz-i-need-a-hitta-ludgehammer-blackened-drillwave-bootleg/feed/,post_comments,0,/katie-got-bandz-i-need-a-hitta-ludgehammer-blackened-drillwave-bootleg/,yes,927,Comentarios en: KATIE GOT BANDZ – I NEED A HITTA ($LUDGEHAMMER BLACKENED DRILLWAVE BOOTLEG),20140109201617
/katie-katie-katie/feed/,post_comments,0,/katie-katie-katie/,yes,757,Comentarios en: KATIE KATIE KATIE,20140110212839
/kid-sister-kiss-kiss-kiss-mixtape/feed/,post_comments,0,/kid-sister-kiss-kiss-kiss-mixtape/,yes,813,Comentarios en: KID SISTER – KISS KISS KISS MIXTAPE,20140111004936
/kidcity/feed/,post_comments,0,/kidcity/,yes,727,Comentarios en: KIDCITY,20140110213941
/kidnap-kid/feed/,post_comments,0,/kidnap-kid/,yes,736,Comentarios en: KIDNAP KID,20140109183825
/kill-them-2/feed/,post_comments,0,/kill-them-2/,yes,737,Comentarios en: KILL THEM,20140109201425
/king-night-rotterdam-terror-corps-remix/feed/,unretrievable,0,/king-night-rotterdam-terror-corps-remix/,yes,0,,20140109190918
/king-of-the-weed/feed/,post_comments,0,/king-of-the-weed/,yes,754,Comentarios en: KING OF THE WEED,20140109203928
/kingdom-vip-edition/feed/,post_comments,0,/kingdom-vip-edition/,yes,763,Comentarios en: KINGDOM VIP EDITION,20140109192452
/kingpinning/feed/,post_comments,0,/kingpinning/,yes,739,Comentarios en: KINGPINNING,20140109185049
/konnichiwa/feed/,post_comments,0,/konnichiwa/,yes,736,Comentarios en: KONNICHIWA,20140110214817
/kontravoid/feed/,post_comments,0,/kontravoid/,yes,736,Comentarios en: KONTRAVOID,20140109193443
/korallreven-sa-sa-samoa-elite-gymnastics-remix/feed/,post_comments,1,/korallreven-sa-sa-samoa-elite-gymnastics-remix/,yes,1673,Comentarios en: KORALLREVEN – SA SA SAMOA (ELITE GYMNASTICS REMIX),20140110213428
/korn-skrillex/feed/,post_comments,3,/korn-skrillex/,yes,2623,Comentarios en: KORN // SKRILLEX,20140110220858
/kreayshawn/feed/,post_comments,0,/kreayshawn/,yes,736,Comentarios en: KREAYSHAWN,20140109203045
/krenshaw/feed/,post_comments,0,/krenshaw/,yes,730,Comentarios en: KRENSHAW,20140109201539
/krusaders-be-my-guest-lilinternet-refix/feed/,post_comments,0,/krusaders-be-my-guest-lilinternet-refix/,yes,834,Comentarios en: KRUSADERS – BE MY GUEST (@LILINTERNET REFIX),20140109201421
/kuchibiru-network-3/feed/,post_comments,0,/kuchibiru-network-3/,yes,763,Comentarios en: KUCHIBIRU NETWORK 3,20140109204105
/la-fuerza-aerea/feed/,post_comments,0,/la-fuerza-aerea/,yes,752,Comentarios en: LA FUERZA AÉREA,20140110213309
/la-mejor-costa/feed/,post_comments,2,/la-mejor-costa/,yes,1727,Comentarios en: LA MEJOR COSTA,20140110204812
/la-minitk-del-miedo/feed/,post_comments,0,/la-minitk-del-miedo/,yes,763,Comentarios en: LA MINITK DEL MIEDO,20140109184238
/la-petite-mort/feed/,post_comments,0,/la-petite-mort/,yes,748,Comentarios en: LA PETITE MORT,20140109200506
/la-ultima-fiesta-del-ano/feed/,post_comments,0,/la-ultima-fiesta-del-ano/,yes,779,Comentarios en: LA ULTIMA FIESTA DEL AÑO,20140110212420
/la-vampires-x-maria-minerva/feed/,post_comments,1,/la-vampires-x-maria-minerva/,yes,1315,Comentarios en: LA VAMPIRES x MARIA MINERVA,20140109192857
/ladatel/feed/,post_comments,0,/ladatel/,yes,727,Comentarios en: LADATEL,20140110192118
/ladytron-ace-of-hz-2/feed/,post_comments,0,/ladytron-ace-of-hz-2/,yes,772,Comentarios en: LADYTRON – ACE OF HZ,20140110220023
/ladytron-discovers-witch-house/feed/,post_comments,2,/ladytron-discovers-witch-house/,yes,2148,Comentarios en: LADYTRON DISCOVERS WITCH HOUSE,20140109192519
/las-brisas/feed/,post_comments,0,/las-brisas/,yes,736,Comentarios en: LAS BRISAS,20140109193330
/laser-palace-2011/feed/,post_comments,0,/laser-palace-2011/,yes,757,Comentarios en: LASER PALACE 2011,20140110214710
/later-fags/feed/,post_comments,0,/later-fags/,yes,738,Comentarios en: LATER FAGS,20140601045733
/laurel-halo-hour-logic/feed/,post_comments,0,/laurel-halo-hour-logic/,yes,780,Comentarios en: LAUREL HALO – HOUR LOGIC,20140109204332
/lauren-devine-just-a-little-ready/feed/,post_comments,0,/lauren-devine-just-a-little-ready/,yes,813,Comentarios en: LAUREN DEVINE – JUST A LITTLE READY,20140110214016
/lauren-devine-this-is-how-we-do-dubai/feed/,post_comments,1,/lauren-devine-this-is-how-we-do-dubai/,yes,1455,Comentarios en: LAUREN DEVINE – THIS IS HOW WE DO DUBAI,20140109191909
/le1f-wut/feed/,post_comments,0,/le1f-wut/,yes,738,Comentarios en: LE1F – WUT,20140109183639
/le1f/feed/,post_comments,0,/le1f/,yes,718,Comentarios en: LE1F,20140110212611
/leaving/feed/,post_comments,0,/leaving/,yes,727,Comentarios en: LEAVING,20140109203202
/lemonade-diver/feed/,post_comments,1,/lemonade-diver/,yes,1557,Comentarios en: LEMONADE – DIVER,20140109191646
/lemonade-neptune/feed/,post_comments,0,/lemonade-neptune/,yes,762,Comentarios en: LEMONADE – NEPTUNE,20140109200725
/lemonade-remixes/feed/,post_comments,0,/lemonade-remixes/,yes,754,Comentarios en: LEMONADE REMIXES,20140109194141
/leonora-carrington/feed/,post_comments,0,/leonora-carrington/,yes,760,Comentarios en: LEONORA CARRINGTON,20140111005512
/lesphinxx/feed/,post_comments,0,/lesphinxx/,yes,733,Comentarios en: LESPHINXX,20140109204233
/liar-strange-love/feed/,post_comments,0,/liar-strange-love/,yes,762,Comentarios en: LIAR — STRANGE LOVE,20140109191835
/life-death/feed/,post_comments,0,/life-death/,yes,742,Comentarios en: LIFE & DEATH,20140109184219
/light-asylum-12-horsemen-2/feed/,post_comments,0,/light-asylum-12-horsemen-2/,yes,790,Comentarios en: LIGHT ASYLUM – 12 HORSEMEN,20140109200427
/light-asylum-dark-allies/feed/,post_comments,0,/light-asylum-dark-allies/,yes,786,Comentarios en: LIGHT ASYLUM – DARK ALLIES,20140110212734
/light-asylum-heart-of-dust/feed/,post_comments,1,/light-asylum-heart-of-dust/,yes,1359,Comentarios en: LIGHT ASYLUM – HEART OF DUST,20140110212655
/light-asylum-lp/feed/,post_comments,0,/light-asylum-lp/,yes,751,Comentarios en: LIGHT ASYLUM LP,20140109192119
/light-asylum-skull-fuct/feed/,post_comments,0,/light-asylum-skull-fuct/,yes,783,Comentarios en: LIGHT ASYLUM – SKULL FUCT,20140110212907
/likuid-khrome-bala-fria-mix/feed/,post_comments,1,/likuid-khrome-bala-fria-mix/,yes,1492,Comentarios en: LIKUID KHROME – BALA FRÍA MIX,20140109191905
/lil-b-halloween-h20/feed/,post_comments,0,/lil-b-halloween-h20/,yes,771,Comentarios en: LIL B – HALLOWEEN H20,20140110213055
/lil-ugly-mane/feed/,post_comments,0,/lil-ugly-mane/,yes,745,Comentarios en: LIL UGLY MANE,20140109204603
/litanic-mask-virgin-spring-video/feed/,post_comments,1,/litanic-mask-virgin-spring-video/,yes,1284,Comentarios en: LITANIC MASK – VIRGIN SPRING (VIDEO + ENTREVISTA),20140109203557
/little-fetish/feed/,post_comments,0,/little-fetish/,yes,745,Comentarios en: LITTLE FETISH,20140109193237
/liturgy-returner/feed/,post_comments,0,/liturgy-returner/,yes,762,Comentarios en: LITURGY – RETURNER,20140110213216
/live-yourself-by-htdw/feed/,post_comments,0,/live-yourself-by-htdw/,yes,769,Comentarios en: LIVE YOURSELF BY HTDW,20140109184419
/lo-mejor-del-2010/feed/,post_comments,0,/lo-mejor-del-2010/,yes,757,Comentarios en: LO MEJOR DEL 2010,20140109192022
/lonely-boys/feed/,post_comments,0,/lonely-boys/,yes,739,Comentarios en: LONELY BOYS,20140109201737
/lorelle-meets-the-obsolete-these-days/feed/,post_comments,1,/lorelle-meets-the-obsolete-these-days/,yes,1425,Comentarios en: LORELLE MEETS THE OBSOLETE – THESE DAYS,20140109193357
/lorelle-meets-the-obsolete-vegan-cannibal-sangree-live-set/feed/,post_comments,2,/lorelle-meets-the-obsolete-vegan-cannibal-sangree-live-set/,yes,2462,Comentarios en: LORELLE MEETS THE OBSOLETE + VEGAN CANNIBAL – SANGREE LIVE SET,20140109201940
/los-angeles-en-asia/feed/,post_comments,0,/los-angeles-en-asia/,yes,763,Comentarios en: LOS ANGELES EN ASIA,20140110214810
/los-macuanos-afilan-el-cuchillo-a-dani-shivers/feed/,post_comments,1,/los-macuanos-afilan-el-cuchillo-a-dani-shivers/,yes,1527,Comentarios en: LOS MACUANOS LE AFILAN EL CUCHILLO A DANI SHIVERS,20140109202144
/lost-in-my-bedroom/feed/,unretrievable,0,/lost-in-my-bedroom/,yes,0,,20140109191023
/lost-in-the-game/feed/,post_comments,0,/lost-in-the-game/,yes,754,Comentarios en: LOST IN THE GAME,20140109193913
/lost-planet/feed/,post_comments,0,/lost-planet/,yes,739,Comentarios en: LOST PLANET,20140110213915
/love-fine-stoned-boys-live-in-kazan/feed/,post_comments,0,/love-fine-stoned-boys-live-in-kazan/,yes,817,Comentarios en: LOVE-FINE & STONED BOYS LIVE IN KAZAN,20140109195231
/lunar-lovers/feed/,post_comments,0,/lunar-lovers/,yes,742,Comentarios en: LUNAR LOVERS,20140110221845
/magic-fades/feed/,post_comments,1,/magic-fades/,yes,1469,Comentarios en: MAGIC FADES,20140109192535
/majical-cloudz/feed/,post_comments,0,/majical-cloudz/,yes,748,Comentarios en: MAJICAL CLOUDZ,20140109200501
/mal001-negative-youth-mexico/feed/,post_comments,2,/mal001-negative-youth-mexico/,yes,2559,Comentarios en: [MAL001] NEGATIVE YOUTH MÉXICO,20140109190444
/maligna-showcase/feed/,post_comments,0,/maligna-showcase/,yes,754,Comentarios en: MALIGNA SHOWCASE,20140109193214
/maluca-hector/feed/,post_comments,0,/maluca-hector/,yes,753,Comentarios en: MALUCA – HECTOR,20140109200940
/maniqui-lazer-negative-youth-mix-2013-2/feed/,post_comments,0,/maniqui-lazer-negative-youth-mix-2013-2/,yes,835,Comentarios en: MANIQUI LAZER – NEGATIVE YOUTH MIX // 2013 #2,20140109182158
/mar-de-protones/feed/,post_comments,0,/mar-de-protones/,yes,751,Comentarios en: MAR DE PROTONES,20140110204741
/marathon/feed/,post_comments,0,/marathon/,yes,730,Comentarios en: MARATHON,20140109193245
/maria-minerva-fire-feat-chase-royal/feed/,post_comments,0,/maria-minerva-fire-feat-chase-royal/,yes,821,Comentarios en: MARIA MINERVA – FIRE (FEAT CHASE ROYAL),20140110212410
/maria-minerva-gloria/feed/,post_comments,0,/maria-minerva-gloria/,yes,774,Comentarios en: MARIA MINERVA – GLORIA,20140109192800
/mas-nike7up/feed/,post_comments,0,/mas-nike7up/,yes,741,Comentarios en: MÁS NIKE7UP!,20140110222017
/massacooramaan/feed/,post_comments,0,/massacooramaan/,yes,748,Comentarios en: MASSACOORAMAAN,20140109191630
/master-of-none/feed/,post_comments,0,/master-of-none/,yes,748,Comentarios en: MASTER OF NONE,20140110212237
/mathematique-ft-dresden-dresses/feed/,post_comments,0,/mathematique-ft-dresden-dresses/,yes,799,Comentarios en: MATHEMATIQUE FT DRESDEN DRESSES,20140109202321
/maussan/feed/,post_comments,0,/maussan/,yes,727,Comentarios en: MAUSSAN,20140110214729
/maxwell-velocity/feed/,post_comments,0,/maxwell-velocity/,yes,754,Comentarios en: MAXWELL VELOCITY,20140109192910
/megafortress-ep-videos/feed/,post_comments,0,/megafortress-ep-videos/,yes,780,Comentarios en: MEGAFORTRESS – EP VIDEOS,20140109201351
/men-in-burka-warmagic/feed/,post_comments,0,/men-in-burka-warmagic/,yes,778,Comentarios en: MEN IN BURKA – WAR/MAGIC,20140109193630
/men-in-burka/feed/,post_comments,0,/men-in-burka/,yes,742,Comentarios en: MEN IN BURKA,20140109195030
/mentira-mentira-turnaway/feed/,post_comments,0,/mentira-mentira-turnaway/,yes,786,Comentarios en: MENTIRA MENTIRA – TURNAWAY,20140110213353
/mexico-x-bonsai-babies/feed/,post_comments,0,/mexico-x-bonsai-babies/,yes,772,Comentarios en: MEXICO X BONSAI BABIES,20140110195944
/mexico-x-javier-estrada/feed/,post_comments,1,/mexico-x-javier-estrada/,yes,1186,Comentarios en: MÉXICO X JAVIER ESTRADA,20140109191215
/mexico-x-lao-dj-smurphy/feed/,post_comments,0,/mexico-x-lao-dj-smurphy/,yes,778,Comentarios en: MÉXICO X LAO + DJ SMURPHY,20140110210608
/mexico-x-nicolas/feed/,post_comments,0,/mexico-x-nicolas/,yes,755,Comentarios en: MÉXICO X NICOLAS,20140109183319
/mexico-x-occultdanse/feed/,post_comments,0,/mexico-x-occultdanse/,yes,770,Comentarios en: MÉXICO X OCCULTDΛNϟΣ,20140109192824
/mexico-x-peepr/feed/,post_comments,0,/mexico-x-peepr/,yes,748,Comentarios en: MEXICO X PEEPR,20140109202548
/mexico-x-ritualz/feed/,post_comments,0,/mexico-x-ritualz/,yes,755,Comentarios en: MÉXICO X RITUALZ,20140109190652
/mexico-x-selma-oxor/feed/,post_comments,0,/mexico-x-selma-oxor/,yes,764,Comentarios en: MÉXICO X SELMA OXOR,20140109192937
/mexico-x-teehn-bwitches/feed/,post_comments,0,/mexico-x-teehn-bwitches/,yes,776,Comentarios en: MÉXICO X TEEHN BWITCHES,20140109183615
/mexico-x-tuareg-geeks/feed/,post_comments,0,/mexico-x-tuareg-geeks/,yes,770,Comentarios en: MÉXICO X TUAREG GEEKS,20140109191851
/mexico-x-turbia/feed/,post_comments,0,/mexico-x-turbia/,yes,751,Comentarios en: MEXICO X TURBIA,20140110200624
/mi-ami-time-of-love/feed/,post_comments,0,/mi-ami-time-of-love/,yes,771,Comentarios en: MI AMI – TIME OF LOVE,20140110212451
/mindkilla-2/feed/,post_comments,0,/mindkilla-2/,yes,737,Comentarios en: MINDKILLA,20140110215506
/mixx-live-by-tamara-sky/feed/,post_comments,1,/mixx-live-by-tamara-sky/,yes,1216,Comentarios en: M1XX_> L1VΞ BY ŦΔMΔRΔ_SKΨ,20140109203837
/modern-witch-hollywood-babylon-nine-inch-witch-mix-2/feed/,post_comments,0,/modern-witch-hollywood-babylon-nine-inch-witch-mix-2/,yes,870,Comentarios en: MODERN WITCH – HOLLYWOOD BABYLON (NINE INCH WITCH MIX),20140110214000
/mohenjo-daro/feed/,post_comments,0,/mohenjo-daro/,yes,742,Comentarios en: MOHENJO DARO,20140109204142
/monocromo/feed/,post_comments,0,/monocromo/,yes,733,Comentarios en: MONOCROMO,20140110213027
/mos-deep-essentials/feed/,post_comments,0,/mos-deep-essentials/,yes,763,Comentarios en: MOS Deep Essentials,20140109202607
/move-for-me/feed/,post_comments,0,/move-for-me/,yes,739,Comentarios en: MOVE FOR ME,20140109183800
/mr-kitty-evaporating-sun/feed/,unretrievable,0,/mr-kitty-evaporating-sun/,yes,0,,20140109202053
/msi-kickstarter-ii/feed/,post_comments,0,/msi-kickstarter-ii/,yes,760,Comentarios en: MSI KICKSTARTER II,20140109193843
/msi-kickstarter/feed/,post_comments,0,/msi-kickstarter/,yes,751,Comentarios en: MSI KICKSTARTER,20140109190908
/music-for-keyboards-vol-ii-iii/feed/,post_comments,0,/music-for-keyboards-vol-ii-iii/,yes,802,Comentarios en: MUSIC FOR KEYBOARDS VOL II & III,20140109191008
/musica-para-clubs-clausurados/feed/,post_comments,0,/musica-para-clubs-clausurados/,yes,794,Comentarios en: MÚSICA PARA CLUBS CLAUSURADOS,20140109183555
/my-circle/feed/,post_comments,0,/my-circle/,yes,733,Comentarios en: MY CIRCLE,20140109195626
/my-love-grows-in-the-dark/feed/,post_comments,0,/my-love-grows-in-the-dark/,yes,781,Comentarios en: MY LOVE GROWS IN THE DARK,20140109203046
/mykki-blanco-cosmic-angel/feed/,post_comments,0,/mykki-blanco-cosmic-angel/,yes,781,Comentarios en: MYKKI BLANCO COSMIC ANGEL,20140110213244
/mykki-blanco-the-mutant-angels/feed/,post_comments,1,/mykki-blanco-the-mutant-angels/,yes,1657,Comentarios en: MYKKI BLANCO & THE MUTANT ANGELS,20140109192009
/mykki-blanco-wavvy-video/feed/,post_comments,1,/mykki-blanco-wavvy-video/,yes,1617,Comentarios en: Mykki Blanco – Wavvy (VIDEO),20140109194735
/mykki-blanco-wavvy/feed/,post_comments,1,/mykki-blanco-wavvy/,yes,1661,Comentarios en: MYKKI BLANCO – WAVVY,20140109185258
/myr%E2%80%A0l3wyckoff/feed/,post_comments,0,/myr%E2%80%A0l3wyckoff/,yes,770,Comentarios en: //MYR†L3//WYCKØFF//,20140109194633
/n%E2%80%A0y-witch-night-2/feed/,post_comments,0,/n%E2%80%A0y-witch-night-2/,yes,774,Comentarios en: N†Y: WITCH NIGHT,20140109193206
/nachut-report-2/feed/,post_comments,0,/nachut-report-2/,yes,750,Comentarios en: NAC/HUT REPORT,20140110193418
/naka-naka-el-pequeno-edgar-ep/feed/,post_comments,1,/naka-naka-el-pequeno-edgar-ep/,yes,1842,Comentarios en: ÑAKA ÑAKA – EL PEQUEÑO EDGAR EP,20140110213347
/naka-naka-el-pequeno-edgar-video/feed/,post_comments,0,/naka-naka-el-pequeno-edgar-video/,yes,815,Comentarios en: ÑAKA ÑAKA – EL PEQUEÑO EDGAR (VIDEO),20140109195841
/naka-naka-fantorama-drama-2/feed/,post_comments,0,/naka-naka-fantorama-drama-2/,yes,795,Comentarios en: ÑAKA ÑAKA – FANTORAMA DRAMA,20140110222329
/naka-naka-opal-tape/feed/,post_comments,0,/naka-naka-opal-tape/,yes,765,Comentarios en: ÑAKA ÑAKA OPAL TAPE,20140109192259
/naka-naka-telenovela-fantasmux-iii/feed/,post_comments,0,/naka-naka-telenovela-fantasmux-iii/,yes,818,Comentarios en: ÑAKA ÑAKA – TELENOVELA FANTASMUX III,20140109193154
/naka-naka-vuh-live/feed/,post_comments,0,/naka-naka-vuh-live/,yes,789,Comentarios en: ÑAKA ÑAKA – VUH [LIVE @ NEGATIVE HOUSE],20140110213051
/naka-naka-vuh-video/feed/,post_comments,1,/naka-naka-vuh-video/,yes,1291,Comentarios en: ÑAKA ÑAKA – VUH (VIDEO),20140109183011
/naka-naka-vuh/feed/,post_comments,0,/naka-naka-vuh/,yes,755,Comentarios en: ÑAKA ÑAKA – VUH,20140109194311
/naomi-elizabeth-god-sent-me-here-to-rock-you-2/feed/,post_comments,0,/naomi-elizabeth-god-sent-me-here-to-rock-you-2/,yes,850,Comentarios en: NAOMI ELIZABETH – GOD SENT ME HERE TO ROCK YOU,20140110212326
/naomi-elizabeth-id-hit-it/feed/,post_comments,0,/naomi-elizabeth-id-hit-it/,yes,796,Comentarios en: NAOMI ELIZABETH – I’D HIT IT,20140109203534
/narcissistic-cannibal-ritualz-remix/feed/,unretrievable,0,/narcissistic-cannibal-ritualz-remix/,yes,0,,20140109193354
/nazir-mazhar-en-lfw/feed/,post_comments,0,/nazir-mazhar-en-lfw/,yes,763,Comentarios en: NAZIR MAZHAR EN LFW,20140110212231
/nc-guest-mix-63-indian-jewelry/feed/,post_comments,0,/nc-guest-mix-63-indian-jewelry/,yes,797,Comentarios en: NC GUEST MIX#63: INDIAN JEWELRY,20140109194333
/negative-%E2%80%A0-youth-2-negative-%E2%80%A0-babes-2/feed/,post_comments,0,/negative-%E2%80%A0-youth-2-negative-%E2%80%A0-babes-2/,yes,852,Comentarios en: NEGATIVE † YOUTH 2: NEGATIVE † BABES,20140110215648
/negative-youth-2012/feed/,post_comments,3,/negative-youth-2012/,yes,3077,Comentarios en: NEGATIVE YOUTH 2012,20140110213547
/negative-youth-en-ensenada/feed/,post_comments,2,/negative-youth-en-ensenada/,yes,1612,Comentarios en: NEGATIVE YOUTH EN ENSENADA,20140110201840
/neverland-video/feed/,post_comments,0,/neverland-video/,yes,753,Comentarios en: NEVERLAND [VIDEO],20140109194623
/new-colony/feed/,post_comments,0,/new-colony/,yes,736,Comentarios en: NEW COLONY,20140109204619
/nguzunguzu-kingdom-total-freedom-en-mexico/feed/,post_comments,0,/nguzunguzu-kingdom-total-freedom-en-mexico/,yes,836,Comentarios en: NGUZUNGUZU + KINGDOM + TOTAL FREEDOM EN MEXICO,20140110215647
/nguzunguzu-warm-pulse/feed/,post_comments,0,/nguzunguzu-warm-pulse/,yes,777,Comentarios en: NGUZUNGUZU – WARM PULSE,20140109192655
/night-bus-ii/feed/,post_comments,0,/night-bus-ii/,yes,742,Comentarios en: NIGHT BUS II,20140110212347
/night-waves/feed/,post_comments,0,/night-waves/,yes,739,Comentarios en: NIGHT WAVES,20140109190350
/nike7up-hand-in-my-pocket-nike7up-lost-generation-mix/feed/,post_comments,0,/nike7up-hand-in-my-pocket-nike7up-lost-generation-mix/,yes,873,Comentarios en: NIKE7UP – HAND IN MY POCKET NIKE7UP LOST GENERATION MIX,20140109202938
/nike7up-i-%E2%99%A1-u-4ever-nike7up-no-distance-remix-2/feed/,post_comments,0,/nike7up-i-%E2%99%A1-u-4ever-nike7up-no-distance-remix-2/,yes,873,Comentarios en: NIKE7UP – I ♡ U 4EVER NIKE7UP NO DISTANCE REMIX,20141011143800
/nike7up-mixtape-july-2011/feed/,post_comments,0,/nike7up-mixtape-july-2011/,yes,781,Comentarios en: NIKE7UP MIXTAPE JULY 2011,20140110215302
/nike7up-sin-parar/feed/,post_comments,0,/nike7up-sin-parar/,yes,757,Comentarios en: NIKE7UP SIN PARAR,20140110183552
/nin-x-david-lynch/feed/,post_comments,0,/nin-x-david-lynch/,yes,759,Comentarios en: NIN x DAVID LYNCH,20140601070757
/nina-sky-daydreaming/feed/,post_comments,0,/nina-sky-daydreaming/,yes,774,Comentarios en: NINA SKY – DAYDREAMING,20140109204101
/nina-sky-nicole-natalie/feed/,post_comments,0,/nina-sky-nicole-natalie/,yes,789,Comentarios en: NINA SKY – NICOLE & NATALIE,20140109191516
/nite-jewel-clive/feed/,post_comments,0,/nite-jewel-clive/,yes,762,Comentarios en: NITE JEWEL – CLIVE,20140109201925
/nite-jewel-nicholas-krgovich-thinking-about-you-frank-ocean-cover/feed/,post_comments,0,/nite-jewel-nicholas-krgovich-thinking-about-you-frank-ocean-cover/,yes,917,Comentarios en: Nite Jewel & Nicholas Krgovich – Thinking About You (Frank Ocean Cover),20140109190047
/nite-jewel-one-second-of-love/feed/,post_comments,0,/nite-jewel-one-second-of-love/,yes,801,Comentarios en: NITE JEWEL – ONE SECOND OF LOVE,20140110213654
/no-bueno/feed/,post_comments,0,/no-bueno/,yes,730,Comentarios en: NO BUENO,20140109202553
/nordpolen-nar-mitt-blod-pumpar-i-dej/feed/,post_comments,1,/nordpolen-nar-mitt-blod-pumpar-i-dej/,yes,1764,Comentarios en: NORDPOLEN – NÄR MITT BLOD PUMPAR I DEJ,20140109193202
/not-in-love/feed/,post_comments,0,/not-in-love/,yes,739,Comentarios en: NOT IN LOVE,20140110212556
/not-the-same/feed/,post_comments,0,/not-the-same/,yes,742,Comentarios en: NOT THE SAME,20140109200336
/nsfw-actually-huizenga/feed/,post_comments,0,/nsfw-actually-huizenga/,yes,773,Comentarios en: NSFW: ACTUALLY HUIZENGA,20140109192432
/nuevo-video-de-physical-therapy-do-it-all/feed/,post_comments,0,/nuevo-video-de-physical-therapy-do-it-all/,yes,830,Comentarios en: NUEVO VIDEO DE PHYSICAL THERAPY: DO IT ALL,20140109191456
/nys-man-of-the-year-2012-ryder-ripps/feed/,post_comments,0,/nys-man-of-the-year-2012-ryder-ripps/,yes,822,Comentarios en: NY’S MAN OF THE YEAR 2012: RYDER RIPPS,20140109193537
/o-f-fgr%E2%80%A0llgr%E2%80%A0ll-emodancers/feed/,post_comments,0,/o-f-fgr%E2%80%A0llgr%E2%80%A0ll-emodancers/,yes,829,Comentarios en: o F F/GR†LLGR†LL – EMODANCERS,20140110215903
/o-f-fgr%E2%80%A0llgr%E2%80%A0ll-happy-face/feed/,post_comments,0,/o-f-fgr%E2%80%A0llgr%E2%80%A0ll-happy-face/,yes,829,Comentarios en: o F F/Gr†llGr†ll – HAPPY FACE,20140109202920
/oblivion/feed/,post_comments,0,/oblivion/,yes,730,Comentarios en: OBLIVION,20140110215228
/obsession/feed/,post_comments,0,/obsession/,yes,733,Comentarios en: OBSESSION,20140109194337
/occultd%CE%BBn%CF%9F%CF%83-grimmers-dansers-mal005/feed/,post_comments,1,/occultd%CE%BBn%CF%9F%CF%83-grimmers-dansers-mal005/,yes,1313,Comentarios en: OCCULTDΛNϞΣ – GRIMMERS DANSERS [MAL005],20140109193056
/occultd%CE%BBn%CF%9F%CF%83-ufo13-mix/feed/,post_comments,0,/occultd%CE%BBn%CF%9F%CF%83-ufo13-mix/,yes,810,Comentarios en: OCCULTDΛNϟΣ – UFO13 MIX,20140110213643
/occultd%CE%BBn%CF%9F%CF%83-ufomania-negative-youth-2013-3/feed/,post_comments,0,/occultd%CE%BBn%CF%9F%CF%83-ufomania-negative-youth-2013-3/,yes,878,Comentarios en: OCCULTDΛNϞΣ – UFOmania! // NEGATIVE YOUTH 2013 #3,20140109192609
/ocean-floor-for-everything/feed/,post_comments,0,/ocean-floor-for-everything/,yes,784,Comentarios en: OCEAN FLOOR FOR EVERYTHING,20140109182429
/ocultismo-pop/feed/,post_comments,1,/ocultismo-pop/,yes,1407,Comentarios en: OCULTISMO POP,20140109203841
/ohio-2/feed/,post_comments,0,/ohio-2/,yes,723,Comentarios en: OHIO!,20140109192950
/olivia-bolles/feed/,post_comments,0,/olivia-bolles/,yes,745,Comentarios en: OLIVIA BOLLES,20140109192545
/on-the-road-to-make-some-noise/feed/,post_comments,0,/on-the-road-to-make-some-noise/,yes,796,Comentarios en: ON THE ROAD TO MAKE SOME NOISE,20140110212407
/one-direction/feed/,post_comments,0,/one-direction/,yes,745,Comentarios en: ONE DIRECTION,20140109194319
/one-place/feed/,post_comments,0,/one-place/,yes,733,Comentarios en: ONE PLACE,20140109192351
/one-video/feed/,post_comments,1,/one-video/,yes,1131,Comentarios en: ONE VIDEO,20140109193209
/one/feed/,post_comments,0,/one/,yes,715,Comentarios en: ONE,20140109190812
/ooooo-coachbagg/feed/,post_comments,0,/ooooo-coachbagg/,yes,759,Comentarios en: oOoOO – COACHBAGG,20140109192956
/opening-botiquin-by-petit-pistolette/feed/,unretrievable,0,/opening-botiquin-by-petit-pistolette/,yes,0,,20140109202747
/osama-bin-laden-is-dead/feed/,post_comments,0,/osama-bin-laden-is-dead/,yes,775,Comentarios en: OSAMA BIN LADEN IS DEAD,20140109194947
/out-of-body-m-t/feed/,post_comments,0,/out-of-body-m-t/,yes,752,Comentarios en: OUT OF BODY M.T.,20140109203929
/outworld-music-ii/feed/,post_comments,0,/outworld-music-ii/,yes,757,Comentarios en: OUTWORLD MUSIC II,20140110212900
/parallax/feed/,post_comments,0,/parallax/,yes,730,Comentarios en: PARALLAX,20140109191530
/peel-it-stream-it/feed/,post_comments,0,/peel-it-stream-it/,yes,757,Comentarios en: PEEL IT STREAM IT,20140109202453
/peepr-2/feed/,post_comments,1,/peepr-2/,yes,1548,Comentarios en: PEEPR,20140110222936
/peepr-el-descenso-mal002/feed/,post_comments,0,/peepr-el-descenso-mal002/,yes,788,Comentarios en: PEEPR – EL DESCENSO [MAL002],20140109201127
/peepr-foogarc-vlaxet/feed/,post_comments,0,/peepr-foogarc-vlaxet/,yes,774,Comentarios en: PEEPR – FOOGARC VLAXET,20140110221404
/perfect-blue/feed/,post_comments,0,/perfect-blue/,yes,742,Comentarios en: PERFECT BLUE,20140109194258
/perra-sucia/feed/,post_comments,0,/perra-sucia/,yes,739,Comentarios en: PERRA SUCIA,20140109200405
/phone-sex-unicorn-kid-remix/feed/,post_comments,0,/phone-sex-unicorn-kid-remix/,yes,789,Comentarios en: PHONE SEX (UNICORN KID REMIX),20140109182425
/phone-sex/feed/,post_comments,0,/phone-sex/,yes,765,Comentarios en: BLOOD DIAMONDS + GRIMES – PHONE SEX,20140109192508
/photoshopped/feed/,post_comments,0,/photoshopped/,yes,742,Comentarios en: PHOTOSHOPPED,20140109203023
/physical-therapy-drone-on/feed/,post_comments,0,/physical-therapy-drone-on/,yes,789,Comentarios en: Physical Therapy – Drone On,20140109192219
/physical-therapy-record-sales/feed/,post_comments,0,/physical-therapy-record-sales/,yes,801,Comentarios en: PHYSICAL THERAPY – RECORD SALES,20140110213454
/pictureplane-dimensional-rip-6-2/feed/,post_comments,0,/pictureplane-dimensional-rip-6-2/,yes,808,Comentarios en: PICTUREPLANE – DIMENSIONAL RIP 6,20140110212929
/pictureplane-en-mexico/feed/,post_comments,1,/pictureplane-en-mexico/,yes,1739,Comentarios en: PICTUREPLANE EN MÉXICO,20140109203205
/pictureplane-mexico/feed/,post_comments,0,/pictureplane-mexico/,yes,763,Comentarios en: PICTUREPLANE MEXICO,20140110212539
/pictureplane-mix-para-mexico/feed/,post_comments,2,/pictureplane-mix-para-mexico/,yes,1858,Comentarios en: PICTUREPLANE: MIX PARA MEXICO,20140109201149
/pictureplane-negative-slave/feed/,post_comments,0,/pictureplane-negative-slave/,yes,795,Comentarios en: PICTUREPLANE – NEGATIVE SLAVE,20140109192148
/pictureplane-post-physical-physical-therapy-premix/feed/,post_comments,0,/pictureplane-post-physical-physical-therapy-premix/,yes,866,Comentarios en: PICTUREPLANE – POST PHYSICAL (PHYSICAL THERAPY PREMIX),20140110215245
/pictureplane-vs-creep/feed/,post_comments,0,/pictureplane-vs-creep/,yes,769,Comentarios en: PICTUREPLANE VS CREEP,20140110194431
/pisces/feed/,post_comments,0,/pisces/,yes,724,Comentarios en: PISCES,20140109183036
/planningtorock-the-knife/feed/,post_comments,0,/planningtorock-the-knife/,yes,780,Comentarios en: PLANNINGTOROCK + THE KNIFE,20140110210937
/play-by-play/feed/,post_comments,0,/play-by-play/,yes,742,Comentarios en: PLAY BY PLAY,20140109185146
/pop-is-black/feed/,post_comments,0,/pop-is-black/,yes,742,Comentarios en: POP IS BLACK,20140109203857
/popcaan-only-man-she-want/feed/,post_comments,0,/popcaan-only-man-she-want/,yes,789,Comentarios en: POPCAAN – ONLY MAN SHE WANT,20140109202849
/popcaan-system/feed/,post_comments,0,/popcaan-system/,yes,756,Comentarios en: Popcaan – System,20140109193543
/post-physical/feed/,post_comments,0,/post-physical/,yes,756,Comentarios en: WE ARE ALL POST PHYSICAL,20140110213308
/powwoww/feed/,post_comments,0,/powwoww/,yes,727,Comentarios en: POWWOWW,20140110205752
/pre-halloween-en-el-under/feed/,post_comments,0,/pre-halloween-en-el-under/,yes,781,Comentarios en: PRE HALLOWEEN EN EL UNDER,20140109202618
/pretty-young-thug/feed/,post_comments,0,/pretty-young-thug/,yes,757,Comentarios en: PRETTY YOUNG THUG,20140110212925
/prince-rama/feed/,post_comments,0,/prince-rama/,yes,739,Comentarios en: PRINCE RAMA,20140109191832
/profligate/feed/,post_comments,0,/profligate/,yes,736,Comentarios en: PROFLIGATE,20140109184938
/promisee/feed/,post_comments,0,/promisee/,yes,731,Comentarios en: PROMISE+E,20140109194519
/punish-me-for-fun/feed/,post_comments,1,/punish-me-for-fun/,yes,1709,Comentarios en: PUNISH ME FOR FUN,20140109183913
/pure-one-imports/feed/,post_comments,0,/pure-one-imports/,yes,754,Comentarios en: PURE ONE IMPORTS,20140109201033
/pure-war/feed/,post_comments,0,/pure-war/,yes,730,Comentarios en: PURE WAR,20140109193447
/puro-instinct-2/feed/,post_comments,0,/puro-instinct-2/,yes,752,Comentarios en: PURO INSTINCT,20110517212105
/puro-instinct-feat-ariel-pink-stilyagi/feed/,post_comments,0,/puro-instinct-feat-ariel-pink-stilyagi/,yes,829,Comentarios en: PURO INSTINCT FEAT. ARIEL PINK – STILYAGI,20140111004950
/puro-instinct/feed/,post_comments,0,/puro-instinct/,yes,745,Comentarios en: PURO INSTINCT,20140109193933
/que-que/feed/,post_comments,0,/que-que/,yes,727,Comentarios en: QUE QUE,20140110212229
/rachel-haircut/feed/,post_comments,0,/rachel-haircut/,yes,748,Comentarios en: RACHEL HAIRCUT,20140109190741
/rain/feed/,post_comments,0,/rain/,yes,718,Comentarios en: RAIN,20140109190159
/rave4evar/feed/,post_comments,0,/rave4evar/,yes,734,Comentarios en: #RAVE4EVAR,20140109184327
/raymondstock/feed/,post_comments,0,/raymondstock/,yes,742,Comentarios en: RAYMONDSTOCK,20140109203049
/real-is-a-feeling-unicorn-kid-ecstasy-dream-mix/feed/,post_comments,0,/real-is-a-feeling-unicorn-kid-ecstasy-dream-mix/,yes,849,Comentarios en: REAL IS A FEELING (UNICORN KID ECSTASY DREAM MIX),20140110214027
/real-is-a-feeling/feed/,post_comments,0,/real-is-a-feeling/,yes,757,Comentarios en: REAL IS A FEELING,20140109191756
/recordando-a-carl-crack/feed/,post_comments,0,/recordando-a-carl-crack/,yes,775,Comentarios en: RECORDANDO A CARL CRACK,20140109193750
/red-lips-elite-gymnastics-remix/feed/,post_comments,0,/red-lips-elite-gymnastics-remix/,yes,801,Comentarios en: RED LIPS (ELITE GYMNASTICS REMIX),20140109204514
/red-velvet/feed/,post_comments,0,/red-velvet/,yes,736,Comentarios en: RED VELVET,20140110214831
/resena-blissed-out-i-ep/feed/,post_comments,0,/resena-blissed-out-i-ep/,yes,785,Comentarios en: RESEÑA: BLISSED OUT – I EP,20140109192019
/resena-health-y-%E2%80%A0%E2%80%A1%E2%80%A0-teatro-fru-fru/feed/,post_comments,0,/resena-health-y-%E2%80%A0%E2%80%A1%E2%80%A0-teatro-fru-fru/,yes,866,Comentarios en: RESEÑA: HEALTH Y †‡† @ TEATRO FRU FRU,20140109203852
/resena-neon-indian-era-extrana/feed/,post_comments,0,/resena-neon-indian-era-extrana/,yes,807,Comentarios en: RESEÑA: NEON INDIAN – ERA EXTRAÑA,20140109191739
/resena-sleep-%E2%88%9E-over-forever/feed/,post_comments,0,/resena-sleep-%E2%88%9E-over-forever/,yes,815,Comentarios en: RESEÑA: SLEEP ∞ OVER – FOREVER,20140110212609
/resena-teeth-whatever/feed/,post_comments,0,/resena-teeth-whatever/,yes,779,Comentarios en: RESEÑA: TEETH – WHATEVER,20140110215910
/resena-unison-unison/feed/,post_comments,1,/resena-unison-unison/,yes,1531,Comentarios en: RESEÑA: UNISON – UNISON,20140110220211
/revolver/feed/,post_comments,0,/revolver/,yes,731,Comentarios en: REVÓLVER,20140110213128
/rhinoceropolis-anthem/feed/,post_comments,0,/rhinoceropolis-anthem/,yes,769,Comentarios en: RHINOCEROPOLIS ANTHEM,20140110213604
/rikslyd-entrevista-mp3-2/feed/,post_comments,1,/rikslyd-entrevista-mp3-2/,yes,1629,Comentarios en: RIKSLYD: ENTREVISTA + MP3,20140109191934
/rikslyd-feat-house-of-drama-obsexed/feed/,post_comments,0,/rikslyd-feat-house-of-drama-obsexed/,yes,819,Comentarios en: RIKSLYD FEAT HOUSE OF DRAMA – OBSEXED,20140110220114
/rikslyd-techno-club/feed/,post_comments,0,/rikslyd-techno-club/,yes,771,Comentarios en: RIKSLYD – TECHNO CLUB,20140109201946
/rikslyd-the-heart/feed/,post_comments,0,/rikslyd-the-heart/,yes,765,Comentarios en: RIKSLYD – THE HEART,20140110213000
/rimar/feed/,post_comments,0,/rimar/,yes,721,Comentarios en: RIMAR,20140109191913
/ringo-deathstarr/feed/,post_comments,0,/ringo-deathstarr/,yes,754,Comentarios en: RINGO DEATHSTARR,20140110215029
/rip-trish-keenan/feed/,post_comments,0,/rip-trish-keenan/,yes,754,Comentarios en: RIP TRISH KEENAN,20140110213157
/ritalin-24-7/feed/,post_comments,0,/ritalin-24-7/,yes,742,Comentarios en: RITALIN 24.7,20140109194727
/ritualz-2/feed/,post_comments,0,/ritualz-2/,yes,731,Comentarios en: RITUALZ,20140110195246
/ritualz-alien/feed/,unretrievable,0,/ritualz-alien/,yes,0,,20140109191019
/ritualz-ana-caprix-finally-boys-remix/feed/,post_comments,0,/ritualz-ana-caprix-finally-boys-remix/,yes,825,Comentarios en: RITUALZ [ANA CAPRIX & FINALLY BOYS REMIX],20140109193830
/ritualz-autumn-mix-4-future-perfect/feed/,post_comments,0,/ritualz-autumn-mix-4-future-perfect/,yes,816,Comentarios en: RITUALZ AUTUMN 2012 MIX 4 FUTURE PERFECT,20140109191824
/ritualz-ghetto-ass-witch/feed/,post_comments,0,/ritualz-ghetto-ass-witch/,yes,786,Comentarios en: RITUALZ – GHETTO ASS WITCH,20140109193654
/ritualz-mix-4-logo/feed/,post_comments,0,/ritualz-mix-4-logo/,yes,760,Comentarios en: RITUALZ MIX 4 LOGO,20140109191909
/ritualz-negative-youth-summer-mix/feed/,post_comments,3,/ritualz-negative-youth-summer-mix/,yes,3929,Comentarios en: RITUALZ – NEGATIVE YOUTH SUMMER MIX,20140110213557
/ritualz-outworld-music-i/feed/,post_comments,0,/ritualz-outworld-music-i/,yes,786,Comentarios en: RITUALZ – OUTWORLD MUSIC I,20140109200200
/ritualz-petit-pistolette/feed/,post_comments,0,/ritualz-petit-pistolette/,yes,780,Comentarios en: RITUALZ + PETIT PISTOLETTE,20140110214531
/ritualz-remixed/feed/,post_comments,1,/ritualz-remixed/,yes,1501,Comentarios en: RITUALZ REMIXED,20140110201516
/ritualz-rhythmic-release/feed/,post_comments,0,/ritualz-rhythmic-release/,yes,786,Comentarios en: RITUALZ – RHYTHMIC RELEASE,20140109204108
/ritualz-spring/feed/,post_comments,1,/ritualz-spring/,yes,1304,Comentarios en: RITUALZ – 春,20140109183937
/ritualz-the-end-of-summer-2k12-mix/feed/,post_comments,0,/ritualz-the-end-of-summer-2k12-mix/,yes,816,Comentarios en: RITUALZ – THE END OF SUMMER 2K12 MIX,20140109192632
/ritualz-winter-2k12-mix/feed/,post_comments,1,/ritualz-winter-2k12-mix/,yes,1475,Comentarios en: RITUALZ WINTER 2K12 MIX,20140110212428
/rl-grime-trap-on-acid/feed/,post_comments,0,/rl-grime-trap-on-acid/,yes,777,Comentarios en: RL GRIME – TRAP ON ACID,20140109191850
/rl-grime/feed/,post_comments,1,/rl-grime/,yes,1553,Comentarios en: RL GRIME,20140109184302
/roberto-sanchez/feed/,post_comments,1,/roberto-sanchez/,yes,1354,Comentarios en: ROBERTO SÁNCHEZ,20140109195723
/robyn-indestructible/feed/,post_comments,0,/robyn-indestructible/,yes,774,Comentarios en: ROBYN – INDESTRUCTIBLE,20140110214130
/romantic-streams-naka-nakas-rio-de-lava-mix/feed/,post_comments,0,/romantic-streams-naka-nakas-rio-de-lava-mix/,yes,846,Comentarios en: ROMANTIC STREAMS (ÑAKA ÑAKA’S RIO DE LAVA MIX),20140110212534
/rooftop-i-want-to-be-alone/feed/,post_comments,0,/rooftop-i-want-to-be-alone/,yes,784,Comentarios en: ROOFTOP/I WANT TO BE ALONE,20140109182856
/rumbo-al-2012/feed/,post_comments,1,/rumbo-al-2012/,yes,1201,Comentarios en: RUMBO AL 2012,20140110212500
/s-u-r-v-i-v-e-lp/feed/,post_comments,1,/s-u-r-v-i-v-e-lp/,yes,1361,Comentarios en: S U R V I V E LP,20140109194627
/s-u-r-v-i-v-e-tllt21/feed/,post_comments,1,/s-u-r-v-i-v-e-tllt21/,yes,1221,Comentarios en: S U R V I V E – TLLT21,20140109192512
/s-u-r-v-i-v-e/feed/,post_comments,0,/s-u-r-v-i-v-e/,yes,745,Comentarios en: S U R V I V E,20140109192046
/sa-sa-moa-elite-gymnastics-remix/feed/,post_comments,0,/sa-sa-moa-elite-gymnastics-remix/,yes,804,Comentarios en: SA SA MOA (ELITE GYMNASTICS REMIX),20140110213812
/sad-eyes/feed/,post_comments,0,/sad-eyes/,yes,730,Comentarios en: SAD EYES,20140109185942
/safe-in-the-cells/feed/,post_comments,0,/safe-in-the-cells/,yes,757,Comentarios en: SAFE IN THE CELLS,20140109200900
/salem-asia-jokers-of-the-scene-remix-2/feed/,post_comments,0,/salem-asia-jokers-of-the-scene-remix-2/,yes,828,Comentarios en: SALEM – ASIA (JOKERS OF THE SCENE REMIX),20140110214724
/salem-finna-2/feed/,post_comments,0,/salem-finna-2/,yes,751,Comentarios en: SALEM – FINNA,20140110213756
/salem-im-still-in-the-night/feed/,post_comments,0,/salem-im-still-in-the-night/,yes,802,Comentarios en: SALEM – I’M STILL IN THE NIGHT,20140110212815
/salem-remixea-a-blonde-redhead/feed/,post_comments,0,/salem-remixea-a-blonde-redhead/,yes,796,Comentarios en: SALEM REMIXEA A BLONDE REDHEAD,20140109201833
/salem-y-ooooo-remixean-a-him-2/feed/,post_comments,0,/salem-y-ooooo-remixean-a-him-2/,yes,798,Comentarios en: SALEM Y oOoOO REMIXEAN A HIM (!),20140110212429
/schonwald-mercurial/feed/,post_comments,0,/schonwald-mercurial/,yes,771,Comentarios en: SCHONWALD – MERCURIAL,20140110212729
/schonwald-moon/feed/,post_comments,0,/schonwald-moon/,yes,756,Comentarios en: SCHONWALD – MOON,20140109185302
/screen-vinyl-image/feed/,post_comments,1,/screen-vinyl-image/,yes,1534,Comentarios en: SCREEN VINYL IMAGE,20140903194410
/secret-city/feed/,post_comments,0,/secret-city/,yes,739,Comentarios en: SECRET CITY,20140109190208
/see-forever/feed/,post_comments,0,/see-forever/,yes,739,Comentarios en: SEE FOREVER,20140110213732
/self-defense/feed/,post_comments,0,/self-defense/,yes,742,Comentarios en: SELF DEFENSE,20140109202707
/selma-oxor-dotes-de-cocina-entrevista/feed/,post_comments,4,/selma-oxor-dotes-de-cocina-entrevista/,yes,4717,Comentarios en: SELMA OXOR – DOTES DE COCINA + ENTREVISTA,20140110220916
/selma-oxor-lo-que-quiero-video/feed/,unretrievable,0,/selma-oxor-lo-que-quiero-video/,yes,0,,20140109190947
/selma-oxor-quiero-salir/feed/,post_comments,0,/selma-oxor-quiero-salir/,yes,783,Comentarios en: SELMA OXOR – QUIERO SALIR,20140109192446
/selma-oxor-siempre-en-mi-mente/feed/,post_comments,0,/selma-oxor-siempre-en-mi-mente/,yes,804,Comentarios en: SELMA OXOR – SIEMPRE EN MI MENTE,20140110210933
/serpent-remixes/feed/,post_comments,0,/serpent-remixes/,yes,751,Comentarios en: SERPENT REMIXES,20140110213100
/sewer-greats-volume-5/feed/,post_comments,0,/sewer-greats-volume-5/,yes,769,Comentarios en: SEWER GREATS VOLUME 5,20140110212959
/sexy-sweaters/feed/,post_comments,3,/sexy-sweaters/,yes,2661,Comentarios en: SEXY-SWEATERS,20140110212706
/shades-lullaby/feed/,post_comments,0,/shades-lullaby/,yes,756,Comentarios en: SHADES – LULLABY,20140109201905
/shades/feed/,post_comments,3,/shades/,yes,2151,Comentarios en: SHADES,20140110213642
/shady-blaze-feat-blissed-out-i-dont-care/feed/,post_comments,0,/shady-blaze-feat-blissed-out-i-dont-care/,yes,843,Comentarios en: SHADY BLAZE (FEAT BLISSED OUT) – I DON’T CARE,20140111004925
/shams-absolutely-dreams/feed/,post_comments,0,/shams-absolutely-dreams/,yes,783,Comentarios en: SHAMS – ABSOLUTELY DREAMS,20140110213137
/shams-and-dj-dog-dick-in-alaska/feed/,post_comments,0,/shams-and-dj-dog-dick-in-alaska/,yes,799,Comentarios en: SHAMS AND DJ DOG DICK IN ALASKA,20140109194242
/shams-morales/feed/,post_comments,0,/shams-morales/,yes,753,Comentarios en: SHAMS – MORALES,20140111005516
/sierra-city-center-diamond-club/feed/,post_comments,0,/sierra-city-center-diamond-club/,yes,801,Comentarios en: SIERRA CITY CENTER (DIAMOND CLUB),20140111004845
/six-feet-deep/feed/,post_comments,0,/six-feet-deep/,yes,745,Comentarios en: SIX FEET DEEP,20140109191740
/sky-ferreira-everything-is-embarrassing/feed/,post_comments,0,/sky-ferreira-everything-is-embarrassing/,yes,831,Comentarios en: Sky Ferreira – Everything Is Embarrassing,20140109203941
/sky-ferreira-red-lips/feed/,unretrievable,0,/sky-ferreira-red-lips/,yes,0,,20140109201642
/sky-sky-sky/feed/,post_comments,0,/sky-sky-sky/,yes,741,"Comentarios en: SKY, SKY, SKY",20140109190913
/slayer-christmas-lightorama/feed/,post_comments,0,/slayer-christmas-lightorama/,yes,787,Comentarios en: SLAYER CHRISTMAS LIGHTORAMA,20140110212929
/sleep-%E2%88%9E-over-casual-diamond-physical-therapy-remix/feed/,post_comments,0,/sleep-%E2%88%9E-over-casual-diamond-physical-therapy-remix/,yes,884,Comentarios en: SLEEP ∞ OVER – CASUAL DIAMOND (PHYSICAL THERAPY REMIX),20140110214117
/sleep-%E2%88%9E-over-regresa-2/feed/,post_comments,1,/sleep-%E2%88%9E-over-regresa-2/,yes,1684,Comentarios en: SLEEP ∞ OVER REGRESA,20140110214723
/sliders-2/feed/,post_comments,0,/sliders-2/,yes,731,Comentarios en: SLIDERS,20140110215223
/sliders-a-digestible-video-retrospective-from-the-show-cave-archives/feed/,post_comments,0,/sliders-a-digestible-video-retrospective-from-the-show-cave-archives/,yes,911,Comentarios en: SLIDERS: A DIGESTIBLE VIDEO RETROSPECTIVE FROM THE SHOW CAVE ARCHIVES,20140109194759
/slush-fund/feed/,post_comments,0,/slush-fund/,yes,736,Comentarios en: SLUSH FUND,20140109191458
/smoke-alarm-%E2%88%86aimon-remix/feed/,post_comments,0,/smoke-alarm-%E2%88%86aimon-remix/,yes,798,Comentarios en: SMOKE ALARM (∆AIMON REMIX),20140109195328
/snakes/feed/,post_comments,0,/snakes/,yes,724,Comentarios en: SNAKES,20140109202853
/snow-crash/feed/,post_comments,0,/snow-crash/,yes,736,Comentarios en: SNOW CRASH,20140109182431
/so-close-to-paradise-physical-theraphy-remix/feed/,post_comments,0,/so-close-to-paradise-physical-theraphy-remix/,yes,839,Comentarios en: SO CLOSE TO PARADISE (PHYSICAL THERAPY REMIX),20140110212445
/soda/feed/,post_comments,0,/soda/,yes,743,Comentarios en: BOODY & LE1F – SODA,20140110212207
/soft-metals-voices/feed/,post_comments,0,/soft-metals-voices/,yes,768,Comentarios en: SOFT METALS – VOICES,20140111005039
/soft-metals/feed/,post_comments,0,/soft-metals/,yes,739,Comentarios en: SOFT METALS,20140110214343
/soft/feed/,unretrievable,0,/soft/,yes,0,,20140109191015
/solace/feed/,post_comments,0,/solace/,yes,724,Comentarios en: SOLACE,20140110213351
/soledad-fe-ep/feed/,post_comments,0,/soledad-fe-ep/,yes,753,Comentarios en: SOLEDAD – FE EP,20140109192219
/soledad-invisible-video/feed/,post_comments,1,/soledad-invisible-video/,yes,1333,Comentarios en: SOLEDAD – INVISIBLE (VIDEO),20140110213503
/soledad-invisible/feed/,post_comments,1,/soledad-invisible/,yes,1470,Comentarios en: SOLEDAD – INVISIBLE,20140109194026
/soledad-repetir-sombra/feed/,post_comments,0,/soledad-repetir-sombra/,yes,782,Comentarios en: SOLEDAD – REPETIR / SOMBRA,20140109200707
/sorry-hun/feed/,unretrievable,0,/sorry-hun/,yes,0,,20140109192904
/spaceghostpurrp/feed/,post_comments,0,/spaceghostpurrp/,yes,772,Comentarios en: SPACEGHOSTPURRP PHEEL THA PHONK 1990,20140110184513
/spc-eco/feed/,post_comments,0,/spc-eco/,yes,727,Comentarios en: SPC ECO,20140110213752
/spoek-mathambo-control-2/feed/,unretrievable,0,/spoek-mathambo-control-2/,yes,0,,20140109201115
/squarepusher-dark-steering/feed/,post_comments,0,/squarepusher-dark-steering/,yes,792,Comentarios en: SQUAREPUSHER – DARK STEERING,20140109194618
/ssion-earthquake/feed/,post_comments,1,/ssion-earthquake/,yes,1398,Comentarios en: SSION – EARTHQUAKE,20140109194118
/ssion-feel-good-4-evr/feed/,post_comments,0,/ssion-feel-good-4-evr/,yes,778,Comentarios en: SSION – FEELZ GOOD 4 EVR,20140109190717
/ssion-kim/feed/,post_comments,0,/ssion-kim/,yes,755,Comentarios en: SSION – “KIM”,20140109194901
/stargate/feed/,post_comments,0,/stargate/,yes,730,Comentarios en: STARGATE,20140109191755
/stay-dandelion/feed/,post_comments,3,/stay-dandelion/,yes,2648,Comentarios en: STAY+ – DANDELION,20140110192125
/stay-here/feed/,post_comments,0,/stay-here/,yes,733,Comentarios en: STAY HERE,20140109203132
/stoned-boys-andromeda/feed/,post_comments,1,/stoned-boys-andromeda/,yes,1527,Comentarios en: STONED BOYS – ANDROMEDA,20140109183559
/stoned-boys-dangerous-skies/feed/,post_comments,1,/stoned-boys-dangerous-skies/,yes,1745,Comentarios en: STONED BOYS – DANGEROUS SKIES,20140109190957
/stoned-boys-dead-friends/feed/,post_comments,0,/stoned-boys-dead-friends/,yes,786,Comentarios en: STONED BOYS – DEAD FRIENDS,20140109195536
/stoned-boys-forever/feed/,post_comments,2,/stoned-boys-forever/,yes,2667,Comentarios en: STONED BOYS FOREVER,20140110220909
/strain/feed/,unretrievable,0,/strain/,yes,0,,20140109192338
/stranger%C2%A7-of-a-lst-art/feed/,post_comments,0,/stranger%C2%A7-of-a-lst-art/,yes,787,Comentarios en: STRANGER§ OF A L(())ST ART,20140109182506
/suffocation-health-remix/feed/,post_comments,0,/suffocation-health-remix/,yes,780,Comentarios en: SUFFOCATION (HEALTH REMIX),20140111005457
/suicide-dream-2-elite-gymnastics-baptism/feed/,post_comments,0,/suicide-dream-2-elite-gymnastics-baptism/,yes,828,Comentarios en: SUICIDE DREAM 2 (ELITE GYMNASTICS BAPTISM),20140110212646
/sulk-revolution-recording-piano-version/feed/,post_comments,1,/sulk-revolution-recording-piano-version/,yes,1653,Comentarios en: Sulk [Revolution Recording Piano Version],20140110212258
/super-future/feed/,post_comments,0,/super-future/,yes,742,Comentarios en: SUPER FUTURE,20140109192708
/super-ultra-mixtape/feed/,post_comments,0,/super-ultra-mixtape/,yes,763,Comentarios en: SUPER ULTRA MIXTAPE,20140109195952
/supermad/feed/,post_comments,1,/supermad/,yes,1643,Comentarios en: SUPERMAD,20140109200446
/supreme-cuts-reanimated/feed/,post_comments,0,/supreme-cuts-reanimated/,yes,775,Comentarios en: SUPREME CUTS REANIMATED,20140109192528
/swag-slangin-yayo-2/feed/,post_comments,0,/swag-slangin-yayo-2/,yes,762,Comentarios en: SWAG! SLANGIN YAYO,20140110213716
/synthetik/feed/,post_comments,0,/synthetik/,yes,733,Comentarios en: SYNTHETIK,20140109202546
/tales-from-the-darkside/feed/,post_comments,0,/tales-from-the-darkside/,yes,775,Comentarios en: TALES FROM THE DARKSIDE,20140109195758
/tamara-sky-lil-death-m1xx_-v2-0/feed/,post_comments,0,/tamara-sky-lil-death-m1xx_-v2-0/,yes,811,Comentarios en: TAMARA SKY – LIL DEATH M1XX_> V2.0,20140109191132
/tamara-sky-lil-death/feed/,post_comments,3,/tamara-sky-lil-death/,yes,2636,Comentarios en: TAMARA SKY // LIL DEATH,20140110193105
/tamara-sky-mixtape-para-long-clothing/feed/,post_comments,0,/tamara-sky-mixtape-para-long-clothing/,yes,818,Comentarios en: TAMARA SKY: Mixtape para Long Clothing,20140109193037
/tannhausser-gate-obsession/feed/,post_comments,0,/tannhausser-gate-obsession/,yes,767,Comentarios en: OBSESSION,20140109192915
/tarot/feed/,post_comments,0,/tarot/,yes,721,Comentarios en: TAROT,20140109193705
/teaadora/feed/,post_comments,0,/teaadora/,yes,730,Comentarios en: TEAADORA,20140110213919
/teamsincerity/feed/,post_comments,1,/teamsincerity/,yes,2268,Comentarios en: #TEAMSINCERITY,20140111004954
/tearist-disposition/feed/,post_comments,0,/tearist-disposition/,yes,771,Comentarios en: TEARIST – DISPOSITION,20140109191906
/tearist-unarmed/feed/,post_comments,0,/tearist-unarmed/,yes,759,Comentarios en: TEARIST – UNARMED,20140110213301
/teehn-bwitches-b133d-n-d13/feed/,post_comments,0,/teehn-bwitches-b133d-n-d13/,yes,792,Comentarios en: TEEHN BWITCHES – B133D N D13,20140110211930
/teehn-bwitches-escape/feed/,post_comments,1,/teehn-bwitches-escape/,yes,1237,Comentarios en: TEEHN BWITCHES – ESCAPE,20140110213208
/teehn-bwitches-remain-mal003/feed/,post_comments,3,/teehn-bwitches-remain-mal003/,yes,3275,Comentarios en: TEEHN BWITCHES – REMAIN [MAL003],20140109192335
/teen-witch-3d-slut-ii/feed/,post_comments,1,/teen-witch-3d-slut-ii/,yes,1745,Comentarios en: TEEN WITCH – 3D SLUT II,20140109203651
/teengirl-fantasy-dancing-in-slow-motion/feed/,post_comments,0,/teengirl-fantasy-dancing-in-slow-motion/,yes,831,Comentarios en: TEENGIRL FANTASY – DANCING IN SLOW MOTION,20140110214306
/teengirl-fantasy-efx-feat-kelela/feed/,post_comments,0,/teengirl-fantasy-efx-feat-kelela/,yes,814,Comentarios en: TEENGIRL FANTASY  – EFX (FEAT. KELELA),20140109194950
/teengirl-fantasy-end/feed/,post_comments,1,/teengirl-fantasy-end/,yes,1665,Comentarios en: TEENGIRL FANTASY – END,20140110212328
/teengirl-fantasy-motif/feed/,post_comments,1,/teengirl-fantasy-motif/,yes,1335,Comentarios en: TEENGIRL FANTASY – MOTIF,20140109191852
/teeth-care-bear/feed/,post_comments,2,/teeth-care-bear/,yes,2495,Comentarios en: TEETH – CARE BEAR,20140109203422
/teeth-flowers/feed/,post_comments,0,/teeth-flowers/,yes,753,Comentarios en: TEETH – FLOWERS,20140110213931
/telenovela-fantasmux-ii/feed/,post_comments,0,/telenovela-fantasmux-ii/,yes,775,Comentarios en: TELENOVELA FANTASMUX II,20140110222527
/telenovela-fantasmux/feed/,post_comments,2,/telenovela-fantasmux/,yes,1790,Comentarios en: TELENOVELA FANTASMUX,20140110214950
/telepathe-throw-away-this/feed/,post_comments,0,/telepathe-throw-away-this/,yes,789,Comentarios en: TELEPATHE – THROW AWAY THIS,20140110214211
/tell-me/feed/,unretrievable,0,/tell-me/,yes,0,,20140109182950
/the-airplane-boys-alignment/feed/,post_comments,0,/the-airplane-boys-alignment/,yes,795,Comentarios en: THE AIRPLANE BOYS – ALIGNMENT,20140110214127
/the-architect/feed/,post_comments,0,/the-architect/,yes,745,Comentarios en: THE ARCHITECT,20140109191905
/the-eternal-internet-brotherhood/feed/,post_comments,0,/the-eternal-internet-brotherhood/,yes,802,Comentarios en: THE ETERNAL INTERNET BROTHERHOOD,20140109192732
/the-internet-fastlane-cocaine/feed/,post_comments,0,/the-internet-fastlane-cocaine/,yes,803,Comentarios en: THE INTERNET – FASTLANE / COCAINE,20140109194418
/the-prince-is-coming-video/feed/,post_comments,0,/the-prince-is-coming-video/,yes,786,Comentarios en: THE PRINCE IS COMING (VIDEO),20140109195035
/the-prince-is-coming/feed/,post_comments,0,/the-prince-is-coming/,yes,766,Comentarios en: THE PRINCE IS COMING,20140109193541
/the-ring-modulator/feed/,post_comments,0,/the-ring-modulator/,yes,760,Comentarios en: THE RING MODULATOR,20140110214826
/the-weeknd/feed/,post_comments,0,/the-weeknd/,yes,736,Comentarios en: THE WEEKND,20140109192134
/the-whendays-untru-love-ii/feed/,post_comments,0,/the-whendays-untru-love-ii/,yes,792,Comentarios en: THE WHENDAYS – UNTRU LOVE II,20140109201748
/theblackgod/feed/,post_comments,0,/theblackgod/,yes,765,Comentarios en: SPACEGHOSTPURRP – THE BLACK GOD,20140109184415
/thee-negative-slave-2/feed/,post_comments,0,/thee-negative-slave-2/,yes,767,Comentarios en: THEE NEGATIVE SLAVE,20140110213955
/thee-physical-remixes/feed/,post_comments,1,/thee-physical-remixes/,yes,1679,Comentarios en: THEE PHYSICAL REMIXES,20140109201233
/thee-physical/feed/,post_comments,1,/thee-physical/,yes,1597,Comentarios en: THEE PHYSICAL,20140109202005
/theephysical-com/feed/,post_comments,1,/theephysical-com/,yes,1703,Comentarios en: THEEPHYSICAL.COM,20140110213322
/think-change/feed/,post_comments,0,/think-change/,yes,748,Comentarios en: THINK & CHANGE,20140109203839
/this-is-for-the-ones-who-care/feed/,post_comments,0,/this-is-for-the-ones-who-care/,yes,793,Comentarios en: THIS IS FOR THE ONES WHO CARE,20140109202359
/thursday/feed/,post_comments,0,/thursday/,yes,730,Comentarios en: THURSDAY,20140110213759
/tony-gallardo-ii-lider-juvenil-ep/feed/,post_comments,0,/tony-gallardo-ii-lider-juvenil-ep/,yes,814,Comentarios en: TONY GALLARDO II – LÍDER JUVENIL EP,20140109201506
/toro-y-moi-freaking-out-ep/feed/,post_comments,0,/toro-y-moi-freaking-out-ep/,yes,801,Comentarios en: RESEÑA: TORO Y MOI – FREAKING OUT EP,20140109202852
/total-accomplishment-pigfat/feed/,post_comments,0,/total-accomplishment-pigfat/,yes,795,Comentarios en: TOTAL ACCOMPLISHMENT – PIGFAT,20140111004941
/total-accoplishment-live/feed/,post_comments,0,/total-accoplishment-live/,yes,778,Comentarios en: TOTAL ACCOPLISHMENT LIVE,20140110215920
/total-recall-minimix/feed/,post_comments,0,/total-recall-minimix/,yes,766,Comentarios en: TOTAL RECALL MINIMIX,20140110220900
/trade/feed/,post_comments,0,/trade/,yes,721,Comentarios en: TRADE,20140109191756
/trance-forever/feed/,post_comments,0,/trance-forever/,yes,748,Comentarios en: TRANCE FOREVER,20140110190457
/tree-drum-remixes/feed/,post_comments,0,/tree-drum-remixes/,yes,757,Comentarios en: TREE DRUM REMIXES,20140109194412
/triad-god-i-never-told-you/feed/,post_comments,0,/triad-god-i-never-told-you/,yes,792,Comentarios en: TRIAD GOD – I NEVER TOLD YOU,20140109191725
/troll-city/feed/,post_comments,0,/troll-city/,yes,736,Comentarios en: TROLL CITY,20140109203703
/troller/feed/,post_comments,0,/troller/,yes,727,Comentarios en: TROLLER,20140109183315
/trust-sulk/feed/,post_comments,0,/trust-sulk/,yes,744,Comentarios en: TRUST – SULK,20140109185240
/tuareg-geeks-uprise/feed/,post_comments,1,/tuareg-geeks-uprise/,yes,1705,Comentarios en: TUAREG GEEKS – UPRISE,20140111005028
/twin-gemz-car-windows/feed/,post_comments,0,/twin-gemz-car-windows/,yes,777,Comentarios en: TWIN-GEMZ – CAR WINDOWS,20140109204334
/twin-gemz-strange-luv-magik/feed/,post_comments,0,/twin-gemz-strange-luv-magik/,yes,797,Comentarios en: TWIN GEMZ – STRANGE LUV / MAGIK,20140109190632
/twin-gemz-summer-slaying/feed/,post_comments,0,/twin-gemz-summer-slaying/,yes,786,Comentarios en: TWIN-GEMZ – SUMMER SLAYING,20140109202928
/twin-gemz/feed/,post_comments,1,/twin-gemz/,yes,1621,Comentarios en: TWIN-GEMZ,20140109203234
/tyler-the-creator-ofwgkta-2/feed/,post_comments,0,/tyler-the-creator-ofwgkta-2/,yes,788,"Comentarios en: TYLER, THE CREATOR + OFWGKTA",20140110213509
/udown-kit/feed/,post_comments,0,/udown-kit/,yes,733,Comentarios en: UDOWN KIT,20140109202829
/uforia-grimes-deon-en-mexico-2/feed/,post_comments,2,/uforia-grimes-deon-en-mexico-2/,yes,1811,Comentarios en: UFORIA: GRIMES + D’EON EN MÉXICO,20140109200000
/unbear/feed/,post_comments,0,/unbear/,yes,724,Comentarios en: UNBEAR,20140109204411
/unicorn-kid-boys-of-paradise/feed/,post_comments,0,/unicorn-kid-boys-of-paradise/,yes,798,Comentarios en: UNICORN KID – BOYS OF PARADISE,20140111005527
/unicorn-kid-need-u/feed/,post_comments,0,/unicorn-kid-need-u/,yes,768,Comentarios en: UNICORN KID – NEED U,20140109191850
/unicorn-kid/feed/,unretrievable,0,/unicorn-kid/,yes,0,,20140109190954
/unicorn-slut/feed/,post_comments,0,/unicorn-slut/,yes,742,Comentarios en: UNICORN SLUT,20140109201758
/unison-blood-blood-blood/feed/,post_comments,0,/unison-blood-blood-blood/,yes,786,Comentarios en: UNISON – BLOOD BLOOD BLOOD,20140109202330
/unison-brothers-sisters-live/feed/,post_comments,0,/unison-brothers-sisters-live/,yes,806,Comentarios en: UNISON – BROTHERS & SISTERS (LIVE),20140109204110
/united-nation/feed/,post_comments,0,/united-nation/,yes,745,Comentarios en: UNITED NATION,20140110213623
/unpopshopness/feed/,post_comments,1,/unpopshopness/,yes,1289,Comentarios en: UNPOPSHOPNESS,20140110212419
/user-69/feed/,post_comments,2,/user-69/,yes,2217,Comentarios en: USER 69,20140109184444
/vagina-vangi-locked-forever/feed/,post_comments,0,/vagina-vangi-locked-forever/,yes,795,Comentarios en: VAGINA VANGI – LOCKED FOREVER,20140110214822
/vally-girl-4g/feed/,post_comments,0,/vally-girl-4g/,yes,753,Comentarios en: VALLY GIRL – 4G,20140109204414
/vegan-cannibal/feed/,post_comments,0,/vegan-cannibal/,yes,748,Comentarios en: VEGAN CANNIBAL,20140109204245
/vermz-in-search-of-downers-pt-1-mal007/feed/,post_comments,0,/vermz-in-search-of-downers-pt-1-mal007/,yes,831,Comentarios en: VERMZ – IN SEARCH OF DOWNERS PT. 1 [MAL007],20140109200746
/vermz-la-petite-mort/feed/,post_comments,0,/vermz-la-petite-mort/,yes,774,Comentarios en: VERMZ – LA PETITE MORT,20140110212943
/vi/feed/,post_comments,0,/vi/,yes,712,Comentarios en: VI,20140109200446
/vicki-leekx/feed/,post_comments,0,/vicki-leekx/,yes,739,Comentarios en: VICKI LEEKX,20140109200948
/vid-nar-mitt-blod-pumpar-i-dig/feed/,post_comments,0,/vid-nar-mitt-blod-pumpar-i-dig/,yes,819,Comentarios en: Nordpolen – när mitt blod pumpar i dig (Video),20140109202721
/video-salem-king-night/feed/,post_comments,1,/video-salem-king-night/,yes,1324,Comentarios en: VIDEO: SALEM – KING NIGHT,20140111005450
/video-sleep-%E2%88%9E-over-casual-diamond/feed/,post_comments,0,/video-sleep-%E2%88%9E-over-casual-diamond/,yes,832,Comentarios en: VIDEO: SLEEP ∞ OVER – CASUAL DIAMOND,20140109193529
/vnv-nation-automatic/feed/,post_comments,0,/vnv-nation-automatic/,yes,783,Comentarios en: RESEÑA: VNV NATION – AUTOMATIC,20140109195725
/volume-control/feed/,unretrievable,0,/volume-control/,yes,0,,20140109192843
/waka-flocka-flame-murda/feed/,post_comments,0,/waka-flocka-flame-murda/,yes,807,Comentarios en: WAKA FLOCKA FLAME – MURDA (WHITE RING 2K12 REMIX),20140109184010
/wanderlust/feed/,post_comments,0,/wanderlust/,yes,736,Comentarios en: WANDERLUST,20140109182452
/warpaint-the-fool-2/feed/,post_comments,0,/warpaint-the-fool-2/,yes,769,Comentarios en: WARPAINT – THE FOOL,20140110222340
/wassup-asap-rocky/feed/,post_comments,0,/wassup-asap-rocky/,yes,757,Comentarios en: WASSUP A$AP ROCKY,20140109204342
/wavves-mutant/feed/,post_comments,0,/wavves-mutant/,yes,753,Comentarios en: WAVVES – MUTANT,20140110222206
/wavves-rolling-papers/feed/,post_comments,0,/wavves-rolling-papers/,yes,769,Comentarios en: WAVVES ROLLING PAPERS,20140109203311
/weekend-update-ii/feed/,post_comments,0,/weekend-update-ii/,yes,757,Comentarios en: WEEKEND UPDATE II,20140109195800
/weekend-update-iii/feed/,post_comments,1,/weekend-update-iii/,yes,1515,Comentarios en: WEEKEND UPDATE III,20140109193151
/weekend-update/feed/,unretrievable,0,/weekend-update/,yes,0,,20140109182153
/when-doves-cry/feed/,post_comments,0,/when-doves-cry/,yes,748,Comentarios en: WHEN DOVES CRY,20140109191413
/wheres-god/feed/,post_comments,0,/wheres-god/,yes,744,Comentarios en: WHERE’S GOD?,20140109195804
/white-eyes/feed/,post_comments,0,/white-eyes/,yes,736,Comentarios en: WHITE EYES,20140109200443
/white-ring-chaind-vol-1/feed/,post_comments,0,/white-ring-chaind-vol-1/,yes,784,Comentarios en: WHITE RING – CHAIND VOL. 1,20140109191226
/white-ring-felt-u/feed/,post_comments,0,/white-ring-felt-u/,yes,765,Comentarios en: WHITE RING – FELT U,20140109193934
/white-ring-mexico-df/feed/,post_comments,0,/white-ring-mexico-df/,yes,795,Comentarios en: WHITE RING + RITUALZ + TEEHN BWITCHES @ MEXICO DF,20140109194159
/wicked-games/feed/,post_comments,0,/wicked-games/,yes,742,Comentarios en: WICKED GAMES,20140109201101
/wife/feed/,post_comments,0,/wife/,yes,718,Comentarios en: WIFE,20140109191759
/willow-smith-21st-century-girl-2/feed/,post_comments,0,/willow-smith-21st-century-girl-2/,yes,808,Comentarios en: WILLOW SMITH – 21ST CENTURY GIRL,20140110213630
/willow-smith-whip-my-hair-clit-talk-screw-2/feed/,post_comments,0,/willow-smith-whip-my-hair-clit-talk-screw-2/,yes,843,Comentarios en: WILLOW SMITH – WHIP MY HAIR (CLIT TALK SCREW),20140110215532
/wish-book-volume-1/feed/,post_comments,0,/wish-book-volume-1/,yes,760,Comentarios en: WISH BOOK VOLUME 1,20140109200931
/witch-doktor-l-vis-1990-edit/feed/,post_comments,0,/witch-doktor-l-vis-1990-edit/,yes,792,Comentarios en: WITCH DOKTOR (L-VIS 1990 EDIT),20140109182948
/with-u/feed/,post_comments,0,/with-u/,yes,724,Comentarios en: WITH U,20140110214206
/world-wide-gallery-traxx/feed/,post_comments,0,/world-wide-gallery-traxx/,yes,778,Comentarios en: WORLD WIDE GALLERY TRAXX,20140110212434
/xeno-oaklander-the-staircase/feed/,post_comments,1,/xeno-oaklander-the-staircase/,yes,1389,Comentarios en: XENO & OAKLANDER – THE STAIRCASE,20140109205637
/xiu-xiu-always/feed/,post_comments,0,/xiu-xiu-always/,yes,756,Comentarios en: XIU XIU – ALWAYS,20140109191917
/xiu-xiu-born-to-suffer/feed/,post_comments,0,/xiu-xiu-born-to-suffer/,yes,780,Comentarios en: XIU XIU – BORN TO SUFFER,20140109184934
/xiu-xiu-hi/feed/,post_comments,0,/xiu-xiu-hi/,yes,744,Comentarios en: XIU XIU – HI,20140109200448
/xiu-xiu-honeysuckle-2/feed/,post_comments,0,/xiu-xiu-honeysuckle-2/,yes,775,Comentarios en: XIU XIU – HONEYSUCKLE,20140109201524
/xmlrpc.php,other,0,,,42,,20110823024301
/yeasayer-xmas-2/feed/,post_comments,0,/yeasayer-xmas-2/,yes,749,Comentarios en: YEASAYER XMAS,20140110214008
/yen-tech/feed/,post_comments,0,/yen-tech/,yes,730,Comentarios en: YEN TECH,20140109190655
/yo-te-quiero-calavera/feed/,post_comments,0,/yo-te-quiero-calavera/,yes,769,Comentarios en: YO TE QUIERO CALAVERA,20140109191840
/yohuna-2/feed/,post_comments,0,/yohuna-2/,yes,728,Comentarios en: YOHUNA,20140110214316
/you-ha-ha-ha/feed/,post_comments,0,/you-ha-ha-ha/,yes,744,Comentarios en: YOU (HA HA HA),20140109182411
/you-show-great-spirit/feed/,post_comments,0,/you-show-great-spirit/,yes,769,Comentarios en: YOU SHOW GREAT SPIRIT,20140109193432
/young-magic-sparkly/feed/,post_comments,0,/young-magic-sparkly/,yes,771,Comentarios en: YOUNG MAGIC – SPARKLY,20140109191920
/young-magic/feed/,post_comments,0,/young-magic/,yes,739,Comentarios en: YOUNG MAGIC,20140109191445
/your-orders/feed/,post_comments,0,/your-orders/,yes,739,Comentarios en: YOUR ORDERS,20140110213700
/yung-jake-5/feed/,post_comments,0,/yung-jake-5/,yes,747,Comentarios en: YUNG JAKE – 5,20140109191846
/yung-jake-datamosh/feed/,post_comments,2,/yung-jake-datamosh/,yes,2470,Comentarios en: YUNG JAKE – DATAMOSH,20140110213435
/yung-jake-one-track-mixtapes/feed/,post_comments,0,/yung-jake-one-track-mixtapes/,yes,798,Comentarios en: YUNG JAKE – ONE TRACK MIXTAPES,20140109203115
/yung-jake/feed/,post_comments,3,/yung-jake/,yes,2837,Comentarios en: YUNG JAKE,20140110213936
/yungrapunxel/feed/,post_comments,0,/yungrapunxel/,yes,743,Comentarios en: #YUNGRAPUNXEL,20140109194435
/zak-matic-violento-club-mix/feed/,post_comments,0,/zak-matic-violento-club-mix/,yes,795,Comentarios en: ZAK MATIC – VIOLENTO CLUB MIX,20140109192823
/zebra-katz-feat-njena-reddd-foxxx-ima-read-2/feed/,post_comments,0,/zebra-katz-feat-njena-reddd-foxxx-ima-read-2/,yes,844,Comentarios en: ZEBRA KATZ FEAT NJENA REDDD FOXXX – IMA READ,20140109200419
/zola-jesus-diamonds/feed/,post_comments,0,/zola-jesus-diamonds/,yes,783,Comentarios en: ZOLA JESUS – DIAMONDS (RIHANNA COVER),20140109183619
/zola-jesus-seekir/feed/,post_comments,0,/zola-jesus-seekir/,yes,765,Comentarios en: ZOLA JESUS – SEEKIR,20140109203156
/zola-jesus-vessel-video/feed/,post_comments,1,/zola-jesus-vessel-video/,yes,1331,Comentarios en: ZOLA JESUS – VESSEL (VIDEO),20140110213314
/zola-jesus-vessel/feed/,post_comments,0,/zola-jesus-vessel/,yes,765,Comentarios en: ZOLA JESUS – VESSEL,20140109200710
/zonora-point-douster-2/feed/,unretrievable,0,/zonora-point-douster-2/,yes,0,,20140109195103
/zutzut/feed/,post_comments,0,/zutzut/,yes,724,Comentarios en: ZUTZUT,20140109191032
