original_key,local_path,kind,wayback_ts,present
/,/index.html,homepage,20131030072153,yes
/%D0%BC%D0%B8%D1%88%D0%BA%D0%B0-the-guide-to-grave-wave-2/,/мишка-the-guide-to-grave-wave-2-c9ac1a/index.html,post,20131126100658,yes
/%D0%BC%D0%B8%D1%88%D0%BA%D0%B0-the-guide-to-grave-wave-2/feed/,/feeds/мишка-the-guide-to-grave-wave-2-c9ac1a/feed.xml,feed,20140109203908,yes
/%E2%80%A0%E2%80%A0-the-coven-%E2%80%A0%E2%80%A0/,/the-coven-6c6c0d/index.html,post,20131126093518,yes
/%E2%80%A0%E2%80%A0-the-coven-%E2%80%A0%E2%80%A0/feed/,/feeds/the-coven-6c6c0d/feed.xml,feed,20140109204625,yes
/%E2%80%A0%E2%80%A1%E2%80%A0-halloween-2010-2/,/halloween-2010-2-a89f58/index.html,post,20131126092020,yes
/%E2%80%A0%E2%80%A1%E2%80%A0-halloween-2010-2/feed/,/feeds/halloween-2010-2-a89f58/feed.xml,feed,20140109194623,yes
/%E2%80%A0-de%E2%96%B2d-virgin-%C2%9D%E2%80%A0-2/,/de-d-virgin-2-8afa9b/index.html,post,20131126094229,yes
/%E2%80%A0-de%E2%96%B2d-virgin-%C2%9D%E2%80%A0-2/feed/,/feeds/de-d-virgin-2-8afa9b/feed.xml,feed,20140109202611,yes
/%E2%96%82%E2%96%85%E2%96%87%E2%96%88%E2%96%93%E2%96%91%E2%9C%8C%E2%9C%8C%E2%9C%8C%E2%96%91%E2%96%93%E2%96%88%E2%96%87%E2%96%85%E2%96%82-2/,/2-b62031/index.html,post,20131126112900,yes
/%E2%96%82%E2%96%85%E2%96%87%E2%96%88%E2%96%93%E2%96%91%E2%9C%8C%E2%9C%8C%E2%9C%8C%E2%96%91%E2%96%93%E2%96%88%E2%96%87%E2%96%85%E2%96%82-2/feed/,/feeds/2-b62031/feed.xml,feed,20140110220218,yes
/%E2%96%B2%E2%80%A0%E2%96%B2-2/,/2-67b861/index.html,post,20131126100825,yes
/%E2%96%B2%E2%80%A0%E2%96%B2-2/feed/,/feeds/2-67b861/feed.xml,feed,20140109201658,yes
/%E2%96%BC%E2%96%B2%E2%96%BC-vagina-vangi-2/,/vagina-vangi-2-4a714b/index.html,post,20131126091705,yes
/%E2%96%BC%E2%96%B2%E2%96%BC-vagina-vangi-2/feed/,/feeds/vagina-vangi-2-4a714b/feed.xml,feed,20140109193853,yes
/%E2%96%BC%E2%96%B2%E2%96%BC-vagina-vangi-orthodox-2/,/vagina-vangi-orthodox-2-ba40fa/index.html,post,20131126110213,yes
/%E2%96%BC%E2%96%B2%E2%96%BC-vagina-vangi-orthodox-2/feed/,/feeds/vagina-vangi-orthodox-2-ba40fa/feed.xml,feed,20140110213740,yes
/%E2%97%95%E2%96%B2-%E2%99%A8-%E2%98%AF-hippie-new-year%E2%98%AF-%E2%99%A8-%E2%96%B2%E2%97%95/,/hippie-new-year-b56eac/index.html,post,20131126104252,yes
/%E2%97%95%E2%96%B2-%E2%99%A8-%E2%98%AF-hippie-new-year%E2%98%AF-%E2%99%A8-%E2%96%B2%E2%97%95/feed/,/feeds/hippie-new-year-b56eac/feed.xml,feed,20140110212701,yes
/%E3%81%8D%E3%82%83%E3%82%8A%E3%83%BC%E3%81%B1%E3%81%BF%E3%82%85%E3%81%B1%E3%81%BF%E3%82%85-%E3%81%A4%E3%81%91%E3%81%BE%E3%81%A4%E3%81%91%E3%82%8B/,/きゃりーぱみゅぱみゅ-つけまつける-0c356d/index.html,post,20131126112727,yes
/%E3%81%8D%E3%82%83%E3%82%8A%E3%83%BC%E3%81%B1%E3%81%BF%E3%82%85%E3%81%B1%E3%81%BF%E3%82%85-%E3%81%A4%E3%81%91%E3%81%BE%E3%81%A4%E3%81%91%E3%82%8B/feed/,/feeds/きゃりーぱみゅぱみゅ-つけまつける-0c356d/feed.xml,feed,20140110213226,yes
/%E3%81%8D%E3%82%83%E3%82%8A%E3%83%BC%E3%81%B1%E3%81%BF%E3%82%85%E3%81%B1%E3%81%BF%E3%82%85-%E3%81%B5%E3%82%8A%E3%81%9D%E3%81%A7%E3%83%BC%E3%81%97%E3%82%87%E3%82%93/,/きゃりーぱみゅぱみゅ-ふりそでーしょん-4a81e3/index.html,post,20131126092306,yes
/%E3%81%8D%E3%82%83%E3%82%8A%E3%83%BC%E3%81%B1%E3%81%BF%E3%82%85%E3%81%B1%E3%81%BF%E3%82%85-%E3%81%B5%E3%82%8A%E3%81%9D%E3%81%A7%E3%83%BC%E3%81%97%E3%82%87%E3%82%93/feed/,/feeds/きゃりーぱみゅぱみゅ-ふりそでーしょん-4a81e3/feed.xml,feed,20140109200442,yes
/%E3%81%8D%E3%82%83%E3%82%8A%E3%83%BC%E3%81%B1%E3%81%BF%E3%82%85%E3%81%B1%E3%81%BF%E3%82%85-%E3%82%A4%E3%83%B3%E3%83%99%E3%83%BC%E3%83%80%E3%83%BC%E3%82%A4%E3%83%B3%E3%83%99%E3%83%BC%E3%83%80/,/きゃりーぱみゅぱみゅ-インベーダーインベーダ-63153e/index.html,post,20131126084058,yes
/%E3%81%8D%E3%82%83%E3%82%8A%E3%83%BC%E3%81%B1%E3%81%BF%E3%82%85%E3%81%B1%E3%81%BF%E3%82%85-%E3%82%A4%E3%83%B3%E3%83%99%E3%83%BC%E3%83%80%E3%83%BC%E3%82%A4%E3%83%B3%E3%83%99%E3%83%BC%E3%83%80/feed/,/feeds/きゃりーぱみゅぱみゅ-インベーダーインベーダ-63153e/feed.xml,feed,20140109194917,yes
/%E3%81%8D%E3%82%83%E3%82%8A%E3%83%BC%E3%81%B1%E3%81%BF%E3%82%85%E3%81%B1%E3%81%BF%E3%82%85-%E3%83%95%E3%82%A1%E3%83%83%E3%82%B7%E3%83%A7%E3%83%B3%E3%83%A2%E3%83%B3%E3%82%B9%E3%82%BF%E3%83%BC/,/きゃりーぱみゅぱみゅ-ファッションモンスター-86d089/index.html,post,20131126091825,yes
/%E3%81%8D%E3%82%83%E3%82%8A%E3%83%BC%E3%81%B1%E3%81%BF%E3%82%85%E3%81%B1%E3%81%BF%E3%82%85-%E3%83%95%E3%82%A1%E3%83%83%E3%82%B7%E3%83%A7%E3%83%B3%E3%83%A2%E3%83%B3%E3%82%B9%E3%82%BF%E3%83%BC/feed/,/feeds/きゃりーぱみゅぱみゅ-ファッションモンスター-86d089/feed.xml,feed,20140109192543,yes
/%E3%81%8D%E3%82%83%E3%82%8A%E3%83%BC%E3%81%B1%E3%81%BF%E3%82%85%E3%81%B1%E3%81%BF%E3%82%85-candy-candy/,/きゃりーぱみゅぱみゅ-candy-candy-dc6fbb/index.html,post,20131126084915,yes
/%E3%81%8D%E3%82%83%E3%82%8A%E3%83%BC%E3%81%B1%E3%81%BF%E3%82%85%E3%81%B1%E3%81%BF%E3%82%85-candy-candy/feed/,/feeds/きゃりーぱみゅぱみゅ-candy-candy-dc6fbb/feed.xml,feed,20140109191551,yes
/%E6%83%85%E5%A0%B1%E3%83%87%E3%82%B9%E3%82%AFvirtual/,/情報デスクvirtual-6472d9/index.html,post,20131126095619,yes
/%E6%83%85%E5%A0%B1%E3%83%87%E3%82%B9%E3%82%AFvirtual/feed/,/feeds/情報デスクvirtual-6472d9/feed.xml,feed,20140109202329,yes
/%ED%8B%B0%EC%95%84%EB%9D%BC-n4-%EC%A0%84%EC%9B%90%EC%9D%BC%EA%B8%B0/,/티아라-n4-전원일기-c6f68e/index.html,post,20140102150510,yes
/1-2/,/1-2-2fbe47/index.html,post,20131126121721,yes
/1-2/feed/,/feeds/1-2-2fbe47/feed.xml,feed,20140110214218,yes
/18-ft-aids-3d-nectar/,/18-ft-aids-3d-nectar-030691/index.html,post,20131126091617,yes
/18-ft-aids-3d-nectar/feed/,/feeds/18-ft-aids-3d-nectar-030691/feed.xml,feed,20140109191055,yes
/18-mixtape/,/18-mixtape-9c5f46/index.html,post,20131126121842,yes
/18-mixtape/feed/,/feeds/18-mixtape-9c5f46/feed.xml,feed,20140110215557,yes
/18/,/18-e0fd53/index.html,post,20131126110328,yes
/18/feed/,/feeds/18-e0fd53/feed.xml,feed,20140110213458,yes
/2010/,/2010-aea73e/index.html,date_archive,20131126102247,yes
/2010/10/,/2010-10-8db0c8/index.html,date_archive,20131126102305,yes
/2010/11/,/2010-11-b3fc86/index.html,date_archive,20131126113020,yes
/2010/12/,/2010-12-575dd9/index.html,date_archive,20131126112431,yes
/2011-2/,/2011-2-a0e225/index.html,post,20110718224613,yes
/2011/,/2011-270e7c/index.html,date_archive,20131126094828,yes
/2011/01/,/2011-01-323c24/index.html,date_archive,20131126112952,yes
/2011/02/,/2011-02-f033dd/index.html,date_archive,20131126113429,yes
/2011/03/,/2011-03-2e2fd1/index.html,date_archive,20131126122457,yes
/2011/04/,/2011-04-359d7a/index.html,date_archive,20131126125543,yes
/2011/05/,/2011-05-7775d9/index.html,date_archive,20131126101455,yes
/2011/06/,/2011-06-1955f0/index.html,date_archive,20131126112943,yes
/2011/07/,/2011-07-6cd26e/index.html,date_archive,20131126090317,yes
/2011/08/,/2011-08-70dd17/index.html,date_archive,20131126110043,yes
/2011/09/,/2011-09-cf9bf6/index.html,date_archive,20131126090258,yes
/2011/10/,/2011-10-4d01f2/index.html,date_archive,20131126113006,yes
/2011/11/,/2011-11-1679bc/index.html,date_archive,20131126091852,yes
/2011/12/,/2011-12-e317a8/index.html,date_archive,20131126110850,yes
/2012/,/2012-72a0cc/index.html,date_archive,20131126082938,yes
/2012/01/,/2012-01-10dde6/index.html,date_archive,20131126125916,yes
/2012/02/,/2012-02-a01cc5/index.html,date_archive,20131126092407,yes
/2012/03/,/2012-03-cbcb21/index.html,date_archive,20131126084513,yes
/2012/04/,/2012-04-e9c863/index.html,date_archive,20131126090044,yes
/2012/05/,/2012-05-b8945a/index.html,date_archive,20131126082518,yes
/2012/06/,/2012-06-605744/index.html,date_archive,20131126105934,yes
/2012/07/,/2012-07-8ec48c/index.html,date_archive,20131126093423,yes
/2012/08/,/2012-08-bdaebc/index.html,date_archive,20131126105916,yes
/2012/09/,/2012-09-432edb/index.html,date_archive,20131126093308,yes
/2012/10/,/2012-10-ce4255/index.html,date_archive,20131126083105,yes
/2012/11/,/2012-11-25661e/index.html,date_archive,20131126093704,yes
/2012/12/,/2012-12-4759a3/index.html,date_archive,20131126095600,yes
/2013-1/,/2013-1-c26e58/index.html,post,20131126091742,yes
/2013-1/feed/,/feeds/2013-1-c26e58/feed.xml,feed,20140109191859,yes
/2013/,/2013-33653c/index.html,date_archive,20131126090219,yes
/2013/01/,/2013-01-6e7c5a/index.html,date_archive,20131126084753,yes
/2013/02/,/2013-02-c4ba6e/index.html,date_archive,20131126090030,yes
/2013/03/,/2013-03-d805e5/index.html,date_archive,20131126082454,yes
/2013/04/,/2013-04-bf0f94/index.html,date_archive,20131126082508,yes
/2013/05/,/2013-05-886ba4/index.html,date_archive,20131126084534,yes
/2013/06/,/2013-06-9c61bd/index.html,date_archive,20131126093301,yes
/21st-century-screw-2/,/21st-century-screw-2-145f94/index.html,post,20131126091832,yes
/21st-century-screw-2/feed/,/feeds/21st-century-screw-2-145f94/feed.xml,feed,20140109194328,yes
/3d-slut-iii/,/3d-slut-iii-7c0cfb/index.html,post,20131126091541,yes
/3d-slut-iii/feed/,/feeds/3d-slut-iii-7c0cfb/feed.xml,feed,20140109195200,yes
/4-minute-ready-go/,/4-minute-ready-go-5c4c37/index.html,post,20131126112949,yes
/4-minute-ready-go/feed/,/feeds/4-minute-ready-go-5c4c37/feed.xml,feed,20140110214402,yes
/6-foot-7-foot-2/,/6-foot-7-foot-2-d7de9e/index.html,post,20110718222537,yes
/6-foot-7-foot/,/6-foot-7-foot-284064/index.html,post,20131126112355,yes
/6-foot-7-foot/feed/,/feeds/6-foot-7-foot-284064/feed.xml,feed,20140110212126,yes
/_host/cas.negativeyouth.net/tb/style.css,/_host/cas.negativeyouth.net/tb/style.css,css,20160208083348,yes
/_host/maligna.negativeyouth.net/favicon.ico,/_host/maligna.negativeyouth.net/favicon.ico,image,20131104094138,yes
/_host/maligna.negativeyouth.net/wp-content/uploads/2013/09/LINKIN-PARK-ART-900.jpg,/_host/maligna.negativeyouth.net/wp-content/uploads/2013/09/LINKIN-PARK-ART-900.jpg,image,20131103231841,yes
/_host/maligna.negativeyouth.net/wp-content/uploads/2013/09/hdxd.jpg,/_host/maligna.negativeyouth.net/wp-content/uploads/2013/09/hdxd.jpg,image,20131103232705,yes
/_host/maligna.negativeyouth.net/wp-content/uploads/2013/09/maligna-2.jpg,/_host/maligna.negativeyouth.net/wp-content/uploads/2013/09/maligna-2.jpg,image,20131103232316,yes
/a-tooth-for-an-eye/,/a-tooth-for-an-eye-2de1ba/index.html,post,20131126100927,yes
/a-tooth-for-an-eye/feed/,/feeds/a-tooth-for-an-eye-2de1ba/feed.xml,feed,20140109202059,yes
/a-tribe-called-red/,/a-tribe-called-red-eef4bb/index.html,post,20131126090038,yes
/a-tribe-called-red/feed/,/feeds/a-tribe-called-red-eef4bb/feed.xml,feed,20140109193325,yes
/aap-rocky-brand-new-guy/,/aap-rocky-brand-new-guy-9d3809/index.html,post,20131126093413,yes
/aap-rocky-brand-new-guy/feed/,/feeds/aap-rocky-brand-new-guy-9d3809/feed.xml,feed,20140109200631,yes
/aap-rocky-goldie/,/aap-rocky-goldie-284807/index.html,post,20131126082813,yes
/aap-rocky-goldie/feed/,/feeds/aap-rocky-goldie-284807/feed.xml,feed,20140109190204,yes
/aaron-spectre-lion-mix/,/aaron-spectre-lion-mix-27248a/index.html,post,20131126094907,yes
/aaron-spectre-lion-mix/feed/,/feeds/aaron-spectre-lion-mix-27248a/feed.xml,feed,20140109195957,yes
/about,/about-2a1c0c/index.html,page,20110207073038,yes
/about/,/about-a5e18c/index.html,page,20130621024203,yes
/active-child-how-to-dress-well/,/active-child-how-to-dress-well-d95ec0/index.html,post,20131126100627,yes
/active-child-how-to-dress-well/feed/,/feeds/active-child-how-to-dress-well-d95ec0/feed.xml,feed,20140109203933,yes
/actually-huizenga-live-softrock-1-3/,/actually-huizenga-live-softrock-1-3-0eeabf/index.html,post,20131126082512,yes
/actually-huizenga-live-softrock-1-3/feed/,/feeds/actually-huizenga-live-softrock-1-3-0eeabf/feed.xml,feed,20140109184728,no
/actually/,/actually-47255b/index.html,post,20131126111139,yes
/actually/feed/,/feeds/actually-47255b/feed.xml,feed,20140110212336,yes
/adeptus-from-the-valley/,/adeptus-from-the-valley-f6c289/index.html,post,20131126092146,yes
/adeptus-from-the-valley/feed/,/feeds/adeptus-from-the-valley-f6c289/feed.xml,feed,20140109191854,yes
/adeptus/,/adeptus-be5e9a/index.html,post,20131126105813,yes
/adeptus/feed/,/feeds/adeptus-be5e9a/feed.xml,feed,20140110213207,yes
/affection/,/affection-e9610f/index.html,post,20131126082840,yes
/affection/feed/,/feeds/affection-e9610f/feed.xml,feed,20140109182720,yes
/aftermath-negative-youth-presenta-pictureplane-df/,/aftermath-negative-youth-presenta-pictureplane-df-334c5c/index.html,post,20131126094904,yes
/aftermath-negative-youth-presenta-pictureplane-df/feed/,/feeds/aftermath-negative-youth-presenta-pictureplane-df-334c5c/feed.xml,feed,20140109201104,yes
/alexico-aranas/,/alexico-aranas-9e5f65/index.html,post,20131126084647,yes
/alexico-aranas/feed/,/feeds/alexico-aranas-9e5f65/feed.xml,feed,20140109191812,yes
/alexico-el-nombre-del-perro/,/alexico-el-nombre-del-perro-f5a2db/index.html,post,20131126102239,yes
/alexico-el-nombre-del-perro/feed/,/feeds/alexico-el-nombre-del-perro-f5a2db/feed.xml,feed,20140110211312,yes
/alexico-gordo-grande-y-marica-2/,/alexico-gordo-grande-y-marica-2-7abb52/index.html,post,20110718230627,yes
/alexico-gordo-grande-y-marica/,/alexico-gordo-grande-y-marica-88bcc9/index.html,post,20131126085841,yes
/alexico-gordo-grande-y-marica/feed/,/feeds/alexico-gordo-grande-y-marica-88bcc9/feed.xml,feed,20140109191338,yes
/alexico-se-pone-bilet-con-vegan-cannibal/,/alexico-se-pone-bilet-con-vegan-cannibal-b9830f/index.html,post,20131126090417,yes
/alexico-se-pone-bilet-con-vegan-cannibal/feed/,/feeds/alexico-se-pone-bilet-con-vegan-cannibal-b9830f/feed.xml,feed,20140109192555,yes
/alien-amv/,/alien-amv-935743/index.html,post,20131126100919,yes
/alien-amv/feed/,/feeds/alien-amv-935743/feed.xml,feed,20140109203722,yes
/all-american-orgy-2/,/all-american-orgy-2-31f0db/index.html,post,20110718225848,yes
/all-your-gifs-are-belong-to-us/,/all-your-gifs-are-belong-to-us-14ea8b/index.html,post,20131126083035,yes
/all-your-gifs-are-belong-to-us/feed/,/feeds/all-your-gifs-are-belong-to-us-14ea8b/feed.xml,feed,20140109184156,no
/alternative-ulster-sub-rosa/,/alternative-ulster-sub-rosa-c5a159/index.html,post,20130729084740,yes
/alternative-ulster-sub-rosa/feed/,/feeds/alternative-ulster-sub-rosa-c5a159/feed.xml,feed,20131214022837,yes
/amanda-palmer-map-of-tasmania-2/,/amanda-palmer-map-of-tasmania-2-c5d8ff/index.html,post,20110718230935,yes
/ambalance/,/ambalance-5cb5d0/index.html,post,20131126122419,yes
/ambalance/feed/,/feeds/ambalance-5cb5d0/feed.xml,feed,20140110221919,yes
/ambassadeurs-m-o-p-e/,/ambassadeurs-m-o-p-e-8f6c21/index.html,post,20131126125553,yes
/ambassadeurs-m-o-p-e/feed/,/feeds/ambassadeurs-m-o-p-e-8f6c21/feed.xml,feed,20140110221130,yes
/amber-ibarreche-kewl-girl/,/amber-ibarreche-kewl-girl-2c3ced/index.html,post,20131126093419,yes
/amber-ibarreche-kewl-girl/feed/,/feeds/amber-ibarreche-kewl-girl-2c3ced/feed.xml,feed,20140109204602,yes
/amber-ibarreche-she-dont-no-me/,/amber-ibarreche-she-dont-no-me-b05d06/index.html,post,20131126084824,yes
/amber-ibarreche-she-dont-no-me/feed/,/feeds/amber-ibarreche-she-dont-no-me-b05d06/feed.xml,feed,20140109191717,yes
/american-juggalo/,/american-juggalo-982dc7/index.html,post,20131126113132,yes
/american-juggalo/feed/,/feeds/american-juggalo-982dc7/feed.xml,feed,20140111005032,yes
/american-noise/,/american-noise-7b73c5/index.html,post,20131126085158,yes
/american-noise/feed/,/feeds/american-noise-7b73c5/feed.xml,feed,20140109192045,yes
/ana-caprix-yours-feat-taylor-swift/,/ana-caprix-yours-feat-taylor-swift-206b2e/index.html,post,20131104003753,yes
/ana-caprix-yours-feat-taylor-swift/feed/,/feeds/ana-caprix-yours-feat-taylor-swift-206b2e/feed.xml,feed,20140109191001,yes
/ana-caprix/,/ana-caprix-ee30de/index.html,post,20131126085906,yes
/ana-caprix/feed/,/feeds/ana-caprix-ee30de/feed.xml,feed,20140109193113,yes
/angelina-pivarnick-im-hot-2/,/angelina-pivarnick-im-hot-2-3f9ce7/index.html,post,20110718224014,yes
/angelina-pivarnick-im-hot/,/angelina-pivarnick-im-hot-fdcde7/index.html,post,20131126103603,yes
/angelina-pivarnick-im-hot/feed/,/feeds/angelina-pivarnick-im-hot-fdcde7/feed.xml,feed,20140110213755,yes
/antes-de-que-nos-olviden-3/,/antes-de-que-nos-olviden-3-3222b4/index.html,post,20131126112347,yes
/antes-de-que-nos-olviden-3/feed/,/feeds/antes-de-que-nos-olviden-3-3222b4/feed.xml,feed,20140110213129,yes
/antes-de-que-nos-olviden-4/,/antes-de-que-nos-olviden-4-e0d0b8/index.html,post,20131126112339,yes
/antes-de-que-nos-olviden-4/feed/,/feeds/antes-de-que-nos-olviden-4-e0d0b8/feed.xml,feed,20140110213801,yes
/antwon-living-everydream-prod-pictureplane/,/antwon-living-everydream-prod-pictureplane-6d1790/index.html,post,20131126093439,yes
/antwon-living-everydream-prod-pictureplane/feed/,/feeds/antwon-living-everydream-prod-pictureplane-6d1790/feed.xml,feed,20140109202215,yes
/apache-warrior/,/apache-warrior-c04b21/index.html,post,20131126121716,yes
/apache-warrior/feed/,/feeds/apache-warrior-c04b21/feed.xml,feed,20140110214214,yes
/apart/,/apart-657fad/index.html,post,20131126094120,yes
/apart/feed/,/feeds/apart-657fad/feed.xml,feed,20140109202954,yes
/apes/,/apes-a562ca/index.html,post,20131126095320,yes
/apes/feed/,/feeds/apes-a562ca/feed.xml,feed,20140109202256,yes
/apocalyptic-bote-shaking/,/apocalyptic-bote-shaking-fdabc6/index.html,post,20131126085648,yes
/apocalyptic-bote-shaking/feed/,/feeds/apocalyptic-bote-shaking-fdabc6/feed.xml,feed,20140109193839,yes
/araab-weekend-2/,/araab-weekend-2-ad4c41/index.html,post,20131126105743,yes
/araab-weekend-2/feed/,/feeds/araab-weekend-2-ad4c41/feed.xml,feed,20140110212644,yes
/araab-weekend/,/araab-weekend-2f976e/index.html,post,20131126105807,yes
/araab-weekend/feed/,/feeds/araab-weekend-2f976e/feed.xml,feed,20140111005454,yes
/araabmuzik/,/araabmuzik-29410f/index.html,post,20131126112506,yes
/araabmuzik/feed/,/feeds/araabmuzik-29410f/feed.xml,feed,20140110212507,yes
/arca-stretch-1-ep/,/arca-stretch-1-ep-7a7d26/index.html,post,20131126093508,yes
/arca-stretch-1-ep/feed/,/feeds/arca-stretch-1-ep-7a7d26/feed.xml,feed,20140109200237,yes
/archival-dirge-mix/,/archival-dirge-mix-c9a89d/index.html,post,20131126085130,yes
/archival-dirge-mix/feed/,/feeds/archival-dirge-mix-c9a89d/feed.xml,feed,20140109193902,yes
/archive,/archive-c94195/index.html,page,20110207072924,yes
/arena/,/arena-d74590/index.html,post,20131126084234,yes
/arena/feed/,/feeds/arena-d74590/feed.xml,feed,20140109184312,yes
/armin-van-buuren-i-dont-own-you-white-ring-pikachu-remix/,/armin-van-buuren-i-dont-own-you-white-ring-pikachu-remix-f41d02/index.html,post,20131126090242,yes
/armin-van-buuren-i-dont-own-you-white-ring-pikachu-remix/feed/,/feeds/armin-van-buuren-i-dont-own-you-white-ring-pikachu-remix-f41d02/feed.xml,feed,20140109191658,yes
/art-of-wor-blood-will-have-blood/,/art-of-wor-blood-will-have-blood-c4f272/index.html,post,20131126090628,yes
/art-of-wor-blood-will-have-blood/feed/,/feeds/art-of-wor-blood-will-have-blood-c4f272/feed.xml,feed,20140109194646,yes
/art-thoughtz/,/art-thoughtz-71e030/index.html,post,20131126093657,yes
/art-thoughtz/feed/,/feeds/art-thoughtz-71e030/feed.xml,feed,20140109203135,yes
/ask,/ask-b0f28c/index.html,page,20110207072333,yes
/aura-team-rockit/,/aura-team-rockit-ef5163/index.html,post,20131126084646,yes
/aura-team-rockit/feed/,/feeds/aura-team-rockit-ef5163/feed.xml,feed,20140109195236,yes
/author/cas/,/author-cas-f3f8f1/index.html,author,20131126093255,yes
/author/daniela-quant/,/author-daniela-quant-995e5b/index.html,author,20140319144918,yes
/author/eduardo-caudilio/,/author-eduardo-caudilio-bf4bd5/index.html,author,20130410221924,yes
/author/eduardo-caudillo/,/author-eduardo-caudillo-0d9c24/index.html,author,20110718225904,yes
/author/el-carlos/,/author-el-carlos-c7fb82/index.html,author,20131126082545,yes
/author/ella/,/author-ella-40fbd4/index.html,author,20140315231953,yes
/author/jc/,/author-jc-f94644/index.html,author,20131126112938,yes
/author/victor/,/author-victor-84a072/index.html,author,20140319145010,yes
/avalanche-slow/,/avalanche-slow-d4735a/index.html,post,20140404044259,yes
/baby-sloth-spirit/,/baby-sloth-spirit-87bbf9/index.html,post,20131126112853,yes
/baby-sloth-spirit/feed/,/feeds/baby-sloth-spirit-87bbf9/feed.xml,feed,20140110213532,yes
/badd/,/badd-fc2dd4/index.html,post,20131126125745,yes
/badd/feed/,/feeds/badd-fc2dd4/feed.xml,feed,20140110221004,yes
/balam-acab-oh-why/,/balam-acab-oh-why-8b5881/index.html,post,20131126100803,yes
/balam-acab-oh-why/feed/,/feeds/balam-acab-oh-why-8b5881/feed.xml,feed,20140109200401,yes
/banned-from-mtv/,/banned-from-mtv-046e3c/index.html,post,20131126093029,yes
/banned-from-mtv/feed/,/feeds/banned-from-mtv-046e3c/feed.xml,feed,20140109203014,yes
/basketball/,/basketball-648190/index.html,post,20131126084359,yes
/basketball/feed/,/feeds/basketball-648190/feed.xml,feed,20140109194952,yes
/bb-pinkblue/,/bb-pinkblue-1d36ff/index.html,post,20131126094840,yes
/bb-pinkblue/feed/,/feeds/bb-pinkblue-1d36ff/feed.xml,feed,20140109202604,no
/beach-bum-im-go%E2%80%A0hsta-2/,/beach-bum-im-go-hsta-2-dcced9/index.html,post,20131126111129,yes
/beach-bum-im-go%E2%80%A0hsta-2/feed/,/feeds/beach-bum-im-go-hsta-2-dcced9/feed.xml,feed,20140110212613,yes
/bebetune/,/bebetune-2101bd/index.html,post,20131126092051,yes
/bebetune/feed/,/feeds/bebetune-2101bd/feed.xml,feed,20140109192827,yes
/bend-my-dick-to-my-ass/,/bend-my-dick-to-my-ass-57c38d/index.html,post,20131126090221,yes
/bend-my-dick-to-my-ass/feed/,/feeds/bend-my-dick-to-my-ass-57c38d/feed.xml,feed,20140109192355,yes
/best-coast-%E2%99%A5-wavves-2/,/best-coast-wavves-2-9f7fca/index.html,post,20110718224024,yes
/best-coast-%E2%99%A5-wavves/,/best-coast-wavves-bff790/index.html,post,20131126094609,yes
/best-coast-%E2%99%A5-wavves/feed/,/feeds/best-coast-wavves-bff790/feed.xml,feed,20140109203829,yes
/beta-frontiers/,/beta-frontiers-74328e/index.html,post,20131126125734,yes
/beta-frontiers/feed/,/feeds/beta-frontiers-74328e/feed.xml,feed,20140110222436,yes
/better-off-alone/,/better-off-alone-38b0d9/index.html,post,20131126091712,yes
/better-off-alone/feed/,/feeds/better-off-alone-38b0d9/feed.xml,feed,20140109191520,yes
/big-magick-hustlas-2/,/big-magick-hustlas-2-4d52c5/index.html,post,20131126112832,yes
/big-magick-hustlas-2/feed/,/feeds/big-magick-hustlas-2-4d52c5/feed.xml,feed,20140110214547,yes
/bl%C2%A7%C2%A7d-%C3%B8u%E2%80%A0-%C2%A7pnnr%C2%A7-2/,/bl-d-øu-pnnr-2-f61921/index.html,post,20110718230940,yes
/bl%C2%A7%C2%A7d-ou%E2%80%A0-%C2%A7pnnr%C2%A7/,/bl-d-ou-pnnr-2b73a7/index.html,post,20131126111159,yes
/bl%C2%A7%C2%A7d-ou%E2%80%A0-%C2%A7pnnr%C2%A7/feed/,/feeds/bl-d-ou-pnnr-2b73a7/feed.xml,feed,20140110212710,yes
/black-metal-kids-2/,/black-metal-kids-2-67fc0f/index.html,post,20131126113353,yes
/black-metal-kids-2/feed/,/feeds/black-metal-kids-2-67fc0f/feed.xml,feed,20140110215325,yes
/black-nails/,/black-nails-16ba64/index.html,post,20131126112740,yes
/black-nails/feed/,/feeds/black-nails-16ba64/feed.xml,feed,20140110213528,yes
/black-skinhead/,/black-skinhead-16bb40/index.html,post,20131126082828,yes
/black-skinhead/feed/,/feeds/black-skinhead-16bb40/feed.xml,feed,20140109184512,yes
/black-yellow-vs-green-yellow-2/,/black-yellow-vs-green-yellow-2-21ff0f/index.html,post,20110718224623,yes
/black-yellow-vs-green-yellow/,/black-yellow-vs-green-yellow-7d18df/index.html,post,20131126091733,yes
/black-yellow-vs-green-yellow/feed/,/feeds/black-yellow-vs-green-yellow-7d18df/feed.xml,feed,20140109200455,yes
/blackmilk/,/blackmilk-8a2ff5/index.html,post,20131126091630,yes
/blackmilk/feed/,/feeds/blackmilk-8a2ff5/feed.xml,feed,20140109191650,yes
/blissed-out-drones-ritualz-remix/,/blissed-out-drones-ritualz-remix-dc8e05/index.html,post,20131126110153,yes
/blissed-out-drones-ritualz-remix/feed/,/feeds/blissed-out-drones-ritualz-remix-dc8e05/feed.xml,feed,20140110212222,yes
/blood-blood-blood/,/blood-blood-blood-ea86c2/index.html,post,20131126092110,yes
/blood-blood-blood/feed/,/feeds/blood-blood-blood-ea86c2/feed.xml,feed,20140109191826,yes
/blood-flow/,/blood-flow-7f4850/index.html,post,20131126084745,yes
/blood-flow/feed/,/feeds/blood-flow-7f4850/feed.xml,feed,20140109192318,yes
/blood-orange-champagne-coast/,/blood-orange-champagne-coast-16c7d9/index.html,post,20131126090201,yes
/blood-orange-champagne-coast/feed/,/feeds/blood-orange-champagne-coast-16c7d9/feed.xml,feed,20140109194552,yes
/blood-orange-neptune-ft-starchild/,/blood-orange-neptune-ft-starchild-9633d7/index.html,post,20131126092339,yes
/blood-orange-neptune-ft-starchild/feed/,/feeds/blood-orange-neptune-ft-starchild-9633d7/feed.xml,feed,20140109193236,yes
/bloody-knives/,/bloody-knives-190b36/index.html,post,20131126090231,yes
/bloody-knives/feed/,/feeds/bloody-knives-190b36/feed.xml,feed,20140109194215,yes
/boan/,/boan-672daa/index.html,post,20131126085150,yes
/boan/feed/,/feeds/boan-672daa/feed.xml,feed,20140109193851,yes
/bodyguard-sex-with-axe-on/,/bodyguard-sex-with-axe-on-0ae6d1/index.html,post,20131126082938,yes
/bodyguard-sex-with-axe-on/feed/,/feeds/bodyguard-sex-with-axe-on-0ae6d1/feed.xml,feed,20140109182641,yes
/bodyguard/,/bodyguard-2f49d6/index.html,post,20131126113120,yes
/bodyguard/feed/,/feeds/bodyguard-2f49d6/feed.xml,feed,20140110214813,yes
/bonsai-babies/,/bonsai-babies-9f0da8/index.html,post,20131126102952,yes
/bonsai-babies/feed/,/feeds/bonsai-babies-9f0da8/feed.xml,feed,20140110213448,yes
/bored-this-way-2/,/bored-this-way-2-828791/index.html,post,20131126094207,yes
/bored-this-way-2/feed/,/feeds/bored-this-way-2-828791/feed.xml,feed,20140109203925,yes
/born-this-way-2/,/born-this-way-2-51f446/index.html,post,20110718225908,yes
/born-this-way/,/born-this-way-aca1eb/index.html,post,20131126104638,yes
/born-this-way/feed/,/feeds/born-this-way-aca1eb/feed.xml,feed,20140110212517,yes
/boy-friend-2/,/boy-friend-2-9e50b6/index.html,post,20110718224731,yes
/boy-friend/,/boy-friend-e08aeb/index.html,post,20131126125849,yes
/boy-friend/feed/,/feeds/boy-friend-e08aeb/feed.xml,feed,20140110222353,yes
/boy-ruins-lives/,/boy-ruins-lives-7d5380/index.html,post,20131126082500,yes
/boy-ruins-lives/feed/,/feeds/boy-ruins-lives-7d5380/feed.xml,feed,20140109190359,yes
/boyfriend-x-zebra-katz/,/boyfriend-x-zebra-katz-47e05e/index.html,post,20131126091630,yes
/boyfriend-x-zebra-katz/feed/,/feeds/boyfriend-x-zebra-katz-47e05e/feed.xml,feed,20140109193649,yes
/brenmar-taking-it-down/,/brenmar-taking-it-down-a96ce3/index.html,post,20131126110749,yes
/brenmar-taking-it-down/feed/,/feeds/brenmar-taking-it-down-a96ce3/feed.xml,feed,20140110213236,yes
/brenmar-x-rihanna/,/brenmar-x-rihanna-486145/index.html,post,20131126093022,yes
/brenmar-x-rihanna/feed/,/feeds/brenmar-x-rihanna-486145/feed.xml,feed,20140109203655,yes
/brite-aid-sour-ep-mal004/,/brite-aid-sour-ep-mal004-50a64b/index.html,post,20131126084427,yes
/brite-aid-sour-ep-mal004/feed/,/feeds/brite-aid-sour-ep-mal004-50a64b/feed.xml,feed,20140109184334,yes
/broken/,/broken-2614e4/index.html,post,20131126104338,yes
/broken/feed/,/feeds/broken-2614e4/feed.xml,feed,20140110212537,yes
/brujjas-deejay-feat-hanna-shinohara/,/brujjas-deejay-feat-hanna-shinohara-f4c373/index.html,post,20131126090431,yes
/brujjas-deejay-feat-hanna-shinohara/feed/,/feeds/brujjas-deejay-feat-hanna-shinohara-f4c373/feed.xml,feed,20140109194658,yes
/bruxa/,/bruxa-a521e7/index.html,post,20131126105833,yes
/bruxa/feed/,/feeds/bruxa-a521e7/feed.xml,feed,20140110213922,yes
/butterclock-hustling-feat-ooooo/,/butterclock-hustling-feat-ooooo-1353e9/index.html,post,20131126095844,yes
/butterclock-hustling-feat-ooooo/feed/,/feeds/butterclock-hustling-feat-ooooo-1353e9/feed.xml,feed,20140109204511,yes
/c-e-o-shadow-msg-mordor-mixtape/,/c-e-o-shadow-msg-mordor-mixtape-0aa059/index.html,post,20131126110705,yes
/c-e-o-shadow-msg-mordor-mixtape/feed/,/feeds/c-e-o-shadow-msg-mordor-mixtape-0aa059/feed.xml,feed,20140110213212,yes
/call-her/,/call-her-99fa6c/index.html,post,20131126084908,yes
/call-her/feed/,/feeds/call-her-99fa6c/feed.xml,feed,20140109191214,yes
/campana-malignaritualz-en-indiegogo/,/campana-malignaritualz-en-indiegogo-8aa689/index.html,post,20131126093615,yes
/campana-malignaritualz-en-indiegogo/feed/,/feeds/campana-malignaritualz-en-indiegogo-8aa689/feed.xml,feed,20140109202250,yes
/cape-cod/,/cape-cod-96a122/index.html,post,20131126084220,yes
/cape-cod/feed/,/feeds/cape-cod-96a122/feed.xml,feed,20140109191615,yes
/car-windows/,/car-windows-9a03bb/index.html,post,20131126112935,yes
/car-windows/feed/,/feeds/car-windows-9a03bb/feed.xml,feed,20140110213130,yes
/casi-xiu-xiu-casi-deerhoof-2/,/casi-xiu-xiu-casi-deerhoof-2-eac31f/index.html,post,20131126110119,yes
/casi-xiu-xiu-casi-deerhoof-2/feed/,/feeds/casi-xiu-xiu-casi-deerhoof-2-eac31f/feed.xml,feed,20140110212913,yes
/cassie-king-of-hearts/,/cassie-king-of-hearts-735778/index.html,post,20131126102115,yes
/cassie-king-of-hearts/feed/,/feeds/cassie-king-of-hearts-735778/feed.xml,feed,20140110194948,yes
/cassie-trilogy/,/cassie-trilogy-460a81/index.html,post,20131126084855,yes
/cassie-trilogy/feed/,/feeds/cassie-trilogy-460a81/feed.xml,feed,20140109195139,yes
/catamaran/,/catamaran-63e49b/index.html,post,20131126084722,yes
/catamaran/feed/,/feeds/catamaran-63e49b/feed.xml,feed,20140109194036,yes
/category/articulos/,/category-articulos-ebb3d3/index.html,category,20131126104723,yes
/category/entrevistas/,/category-entrevistas-58c921/index.html,category,20131126093547,yes
/category/eventos/,/category-eventos-15e4d7/index.html,category,20131126102418,yes
/category/mixtapes/,/category-mixtapes-1975d5/index.html,category,20131126104715,yes
/category/moda/,/category-moda-d5f729/index.html,category,20131126100435,yes
/category/moda/page/2/,/category-moda-page-2-7d5350/index.html,category,20140318110741,yes
/category/musica/,/category-musica-6f0af9/index.html,category,20131126093541,yes
/category/musica/page/2/,/category-musica-page-2-4ac1fc/index.html,category,20130407175544,yes
/category/resenas/,/category-resenas-2a0779/index.html,category,20111222193026,yes
/category/uncategorized/,/category-uncategorized-1fd2a0/index.html,category,20110517222126,yes
/category/video/,/category-video-0ac57e/index.html,category,20131126130051,yes
/category/video/page/2/,/category-video-page-2-ca925f/index.html,category,20140103043412,yes
/catnapp/,/catnapp-8aeb1e/index.html,post,20131126094235,yes
/catnapp/feed/,/feeds/catnapp-8aeb1e/feed.xml,feed,20140109200510,yes
/cel/,/cel-ef2d25/index.html,post,20131126092333,yes
/cel/feed/,/feeds/cel-ef2d25/feed.xml,feed,20140109195141,yes
/chainless/,/chainless-1a4ae9/index.html,post,20131126084217,yes
/chainless/feed/,/feeds/chainless-1a4ae9/feed.xml,feed,20140109191434,yes
/charli-xcx-so-far-away-princes-video-remix/,/charli-xcx-so-far-away-princes-video-remix-c27cdd/index.html,post,20131126104059,yes
/charli-xcx-so-far-away-princes-video-remix/feed/,/feeds/charli-xcx-so-far-away-princes-video-remix-c27cdd/feed.xml,feed,20140110213622,yes
/charli-xcx-stay-away-salems-angel-remix/,/charli-xcx-stay-away-salems-angel-remix-d175b0/index.html,post,20131126112555,yes
/charli-xcx-stay-away-salems-angel-remix/feed/,/feeds/charli-xcx-stay-away-salems-angel-remix-d175b0/feed.xml,feed,20140110212513,yes
/charli-xcx-youre-the-one/,/charli-xcx-youre-the-one-5521f2/index.html,post,20131126091623,yes
/charli-xcx-youre-the-one/feed/,/feeds/charli-xcx-youre-the-one-5521f2/feed.xml,feed,20140109194625,yes
/chillwave-checklist-2/,/chillwave-checklist-2-ff14b8/index.html,post,20110718224034,yes
/chillwave-checklist/,/chillwave-checklist-091380/index.html,post,20131126102231,yes
/chillwave-checklist/feed/,/feeds/chillwave-checklist-091380/feed.xml,feed,20140111004849,yes
/chvrches/,/chvrches-de05b3/index.html,post,20131126084241,yes
/chvrches/feed/,/feeds/chvrches-de05b3/feed.xml,feed,20140109183446,yes
/clams-casino-im-god-instrumental/,/clams-casino-im-god-instrumental-bf71df/index.html,post,20131126094158,yes
/clams-casino-im-god-instrumental/feed/,/feeds/clams-casino-im-god-instrumental-bf71df/feed.xml,feed,20140109202608,yes
/classified/,/classified-70cbba/index.html,post,20131126092300,yes
/classified/feed/,/feeds/classified-70cbba/feed.xml,feed,20140109200439,yes
/cloud-aura/,/cloud-aura-49a71f/index.html,post,20131126092346,yes
/cloud-aura/feed/,/feeds/cloud-aura-49a71f/feed.xml,feed,20140109193103,yes
/coins/,/coins-31ac0b/index.html,post,20131126104315,yes
/coins/feed/,/feeds/coins-31ac0b/feed.xml,feed,20140110212726,yes
/cold-nites-koreless-remix/,/cold-nites-koreless-remix-6b482d/index.html,post,20131126094541,yes
/cold-nites-koreless-remix/feed/,/feeds/cold-nites-koreless-remix-6b482d/feed.xml,feed,20140109202246,yes
/cold-nites/,/cold-nites-804e2b/index.html,post,20131126095233,yes
/cold-nites/feed/,/feeds/cold-nites-804e2b/feed.xml,feed,20140109203141,yes
/come-clean-mallinali-rubalcaba-yautepec-2/,/come-clean-mallinali-rubalcaba-yautepec-2-ff2a7b/index.html,post,20131126110431,yes
/come-clean-mallinali-rubalcaba-yautepec-2/feed/,/feeds/come-clean-mallinali-rubalcaba-yautepec-2-ff2a7b/feed.xml,feed,20140110213751,yes
/comma-ruttus/,/comma-ruttus-4982bf/index.html,post,20131126105826,yes
/comma-ruttus/feed/,/feeds/comma-ruttus-4982bf/feed.xml,feed,20140110213844,yes
/comments/feed/,/feeds/comments-a95111/feed.xml,feed,20140210081941,yes
/corona-capitalismo/,/corona-capitalismo-1a20a3/index.html,post,20131126092159,yes
/corona-capitalismo/feed/,/feeds/corona-capitalismo-1a20a3/feed.xml,feed,20140109192834,yes
/corpcore-kingdom-remix/,/corpcore-kingdom-remix-bdc016/index.html,post,20131126104116,yes
/corpcore-kingdom-remix/feed/,/feeds/corpcore-kingdom-remix-bdc016/feed.xml,feed,20140110212325,yes
/cosmic-angel-the-illuminati-princess/,/cosmic-angel-the-illuminati-princess-768832/index.html,post,20131126082659,yes
/cosmic-angel-the-illuminati-princess/feed/,/feeds/cosmic-angel-the-illuminati-princess-768832/feed.xml,feed,20140109190215,yes
/coyote/,/coyote-ed2e5a/index.html,post,20131126084254,yes
/coyote/feed/,/feeds/coyote-ed2e5a/feed.xml,feed,20140109190627,yes
/crackbusting-angels-remixes-2/,/crackbusting-angels-remixes-2-09fc4c/index.html,post,20110718230951,yes
/craxxxmurf-r-i-p/,/craxxxmurf-r-i-p-849f64/index.html,post,20131205043421,yes
/craxxxmurf-r-i-p/feed/,/feeds/craxxxmurf-r-i-p-849f64/feed.xml,feed,20140109183355,yes
/craxxxmurf/,/craxxxmurf-2058b8/index.html,post,20131126085918,yes
/craxxxmurf/feed/,/feeds/craxxxmurf-2058b8/feed.xml,feed,20140109192246,yes
/creep-animals-feat-holly-miranda/,/creep-animals-feat-holly-miranda-4e622d/index.html,post,20131126125830,yes
/creep-animals-feat-holly-miranda/feed/,/feeds/creep-animals-feat-holly-miranda-4e622d/feed.xml,feed,20140110220252,yes
/creep-days-2/,/creep-days-2-348b69/index.html,post,20131126112929,yes
/creep-days-2/feed/,/feeds/creep-days-2-348b69/feed.xml,feed,20140110212723,yes
/creep-feat-nina-sky-you-2/,/creep-feat-nina-sky-you-2-da961e/index.html,post,20110718224045,yes
/creep-feat-nina-sky-you/,/creep-feat-nina-sky-you-880f26/index.html,post,20131126110533,yes
/creep-feat-nina-sky-you/feed/,/feeds/creep-feat-nina-sky-you-880f26/feed.xml,feed,20140110212532,yes
/creep-nina-sky/,/creep-nina-sky-a714ae/index.html,post,20131126110245,yes
/creep-nina-sky/feed/,/feeds/creep-nina-sky-a714ae/feed.xml,feed,20140110213311,yes
/crime-fetish/,/crime-fetish-fddf63/index.html,post,20131126094955,yes
/crime-fetish/feed/,/feeds/crime-fetish-fddf63/feed.xml,feed,20140109203438,yes
/crossover-how-could-i-2/,/crossover-how-could-i-2-6c0d0a/index.html,post,20110718222609,yes
/crystal-casltes-affection/,/crystal-casltes-affection-3eb0f7/index.html,post,20131126100825,yes
/crystal-casltes-affection/feed/,/feeds/crystal-casltes-affection-3eb0f7/feed.xml,feed,20140109203158,yes
/crystal-castles-iii/,/crystal-castles-iii-853b6d/index.html,post,20131126084309,yes
/crystal-castles-iii/feed/,/feeds/crystal-castles-iii-853b6d/feed.xml,feed,20140109182447,yes
/crystal-castles-plague/,/crystal-castles-plague-d404cc/index.html,post,20131126083815,yes
/crystal-castles-plague/feed/,/feeds/crystal-castles-plague-d404cc/feed.xml,feed,20140109183113,yes
/crystal-castles-robert-smith-2/,/crystal-castles-robert-smith-2-766e6e/index.html,post,20110718224742,yes
/curse/,/curse-18654a/index.html,post,20131126104156,yes
/curse/feed/,/feeds/curse-18654a/feed.xml,feed,20140111004853,yes
/cvlt-classics-hun-came/,/cvlt-classics-hun-came-d9f2e0/index.html,post,20131126113220,yes
/cvlt-classics-hun-came/feed/,/feeds/cvlt-classics-hun-came-d9f2e0/feed.xml,feed,20140110214628,yes
/d-medley/,/d-medley-f1e140/index.html,post,20131126082926,yes
/d-medley/feed/,/feeds/d-medley-f1e140/feed.xml,feed,20140109183653,yes
/damian-marley-nas-patience-2/,/damian-marley-nas-patience-2-8364de/index.html,post,20110718225918,yes
/damian-marley-nas-patience/,/damian-marley-nas-patience-9ce2e5/index.html,post,20131126085343,yes
/damian-marley-nas-patience/feed/,/feeds/damian-marley-nas-patience-9ce2e5/feed.xml,feed,20140109193250,yes
/dancing-anymore/,/dancing-anymore-56bf39/index.html,post,20131126101014,yes
/dancing-anymore/feed/,/feeds/dancing-anymore-56bf39/feed.xml,feed,20140109203547,yes
/dangerous-boys-club/,/dangerous-boys-club-77bebe/index.html,post,20131126083043,yes
/dangerous-boys-club/feed/,/feeds/dangerous-boys-club-77bebe/feed.xml,feed,20140109191816,yes
/dani-shivers-graves/,/dani-shivers-graves-75a357/index.html,post,20131126113309,yes
/dani-shivers-graves/feed/,/feeds/dani-shivers-graves-75a357/feed.xml,feed,20140110214903,yes
/dani-shivers-up/,/dani-shivers-up-100058/index.html,post,20131126102459,yes
/dani-shivers-up/feed/,/feeds/dani-shivers-up-100058/feed.xml,feed,20140110202740,yes
/dani-shivers-witch/,/dani-shivers-witch-53afdd/index.html,post,20131126105145,yes
/dani-shivers-witch/feed/,/feeds/dani-shivers-witch-53afdd/feed.xml,feed,20140110213349,yes
/dark-killer-dance-night/,/dark-killer-dance-night-f8eb38/index.html,post,20131126122150,yes
/dark-killer-dance-night/feed/,/feeds/dark-killer-dance-night-f8eb38/feed.xml,feed,20140110214145,yes
/dark-sister/,/dark-sister-ddb0f0/index.html,post,20131126104552,yes
/dark-sister/feed/,/feeds/dark-sister-ddb0f0/feed.xml,feed,20140110212801,yes
/dark-york/,/dark-york-bd947d/index.html,post,20131126091856,yes
/dark-york/feed/,/feeds/dark-york-bd947d/feed.xml,feed,20140109191010,yes
/darkbloom/,/darkbloom-b3a572/index.html,post,20131126125757,yes
/darkbloom/feed/,/feeds/darkbloom-b3a572/feed.xml,feed,20140110222846,yes
/das-racist-michael-jackson/,/das-racist-michael-jackson-80d96e/index.html,post,20131126112817,yes
/das-racist-michael-jackson/feed/,/feeds/das-racist-michael-jackson-80d96e/feed.xml,feed,20140110213122,yes
/david-lynch-good-day-todayi-know-2/,/david-lynch-good-day-todayi-know-2-5813ea/index.html,post,20131126091905,yes
/david-lynch-good-day-todayi-know-2/feed/,/feeds/david-lynch-good-day-todayi-know-2-5813ea/feed.xml,feed,20140109191822,yes
/de-la-cabeza/,/de-la-cabeza-9c946c/index.html,post,20131126090210,yes
/de-la-cabeza/feed/,/feeds/de-la-cabeza-9c946c/feed.xml,feed,20140109192231,yes
/deeeep-2/,/deeeep-2-7e075e/index.html,post,20110718225303,yes
/deeeep/,/deeeep-89e33d/index.html,post,20131126112418,yes
/deeeep/feed/,/feeds/deeeep-89e33d/feed.xml,feed,20140110213312,yes
/deon-al-qiyamah/,/deon-al-qiyamah-bda60e/index.html,post,20131126092514,yes
/deon-al-qiyamah/feed/,/feeds/deon-al-qiyamah-bda60e/feed.xml,feed,20140109192321,yes
/deon-feat-marie-jane-kiss-me/,/deon-feat-marie-jane-kiss-me-f92b4d/index.html,post,20131126112733,yes
/deon-feat-marie-jane-kiss-me/feed/,/feeds/deon-feat-marie-jane-kiss-me-f92b4d/feed.xml,feed,20140111004857,yes
/deon-music-for-keyboards-vol1/,/deon-music-for-keyboards-vol1-57df60/index.html,post,20131126102109,yes
/deon-music-for-keyboards-vol1/feed/,/feeds/deon-music-for-keyboards-vol1-57df60/feed.xml,feed,20140110183354,yes
/deon-transparency-how-to-dress-well-rework/,/deon-transparency-how-to-dress-well-rework-75634e/index.html,post,20131126120101,yes
/deon-transparency-how-to-dress-well-rework/feed/,/feeds/deon-transparency-how-to-dress-well-rework-75634e/feed.xml,feed,20140110215306,yes
/desert-strike-ep-stream/,/desert-strike-ep-stream-16558d/index.html,post,20131126084548,yes
/desert-strike-ep-stream/feed/,/feeds/desert-strike-ep-stream-16558d/feed.xml,feed,20140109185615,yes
/destroyer-remix/,/destroyer-remix-563e40/index.html,post,20131126090320,yes
/destroyer-remix/feed/,/feeds/destroyer-remix-563e40/feed.xml,feed,20140109194545,yes
/die-antwoord-rich-bitch-2/,/die-antwoord-rich-bitch-2-2bcbe0/index.html,post,20110718225928,yes
/die-antwoord-rich-bitch/,/die-antwoord-rich-bitch-f7ab0e/index.html,post,20131126095726,yes
/die-antwoord-rich-bitch/feed/,/feeds/die-antwoord-rich-bitch-f7ab0e/feed.xml,feed,20140109201500,yes
/digital-latex-pattern-recognition-mal008/,/digital-latex-pattern-recognition-mal008-252dbb/index.html,post,20131126090209,yes
/digital-latex-pattern-recognition-mal008/feed/,/feeds/digital-latex-pattern-recognition-mal008-252dbb/feed.xml,feed,20140109192253,yes
/dipset-trance-party-2/,/dipset-trance-party-2-a3a358/index.html,post,20110517222437,yes
/dipset-trance-party/,/dipset-trance-party-83de25/index.html,post,20131126085312,yes
/dipset-trance-party/feed/,/feeds/dipset-trance-party-83de25/feed.xml,feed,20140109192153,yes
/disaro-o-f-f/,/disaro-o-f-f-dbbbab/index.html,post,20131126094653,yes
/disaro-o-f-f/feed/,/feeds/disaro-o-f-f-dbbbab/feed.xml,feed,20140109202751,yes
/dj-hoodcore/,/dj-hoodcore-cb5920/index.html,post,20131126090035,yes
/dj-hoodcore/feed/,/feeds/dj-hoodcore-cb5920/feed.xml,feed,20140109191625,yes
/dj-javier-estrada-adicta-fuck-you/,/dj-javier-estrada-adicta-fuck-you-9f63fe/index.html,post,20131126094948,yes
/dj-javier-estrada-adicta-fuck-you/feed/,/feeds/dj-javier-estrada-adicta-fuck-you-9f63fe/feed.xml,feed,20140109203403,yes
/dj-maquina-de-muerte-sangree/,/dj-maquina-de-muerte-sangree-6ad807/index.html,post,20131126112703,yes
/dj-maquina-de-muerte-sangree/feed/,/feeds/dj-maquina-de-muerte-sangree-6ad807/feed.xml,feed,20140111004932,yes
/dj-one-destiny-100back2school200-mix/,/dj-one-destiny-100back2school200-mix-3fd8fe/index.html,post,20131126110721,yes
/dj-one-destiny-100back2school200-mix/feed/,/feeds/dj-one-destiny-100back2school200-mix-3fd8fe/feed.xml,feed,20140111005012,yes
/dj-pablito-mix-moombathon-live-set-vol-1/,/dj-pablito-mix-moombathon-live-set-vol-1-8d8b99/index.html,post,20131126093220,yes
/dj-pablito-mix-moombathon-live-set-vol-1/feed/,/feeds/dj-pablito-mix-moombathon-live-set-vol-1-8d8b99/feed.xml,feed,20140109202643,yes
/dj-smurphy-nightwaves/,/dj-smurphy-nightwaves-553dad/index.html,post,20131126110027,yes
/dj-smurphy-nightwaves/feed/,/feeds/dj-smurphy-nightwaves-553dad/feed.xml,feed,20140110212147,yes
/dj-smurphy-smurphwave-mal006/,/dj-smurphy-smurphwave-mal006-87b128/index.html,post,20131126090342,yes
/dj-smurphy-smurphwave-mal006/feed/,/feeds/dj-smurphy-smurphwave-mal006-87b128/feed.xml,feed,20140109192656,yes
/dj-smurphy-troll-romance/,/dj-smurphy-troll-romance-235931/index.html,post,20131126084704,yes
/dj-smurphy-troll-romance/feed/,/feeds/dj-smurphy-troll-romance-235931/feed.xml,feed,20140109193328,yes
/dj-symbiotix/,/dj-symbiotix-9a160a/index.html,post,20131126085736,yes
/dj-symbiotix/feed/,/feeds/dj-symbiotix-9a160a/feed.xml,feed,20140109192613,yes
/dntel-enya-mixes/,/dntel-enya-mixes-ec8813/index.html,post,20131126094923,yes
/dntel-enya-mixes/feed/,/feeds/dntel-enya-mixes-ec8813/feed.xml,feed,20140109200831,yes
/do-it/,/do-it-db6c0c/index.html,post,20131126093247,yes
/do-it/feed/,/feeds/do-it-db6c0c/feed.xml,feed,20140109200451,yes
/dont/,/dont-bec213/index.html,post,20131126083424,yes
/dont/feed/,/feeds/dont-bec213/feed.xml,feed,20140109190931,no
/dream-affair/,/dream-affair-ad6547/index.html,post,20131126084903,yes
/dream-affair/feed/,/feeds/dream-affair-ad6547/feed.xml,feed,20140109195105,yes
/dresden-dresses/,/dresden-dresses-c4411d/index.html,post,20131126084737,yes
/dresden-dresses/feed/,/feeds/dresden-dresses-c4411d/feed.xml,feed,20140109190932,yes
/dressed-for-space/,/dressed-for-space-7392ea/index.html,post,20131126090605,yes
/dressed-for-space/feed/,/feeds/dressed-for-space-7392ea/feed.xml,feed,20140109191635,yes
/drift-kings/,/drift-kings-044c5a/index.html,post,20131126090346,yes
/drift-kings/feed/,/feeds/drift-kings-044c5a/feed.xml,feed,20140109190659,yes
/drones/,/drones-8d2adf/index.html,post,20131126094956,yes
/drones/feed/,/feeds/drones-8d2adf/feed.xml,feed,20140109195623,yes
/drugs-for-drunks-6-cassettes-2/,/drugs-for-drunks-6-cassettes-2-f1eeb1/index.html,post,20110718230638,yes
/drugs-for-drunks-6-cassettes/,/drugs-for-drunks-6-cassettes-2ed267/index.html,post,20131126111049,yes
/drugs-for-drunks-6-cassettes/feed/,/feeds/drugs-for-drunks-6-cassettes-2ed267/feed.xml,feed,20140110213452,yes
/drumcorps/,/drumcorps-551824/index.html,post,20131126090101,yes
/drumcorps/feed/,/feeds/drumcorps-551824/feed.xml,feed,20140109192542,yes
/dstvv/,/dstvv-cb58ba/index.html,post,20131126082823,yes
/dstvv/feed/,/feeds/dstvv-cb58ba/feed.xml,feed,20140109182528,yes
/dum-dum-girls-coverea-a-the-smiths-2/,/dum-dum-girls-coverea-a-the-smiths-2-38257c/index.html,post,20110718223513,yes
/dum-dum-girls-coverea-a-the-smiths/,/dum-dum-girls-coverea-a-the-smiths-4c505f/index.html,post,20131126110100,yes
/dum-dum-girls-coverea-a-the-smiths/feed/,/feeds/dum-dum-girls-coverea-a-the-smiths-4c505f/feed.xml,feed,20140110212540,yes
/ecstasy-motherfuckers/,/ecstasy-motherfuckers-8f34ff/index.html,post,20131126121942,yes
/ecstasy-motherfuckers/feed/,/feeds/ecstasy-motherfuckers-8f34ff/feed.xml,feed,20140110220904,yes
/edges-of-vortex/,/edges-of-vortex-5b7f49/index.html,post,20131126084346,yes
/edges-of-vortex/feed/,/feeds/edges-of-vortex-5b7f49/feed.xml,feed,20140109194315,yes
/egyptian-wrinkle/,/egyptian-wrinkle-e34a43/index.html,post,20131126095852,yes
/egyptian-wrinkle/feed/,/feeds/egyptian-wrinkle-e34a43/feed.xml,feed,20140109200912,yes
/egyptrixx-start-from-the-beginning-2/,/egyptrixx-start-from-the-beginning-2-38183f/index.html,post,20110718223518,yes
/egyptrixx-start-from-the-beginning/,/egyptrixx-start-from-the-beginning-09cc73/index.html,post,20131126110145,yes
/egyptrixx-start-from-the-beginning/feed/,/feeds/egyptrixx-start-from-the-beginning-09cc73/feed.xml,feed,20140110212232,yes
/el-trance-de-la-tia-nunia/,/el-trance-de-la-tia-nunia-e96865/index.html,post,20131126095305,yes
/el-trance-de-la-tia-nunia/feed/,/feeds/el-trance-de-la-tia-nunia-e96865/feed.xml,feed,20140109201024,yes
/electric-set-everything-in-your-power-mal009/,/electric-set-everything-in-your-power-mal009-c4c1ab/index.html,post,20131126083415,yes
/electric-set-everything-in-your-power-mal009/feed/,/feeds/electric-set-everything-in-your-power-mal009-c4c1ab/feed.xml,feed,20140109183759,yes
/elite-gymnastics-lifetrap/,/elite-gymnastics-lifetrap-5f1d64/index.html,post,20131126084439,yes
/elite-gymnastics-lifetrap/feed/,/feeds/elite-gymnastics-lifetrap-5f1d64/feed.xml,feed,20140109195144,yes
/elite-gymnastics/,/elite-gymnastics-27149d/index.html,post,20131126102150,yes
/elite-gymnastics/feed/,/feeds/elite-gymnastics-27149d/feed.xml,feed,20140110193649,yes
/ella-y-el-muerto/,/ella-y-el-muerto-22ae7a/index.html,post,20131126092059,yes
/ella-y-el-muerto/feed/,/feeds/ella-y-el-muerto-22ae7a/feed.xml,feed,20140109191912,yes
/emotional-physical/,/emotional-physical-a39431/index.html,post,20131126085107,yes
/emotional-physical/feed/,/feeds/emotional-physical-a39431/feed.xml,feed,20140109195245,yes
/ener-y-deci/,/ener-y-deci-6eefd7/index.html,post,20131126113139,yes
/ener-y-deci/feed/,/feeds/ener-y-deci-6eefd7/feed.xml,feed,20140110214255,yes
/entrevista-bl%C2%A7%C2%A7d-%C3%B8u%E2%80%A0-2/,/entrevista-bl-d-øu-2-4fbfca/index.html,post,20110718225314,yes
/entrevista-blissed-out/,/entrevista-blissed-out-208356/index.html,post,20131126125718,yes
/entrevista-blissed-out/feed/,/feeds/entrevista-blissed-out-208356/feed.xml,feed,20140110220329,yes
/entrevista-con-jewels-of-the-nile-mp3s-2/,/entrevista-con-jewels-of-the-nile-mp3s-2-9add25/index.html,post,20110718231000,yes
/entrevista-con-jewels-of-the-nile-mp3s/,/entrevista-con-jewels-of-the-nile-mp3s-20e5c3/index.html,post,20131126113459,yes
/entrevista-con-jewels-of-the-nile-mp3s/feed/,/feeds/entrevista-con-jewels-of-the-nile-mp3s-20e5c3/feed.xml,feed,20140110214622,yes
/entrevista-grimes-deon-parte-1-2/,/entrevista-grimes-deon-parte-1-2-16ecaa/index.html,post,20131126122216,yes
/entrevista-grimes-deon-parte-1-2/feed/,/feeds/entrevista-grimes-deon-parte-1-2-16ecaa/feed.xml,feed,20140110214418,yes
/entrevista-grimes-deon-parte-2-2/,/entrevista-grimes-deon-parte-2-2-77d2b8/index.html,post,20131126102934,yes
/entrevista-grimes-deon-parte-2-2/feed/,/feeds/entrevista-grimes-deon-parte-2-2-77d2b8/feed.xml,feed,20140110213906,yes
/entrevista-nicolas/,/entrevista-nicolas-a22c58/index.html,post,20131126082840,yes
/entrevista-nicolas/feed/,/feeds/entrevista-nicolas-a22c58/feed.xml,feed,20140109185509,yes
/ep-n/,/ep-n-874bec/index.html,post,20131126100932,yes
/ep-n/feed/,/feeds/ep-n-874bec/feed.xml,feed,20140109195746,yes
/estrategias-exitosas-de-estilos-de-vida-para-el-fin-del-mundo/,/estrategias-exitosas-de-estilos-de-vida-para-el-fin-del-mundo-0fd68f/index.html,post,20131126084307,yes
/estrategias-exitosas-de-estilos-de-vida-para-el-fin-del-mundo/feed/,/feeds/estrategias-exitosas-de-estilos-de-vida-para-el-fin-del-mundo-0fd68f/feed.xml,feed,20140109183853,yes
/eternity-zone/,/eternity-zone-2b7919/index.html,post,20131126094035,yes
/eternity-zone/feed/,/feeds/eternity-zone-2b7919/feed.xml,feed,20140109204109,yes
/eva-cherie/,/eva-cherie-c478ca/index.html,post,20131126084412,yes
/eva-cherie/feed/,/feeds/eva-cherie-c478ca/feed.xml,feed,20140109182606,yes
/everyone-not-everyone/,/everyone-not-everyone-804053/index.html,post,20131126082519,yes
/everyone-not-everyone/feed/,/feeds/everyone-not-everyone-804053/feed.xml,feed,20140109182438,yes
/everything-demo-ep/,/everything-demo-ep-908815/index.html,post,20131126112926,yes
/everything-demo-ep/feed/,/feeds/everything-demo-ep-908815/feed.xml,feed,20140110220857,yes
/everything-is-embarrassing-twin-shadow-remix/,/everything-is-embarrassing-twin-shadow-remix-2b120d/index.html,post,20131126091908,yes
/everything-is-embarrassing-twin-shadow-remix/feed/,/feeds/everything-is-embarrassing-twin-shadow-remix-2b120d/feed.xml,feed,20140109193300,yes
/everything-is-embarrassing-video/,/everything-is-embarrassing-video-77b017/index.html,post,20131126084125,yes
/everything-is-embarrassing-video/feed/,/feeds/everything-is-embarrassing-video-77b017/feed.xml,feed,20140109193426,yes
/evian-christ-no-experiences/,/evian-christ-no-experiences-3fea79/index.html,post,20131126083001,yes
/evian-christ-no-experiences/feed/,/feeds/evian-christ-no-experiences-3fea79/feed.xml,feed,20140109184719,no
/eww/,/eww-b00a09/index.html,post,20131126091647,yes
/eww/feed/,/feeds/eww-b00a09/feed.xml,feed,20140109194428,yes
/exo-game/,/exo-game-48a9eb/index.html,post,20131126084248,yes
/exo-game/feed/,/feeds/exo-game-48a9eb/feed.xml,feed,20140109182653,yes
/exo/,/exo-f54264/index.html,post,20131126084542,yes
/exo/feed/,/feeds/exo-f54264/feed.xml,feed,20140109193347,yes
/ez-does-it/,/ez-does-it-06c030/index.html,post,20131126092048,yes
/ez-does-it/feed/,/feeds/ez-does-it-06c030/feed.xml,feed,20140109192249,no
/f-m-sushi/,/f-m-sushi-d981c0/index.html,post,20131126084337,yes
/f-m-sushi/feed/,/feeds/f-m-sushi-d981c0/feed.xml,feed,20140109192143,yes
/facebook-suicide-watch-2/,/facebook-suicide-watch-2-e4f61b/index.html,post,20131126104532,yes
/facebook-suicide-watch-2/feed/,/feeds/facebook-suicide-watch-2-e4f61b/feed.xml,feed,20140110212638,yes
/fam-lay-look-into-my-eyes-lilinternet-killam-ave-remix/,/fam-lay-look-into-my-eyes-lilinternet-killam-ave-remix-81962e/index.html,post,20131126084747,yes
/fam-lay-look-into-my-eyes-lilinternet-killam-ave-remix/feed/,/feeds/fam-lay-look-into-my-eyes-lilinternet-killam-ave-remix-81962e/feed.xml,feed,20140109194557,yes
/fan-art-bedroom/,/fan-art-bedroom-4c20b5/index.html,post,20131126112824,yes
/fan-art-bedroom/feed/,/feeds/fan-art-bedroom-4c20b5/feed.xml,feed,20140110212238,yes
/fantorama-drama-plus/,/fantorama-drama-plus-4e0d7f/index.html,post,20131126113330,yes
/fantorama-drama-plus/feed/,/feeds/fantorama-drama-plus-4e0d7f/feed.xml,feed,20140110220137,yes
/fart-face-mix/,/fart-face-mix-511227/index.html,post,20131126084159,yes
/fart-face-mix/feed/,/feeds/fart-face-mix-511227/feed.xml,feed,20140109182111,yes
/fatima-al-qadiri-desert-strike-ep/,/fatima-al-qadiri-desert-strike-ep-fd0fab/index.html,post,20131126083023,yes
/fatima-al-qadiri-desert-strike-ep/feed/,/feeds/fatima-al-qadiri-desert-strike-ep-fd0fab/feed.xml,feed,20140109190433,yes
/fatima-al-qadiri-how-can-i-resist-u/,/fatima-al-qadiri-how-can-i-resist-u-7d5f31/index.html,post,20131126085620,yes
/fatima-al-qadiri-how-can-i-resist-u/feed/,/feeds/fatima-al-qadiri-how-can-i-resist-u-7d5f31/feed.xml,feed,20140109195012,yes
/fatima-al-qadiri-vatican-vibes/,/fatima-al-qadiri-vatican-vibes-64b3b8/index.html,post,20131126101515,yes
/fatima-al-qadiri-vatican-vibes/feed/,/feeds/fatima-al-qadiri-vatican-vibes-64b3b8/feed.xml,feed,20140110211523,yes
/fauna-negative-youth-mix-2013-1/,/fauna-negative-youth-mix-2013-1-4d6dcd/index.html,post,20131126084719,yes
/fauna-negative-youth-mix-2013-1/feed/,/feeds/fauna-negative-youth-mix-2013-1-4d6dcd/feed.xml,feed,20140109192719,yes
/fauna/,/fauna-2fd59c/index.html,post,20131126082701,yes
/fauna/feed/,/feeds/fauna-2fd59c/feed.xml,feed,20140109184915,yes
/favicon.ico,/favicon.ico,image,20130113201903,yes
/feathers/,/feathers-e7cac3/index.html,post,20131126093721,yes
/feathers/feed/,/feeds/feathers-e7cac3/feed.xml,feed,20140109203414,yes
/featureless-ghost/,/featureless-ghost-48fec2/index.html,post,20131126084245,yes
/featureless-ghost/feed/,/feeds/featureless-ghost-48fec2/feed.xml,feed,20140109182308,yes
/feed/,/feeds/index-d0b915/feed.xml,feed,20110517221747,yes
/feel-so-real/,/feel-so-real-57480a/index.html,post,20131126082911,yes
/feel-so-real/feed/,/feeds/feel-so-real-57480a/feed.xml,feed,20140109183528,yes
/feelings/,/feelings-bde113/index.html,post,20131126093504,yes
/feelings/feed/,/feeds/feelings-bde113/feed.xml,feed,20140109202615,yes
/festival-nrmal-2011-2/,/festival-nrmal-2011-2-1e1f0d/index.html,post,20110718224105,yes
/festival-nrmal-2011/,/festival-nrmal-2011-69a950/index.html,post,20131126105908,yes
/festival-nrmal-2011/feed/,/feeds/festival-nrmal-2011-69a950/feed.xml,feed,20140110213218,yes
/festival-nrmal-2012/,/festival-nrmal-2012-79af10/index.html,post,20131126125949,yes
/festival-nrmal-2012/feed/,/feeds/festival-nrmal-2012-79af10/feed.xml,feed,20140110220459,yes
/festival-revolver-2da-edicion/,/festival-revolver-2da-edicion-8ead59/index.html,post,20131126101033,yes
/festival-revolver-2da-edicion/feed/,/feeds/festival-revolver-2da-edicion-8ead59/feed.xml,feed,20140109202938,yes
/fever-ray-the-wolf-2/,/fever-ray-the-wolf-2-593ac8/index.html,post,20131126085327,yes
/fever-ray-the-wolf-2/feed/,/feeds/fever-ray-the-wolf-2-593ac8/feed.xml,feed,20140109190636,yes
/ff-pictureplane/,/ff-pictureplane-ef327d/index.html,post,20131126104706,yes
/ff-pictureplane/feed/,/feeds/ff-pictureplane-ef327d/feed.xml,feed,20140110212451,yes
/fiebre-rey-2/,/fiebre-rey-2-62f3de/index.html,post,20131126085848,yes
/fiebre-rey-2/feed/,/feeds/fiebre-rey-2-62f3de/feed.xml,feed,20140109194847,yes
/fifty-grand-exceptional/,/fifty-grand-exceptional-baa65e/index.html,post,20131126085252,yes
/fifty-grand-exceptional/feed/,/feeds/fifty-grand-exceptional-baa65e/feed.xml,feed,20140109192652,yes
/fifty-grand/,/fifty-grand-a0f9fd/index.html,post,20131126084303,yes
/fifty-grand/feed/,/feeds/fifty-grand-a0f9fd/feed.xml,feed,20140109184628,yes
/fin-de-ano-mixtape-2010-2/,/fin-de-ano-mixtape-2010-2-d4866b/index.html,post,20110718224748,yes
/fin-de-ano-mixtape-2010/,/fin-de-ano-mixtape-2010-3cd748/index.html,post,20131126122333,yes
/fin-de-ano-mixtape-2010/feed/,/feeds/fin-de-ano-mixtape-2010-3cd748/feed.xml,feed,20140110221455,yes
/finally-boys/,/finally-boys-2e00ca/index.html,post,20131126102410,yes
/first-prom/,/first-prom-6d8d66/index.html,post,20131126095609,yes
/first-prom/feed/,/feeds/first-prom-6d8d66/feed.xml,feed,20140109204302,yes
/flosstradamus-total-recall/,/flosstradamus-total-recall-8cc418/index.html,post,20131126101334,yes
/flosstradamus-total-recall/feed/,/feeds/flosstradamus-total-recall-8cc418/feed.xml,feed,20140109200927,yes
/forever-ballin/,/forever-ballin-fb54dc/index.html,post,20131126084104,yes
/forever-ballin/feed/,/feeds/forever-ballin-fb54dc/feed.xml,feed,20140109182853,yes
/fostercare-altered-creature/,/fostercare-altered-creature-78f387/index.html,post,20131126094858,yes
/fostercare-altered-creature/feed/,/feeds/fostercare-altered-creature-78f387/feed.xml,feed,20140109202311,yes
/fostercare-b-sides/,/fostercare-b-sides-410451/index.html,post,20131126100834,yes
/fostercare-b-sides/feed/,/feeds/fostercare-b-sides-410451/feed.xml,feed,20140109200658,yes
/fostercare-long-clothing-mixtape/,/fostercare-long-clothing-mixtape-4eef31/index.html,post,20131126094817,yes
/fostercare-long-clothing-mixtape/feed/,/feeds/fostercare-long-clothing-mixtape-4eef31/feed.xml,feed,20140109201543,yes
/fostercare-remixes-01/,/fostercare-remixes-01-a8ffd9/index.html,post,20131126093734,yes
/fostercare-remixes-01/feed/,/feeds/fostercare-remixes-01-a8ffd9/feed.xml,feed,20140109195805,yes
/fostercare-sleepless/,/fostercare-sleepless-28de52/index.html,post,20131126122017,yes
/fostercare-sleepless/feed/,/feeds/fostercare-sleepless-28de52/feed.xml,feed,20140110220908,yes
/fostercare-sunfreeze-blown-out-refix-2/,/fostercare-sunfreeze-blown-out-refix-2-a7c2c5/index.html,post,20110718223538,yes
/fostercare-sunfreeze-blown-out-refix/,/fostercare-sunfreeze-blown-out-refix-c11255/index.html,post,20131126110949,yes
/fostercare-sunfreeze-blown-out-refix/feed/,/feeds/fostercare-sunfreeze-blown-out-refix-c11255/feed.xml,feed,20140110213720,yes
/fostercare-the-empire-will-drain-u/,/fostercare-the-empire-will-drain-u-1a827e/index.html,post,20131126121926,yes
/fostercare-the-empire-will-drain-u/feed/,/feeds/fostercare-the-empire-will-drain-u-1a827e/feed.xml,feed,20140110220920,yes
/fotos-big-magick-hustlas-2/,/fotos-big-magick-hustlas-2-b2c5c9/index.html,post,20131126104603,yes
/fotos-big-magick-hustlas-2/feed/,/feeds/fotos-big-magick-hustlas-2-b2c5c9/feed.xml,feed,20140110212651,yes
/fotos-gatekeeper-irhell-2/,/fotos-gatekeeper-irhell-2-6ca5ca/index.html,post,20131126094622,yes
/fotos-gatekeeper-irhell-2/feed/,/feeds/fotos-gatekeeper-irhell-2-6ca5ca/feed.xml,feed,20140109202418,yes
/fotos-negative-%E2%80%A0-babes-2/,/fotos-negative-babes-2-fab7d5/index.html,post,20131126125607,yes
/fotos-negative-%E2%80%A0-babes-2/feed/,/feeds/fotos-negative-babes-2-fab7d5/feed.xml,feed,20140911101112,yes
/fotos-negative-%E2%80%A0-youth-2/,/fotos-negative-youth-2-e6760a/index.html,post,20131126120148,yes
/fotos-negative-%E2%80%A0-youth-2/feed/,/feeds/fotos-negative-youth-2-e6760a/feed.xml,feed,20140110214141,yes
/fotos-nrmal-2013/,/fotos-nrmal-2013-2ecfc3/index.html,post,20131126092000,yes
/fotos-nrmal-2013/feed/,/feeds/fotos-nrmal-2013-2ecfc3/feed.xml,feed,20140109192427,yes
/freak-out-2/,/freak-out-2-b3eb6d/index.html,post,20131126110713,yes
/freak-out/,/freak-out-ec1660/index.html,post,20131126104543,yes
/freak-out/feed/,/feeds/freak-out-ec1660/feed.xml,feed,20140110213557,yes
/freeblissedout-2/,/freeblissedout-2-2fdb69/index.html,post,20131126094720,yes
/freeblissedout-2/feed/,/feeds/freeblissedout-2-2fdb69/feed.xml,feed,20140109204325,yes
/fri-13th-mix/,/fri-13th-mix-41dc75/index.html,post,20131126082623,yes
/fri-13th-mix/feed/,/feeds/fri-13th-mix-41dc75/feed.xml,feed,20140109183319,yes
/full-hearts/,/full-hearts-a83c8c/index.html,post,20131126082716,yes
/full-hearts/feed/,/feeds/full-hearts-a83c8c/feed.xml,feed,20140109190123,yes
/full-of-fire/,/full-of-fire-7e9430/index.html,post,20131126084446,yes
/full-of-fire/feed/,/feeds/full-of-fire-7e9430/feed.xml,feed,20140109182732,yes
/funerals-marae/,/funerals-marae-9c276a/index.html,post,20131126085703,yes
/funerals-marae/feed/,/feeds/funerals-marae-9c276a/feed.xml,feed,20140109194457,yes
/futuro-tropical-2/,/futuro-tropical-2-eb8dcf/index.html,post,20131126102332,yes
/futuro-tropical-2/feed/,/feeds/futuro-tropical-2-eb8dcf/feed.xml,feed,20140110203644,yes
/games-strawberry-skies-feat-laurel-halo-2/,/games-strawberry-skies-feat-laurel-halo-2-2345bb/index.html,post,20110718231015,yes
/games-strawberry-skies-feat-laurel-halo/,/games-strawberry-skies-feat-laurel-halo-7d9da6/index.html,post,20131126091751,yes
/games-strawberry-skies-feat-laurel-halo/feed/,/feeds/games-strawberry-skies-feat-laurel-halo-7d9da6/feed.xml,feed,20140109194045,yes
/gang-gang-dance-glass-jar-2/,/gang-gang-dance-glass-jar-2-258156/index.html,post,20131126112622,yes
/gang-gang-dance-glass-jar-2/feed/,/feeds/gang-gang-dance-glass-jar-2-258156/feed.xml,feed,20140110213525,yes
/gary-war-born-of-the-light/,/gary-war-born-of-the-light-32ed4a/index.html,post,20131126100537,yes
/gary-war-born-of-the-light/feed/,/feeds/gary-war-born-of-the-light-32ed4a/feed.xml,feed,20140109200625,yes
/gauntlet-hair-top-bunk/,/gauntlet-hair-top-bunk-657924/index.html,post,20131126095909,yes
/gauntlet-hair-top-bunk/feed/,/feeds/gauntlet-hair-top-bunk-657924/feed.xml,feed,20140109203338,no
/genesis/,/genesis-557120/index.html,post,20131126092009,yes
/genesis/feed/,/feeds/genesis-557120/feed.xml,feed,20140109193622,yes
/geneva-jacuzzi-bad-moods-2/,/geneva-jacuzzi-bad-moods-2-8f86b8/index.html,post,20110718222624,yes
/geneva-jacuzzi-bad-moods/,/geneva-jacuzzi-bad-moods-aca5fe/index.html,post,20131126094044,yes
/geneva-jacuzzi-bad-moods/feed/,/feeds/geneva-jacuzzi-bad-moods-aca5fe/feed.xml,feed,20140109200240,yes
/geneva-jacuzzi-do-i-sad/,/geneva-jacuzzi-do-i-sad-77e3fb/index.html,post,20131126125525,yes
/geneva-jacuzzi-do-i-sad/feed/,/feeds/geneva-jacuzzi-do-i-sad-77e3fb/feed.xml,feed,20140110222135,yes
/gesaffelstein-pursuit/,/gesaffelstein-pursuit-ce4a3c/index.html,post,20131126095056,yes
/gesaffelstein-pursuit/feed/,/feeds/gesaffelstein-pursuit-ce4a3c/feed.xml,feed,20140109203330,yes
/ghost-raid/,/ghost-raid-b3e778/index.html,post,20131126084705,yes
/ghost-raid/feed/,/feeds/ghost-raid-b3e778/feed.xml,feed,20140109192641,yes
/gif-mashup-2/,/gif-mashup-2-ef206e/index.html,post,20110718224121,yes
/gif-mashup/,/gif-mashup-40be17/index.html,post,20131126100427,yes
/gif-mashup/feed/,/feeds/gif-mashup-40be17/feed.xml,feed,20140109195836,yes
/gimme-gimme-gimme/,/gimme-gimme-gimme-1fa444/index.html,post,20131126121906,yes
/gimme-gimme-gimme/feed/,/feeds/gimme-gimme-gimme-1fa444/feed.xml,feed,20140110220901,yes
/giza-gatekeeper-thunder-horse-2/,/giza-gatekeeper-thunder-horse-2-2afede/index.html,post,20131126094216,yes
/giza-gatekeeper-thunder-horse-2/feed/,/feeds/giza-gatekeeper-thunder-horse-2-2afede/feed.xml,feed,20140109201118,yes
/glass-popcorn-2011-2012-entrevista/,/glass-popcorn-2011-2012-entrevista-98e534/index.html,post,20131126085325,yes
/glass-popcorn-2011-2012-entrevista/feed/,/feeds/glass-popcorn-2011-2012-entrevista-98e534/feed.xml,feed,20140109194832,yes
/glass-popcorn-goin-hamburger/,/glass-popcorn-goin-hamburger-fd8624/index.html,post,20131126095656,yes
/glass-popcorn-goin-hamburger/feed/,/feeds/glass-popcorn-goin-hamburger-fd8624/feed.xml,feed,20140109203527,yes
/glass-popcorn-twitter-bxtches/,/glass-popcorn-twitter-bxtches-3faa00/index.html,post,20131126094301,yes
/glass-popcorn-twitter-bxtches/feed/,/feeds/glass-popcorn-twitter-bxtches-3faa00/feed.xml,feed,20140109203631,yes
/glass-popcorn-vs-rebecca-black-2/,/glass-popcorn-vs-rebecca-black-2-5d7a98/index.html,post,20110718225331,yes
/glass-teeth-x-funerals/,/glass-teeth-x-funerals-ff8f8c/index.html,post,20131126090326,yes
/glass-teeth-x-funerals/feed/,/feeds/glass-teeth-x-funerals-ff8f8c/feed.xml,feed,20140109195042,yes
/glossata/,/glossata-e9ed9f/index.html,post,20131126100836,yes
/glossata/feed/,/feeds/glossata-e9ed9f/feed.xml,feed,20140109203915,yes
/gn-ep/,/gn-ep-daa12c/index.html,post,20131126102533,yes
/gn-ep/feed/,/feeds/gn-ep-daa12c/feed.xml,feed,20140110203550,yes
/god-created-the-beat/,/god-created-the-beat-946592/index.html,post,20131126084209,yes
/god-created-the-beat/feed/,/feeds/god-created-the-beat-946592/feed.xml,feed,20140109185607,yes
/good-amount-orange-pack-glass-popcorn-remix/,/good-amount-orange-pack-glass-popcorn-remix-173e96/index.html,post,20131126110422,yes
/good-amount-orange-pack-glass-popcorn-remix/feed/,/feeds/good-amount-orange-pack-glass-popcorn-remix-173e96/feed.xml,feed,20140110212430,yes
/grimes-2/,/grimes-2-f0f3ed/index.html,post,20131126110352,yes
/grimes-2/feed/,/feeds/grimes-2-f0f3ed/feed.xml,feed,20140110213751,yes
/grimes-genesis/,/grimes-genesis-ebd01d/index.html,post,20131126122450,yes
/grimes-genesis/feed/,/feeds/grimes-genesis-ebd01d/feed.xml,feed,20140110220334,yes
/grimes-nightmusic/,/grimes-nightmusic-c842b1/index.html,post,20131126100911,yes
/grimes-nightmusic/feed/,/feeds/grimes-nightmusic-c842b1/feed.xml,feed,20140109201933,yes
/grimes-oblivion/,/grimes-oblivion-efe86a/index.html,post,20131126110806,yes
/grimes-oblivion/feed/,/feeds/grimes-oblivion-efe86a/feed.xml,feed,20140110213435,yes
/grimes-vanessa-2/,/grimes-vanessa-2-fbdd42/index.html,post,20131126093602,yes
/grimes-vanessa-2/feed/,/feeds/grimes-vanessa-2-fbdd42/feed.xml,feed,20140109200228,yes
/gsx-remixes/,/gsx-remixes-b404e6/index.html,post,20131126092139,yes
/gsx-remixes/feed/,/feeds/gsx-remixes-b404e6/feed.xml,feed,20140109192734,yes
/gucci-guilty-2/,/gucci-guilty-2-780343/index.html,post,20110718223548,yes
/guess-tiesto-nyt-lyf-collection/,/guess-tiesto-nyt-lyf-collection-2fb791/index.html,post,20131126100854,yes
/guess-tiesto-nyt-lyf-collection/feed/,/feeds/guess-tiesto-nyt-lyf-collection-2fb791/feed.xml,feed,20140109202623,yes
/guia-ny-a-nrmal-2013/,/guia-ny-a-nrmal-2013-8810d3/index.html,post,20131126102513,yes
/guia-ny-a-nrmal-2013/feed/,/feeds/guia-ny-a-nrmal-2013-8810d3/feed.xml,feed,20140110202832,yes
/gun/,/gun-004f56/index.html,post,20131126084503,yes
/gun/feed/,/feeds/gun-004f56/feed.xml,feed,20140109184601,yes
/gvcci-hvcci-coyote-gang-2/,/gvcci-hvcci-coyote-gang-2-cfcb8e/index.html,post,20131126090433,yes
/gvcci-hvcci-coyote-gang-2/feed/,/feeds/gvcci-hvcci-coyote-gang-2-cfcb8e/feed.xml,feed,20140109194600,yes
/gvcci-hvcci-crack-the-whip/,/gvcci-hvcci-crack-the-whip-4d79a5/index.html,post,20131126102055,yes
/gvcci-hvcci-crack-the-whip/feed/,/feeds/gvcci-hvcci-crack-the-whip-4d79a5/feed.xml,feed,20140110211236,yes
/h%E2%80%A2a%E2%80%A2m-2/,/h-a-m-2-4208cd/index.html,post,20110718224753,yes
/haleek-maul-88/,/haleek-maul-88-010069/index.html,post,20131126082544,yes
/haleek-maul-88/feed/,/feeds/haleek-maul-88-010069/feed.xml,feed,20140109184405,yes
/haleek-maul-supreme-cuts/,/haleek-maul-supreme-cuts-56667b/index.html,post,20131126083002,yes
/haleek-maul-supreme-cuts/feed/,/feeds/haleek-maul-supreme-cuts-56667b/feed.xml,feed,20140109182524,yes
/haleek-maul/,/haleek-maul-b99869/index.html,post,20131126082526,yes
/haleek-maul/feed/,/feeds/haleek-maul-b99869/feed.xml,feed,20140109185650,yes
/ham/,/ham-5b95eb/index.html,post,20131126110858,yes
/ham/feed/,/feeds/ham-5b95eb/feed.xml,feed,20140110212245,yes
/hard-as-a-motherfucker-2/,/hard-as-a-motherfucker-2-f8ffd9/index.html,post,20110718223556,yes
/hard-as-a-motherfucker/,/hard-as-a-motherfucker-fd86ae/index.html,post,20131126112901,yes
/hard-as-a-motherfucker/feed/,/feeds/hard-as-a-motherfucker-fd86ae/feed.xml,feed,20140110212453,yes
/hard-destiny-live-mixtape/,/hard-destiny-live-mixtape-ae66f4/index.html,post,20131126112914,yes
/hard-destiny-live-mixtape/feed/,/feeds/hard-destiny-live-mixtape-ae66f4/feed.xml,feed,20140110212442,yes
/hd-boyz-torrent-leak/,/hd-boyz-torrent-leak-a81727/index.html,post,20131126121856,yes
/hd-boyz-torrent-leak/feed/,/feeds/hd-boyz-torrent-leak-a81727/feed.xml,feed,20140110214822,yes
/hd-boyz-unzip/,/hd-boyz-unzip-1927d8/index.html,post,20131126094615,yes
/hd-boyz-unzip/feed/,/feeds/hd-boyz-unzip-1927d8/feed.xml,feed,20140109203711,yes
/hdxd-demoticon-mal010/,/hdxd-demoticon-mal010-76dd86/index.html,post,20131126084406,yes
/hdxd-demoticon-mal010/feed/,/feeds/hdxd-demoticon-mal010-76dd86/feed.xml,feed,20140109195107,yes
/health-australia-2/,/health-australia-2-375eb4/index.html,post,20110718225938,yes
/health-australia/,/health-australia-c3d870/index.html,post,20131126120127,yes
/health-australia/feed/,/feeds/health-australia-c3d870/feed.xml,feed,20140110215929,yes
/health-en-mexico-2/,/health-en-mexico-2-1fcf13/index.html,post,20131126102350,yes
/health-en-mexico-2/feed/,/feeds/health-en-mexico-2-1fcf13/feed.xml,feed,20140110191718,yes
/health-goth-star-pictureplane-cover/,/health-goth-star-pictureplane-cover-6479f3/index.html,post,20131126110735,yes
/health-goth-star-pictureplane-cover/feed/,/feeds/health-goth-star-pictureplane-cover-6479f3/feed.xml,feed,20140110212242,yes
/health-tears-video/,/health-tears-video-77b830/index.html,post,20131126085333,yes
/health-tears-video/feed/,/feeds/health-tears-video-77b830/feed.xml,feed,20140109191831,yes
/health-tears/,/health-tears-c2ebc8/index.html,post,20131126084157,yes
/health-tears/feed/,/feeds/health-tears-c2ebc8/feed.xml,feed,20140109192714,yes
/heat/,/heat-c7473f/index.html,post,20131126091950,yes
/heat/feed/,/feeds/heat-c7473f/feed.xml,feed,20140109192813,yes
/heaven/,/heaven-2dff27/index.html,post,20131126085839,yes
/heaven/feed/,/feeds/heaven-2dff27/feed.xml,feed,20140109193046,yes
/held-tim-hecker-remix/,/held-tim-hecker-remix-380fe1/index.html,post,20131126090357,yes
/held-tim-hecker-remix/feed/,/feeds/held-tim-hecker-remix-380fe1/feed.xml,feed,20140109194609,yes
/hideous-men-sirens-2/,/hideous-men-sirens-2-d6f7e1/index.html,post,20131126113148,yes
/hideous-men-sirens-2/feed/,/feeds/hideous-men-sirens-2-d6f7e1/feed.xml,feed,20140110213043,yes
/high-places-sophia/,/high-places-sophia-d46315/index.html,post,20131126121803,yes
/high-places-sophia/feed/,/feeds/high-places-sophia-d46315/feed.xml,feed,20140110215718,yes
/high-places-year-off/,/high-places-year-off-8204c4/index.html,post,20131126112817,yes
/high-places-year-off/feed/,/feeds/high-places-year-off-8204c4/feed.xml,feed,20140110215820,yes
/hmmmmmmexico/,/hmmmmmmexico-d584d4/index.html,post,20131126084657,yes
/hmmmmmmexico/feed/,/feeds/hmmmmmmexico-d584d4/feed.xml,feed,20140109194742,yes
/hola-2011/,/hola-2011-e4fe0d/index.html,post,20131126100742,yes
/hola-2011/feed/,/feeds/hola-2011-e4fe0d/feed.xml,feed,20140109204529,yes
/hold-it-against-me-2/,/hold-it-against-me-2-536c8a/index.html,post,20110718223601,yes
/hold-it-against-me-nike7up-help-i%E2%80%99m-trapped-in-a-body-remix-2/,/hold-it-against-me-nike7up-help-i-m-trapped-in-a-body-remix-2-255fbf/index.html,post,20110718230705,yes
/hold-it-against-me-nike7up-help-i%E2%80%99m-trapped-in-a-body-remix/,/hold-it-against-me-nike7up-help-i-m-trapped-in-a-body-remix-1e0840/index.html,post,20131126110908,yes
/hold-it-against-me-nike7up-help-i%E2%80%99m-trapped-in-a-body-remix/feed/,/feeds/hold-it-against-me-nike7up-help-i-m-trapped-in-a-body-remix-1e0840/feed.xml,feed,20140111005508,yes
/hold-it-against-me/,/hold-it-against-me-00e435/index.html,post,20131126102203,yes
/hold-it-against-me/feed/,/feeds/hold-it-against-me-00e435/feed.xml,feed,20140110200121,yes
/hollagramz-galactic-leash-ep/,/hollagramz-galactic-leash-ep-f7a0cd/index.html,post,20131126092433,yes
/hollagramz-galactic-leash-ep/feed/,/feeds/hollagramz-galactic-leash-ep-f7a0cd/feed.xml,feed,20140109193400,yes
/hollagramz-vs-blissed-out/,/hollagramz-vs-blissed-out-3935dc/index.html,post,20131126125729,yes
/hollagramz-vs-blissed-out/feed/,/feeds/hollagramz-vs-blissed-out-3935dc/feed.xml,feed,20140110220951,yes
/holograms/,/holograms-1554eb/index.html,post,20131126090055,yes
/holograms/feed/,/feeds/holograms-1554eb/feed.xml,feed,20140109191516,yes
/holy-other-held/,/holy-other-held-2542a7/index.html,post,20131126084040,yes
/holy-other-held/feed/,/feeds/holy-other-held-2542a7/feed.xml,feed,20140109184134,yes
/holy-other-love-some1-teengirl-fantasy-remix-featuring-kelela/,/holy-other-love-some1-teengirl-fantasy-remix-featuring-kelela-8a11a5/index.html,post,20131126090422,yes
/holy-other-love-some1-teengirl-fantasy-remix-featuring-kelela/feed/,/feeds/holy-other-love-some1-teengirl-fantasy-remix-featuring-kelela-8a11a5/feed.xml,feed,20140109191252,no
/holy-other-touch-2/,/holy-other-touch-2-b65edb/index.html,post,20110718225949,yes
/holy-other-touch/,/holy-other-touch-0a2092/index.html,post,20131126102144,yes
/holy-other-touch/feed/,/feeds/holy-other-touch-0a2092/feed.xml,feed,20140110185507,yes
/horse-macgyver-en-vivo-en-un-coche-2/,/horse-macgyver-en-vivo-en-un-coche-2-a0eada/index.html,post,20131126121933,yes
/horse-macgyver-en-vivo-en-un-coche-2/feed/,/feeds/horse-macgyver-en-vivo-en-un-coche-2-a0eada/feed.xml,feed,20140110215726,yes
/house-of-comments/,/house-of-comments-19a632/index.html,post,20131126091700,yes
/house-of-comments/feed/,/feeds/house-of-comments-19a632/feed.xml,feed,20140109193711,yes
/house-of-ladosha-2/,/house-of-ladosha-2-66a197/index.html,post,20131126112842,yes
/house-of-ladosha-2/feed/,/feeds/house-of-ladosha-2-66a197/feed.xml,feed,20140110212357,yes
/house-of-ladosha-perched-rollin/,/house-of-ladosha-perched-rollin-e0f9fe/index.html,post,20131126105731,yes
/house-of-ladosha-perched-rollin/feed/,/feeds/house-of-ladosha-perched-rollin-e0f9fe/feed.xml,feed,20140110213237,yes
/house-of-ladosha-this-is-your-brain/,/house-of-ladosha-this-is-your-brain-e0302b/index.html,post,20131126110110,yes
/house-of-ladosha-this-is-your-brain/feed/,/feeds/house-of-ladosha-this-is-your-brain-e0302b/feed.xml,feed,20140110213102,yes
/how-to-dress-well-change-yourself/,/how-to-dress-well-change-yourself-86824b/index.html,post,20131126110938,yes
/how-to-dress-well-change-yourself/feed/,/feeds/how-to-dress-well-change-yourself-86824b/feed.xml,feed,20140110212513,yes
/httpe-m-bed-ded/,/httpe-m-bed-ded-b15cd1/index.html,post,20131126100534,yes
/httpe-m-bed-ded/feed/,/feeds/httpe-m-bed-ded-b15cd1/feed.xml,feed,20140109203042,yes
/hustling/,/hustling-5922bd/index.html,post,20131126104110,yes
/hustling/feed/,/feeds/hustling-5922bd/feed.xml,feed,20140110213017,yes
/hyper-reality/,/hyper-reality-105cc3/index.html,post,20131126090258,yes
/hyper-reality/feed/,/feeds/hyper-reality-105cc3/feed.xml,feed,20140109195233,yes
/hypermotion-xb/,/hypermotion-xb-ca1d8a/index.html,post,20131126105737,yes
/hypermotion-xb/feed/,/feeds/hypermotion-xb-ca1d8a/feed.xml,feed,20140110212834,yes
/i-come-with-knives/,/i-come-with-knives-cf311b/index.html,post,20131126084648,yes
/i-come-with-knives/feed/,/feeds/i-come-with-knives-cf311b/feed.xml,feed,20140109191709,yes
/icepunk-2-compilation/,/icepunk-2-compilation-eef3cc/index.html,post,20131126093714,yes
/icepunk-2-compilation/feed/,/feeds/icepunk-2-compilation-eef3cc/feed.xml,feed,20140109204126,no
/in-and-out/,/in-and-out-85cfdf/index.html,post,20131126084507,yes
/in-and-out/feed/,/feeds/in-and-out-85cfdf/feed.xml,feed,20140109183625,yes
/inc-the-place/,/inc-the-place-011889/index.html,post,20131126095225,yes
/inc-the-place/feed/,/feeds/inc-the-place-011889/feed.xml,feed,20140109200257,yes
/inca-gold-2/,/inca-gold-2-1bc706/index.html,post,20110718223606,yes
/indian-jewelry-see-forever/,/indian-jewelry-see-forever-86c301/index.html,post,20131126094132,yes
/indian-jewelry-see-forever/feed/,/feeds/indian-jewelry-see-forever-86c301/feed.xml,feed,20140109201643,yes
/innergaze/,/innergaze-43b690/index.html,post,20131126095739,yes
/innergaze/feed/,/feeds/innergaze-43b690/feed.xml,feed,20140109201738,yes
/innocentia-obscura/,/innocentia-obscura-0a84f7/index.html,post,20131126085711,yes
/innocentia-obscura/feed/,/feeds/innocentia-obscura-0a84f7/feed.xml,feed,20140109191319,yes
/ionika/,/ionika-0c13bb/index.html,post,20131126082639,yes
/ionika/feed/,/feeds/ionika-0c13bb/feed.xml,feed,20140109191454,yes
/ipc/,/ipc-ff7016/index.html,post,20131126094029,yes
/ipc/feed/,/feeds/ipc-ff7016/feed.xml,feed,20140109202545,yes
/irhell-2/,/irhell-2-2f7344/index.html,post,20131126125600,yes
/irhell-2/feed/,/feeds/irhell-2-2f7344/feed.xml,feed,20140110220924,yes
/irl/,/irl-14af9a/index.html,post,20131126101007,yes
/irl/feed/,/feeds/irl-14af9a/feed.xml,feed,20140109195858,yes
/it-was-u-doss-remix/,/it-was-u-doss-remix-d50292/index.html,post,20131126083034,yes
/it-was-u-doss-remix/feed/,/feeds/it-was-u-doss-remix-d50292/feed.xml,feed,20140109184216,yes
/its-dangerous-to-go-alone-take-this/,/its-dangerous-to-go-alone-take-this-8d63cc/index.html,post,20131126092042,yes
/its-dangerous-to-go-alone-take-this/feed/,/feeds/its-dangerous-to-go-alone-take-this-8d63cc/feed.xml,feed,20140109191820,yes
/jack-ie-lo-gimme_m%C2%A5_drug/,/jack-ie-lo-gimme_m-_drug-2d78ea/index.html,post,20131126090316,yes
/jack-ie-lo-gimme_m%C2%A5_drug/feed/,/feeds/jack-ie-lo-gimme_m-_drug-2d78ea/feed.xml,feed,20140109193112,yes
/jack-ie-lo-memorandum-colosio/,/jack-ie-lo-memorandum-colosio-70b638/index.html,post,20131126104210,yes
/jack-ie-lo-memorandum-colosio/feed/,/feeds/jack-ie-lo-memorandum-colosio-70b638/feed.xml,feed,20140111004945,yes
/james-ferraro-condom/,/james-ferraro-condom-d20a21/index.html,post,20131126090334,yes
/james-ferraro-condom/feed/,/feeds/james-ferraro-condom-d20a21/feed.xml,feed,20140109191018,yes
/james-ferraro-sushi/,/james-ferraro-sushi-89a27b/index.html,post,20131126082723,yes
/james-ferraro-sushi/feed/,/feeds/james-ferraro-sushi-89a27b/feed.xml,feed,20140109183822,yes
/jay-z-99-problems-the-prodigy-remix-2/,/jay-z-99-problems-the-prodigy-remix-2-e4a5df/index.html,post,20131126100518,yes
/jay-z-99-problems-the-prodigy-remix-2/feed/,/feeds/jay-z-99-problems-the-prodigy-remix-2-e4a5df/feed.xml,feed,20140109202458,yes
/jhene-aiko-stranger-nguzunguzu-rmx/,/jhene-aiko-stranger-nguzunguzu-rmx-7c49fc/index.html,post,20131126105254,yes
/jhene-aiko-stranger-nguzunguzu-rmx/feed/,/feeds/jhene-aiko-stranger-nguzunguzu-rmx-7c49fc/feed.xml,feed,20140110212902,yes
/jj-2/,/jj-2-6dca68/index.html,post,20110718225959,yes
/jj-brine/,/jj-brine-df7425/index.html,post,20131126090357,yes
/jj-brine/feed/,/feeds/jj-brine-df7425/feed.xml,feed,20140109191752,yes
/jj-kills-2/,/jj-kills-2-2f6bfb/index.html,post,20131126112845,yes
/jj-kills-2/feed/,/feeds/jj-kills-2-2f6bfb/feed.xml,feed,20140110212918,yes
/jj/,/jj-301d62/index.html,post,20131126110016,yes
/jj/feed/,/feeds/jj-301d62/feed.xml,feed,20140110213249,yes
/julia-holter-nite-jewel-what-we-see/,/julia-holter-nite-jewel-what-we-see-5c7f8f/index.html,post,20131126084640,yes
/julia-holter-nite-jewel-what-we-see/feed/,/feeds/julia-holter-nite-jewel-what-we-see-5c7f8f/feed.xml,feed,20140109194035,no
/jummy/,/jummy-d11d3e/index.html,post,20131126095545,yes
/jummy/feed/,/feeds/jummy-d11d3e/feed.xml,feed,20140109200920,yes
/june/,/june-11032f/index.html,post,20131126084434,yes
/june/feed/,/feeds/june-11032f/feed.xml,feed,20140109190728,yes
/just-for-hits-richard-dawkins/,/just-for-hits-richard-dawkins-eeb630/index.html,post,20150220145453,yes
/k1llrgvp/,/k1llrgvp-7bbe0e/index.html,post,20131126094105,yes
/k1llrgvp/feed/,/feeds/k1llrgvp-7bbe0e/feed.xml,feed,20140109195642,yes
/kallisti-kali/,/kallisti-kali-e8574a/index.html,post,20131126082848,yes
/kallisti-kali/feed/,/feeds/kallisti-kali-e8574a/feed.xml,feed,20140109183326,yes
/kara-step/,/kara-step-dc6f9a/index.html,post,20131126091745,yes
/kara-step/feed/,/feeds/kara-step-dc6f9a/feed.xml,feed,20140109195211,yes
/katie-got-bandz-i-need-a-hitta-ludgehammer-blackened-drillwave-bootleg/,/katie-got-bandz-i-need-a-hitta-ludgehammer-blackened-drillwave-bootleg-c338e3/index.html,post,20131126101024,yes
/katie-got-bandz-i-need-a-hitta-ludgehammer-blackened-drillwave-bootleg/feed/,/feeds/katie-got-bandz-i-need-a-hitta-ludgehammer-blackened-drillwave-bootleg-c338e3/feed.xml,feed,20140109201617,yes
/katie-katie-katie/,/katie-katie-katie-6c098a/index.html,post,20131126112655,yes
/katie-katie-katie/feed/,/feeds/katie-katie-katie-6c098a/feed.xml,feed,20140110212839,yes
/kid-sister-kiss-kiss-kiss-mixtape-2/,/kid-sister-kiss-kiss-kiss-mixtape-2-e60657/index.html,post,20110718230710,yes
/kid-sister-kiss-kiss-kiss-mixtape/,/kid-sister-kiss-kiss-kiss-mixtape-9b5a35/index.html,post,20131126112358,yes
/kid-sister-kiss-kiss-kiss-mixtape/feed/,/feeds/kid-sister-kiss-kiss-kiss-mixtape-9b5a35/feed.xml,feed,20140111004936,yes
/kidcity/,/kidcity-e9a429/index.html,post,20131126111525,yes
/kidcity/feed/,/feeds/kidcity-e9a429/feed.xml,feed,20140110213941,yes
/kidnap-kid/,/kidnap-kid-c54e18/index.html,post,20131126083135,yes
/kidnap-kid/feed/,/feeds/kidnap-kid-c54e18/feed.xml,feed,20140109183825,yes
/kill-them-2/,/kill-them-2-06e835/index.html,post,20131126094835,yes
/kill-them-2/feed/,/feeds/kill-them-2-06e835/feed.xml,feed,20140109201425,yes
/king-night-rotterdam-terror-corps-remix/,/king-night-rotterdam-terror-corps-remix-ad2dea/index.html,post,20131126084344,yes
/king-night-rotterdam-terror-corps-remix/feed/,/feeds/king-night-rotterdam-terror-corps-remix-ad2dea/feed.xml,feed,20140109190918,no
/king-of-the-weed-2/,/king-of-the-weed-2-9453ea/index.html,post,20110718224821,yes
/king-of-the-weed/,/king-of-the-weed-0c4379/index.html,post,20131126100749,yes
/king-of-the-weed/feed/,/feeds/king-of-the-weed-0c4379/feed.xml,feed,20140109203928,yes
/kingdom-vip-edition/,/kingdom-vip-edition-addd62/index.html,post,20131126085101,yes
/kingdom-vip-edition/feed/,/feeds/kingdom-vip-edition-addd62/feed.xml,feed,20140109192452,yes
/kingpinning/,/kingpinning-4fee3c/index.html,post,20131126082604,yes
/kingpinning/feed/,/feeds/kingpinning-4fee3c/feed.xml,feed,20140109185049,yes
/konnichiwa-2/,/konnichiwa-2-a1e389/index.html,post,20110718224827,yes
/konnichiwa/,/konnichiwa-e2d1ad/index.html,post,20131126113235,yes
/konnichiwa/feed/,/feeds/konnichiwa-e2d1ad/feed.xml,feed,20140110214817,yes
/kontravoid/,/kontravoid-837a17/index.html,post,20131126091809,yes
/kontravoid/feed/,/feeds/kontravoid-837a17/feed.xml,feed,20140109193443,yes
/korallreven-sa-sa-samoa-elite-gymnastics-remix/,/korallreven-sa-sa-samoa-elite-gymnastics-remix-4fcdf8/index.html,post,20131126112518,yes
/korallreven-sa-sa-samoa-elite-gymnastics-remix/feed/,/feeds/korallreven-sa-sa-samoa-elite-gymnastics-remix-4fcdf8/feed.xml,feed,20140110213428,yes
/korn-skrillex/,/korn-skrillex-85de61/index.html,post,20131126113451,yes
/korn-skrillex/feed/,/feeds/korn-skrillex-85de61/feed.xml,feed,20140110220858,yes
/kreayshawn/,/kreayshawn-efa249/index.html,post,20131126100810,yes
/kreayshawn/feed/,/feeds/kreayshawn-efa249/feed.xml,feed,20140109203045,yes
/krenshaw/,/krenshaw-e26064/index.html,post,20131126100912,yes
/krenshaw/feed/,/feeds/krenshaw-e26064/feed.xml,feed,20140109201539,yes
/krusaders-be-my-guest-lilinternet-refix/,/krusaders-be-my-guest-lilinternet-refix-3b9bcf/index.html,post,20131126094153,yes
/krusaders-be-my-guest-lilinternet-refix/feed/,/feeds/krusaders-be-my-guest-lilinternet-refix-3b9bcf/feed.xml,feed,20140109201421,yes
/kuchibiru-network-3/,/kuchibiru-network-3-515eef/index.html,post,20131126093522,yes
/kuchibiru-network-3/feed/,/feeds/kuchibiru-network-3-515eef/feed.xml,feed,20140109204105,yes
/la-fuerza-aerea/,/la-fuerza-aerea-9684ac/index.html,post,20131126105134,yes
/la-fuerza-aerea/feed/,/feeds/la-fuerza-aerea-9684ac/feed.xml,feed,20140110213309,yes
/la-mejor-costa-2/,/la-mejor-costa-2-67b6b5/index.html,post,20110718224126,yes
/la-mejor-costa/,/la-mejor-costa-e818d4/index.html,post,20131126101445,yes
/la-mejor-costa/feed/,/feeds/la-mejor-costa-e818d4/feed.xml,feed,20140110204812,yes
/la-minitk-del-miedo/,/la-minitk-del-miedo-f69f3b/index.html,post,20131126082719,yes
/la-minitk-del-miedo/feed/,/feeds/la-minitk-del-miedo-f69f3b/feed.xml,feed,20140109184238,yes
/la-petite-mort/,/la-petite-mort-689def/index.html,post,20131126085828,yes
/la-petite-mort/feed/,/feeds/la-petite-mort-689def/feed.xml,feed,20140109200506,yes
/la-ultima-fiesta-del-ano-2/,/la-ultima-fiesta-del-ano-2-799330/index.html,post,20110718222640,yes
/la-ultima-fiesta-del-ano/,/la-ultima-fiesta-del-ano-407486/index.html,post,20131126104614,yes
/la-ultima-fiesta-del-ano/feed/,/feeds/la-ultima-fiesta-del-ano-407486/feed.xml,feed,20140110212420,yes
/la-vampires-x-maria-minerva/,/la-vampires-x-maria-minerva-b88cba/index.html,post,20131126090214,yes
/la-vampires-x-maria-minerva/feed/,/feeds/la-vampires-x-maria-minerva-b88cba/feed.xml,feed,20140109192857,yes
/ladatel/,/ladatel-a95de5/index.html,post,20131126102521,yes
/ladatel/feed/,/feeds/ladatel-a95de5/feed.xml,feed,20140110192118,yes
/ladytron-ace-of-hz-2/,/ladytron-ace-of-hz-2-72ab80/index.html,post,20131126121825,yes
/ladytron-ace-of-hz-2/feed/,/feeds/ladytron-ace-of-hz-2-72ab80/feed.xml,feed,20140110220023,yes
/ladytron-discovers-witch-house/,/ladytron-discovers-witch-house-38e273/index.html,post,20131126085612,yes
/ladytron-discovers-witch-house/feed/,/feeds/ladytron-discovers-witch-house-38e273/feed.xml,feed,20140109192519,yes
/las-brisas/,/las-brisas-008bd2/index.html,post,20131126091502,yes
/las-brisas/feed/,/feeds/las-brisas-008bd2/feed.xml,feed,20140109193330,yes
/laser-palace-2011-2/,/laser-palace-2011-2-95fadd/index.html,post,20110718223630,yes
/laser-palace-2011/,/laser-palace-2011-e60172/index.html,post,20131126113343,yes
/laser-palace-2011/feed/,/feeds/laser-palace-2011-e60172/feed.xml,feed,20140110214710,yes
/later-fags/,/later-fags-59671a/index.html,post,20140601013948,yes
/later-fags/feed/,/feeds/later-fags-59671a/feed.xml,feed,20140601045733,yes
/laurel-halo-hour-logic/,/laurel-halo-hour-logic-6f1583/index.html,post,20131126094803,yes
/laurel-halo-hour-logic/feed/,/feeds/laurel-halo-hour-logic-6f1583/feed.xml,feed,20140109204332,yes
/lauren-devine-just-a-little-ready/,/lauren-devine-just-a-little-ready-434c71/index.html,post,20131126111536,yes
/lauren-devine-just-a-little-ready/feed/,/feeds/lauren-devine-just-a-little-ready-434c71/feed.xml,feed,20140110214016,yes
/lauren-devine-this-is-how-we-do-dubai/,/lauren-devine-this-is-how-we-do-dubai-77121a/index.html,post,20131126090224,yes
/lauren-devine-this-is-how-we-do-dubai/feed/,/feeds/lauren-devine-this-is-how-we-do-dubai-77121a/feed.xml,feed,20140109191909,yes
/le1f-wut/,/le1f-wut-ad1fae/index.html,post,20131126082701,yes
/le1f-wut/feed/,/feeds/le1f-wut-ad1fae/feed.xml,feed,20140109183639,yes
/le1f/,/le1f-212318/index.html,post,20131126111109,yes
/le1f/feed/,/feeds/le1f-212318/feed.xml,feed,20140110212611,yes
/leaving/,/leaving-3dec2d/index.html,post,20131126095311,yes
/leaving/feed/,/feeds/leaving-3dec2d/feed.xml,feed,20140109203202,yes
/lemonade-diver/,/lemonade-diver-baf39f/index.html,post,20131126091937,yes
/lemonade-diver/feed/,/feeds/lemonade-diver-baf39f/feed.xml,feed,20140109191646,yes
/lemonade-neptune/,/lemonade-neptune-c76517/index.html,post,20131126100847,yes
/lemonade-neptune/feed/,/feeds/lemonade-neptune-c76517/feed.xml,feed,20140109200725,yes
/lemonade-remixes/,/lemonade-remixes-29537f/index.html,post,20131126084609,yes
/lemonade-remixes/feed/,/feeds/lemonade-remixes-29537f/feed.xml,feed,20140109194141,yes
/leonora-carrington/,/leonora-carrington-1408fb/index.html,post,20131126110513,yes
/leonora-carrington/feed/,/feeds/leonora-carrington-1408fb/feed.xml,feed,20140111005512,yes
/lesphinxx/,/lesphinxx-8e7662/index.html,post,20131126100930,yes
/lesphinxx/feed/,/feeds/lesphinxx-8e7662/feed.xml,feed,20140109204233,yes
/levantate-diegors/,/levantate-diegors-54d934/index.html,post,20140109200412,yes
/liar-strange-love/,/liar-strange-love-3a2f81/index.html,post,20131126084809,yes
/liar-strange-love/feed/,/feeds/liar-strange-love-3a2f81/feed.xml,feed,20140109191835,yes
/life-death/,/life-death-453420/index.html,post,20131126082735,yes
/life-death/feed/,/feeds/life-death-453420/feed.xml,feed,20140109184219,yes
/light-asylum-12-horsemen-2/,/light-asylum-12-horsemen-2-c2072d/index.html,post,20131126100642,yes
/light-asylum-12-horsemen-2/feed/,/feeds/light-asylum-12-horsemen-2-c2072d/feed.xml,feed,20140109200427,yes
/light-asylum-dark-allies/,/light-asylum-dark-allies-84769f/index.html,post,20131126111012,yes
/light-asylum-dark-allies/feed/,/feeds/light-asylum-dark-allies-84769f/feed.xml,feed,20140110212734,yes
/light-asylum-heart-of-dust/,/light-asylum-heart-of-dust-cce16e/index.html,post,20131126104309,yes
/light-asylum-heart-of-dust/feed/,/feeds/light-asylum-heart-of-dust-cce16e/feed.xml,feed,20140110212655,yes
/light-asylum-lp/,/light-asylum-lp-259217/index.html,post,20131126090550,yes
/light-asylum-lp/feed/,/feeds/light-asylum-lp-259217/feed.xml,feed,20140109192119,yes
/light-asylum-skull-fuct/,/light-asylum-skull-fuct-29b6bc/index.html,post,20131126112543,yes
/light-asylum-skull-fuct/feed/,/feeds/light-asylum-skull-fuct-29b6bc/feed.xml,feed,20140110212907,yes
/likuid-khrome-bala-fria-mix/,/likuid-khrome-bala-fria-mix-1a680b/index.html,post,20131126084257,yes
/likuid-khrome-bala-fria-mix/feed/,/feeds/likuid-khrome-bala-fria-mix-1a680b/feed.xml,feed,20140109191905,yes
/lil-b-halloween-h20/,/lil-b-halloween-h20-b3c351/index.html,post,20131126102532,yes
/lil-b-halloween-h20/feed/,/feeds/lil-b-halloween-h20-b3c351/feed.xml,feed,20140110213055,yes
/lil-ugly-mane/,/lil-ugly-mane-faae46/index.html,post,20131126093423,yes
/lil-ugly-mane/feed/,/feeds/lil-ugly-mane-faae46/feed.xml,feed,20140109204603,yes
/litanic-mask-virgin-spring-video/,/litanic-mask-virgin-spring-video-32c675/index.html,post,20131126093242,yes
/litanic-mask-virgin-spring-video/feed/,/feeds/litanic-mask-virgin-spring-video-32c675/feed.xml,feed,20140109203557,yes
/little-fetish/,/little-fetish-9d96c6/index.html,post,20131126084553,yes
/little-fetish/feed/,/feeds/little-fetish-9d96c6/feed.xml,feed,20140109193237,yes
/liturgy-returner/,/liturgy-returner-97aa80/index.html,post,20131126105157,yes
/liturgy-returner/feed/,/feeds/liturgy-returner-97aa80/feed.xml,feed,20140110213216,yes
/live-yourself-by-htdw/,/live-yourself-by-htdw-a51221/index.html,post,20131126083050,yes
/live-yourself-by-htdw/feed/,/feeds/live-yourself-by-htdw-a51221/feed.xml,feed,20140109184419,yes
/lo-mejor-del-2010-2/,/lo-mejor-del-2010-2-2061f1/index.html,post,20110718231051,yes
/lo-mejor-del-2010/,/lo-mejor-del-2010-1b98a9/index.html,post,20131126092002,yes
/lo-mejor-del-2010/feed/,/feeds/lo-mejor-del-2010-1b98a9/feed.xml,feed,20140109192022,yes
/lonely-boys/,/lonely-boys-410c83/index.html,post,20131126094923,yes
/lonely-boys/feed/,/feeds/lonely-boys-410c83/feed.xml,feed,20140109201737,yes
/lorelle-meets-the-obsolete-these-days/,/lorelle-meets-the-obsolete-these-days-c61744/index.html,post,20131126085903,yes
/lorelle-meets-the-obsolete-these-days/feed/,/feeds/lorelle-meets-the-obsolete-these-days-c61744/feed.xml,feed,20140109193357,yes
/lorelle-meets-the-obsolete-vegan-cannibal-sangree-live-set/,/lorelle-meets-the-obsolete-vegan-cannibal-sangree-live-set-e08dca/index.html,post,20131126100909,yes
/lorelle-meets-the-obsolete-vegan-cannibal-sangree-live-set/feed/,/feeds/lorelle-meets-the-obsolete-vegan-cannibal-sangree-live-set-e08dca/feed.xml,feed,20140109201940,yes
/los-angeles-en-asia/,/los-angeles-en-asia-713fd5/index.html,post,20131126121709,yes
/los-angeles-en-asia/feed/,/feeds/los-angeles-en-asia-713fd5/feed.xml,feed,20140110214810,yes
/los-macuanos-afilan-el-cuchillo-a-dani-shivers/,/los-macuanos-afilan-el-cuchillo-a-dani-shivers-ff703a/index.html,post,20131126101350,yes
/los-macuanos-afilan-el-cuchillo-a-dani-shivers/feed/,/feeds/los-macuanos-afilan-el-cuchillo-a-dani-shivers-ff703a/feed.xml,feed,20140109202144,yes
/lost-in-my-bedroom/,/lost-in-my-bedroom-7c7314/index.html,post,20131126092327,yes
/lost-in-my-bedroom/feed/,/feeds/lost-in-my-bedroom-7c7314/feed.xml,feed,20140109191023,no
/lost-in-the-game/,/lost-in-the-game-bfa6f4/index.html,post,20131126085853,yes
/lost-in-the-game/feed/,/feeds/lost-in-the-game-bfa6f4/feed.xml,feed,20140109193913,yes
/lost-planet/,/lost-planet-df4495/index.html,post,20131126105122,yes
/lost-planet/feed/,/feeds/lost-planet-df4495/feed.xml,feed,20140110213915,yes
/love-fine-stoned-boys-live-in-kazan/,/love-fine-stoned-boys-live-in-kazan-467742/index.html,post,20131126091844,yes
/love-fine-stoned-boys-live-in-kazan/feed/,/feeds/love-fine-stoned-boys-live-in-kazan-467742/feed.xml,feed,20140109195231,yes
/lunar-lovers/,/lunar-lovers-a516ca/index.html,post,20131126122342,yes
/lunar-lovers/feed/,/feeds/lunar-lovers-a516ca/feed.xml,feed,20140110221845,yes
/magic-fades/,/magic-fades-e012a3/index.html,post,20131126085312,yes
/magic-fades/feed/,/feeds/magic-fades-e012a3/feed.xml,feed,20140109192535,yes
/majical-cloudz/,/majical-cloudz-76c2fa/index.html,post,20131126095902,yes
/majical-cloudz/feed/,/feeds/majical-cloudz-76c2fa/feed.xml,feed,20140109200501,yes
/mal001-negative-youth-mexico/,/mal001-negative-youth-mexico-0097de/index.html,post,20131126083809,yes
/mal001-negative-youth-mexico/feed/,/feeds/mal001-negative-youth-mexico-0097de/feed.xml,feed,20140109190444,yes
/maligna-showcase/,/maligna-showcase-70d171/index.html,post,20131126090241,yes
/maligna-showcase/feed/,/feeds/maligna-showcase-70d171/feed.xml,feed,20140109193214,yes
/maluca-hector-2/,/maluca-hector-2-42aa4a/index.html,post,20110517220234,yes
/maluca-hector/,/maluca-hector-9ea011/index.html,post,20131126094704,yes
/maluca-hector/feed/,/feeds/maluca-hector-9ea011/feed.xml,feed,20140109200940,yes
/maniqui-lazer-negative-youth-mix-2013-2/,/maniqui-lazer-negative-youth-mix-2013-2-08f60e/index.html,post,20131126082833,yes
/maniqui-lazer-negative-youth-mix-2013-2/feed/,/feeds/maniqui-lazer-negative-youth-mix-2013-2-08f60e/feed.xml,feed,20140109182158,yes
/mar-de-protones/,/mar-de-protones-5135ed/index.html,post,20131126102617,yes
/mar-de-protones/feed/,/feeds/mar-de-protones-5135ed/feed.xml,feed,20140110204741,yes
/marathon/,/marathon-301135/index.html,post,20131126084333,yes
/marathon/feed/,/feeds/marathon-301135/feed.xml,feed,20140109193245,yes
/maria-minerva-fire-feat-chase-royal/,/maria-minerva-fire-feat-chase-royal-cee4c7/index.html,post,20131126104123,yes
/maria-minerva-fire-feat-chase-royal/feed/,/feeds/maria-minerva-fire-feat-chase-royal-cee4c7/feed.xml,feed,20140110212410,yes
/maria-minerva-gloria/,/maria-minerva-gloria-91f609/index.html,post,20131126092509,yes
/maria-minerva-gloria/feed/,/feeds/maria-minerva-gloria-91f609/feed.xml,feed,20140109192800,yes
/mas-nike7up-2/,/mas-nike7up-2-0378d8/index.html,post,20110718224837,yes
/mas-nike7up/,/mas-nike7up-f712ec/index.html,post,20131126125615,yes
/mas-nike7up/feed/,/feeds/mas-nike7up-f712ec/feed.xml,feed,20140110222017,yes
/massacooramaan/,/massacooramaan-fe0565/index.html,post,20131126090256,yes
/massacooramaan/feed/,/feeds/massacooramaan-fe0565/feed.xml,feed,20140109191630,yes
/master-of-none/,/master-of-none-addd07/index.html,post,20131126110440,yes
/master-of-none/feed/,/feeds/master-of-none-addd07/feed.xml,feed,20140110212237,yes
/mater-suspiria-vision-zombie-r4ve-2/,/mater-suspiria-vision-zombie-r4ve-2-937625/index.html,post,20110718222655,yes
/mathematique-ft-dresden-dresses/,/mathematique-ft-dresden-dresses-68f9f2/index.html,post,20131126094937,yes
/mathematique-ft-dresden-dresses/feed/,/feeds/mathematique-ft-dresden-dresses-68f9f2/feed.xml,feed,20140109202321,yes
/maussan/,/maussan-897d31/index.html,post,20131126121746,yes
/maussan/feed/,/feeds/maussan-897d31/feed.xml,feed,20140110214729,yes
/maxwell-velocity/,/maxwell-velocity-d9e23e/index.html,post,20131126085244,yes
/maxwell-velocity/feed/,/feeds/maxwell-velocity-d9e23e/feed.xml,feed,20140109192910,yes
/megafortress-ep-videos/,/megafortress-ep-videos-f266ab/index.html,post,20131126094647,yes
/megafortress-ep-videos/feed/,/feeds/megafortress-ep-videos-f266ab/feed.xml,feed,20140109201351,yes
/men-in-burka-warmagic/,/men-in-burka-warmagic-e9c8ab/index.html,post,20131126084629,yes
/men-in-burka-warmagic/feed/,/feeds/men-in-burka-warmagic-e9c8ab/feed.xml,feed,20140109193630,yes
/men-in-burka/,/men-in-burka-4f8e3a/index.html,post,20131126092009,yes
/men-in-burka/feed/,/feeds/men-in-burka-4f8e3a/feed.xml,feed,20140109195030,yes
/mentira-mentira-turnaway-2/,/mentira-mentira-turnaway-2-46dba3/index.html,post,20110718224842,yes
/mentira-mentira-turnaway/,/mentira-mentira-turnaway-f255b9/index.html,post,20131126111038,yes
/mentira-mentira-turnaway/feed/,/feeds/mentira-mentira-turnaway-f255b9/feed.xml,feed,20140110213353,yes
/mexico-x-bonsai-babies/,/mexico-x-bonsai-babies-0d40d8/index.html,post,20131126102526,yes
/mexico-x-bonsai-babies/feed/,/feeds/mexico-x-bonsai-babies-0d40d8/feed.xml,feed,20140110195944,yes
/mexico-x-javier-estrada/,/mexico-x-javier-estrada-cda1fe/index.html,post,20131126085301,yes
/mexico-x-javier-estrada/feed/,/feeds/mexico-x-javier-estrada-cda1fe/feed.xml,feed,20140109191215,yes
/mexico-x-lao-dj-smurphy/,/mexico-x-lao-dj-smurphy-e61cd7/index.html,post,20131126102539,yes
/mexico-x-lao-dj-smurphy/feed/,/feeds/mexico-x-lao-dj-smurphy-e61cd7/feed.xml,feed,20140110210608,yes
/mexico-x-nicolas/,/mexico-x-nicolas-e92186/index.html,post,20131126084513,yes
/mexico-x-nicolas/feed/,/feeds/mexico-x-nicolas-e92186/feed.xml,feed,20140109183319,yes
/mexico-x-occultdanse/,/mexico-x-occultdanse-448525/index.html,post,20131126084140,yes
/mexico-x-occultdanse/feed/,/feeds/mexico-x-occultdanse-448525/feed.xml,feed,20140109192824,yes
/mexico-x-peepr/,/mexico-x-peepr-188166/index.html,post,20131126093538,yes
/mexico-x-peepr/feed/,/feeds/mexico-x-peepr-188166/feed.xml,feed,20140109202548,yes
/mexico-x-ritualz/,/mexico-x-ritualz-216ad6/index.html,post,20131126084523,yes
/mexico-x-ritualz/feed/,/feeds/mexico-x-ritualz-216ad6/feed.xml,feed,20140109190652,yes
/mexico-x-selma-oxor/,/mexico-x-selma-oxor-3f65d5/index.html,post,20131126090111,yes
/mexico-x-selma-oxor/feed/,/feeds/mexico-x-selma-oxor-3f65d5/feed.xml,feed,20140109192937,yes
/mexico-x-teehn-bwitches/,/mexico-x-teehn-bwitches-36014f/index.html,post,20131126083044,yes
/mexico-x-teehn-bwitches/feed/,/feeds/mexico-x-teehn-bwitches-36014f/feed.xml,feed,20140109183615,yes
/mexico-x-tuareg-geeks/,/mexico-x-tuareg-geeks-f3061e/index.html,post,20131126085844,yes
/mexico-x-tuareg-geeks/feed/,/feeds/mexico-x-tuareg-geeks-f3061e/feed.xml,feed,20140109191851,yes
/mexico-x-turbia/,/mexico-x-turbia-dbf7df/index.html,post,20131126102637,yes
/mexico-x-turbia/feed/,/feeds/mexico-x-turbia-dbf7df/feed.xml,feed,20140110200624,yes
/mi-ami-time-of-love/,/mi-ami-time-of-love-ec3844/index.html,post,20131126104134,yes
/mi-ami-time-of-love/feed/,/feeds/mi-ami-time-of-love-ec3844/feed.xml,feed,20140110212451,yes
/mindkilla-2/,/mindkilla-2-011044/index.html,post,20131126112854,yes
/mindkilla-2/feed/,/feeds/mindkilla-2-011044/feed.xml,feed,20140110215506,yes
/mixx-live-by-tamara-sky/,/mixx-live-by-tamara-sky-ea7691/index.html,post,20131126094917,yes
/mixx-live-by-tamara-sky/feed/,/feeds/mixx-live-by-tamara-sky-ea7691/feed.xml,feed,20140109203837,yes
/mobile,/mobile-80f80a/index.html,page,20110207073043,yes
/modern-witch-hollywood-babylon-nine-inch-witch-mix-2/,/modern-witch-hollywood-babylon-nine-inch-witch-mix-2-1a8dd0/index.html,post,20131126112711,yes
/modern-witch-hollywood-babylon-nine-inch-witch-mix-2/feed/,/feeds/modern-witch-hollywood-babylon-nine-inch-witch-mix-2-1a8dd0/feed.xml,feed,20140110214000,yes
/mohenjo-daro/,/mohenjo-daro-7ec47c/index.html,post,20131126093513,yes
/mohenjo-daro/feed/,/feeds/mohenjo-daro-7ec47c/feed.xml,feed,20140109204142,yes
/monocromo/,/monocromo-702a7b/index.html,post,20131126104249,yes
/monocromo/feed/,/feeds/monocromo-702a7b/feed.xml,feed,20140110213027,yes
/mos-deep-essentials/,/mos-deep-essentials-161b69/index.html,post,20131126093621,yes
/mos-deep-essentials/feed/,/feeds/mos-deep-essentials-161b69/feed.xml,feed,20140109202607,yes
/move-for-me/,/move-for-me-f8efcb/index.html,post,20131126082550,yes
/move-for-me/feed/,/feeds/move-for-me-f8efcb/feed.xml,feed,20140109183800,yes
/mr-kitty-evaporating-sun/,/mr-kitty-evaporating-sun-bedbce/index.html,post,20131126094028,yes
/mr-kitty-evaporating-sun/feed/,/feeds/mr-kitty-evaporating-sun-bedbce/feed.xml,feed,20140109202053,no
/msi-kickstarter-ii/,/msi-kickstarter-ii-7400e9/index.html,post,20131126092254,yes
/msi-kickstarter-ii/feed/,/feeds/msi-kickstarter-ii-7400e9/feed.xml,feed,20140109193843,yes
/msi-kickstarter/,/msi-kickstarter-a54029/index.html,post,20131126091917,yes
/msi-kickstarter/feed/,/feeds/msi-kickstarter-a54029/feed.xml,feed,20140109190908,yes
/mushy-child-of-light-will-burn-2/,/mushy-child-of-light-will-burn-2-c5d48e/index.html,post,20110718230725,yes
/mushy-too-far-crossover-satanic-ritual-abuse-2/,/mushy-too-far-crossover-satanic-ritual-abuse-2-4c1116/index.html,post,20110718225346,yes
/music-for-keyboards-vol-ii-iii/,/music-for-keyboards-vol-ii-iii-d8e49c/index.html,post,20131126091636,yes
/music-for-keyboards-vol-ii-iii/feed/,/feeds/music-for-keyboards-vol-ii-iii-d8e49c/feed.xml,feed,20140109191008,yes
/musica-para-clubs-clausurados/,/musica-para-clubs-clausurados-442751/index.html,post,20131126084533,yes
/musica-para-clubs-clausurados/feed/,/feeds/musica-para-clubs-clausurados-442751/feed.xml,feed,20140109183555,yes
/my-circle/,/my-circle-4dbdf4/index.html,post,20131126093528,yes
/my-circle/feed/,/feeds/my-circle-4dbdf4/feed.xml,feed,20140109195626,yes
/my-love-grows-in-the-dark/,/my-love-grows-in-the-dark-a9dc90/index.html,post,20131126100528,yes
/my-love-grows-in-the-dark/feed/,/feeds/my-love-grows-in-the-dark-a9dc90/feed.xml,feed,20140109203046,yes
/mykki-blanco-cosmic-angel/,/mykki-blanco-cosmic-angel-a994bd/index.html,post,20131126110129,yes
/mykki-blanco-cosmic-angel/feed/,/feeds/mykki-blanco-cosmic-angel-a994bd/feed.xml,feed,20140110213244,yes
/mykki-blanco-the-mutant-angels/,/mykki-blanco-the-mutant-angels-604819/index.html,post,20131126084842,yes
/mykki-blanco-the-mutant-angels/feed/,/feeds/mykki-blanco-the-mutant-angels-604819/feed.xml,feed,20140109192009,yes
/mykki-blanco-wavvy-video/,/mykki-blanco-wavvy-video-c0e627/index.html,post,20131126091808,yes
/mykki-blanco-wavvy-video/feed/,/feeds/mykki-blanco-wavvy-video-c0e627/feed.xml,feed,20140109194735,yes
/mykki-blanco-wavvy/,/mykki-blanco-wavvy-27059c/index.html,post,20131205040328,yes
/mykki-blanco-wavvy/feed/,/feeds/mykki-blanco-wavvy-27059c/feed.xml,feed,20140109185258,yes
/myr%E2%80%A0l3wyck%C3%B8ff-2/,/myr-l3wyckøff-2-958935/index.html,post,20110718230730,yes
/myr%E2%80%A0l3wyckoff/,/myr-l3wyckoff-7156cf/index.html,post,20131126092455,yes
/myr%E2%80%A0l3wyckoff/feed/,/feeds/myr-l3wyckoff-7156cf/feed.xml,feed,20140109194633,yes
/n%E2%80%A0y-witch-night-2/,/n-y-witch-night-2-2670ac/index.html,post,20131126085656,yes
/n%E2%80%A0y-witch-night-2/feed/,/feeds/n-y-witch-night-2-2670ac/feed.xml,feed,20140109193206,yes
/nachut-report-2/,/nachut-report-2-3e4a2e/index.html,post,20131126102326,yes
/nachut-report-2/feed/,/feeds/nachut-report-2-3e4a2e/feed.xml,feed,20140110193418,yes
/naka-naka-el-pequeno-edgar-ep/,/naka-naka-el-pequeno-edgar-ep-acc6a8/index.html,post,20131126105151,yes
/naka-naka-el-pequeno-edgar-ep/feed/,/feeds/naka-naka-el-pequeno-edgar-ep-acc6a8/feed.xml,feed,20140110213347,yes
/naka-naka-el-pequeno-edgar-video/,/naka-naka-el-pequeno-edgar-video-eec185/index.html,post,20131126094915,yes
/naka-naka-el-pequeno-edgar-video/feed/,/feeds/naka-naka-el-pequeno-edgar-video-eec185/feed.xml,feed,20140109195841,yes
/naka-naka-fantorama-drama-2/,/naka-naka-fantorama-drama-2-617617/index.html,post,20131126130042,yes
/naka-naka-fantorama-drama-2/feed/,/feeds/naka-naka-fantorama-drama-2-617617/feed.xml,feed,20140110222329,yes
/naka-naka-opal-tape/,/naka-naka-opal-tape-251c55/index.html,post,20131126085216,yes
/naka-naka-opal-tape/feed/,/feeds/naka-naka-opal-tape-251c55/feed.xml,feed,20140109192259,yes
/naka-naka-telenovela-fantasmux-iii/,/naka-naka-telenovela-fantasmux-iii-4cd8c6/index.html,post,20131126092054,yes
/naka-naka-telenovela-fantasmux-iii/feed/,/feeds/naka-naka-telenovela-fantasmux-iii-4cd8c6/feed.xml,feed,20140109193154,yes
/naka-naka-vuh-live/,/naka-naka-vuh-live-f5d9db/index.html,post,20131126105942,yes
/naka-naka-vuh-live/feed/,/feeds/naka-naka-vuh-live-f5d9db/feed.xml,feed,20140110213051,yes
/naka-naka-vuh-video/,/naka-naka-vuh-video-44eab6/index.html,post,20131126082506,yes
/naka-naka-vuh-video/feed/,/feeds/naka-naka-vuh-video-44eab6/feed.xml,feed,20140109183011,yes
/naka-naka-vuh/,/naka-naka-vuh-9f573b/index.html,post,20131126091846,yes
/naka-naka-vuh/feed/,/feeds/naka-naka-vuh-9f573b/feed.xml,feed,20140109194311,yes
/naomi-elizabeth-god-sent-me-here-to-rock-you-2/,/naomi-elizabeth-god-sent-me-here-to-rock-you-2-fd719c/index.html,post,20131126110556,yes
/naomi-elizabeth-god-sent-me-here-to-rock-you-2/feed/,/feeds/naomi-elizabeth-god-sent-me-here-to-rock-you-2-fd719c/feed.xml,feed,20140110212326,yes
/naomi-elizabeth-id-hit-it/,/naomi-elizabeth-id-hit-it-c55484/index.html,post,20131126094307,yes
/naomi-elizabeth-id-hit-it/feed/,/feeds/naomi-elizabeth-id-hit-it-c55484/feed.xml,feed,20140109203534,yes
/narcissistic-cannibal-ritualz-remix/,/narcissistic-cannibal-ritualz-remix-9673ee/index.html,post,20131126085306,yes
/narcissistic-cannibal-ritualz-remix/feed/,/feeds/narcissistic-cannibal-ritualz-remix-9673ee/feed.xml,feed,20140109193354,no
/nazir-mazhar-en-lfw-2/,/nazir-mazhar-en-lfw-2-7ade7c/index.html,post,20110718224141,yes
/nazir-mazhar-en-lfw/,/nazir-mazhar-en-lfw-335dc2/index.html,post,20131126110006,yes
/nazir-mazhar-en-lfw/feed/,/feeds/nazir-mazhar-en-lfw-335dc2/feed.xml,feed,20140110212231,yes
/nc-guest-mix-63-indian-jewelry/,/nc-guest-mix-63-indian-jewelry-bc757e/index.html,post,20131126090314,yes
/nc-guest-mix-63-indian-jewelry/feed/,/feeds/nc-guest-mix-63-indian-jewelry-bc757e/feed.xml,feed,20140109194333,yes
/negative-%E2%80%A0-youth-2-negative-%E2%80%A0-babes-2/,/negative-youth-2-negative-babes-2-a39072/index.html,post,20131126114537,yes
/negative-%E2%80%A0-youth-2-negative-%E2%80%A0-babes-2/feed/,/feeds/negative-youth-2-negative-babes-2-a39072/feed.xml,feed,20140110215648,yes
/negative-youth-2012/,/negative-youth-2012-03dc36/index.html,post,20131126110310,yes
/negative-youth-2012/feed/,/feeds/negative-youth-2012-03dc36/feed.xml,feed,20140110213547,yes
/negative-youth-en-ensenada/,/negative-youth-en-ensenada-514817/index.html,post,20131126102137,yes
/negative-youth-en-ensenada/feed/,/feeds/negative-youth-en-ensenada-514817/feed.xml,feed,20140110201840,yes
/neverland-video/,/neverland-video-4497a9/index.html,post,20131126084213,yes
/neverland-video/feed/,/feeds/neverland-video-4497a9/feed.xml,feed,20140109194623,yes
/new-colony/,/new-colony-2e0387/index.html,post,20131126093229,yes
/new-colony/feed/,/feeds/new-colony-2e0387/feed.xml,feed,20140109204619,yes
/nguzunguzu-kingdom-total-freedom-en-mexico/,/nguzunguzu-kingdom-total-freedom-en-mexico-105147/index.html,post,20131126112835,yes
/nguzunguzu-kingdom-total-freedom-en-mexico/feed/,/feeds/nguzunguzu-kingdom-total-freedom-en-mexico-105147/feed.xml,feed,20140110215647,yes
/nguzunguzu-warm-pulse/,/nguzunguzu-warm-pulse-e5d7ac/index.html,post,20131126090304,yes
/nguzunguzu-warm-pulse/feed/,/feeds/nguzunguzu-warm-pulse-e5d7ac/feed.xml,feed,20140109192655,yes
/night-bus-ii/,/night-bus-ii-edd856/index.html,post,20131126112915,yes
/night-bus-ii/feed/,/feeds/night-bus-ii-edd856/feed.xml,feed,20140110212347,yes
/night-waves/,/night-waves-b6cbfd/index.html,post,20131126082743,yes
/night-waves/feed/,/feeds/night-waves-b6cbfd/feed.xml,feed,20140109190350,yes
/nike7up-hand-in-my-pocket-nike7up-lost-generation-mix-2/,/nike7up-hand-in-my-pocket-nike7up-lost-generation-mix-2-8a6b4b/index.html,post,20110718230740,yes
/nike7up-hand-in-my-pocket-nike7up-lost-generation-mix/,/nike7up-hand-in-my-pocket-nike7up-lost-generation-mix-a52584/index.html,post,20131126100851,yes
/nike7up-hand-in-my-pocket-nike7up-lost-generation-mix/feed/,/feeds/nike7up-hand-in-my-pocket-nike7up-lost-generation-mix-a52584/feed.xml,feed,20140109202938,yes
/nike7up-i-%E2%99%A1-u-4ever-nike7up-no-distance-remix-2/,/nike7up-i-u-4ever-nike7up-no-distance-remix-2-30a4dc/index.html,post,20131126093438,yes
/nike7up-i-%E2%99%A1-u-4ever-nike7up-no-distance-remix-2/feed/,/feeds/nike7up-i-u-4ever-nike7up-no-distance-remix-2-30a4dc/feed.xml,feed,20141011143800,yes
/nike7up-mixtape-july-2011/,/nike7up-mixtape-july-2011-84eb41/index.html,post,20131126112932,yes
/nike7up-mixtape-july-2011/feed/,/feeds/nike7up-mixtape-july-2011-84eb41/feed.xml,feed,20140110215302,yes
/nike7up-sin-parar-2/,/nike7up-sin-parar-2-f9c07d/index.html,post,20110718222705,yes
/nike7up-sin-parar/,/nike7up-sin-parar-26d423/index.html,post,20131126102157,yes
/nike7up-sin-parar/feed/,/feeds/nike7up-sin-parar-26d423/feed.xml,feed,20140110183552,yes
/nin-x-david-lynch/,/nin-x-david-lynch-a2b073/index.html,post,20140601045220,yes
/nin-x-david-lynch/feed/,/feeds/nin-x-david-lynch-a2b073/feed.xml,feed,20140601070757,yes
/nina-sky-daydreaming/,/nina-sky-daydreaming-905c80/index.html,post,20131126100525,yes
/nina-sky-daydreaming/feed/,/feeds/nina-sky-daydreaming-905c80/feed.xml,feed,20140109204101,yes
/nina-sky-nicole-natalie/,/nina-sky-nicole-natalie-fa3c36/index.html,post,20131126091953,yes
/nina-sky-nicole-natalie/feed/,/feeds/nina-sky-nicole-natalie-fa3c36/feed.xml,feed,20140109191516,yes
/nite-jewel-clive/,/nite-jewel-clive-749af0/index.html,post,20131126094555,yes
/nite-jewel-clive/feed/,/feeds/nite-jewel-clive-749af0/feed.xml,feed,20140109201925,yes
/nite-jewel-nicholas-krgovich-thinking-about-you-frank-ocean-cover/,/nite-jewel-nicholas-krgovich-thinking-about-you-frank-ocean-cover-0c7486/index.html,post,20131104003749,yes
/nite-jewel-nicholas-krgovich-thinking-about-you-frank-ocean-cover/feed/,/feeds/nite-jewel-nicholas-krgovich-thinking-about-you-frank-ocean-cover-0c7486/feed.xml,feed,20140109190047,yes
/nite-jewel-one-second-of-love/,/nite-jewel-one-second-of-love-91b4b1/index.html,post,20131126112349,yes
/nite-jewel-one-second-of-love/feed/,/feeds/nite-jewel-one-second-of-love-91b4b1/feed.xml,feed,20140110213654,yes
/no-bueno/,/no-bueno-b0bc35/index.html,post,20131126100651,yes
/no-bueno/feed/,/feeds/no-bueno-b0bc35/feed.xml,feed,20140109202553,yes
/nommo-ogo/,/nommo-ogo-65cbe7/index.html,post,20140601065717,yes
/nordpolen-nar-mitt-blod-pumpar-i-dej/,/nordpolen-nar-mitt-blod-pumpar-i-dej-cbf2c3/index.html,post,20131126084544,yes
/nordpolen-nar-mitt-blod-pumpar-i-dej/feed/,/feeds/nordpolen-nar-mitt-blod-pumpar-i-dej-cbf2c3/feed.xml,feed,20140109193202,yes
/nosotros,/nosotros-980a00/index.html,page,20110207072357,yes
/not-in-love/,/not-in-love-095158/index.html,post,20131126105228,yes
/not-in-love/feed/,/feeds/not-in-love-095158/feed.xml,feed,20140110212556,yes
/not-the-same/,/not-the-same-c7bff6/index.html,post,20131126094913,yes
/not-the-same/feed/,/feeds/not-the-same-c7bff6/feed.xml,feed,20140109200336,yes
/nsfw-actually-huizenga/,/nsfw-actually-huizenga-9edc5f/index.html,post,20131126085138,yes
/nsfw-actually-huizenga/feed/,/feeds/nsfw-actually-huizenga-9edc5f/feed.xml,feed,20140109192432,yes
/nuevo-material-de-drugs-for-drunks-2/,/nuevo-material-de-drugs-for-drunks-2-d77263/index.html,post,20110718230026,yes
/nuevo-video-de-physical-therapy-do-it-all/,/nuevo-video-de-physical-therapy-do-it-all-29549d/index.html,post,20131126090622,yes
/nuevo-video-de-physical-therapy-do-it-all/feed/,/feeds/nuevo-video-de-physical-therapy-do-it-all-29549d/feed.xml,feed,20140109191456,yes
/nys-man-of-the-year-2012-ryder-ripps/,/nys-man-of-the-year-2012-ryder-ripps-2920c5/index.html,post,20131126090712,yes
/nys-man-of-the-year-2012-ryder-ripps/feed/,/feeds/nys-man-of-the-year-2012-ryder-ripps-2920c5/feed.xml,feed,20140109193537,yes
/o-f-fgr%E2%80%A0llgr%E2%80%A0ll-emodancers-2/,/o-f-fgr-llgr-ll-emodancers-2-3c0083/index.html,post,20110718222710,yes
/o-f-fgr%E2%80%A0llgr%E2%80%A0ll-emodancers/,/o-f-fgr-llgr-ll-emodancers-871d1a/index.html,post,20131126121740,yes
/o-f-fgr%E2%80%A0llgr%E2%80%A0ll-emodancers/feed/,/feeds/o-f-fgr-llgr-ll-emodancers-871d1a/feed.xml,feed,20140110215903,yes
/o-f-fgr%E2%80%A0llgr%E2%80%A0ll-happy-face/,/o-f-fgr-llgr-ll-happy-face-e5241d/index.html,post,20131126094051,yes
/o-f-fgr%E2%80%A0llgr%E2%80%A0ll-happy-face/feed/,/feeds/o-f-fgr-llgr-ll-happy-face-e5241d/feed.xml,feed,20140109202920,yes
/oblivion/,/oblivion-3609c1/index.html,post,20131126122205,yes
/oblivion/feed/,/feeds/oblivion-3609c1/feed.xml,feed,20140110215228,yes
/obsession/,/obsession-aca30f/index.html,post,20131126092312,yes
/obsession/feed/,/feeds/obsession-aca30f/feed.xml,feed,20140109194337,yes
/occultd%CE%BBn%CF%9F%CF%83-grimmers-dansers-mal005/,/occultdλnϟσ-grimmers-dansers-mal005-ef6d87/index.html,post,20131126084340,yes
/occultd%CE%BBn%CF%9F%CF%83-grimmers-dansers-mal005/feed/,/feeds/occultdλnϟσ-grimmers-dansers-mal005-ef6d87/feed.xml,feed,20140109193056,yes
/occultd%CE%BBn%CF%9F%CF%83-ufo13-mix/,/occultdλnϟσ-ufo13-mix-f8709a/index.html,post,20131126105722,yes
/occultd%CE%BBn%CF%9F%CF%83-ufo13-mix/feed/,/feeds/occultdλnϟσ-ufo13-mix-f8709a/feed.xml,feed,20140110213643,yes
/occultd%CE%BBn%CF%9F%CF%83-ufomania-negative-youth-2013-3/,/occultdλnϟσ-ufomania-negative-youth-2013-3-8ca3b9/index.html,post,20131126084732,yes
/occultd%CE%BBn%CF%9F%CF%83-ufomania-negative-youth-2013-3/feed/,/feeds/occultdλnϟσ-ufomania-negative-youth-2013-3-8ca3b9/feed.xml,feed,20140109192609,yes
/ocean-floor-for-everything/,/ocean-floor-for-everything-556f4c/index.html,post,20131126082909,yes
/ocean-floor-for-everything/feed/,/feeds/ocean-floor-for-everything-556f4c/feed.xml,feed,20140109182429,yes
/ocultismo-pop-2/,/ocultismo-pop-2-bd06e8/index.html,post,20110718230750,yes
/ocultismo-pop/,/ocultismo-pop-17c543/index.html,post,20131126100723,yes
/ocultismo-pop/feed/,/feeds/ocultismo-pop-17c543/feed.xml,feed,20140109203841,yes
/ohio-2/,/ohio-2-be0f74/index.html,post,20131126085259,yes
/ohio-2/feed/,/feeds/ohio-2-be0f74/feed.xml,feed,20140109192950,yes
/olivia-bolles-2/,/olivia-bolles-2-e095c9/index.html,post,20110718224146,yes
/olivia-bolles/,/olivia-bolles-b7ab9e/index.html,post,20131126091640,yes
/olivia-bolles/feed/,/feeds/olivia-bolles-b7ab9e/feed.xml,feed,20140109192545,yes
/on-the-road-to-make-some-noise/,/on-the-road-to-make-some-noise-876223/index.html,post,20131126104149,yes
/on-the-road-to-make-some-noise/feed/,/feeds/on-the-road-to-make-some-noise-876223/feed.xml,feed,20140110212407,yes
/one-direction/,/one-direction-dad220/index.html,post,20131126090158,yes
/one-direction/feed/,/feeds/one-direction-dad220/feed.xml,feed,20140109194319,yes
/one-place/,/one-place-ce108b/index.html,post,20131126091833,yes
/one-place/feed/,/feeds/one-place-ce108b/feed.xml,feed,20140109192351,yes
/one-video/,/one-video-ff751c/index.html,post,20131126084713,yes
/one-video/feed/,/feeds/one-video-ff751c/feed.xml,feed,20140109193209,yes
/one/,/one-7990c5/index.html,post,20131126084544,yes
/one/feed/,/feeds/one-7990c5/feed.xml,feed,20140109190812,yes
/ooooo-coachbagg/,/ooooo-coachbagg-817d0a/index.html,post,20131126092242,yes
/ooooo-coachbagg/feed/,/feeds/ooooo-coachbagg-817d0a/feed.xml,feed,20140109192956,yes
/opening-botiquin-by-petit-pistolette/,/opening-botiquin-by-petit-pistolette-110435/index.html,post,20131126100706,yes
/opening-botiquin-by-petit-pistolette/feed/,/feeds/opening-botiquin-by-petit-pistolette-110435/feed.xml,feed,20140109202747,no
/osama-bin-laden-is-dead/,/osama-bin-laden-is-dead-6938fb/index.html,post,20131126091519,yes
/osama-bin-laden-is-dead/feed/,/feeds/osama-bin-laden-is-dead-6938fb/feed.xml,feed,20140109194947,yes
/out-of-body-m-t/,/out-of-body-m-t-eccd6f/index.html,post,20131126100938,yes
/out-of-body-m-t/feed/,/feeds/out-of-body-m-t-eccd6f/feed.xml,feed,20140109203929,yes
/outworld-music-ii/,/outworld-music-ii-380bad/index.html,post,20131126105928,yes
/outworld-music-ii/feed/,/feeds/outworld-music-ii-380bad/feed.xml,feed,20140110212900,yes
/page/2/,/page-2-7293e9/index.html,homepage,20131126101057,yes
/parallax/,/parallax-2e3a40/index.html,post,20131126084615,yes
/parallax/feed/,/feeds/parallax-2e3a40/feed.xml,feed,20140109191530,yes
/patrick-wolf-esta-de-vuelta-2/,/patrick-wolf-esta-de-vuelta-2-999bda/index.html,post,20110718231112,yes
/peel-it-stream-it/,/peel-it-stream-it-aecc21/index.html,post,20131126095707,yes
/peel-it-stream-it/feed/,/feeds/peel-it-stream-it-aecc21/feed.xml,feed,20140109202453,yes
/peepr-2/,/peepr-2-b5ee47/index.html,post,20131126125817,yes
/peepr-2/feed/,/feeds/peepr-2-b5ee47/feed.xml,feed,20140110222936,yes
/peepr-el-descenso-mal002/,/peepr-el-descenso-mal002-98d1a4/index.html,post,20131126100757,yes
/peepr-el-descenso-mal002/feed/,/feeds/peepr-el-descenso-mal002-98d1a4/feed.xml,feed,20140109201127,yes
/peepr-foogarc-vlaxet/,/peepr-foogarc-vlaxet-35128a/index.html,post,20131126125514,yes
/peepr-foogarc-vlaxet/feed/,/feeds/peepr-foogarc-vlaxet-35128a/feed.xml,feed,20140110221404,yes
/perfect-blue/,/perfect-blue-7b2423/index.html,post,20131126084643,yes
/perfect-blue/feed/,/feeds/perfect-blue-7b2423/feed.xml,feed,20140109194258,yes
/perra-sucia/,/perra-sucia-450710/index.html,post,20131126093712,yes
/perra-sucia/feed/,/feeds/perra-sucia-450710/feed.xml,feed,20140109200405,yes
/phone-sex-unicorn-kid-remix/,/phone-sex-unicorn-kid-remix-0b72b4/index.html,post,20131126084151,yes
/phone-sex-unicorn-kid-remix/feed/,/feeds/phone-sex-unicorn-kid-remix-0b72b4/feed.xml,feed,20140109182425,yes
/phone-sex/,/phone-sex-d9ebe6/index.html,post,20131126090204,yes
/phone-sex/feed/,/feeds/phone-sex-d9ebe6/feed.xml,feed,20140109192508,yes
/photoshopped/,/photoshopped-f6f4a7/index.html,post,20131126094745,yes
/photoshopped/feed/,/feeds/photoshopped-f6f4a7/feed.xml,feed,20140109203023,yes
/physical-therapy-drone-on/,/physical-therapy-drone-on-5a00d7/index.html,post,20131126091822,yes
/physical-therapy-drone-on/feed/,/feeds/physical-therapy-drone-on-5a00d7/feed.xml,feed,20140109192219,yes
/physical-therapy-record-sales/,/physical-therapy-record-sales-f404fc/index.html,post,20131126105949,yes
/physical-therapy-record-sales/feed/,/feeds/physical-therapy-record-sales-f404fc/feed.xml,feed,20140110213454,yes
/pictureplane-dimensional-rip-6-2/,/pictureplane-dimensional-rip-6-2-a258c8/index.html,post,20131126112324,yes
/pictureplane-dimensional-rip-6-2/feed/,/feeds/pictureplane-dimensional-rip-6-2-a258c8/feed.xml,feed,20140110212929,yes
/pictureplane-en-mexico-3/,/pictureplane-en-mexico-3-557ca7/index.html,post,20110718230031,yes
/pictureplane-en-mexico-4/,/pictureplane-en-mexico-4-98a517/index.html,post,20110718230800,yes
/pictureplane-en-mexico/,/pictureplane-en-mexico-c9dddb/index.html,post,20131126093459,yes
/pictureplane-en-mexico/feed/,/feeds/pictureplane-en-mexico-c9dddb/feed.xml,feed,20140109203205,yes
/pictureplane-mexico/,/pictureplane-mexico-521e18/index.html,post,20131126112725,yes
/pictureplane-mexico/feed/,/feeds/pictureplane-mexico-521e18/feed.xml,feed,20140110212539,yes
/pictureplane-mix-para-mexico/,/pictureplane-mix-para-mexico-d94b71/index.html,post,20131126095832,yes
/pictureplane-mix-para-mexico/feed/,/feeds/pictureplane-mix-para-mexico-d94b71/feed.xml,feed,20140109201149,yes
/pictureplane-negative-slave/,/pictureplane-negative-slave-016e59/index.html,post,20131126091614,yes
/pictureplane-negative-slave/feed/,/feeds/pictureplane-negative-slave-016e59/feed.xml,feed,20140109192148,yes
/pictureplane-post-physical-physical-therapy-premix/,/pictureplane-post-physical-physical-therapy-premix-667fb7/index.html,post,20131126112803,yes
/pictureplane-post-physical-physical-therapy-premix/feed/,/feeds/pictureplane-post-physical-physical-therapy-premix-667fb7/feed.xml,feed,20140110215245,yes
/pictureplane-vs-creep-2/,/pictureplane-vs-creep-2-d81e09/index.html,post,20110718224151,yes
/pictureplane-vs-creep/,/pictureplane-vs-creep-277bc0/index.html,post,20131126102343,yes
/pictureplane-vs-creep/feed/,/feeds/pictureplane-vs-creep-277bc0/feed.xml,feed,20140110194431,yes
/pisces/,/pisces-9a3091/index.html,post,20131126082917,yes
/pisces/feed/,/feeds/pisces-9a3091/feed.xml,feed,20140109183036,yes
/planningtorock-the-knife-doorway-2/,/planningtorock-the-knife-doorway-2-23ec67/index.html,post,20110718230807,yes
/planningtorock-the-knife/,/planningtorock-the-knife-40524b/index.html,post,20131126102123,yes
/planningtorock-the-knife/feed/,/feeds/planningtorock-the-knife-40524b/feed.xml,feed,20140110210937,yes
/play-by-play/,/play-by-play-ac3272/index.html,post,20131126082905,yes
/play-by-play/feed/,/feeds/play-by-play-ac3272/feed.xml,feed,20140109185146,yes
/pop-is-black-2/,/pop-is-black-2-361849/index.html,post,20110718230038,yes
/pop-is-black/,/pop-is-black-fe7d6e/index.html,post,20131126094812,yes
/pop-is-black/feed/,/feeds/pop-is-black-fe7d6e/feed.xml,feed,20140109203857,yes
/popcaan-only-man-she-want/,/popcaan-only-man-she-want-6a63ac/index.html,post,20131126093415,yes
/popcaan-only-man-she-want/feed/,/feeds/popcaan-only-man-she-want-6a63ac/feed.xml,feed,20140109202849,yes
/popcaan-system/,/popcaan-system-82dc87/index.html,post,20131104102759,yes
/popcaan-system/feed/,/feeds/popcaan-system-82dc87/feed.xml,feed,20140109193543,yes
/post-physical/,/post-physical-e499bf/index.html,post,20131126112755,yes
/post-physical/feed/,/feeds/post-physical-e499bf/feed.xml,feed,20140110213308,yes
/post/2946548866/black-metal-kids,/post-2946548866-black-metal-kids-aac85e/index.html,page,20110204205842,yes
/post/3053617238/alexico-gordo-grande-y-marica,/post-3053617238-alexico-gordo-grande-y-marica-b25373/index.html,page,20110205125241,yes
/powwoww/,/powwoww-1747b0/index.html,post,20131126102646,yes
/powwoww/feed/,/feeds/powwoww-1747b0/feed.xml,feed,20140110205752,yes
/pre-halloween-en-el-under/,/pre-halloween-en-el-under-6ea21a/index.html,post,20131126094937,yes
/pre-halloween-en-el-under/feed/,/feeds/pre-halloween-en-el-under-6ea21a/feed.xml,feed,20140109202618,yes
/pretty-young-thug/,/pretty-young-thug-17eb07/index.html,post,20131126105910,yes
/pretty-young-thug/feed/,/feeds/pretty-young-thug-17eb07/feed.xml,feed,20140110212925,yes
/prince-rama/,/prince-rama-d2776d/index.html,post,20131126091456,yes
/prince-rama/feed/,/feeds/prince-rama-d2776d/feed.xml,feed,20140109191832,yes
/profligate/,/profligate-1c0b0a/index.html,post,20131126084417,yes
/profligate/feed/,/feeds/profligate-1c0b0a/feed.xml,feed,20140109184938,yes
/promisee/,/promisee-0d428d/index.html,post,20131126084119,yes
/promisee/feed/,/feeds/promisee-0d428d/feed.xml,feed,20140109194519,yes
/punish-me-for-fun/,/punish-me-for-fun-a05c4b/index.html,post,20131126083028,yes
/punish-me-for-fun/feed/,/feeds/punish-me-for-fun-a05c4b/feed.xml,feed,20140109183913,yes
/pure-one-imports/,/pure-one-imports-34c2c8/index.html,post,20131126094846,yes
/pure-one-imports/feed/,/feeds/pure-one-imports-34c2c8/feed.xml,feed,20140109201033,yes
/pure-war/,/pure-war-f89abd/index.html,post,20131126090216,yes
/pure-war/feed/,/feeds/pure-war-f89abd/feed.xml,feed,20140109193447,yes
/puro-instinct-2/,/puro-instinct-2-3402a8/index.html,post,20110804231354,yes
/puro-instinct-2/feed/,/feeds/puro-instinct-2-3402a8/feed.xml,feed,20110517212105,yes
/puro-instinct-feat-ariel-pink-stilyagi-2/,/puro-instinct-feat-ariel-pink-stilyagi-2-461724/index.html,post,20110718224158,yes
/puro-instinct-feat-ariel-pink-stilyagi/,/puro-instinct-feat-ariel-pink-stilyagi-0ba0c2/index.html,post,20131126110804,yes
/puro-instinct-feat-ariel-pink-stilyagi/feed/,/feeds/puro-instinct-feat-ariel-pink-stilyagi-0ba0c2/feed.xml,feed,20140111004950,yes
/puro-instinct/,/puro-instinct-4ced1c/index.html,post,20131126090230,yes
/puro-instinct/feed/,/feeds/puro-instinct-4ced1c/feed.xml,feed,20140109193933,yes
/que-que/,/que-que-f2b96d/index.html,post,20131126105902,yes
/que-que/feed/,/feeds/que-que-f2b96d/feed.xml,feed,20140110212229,yes
/rachel-haircut/,/rachel-haircut-94cbe7/index.html,post,20131126084848,yes
/rachel-haircut/feed/,/feeds/rachel-haircut-94cbe7/feed.xml,feed,20140109190741,yes
/rain/,/rain-a39910/index.html,post,20131126082903,yes
/rain/feed/,/feeds/rain-a39910/feed.xml,feed,20140109190159,yes
/rave4evar/,/rave4evar-e17e8b/index.html,post,20131126082648,yes
/rave4evar/feed/,/feeds/rave4evar-e17e8b/feed.xml,feed,20140109184327,yes
/raymondstock/,/raymondstock-c6f381/index.html,post,20131126101045,yes
/raymondstock/feed/,/feeds/raymondstock-c6f381/feed.xml,feed,20140109203049,yes
/real-is-a-feeling-unicorn-kid-ecstasy-dream-mix/,/real-is-a-feeling-unicorn-kid-ecstasy-dream-mix-666a6f/index.html,post,20131126110812,yes
/real-is-a-feeling-unicorn-kid-ecstasy-dream-mix/feed/,/feeds/real-is-a-feeling-unicorn-kid-ecstasy-dream-mix-666a6f/feed.xml,feed,20140110214027,yes
/real-is-a-feeling/,/real-is-a-feeling-3f1fef/index.html,post,20131126091510,yes
/real-is-a-feeling/feed/,/feeds/real-is-a-feeling-3f1fef/feed.xml,feed,20140109191756,yes
/recordando-a-carl-crack/,/recordando-a-carl-crack-eef389/index.html,post,20131126085900,yes
/recordando-a-carl-crack/feed/,/feeds/recordando-a-carl-crack-eef389/feed.xml,feed,20140109193750,yes
/red-lips-elite-gymnastics-remix/,/red-lips-elite-gymnastics-remix-e30366/index.html,post,20131126100917,yes
/red-lips-elite-gymnastics-remix/feed/,/feeds/red-lips-elite-gymnastics-remix-e30366/feed.xml,feed,20140109204514,yes
/red-velvet/,/red-velvet-9fd1b7/index.html,post,20131126113421,yes
/red-velvet/feed/,/feeds/red-velvet-9fd1b7/feed.xml,feed,20140110214831,yes
/resena-blissed-out-i-ep/,/resena-blissed-out-i-ep-994914/index.html,post,20131126085931,yes
/resena-blissed-out-i-ep/feed/,/feeds/resena-blissed-out-i-ep-994914/feed.xml,feed,20140109192019,yes
/resena-health-y-%E2%80%A0%E2%80%A1%E2%80%A0-teatro-fru-fru-2/,/resena-health-y-teatro-fru-fru-2-55347c/index.html,post,20110718223031,yes
/resena-health-y-%E2%80%A0%E2%80%A1%E2%80%A0-teatro-fru-fru/,/resena-health-y-teatro-fru-fru-547fc2/index.html,post,20131126101319,yes
/resena-health-y-%E2%80%A0%E2%80%A1%E2%80%A0-teatro-fru-fru/feed/,/feeds/resena-health-y-teatro-fru-fru-547fc2/feed.xml,feed,20140109203852,yes
/resena-neon-indian-era-extrana/,/resena-neon-indian-era-extrana-dbbae4/index.html,post,20131126091449,yes
/resena-neon-indian-era-extrana/feed/,/feeds/resena-neon-indian-era-extrana-dbbae4/feed.xml,feed,20140109191739,yes
/resena-sleep-%E2%88%9E-over-forever/,/resena-sleep-over-forever-d33aec/index.html,post,20131126102925,yes
/resena-sleep-%E2%88%9E-over-forever/feed/,/feeds/resena-sleep-over-forever-d33aec/feed.xml,feed,20140110212609,yes
/resena-teeth-whatever/,/resena-teeth-whatever-856006/index.html,post,20131126114515,yes
/resena-teeth-whatever/feed/,/feeds/resena-teeth-whatever-856006/feed.xml,feed,20140110215910,yes
/resena-unison-unison/,/resena-unison-unison-2d9a00/index.html,post,20131126122053,yes
/resena-unison-unison/feed/,/feeds/resena-unison-unison-2d9a00/feed.xml,feed,20140110220211,yes
/revengeance-mixtape/,/revengeance-mixtape-09dcc5/index.html,post,20131126102551,yes
/revolver/,/revolver-a64b25/index.html,post,20131126110729,yes
/revolver/feed/,/feeds/revolver-a64b25/feed.xml,feed,20140110213128,yes
/rhinoceropolis-anthem/,/rhinoceropolis-anthem-7e2f63/index.html,post,20131126112412,yes
/rhinoceropolis-anthem/feed/,/feeds/rhinoceropolis-anthem-7e2f63/feed.xml,feed,20140110213604,yes
/rikslyd-entrevista-mp3-2/,/rikslyd-entrevista-mp3-2-84f133/index.html,post,20131126091658,yes
/rikslyd-entrevista-mp3-2/feed/,/feeds/rikslyd-entrevista-mp3-2-84f133/feed.xml,feed,20140109191934,yes
/rikslyd-feat-house-of-drama-obsexed/,/rikslyd-feat-house-of-drama-obsexed-bfaea8/index.html,post,20131126120157,yes
/rikslyd-feat-house-of-drama-obsexed/feed/,/feeds/rikslyd-feat-house-of-drama-obsexed-bfaea8/feed.xml,feed,20140110220114,yes
/rikslyd-techno-club/,/rikslyd-techno-club-e29191/index.html,post,20131126100806,yes
/rikslyd-techno-club/feed/,/feeds/rikslyd-techno-club-e29191/feed.xml,feed,20140109201946,yes
/rikslyd-the-heart-2/,/rikslyd-the-heart-2-a11d94/index.html,post,20110718231118,yes
/rikslyd-the-heart/,/rikslyd-the-heart-965af1/index.html,post,20131126112425,yes
/rikslyd-the-heart/feed/,/feeds/rikslyd-the-heart-965af1/feed.xml,feed,20140110213000,yes
/rimar/,/rimar-43df52/index.html,post,20131209124755,yes
/rimar/feed/,/feeds/rimar-43df52/feed.xml,feed,20140109191913,yes
/ringo-deathstarr/,/ringo-deathstarr-b49b05/index.html,post,20131126113413,yes
/ringo-deathstarr/feed/,/feeds/ringo-deathstarr-b49b05/feed.xml,feed,20140110215029,yes
/rip-trish-keenan-2/,/rip-trish-keenan-2-ac99cc/index.html,post,20110718224201,yes
/rip-trish-keenan/,/rip-trish-keenan-7bc019/index.html,post,20131126105959,yes
/rip-trish-keenan/feed/,/feeds/rip-trish-keenan-7bc019/feed.xml,feed,20140110213157,yes
/ritalin-24-7/,/ritalin-24-7-5b064b/index.html,post,20131126091837,yes
/ritalin-24-7/feed/,/feeds/ritalin-24-7-5b064b/feed.xml,feed,20140109194727,yes
/ritualz-2/,/ritualz-2-b398d3/index.html,post,20131126102223,yes
/ritualz-2/feed/,/feeds/ritualz-2-b398d3/feed.xml,feed,20140110195246,yes
/ritualz-alien/,/ritualz-alien-8e0efe/index.html,post,20131126084251,yes
/ritualz-alien/feed/,/feeds/ritualz-alien-8e0efe/feed.xml,feed,20140109191019,no
/ritualz-ana-caprix-finally-boys-remix/,/ritualz-ana-caprix-finally-boys-remix-b0815d/index.html,post,20131126084601,yes
/ritualz-ana-caprix-finally-boys-remix/feed/,/feeds/ritualz-ana-caprix-finally-boys-remix-b0815d/feed.xml,feed,20140109193830,yes
/ritualz-autumn-mix-4-future-perfect/,/ritualz-autumn-mix-4-future-perfect-cfa382/index.html,post,20131126084801,yes
/ritualz-autumn-mix-4-future-perfect/feed/,/feeds/ritualz-autumn-mix-4-future-perfect-cfa382/feed.xml,feed,20140109191824,yes
/ritualz-ghetto-ass-witch-2/,/ritualz-ghetto-ass-witch-2-15482f/index.html,post,20110718225410,yes
/ritualz-ghetto-ass-witch/,/ritualz-ghetto-ass-witch-a6459d/index.html,post,20131126090404,yes
/ritualz-ghetto-ass-witch/feed/,/feeds/ritualz-ghetto-ass-witch-a6459d/feed.xml,feed,20140109193654,yes
/ritualz-mix-4-logo/,/ritualz-mix-4-logo-cc9b3d/index.html,post,20131126091900,yes
/ritualz-mix-4-logo/feed/,/feeds/ritualz-mix-4-logo-cc9b3d/feed.xml,feed,20140109191909,yes
/ritualz-negative-youth-summer-mix/,/ritualz-negative-youth-summer-mix-55f4a5/index.html,post,20131005002253,yes
/ritualz-negative-youth-summer-mix/feed/,/feeds/ritualz-negative-youth-summer-mix-55f4a5/feed.xml,feed,20140110213557,yes
/ritualz-outworld-music-i/,/ritualz-outworld-music-i-5bb058/index.html,post,20131126093633,yes
/ritualz-outworld-music-i/feed/,/feeds/ritualz-outworld-music-i-5bb058/feed.xml,feed,20140109200200,yes
/ritualz-petit-pistolette-2/,/ritualz-petit-pistolette-2-98c3a1/index.html,post,20110718224208,yes
/ritualz-petit-pistolette/,/ritualz-petit-pistolette-76103e/index.html,post,20131126120137,yes
/ritualz-petit-pistolette/feed/,/feeds/ritualz-petit-pistolette-76103e/feed.xml,feed,20140110214531,yes
/ritualz-remixed/,/ritualz-remixed-5ec3fc/index.html,post,20131126102400,yes
/ritualz-remixed/feed/,/feeds/ritualz-remixed-5ec3fc/feed.xml,feed,20140110201516,yes
/ritualz-rhythmic-release/,/ritualz-rhythmic-release-a3f086/index.html,post,20131126095642,yes
/ritualz-rhythmic-release/feed/,/feeds/ritualz-rhythmic-release-a3f086/feed.xml,feed,20140109204108,yes
/ritualz-spring/,/ritualz-spring-458911/index.html,post,20131126082928,yes
/ritualz-spring/feed/,/feeds/ritualz-spring-458911/feed.xml,feed,20140109183937,yes
/ritualz-the-end-of-summer-2k12-mix/,/ritualz-the-end-of-summer-2k12-mix-84bb6c/index.html,post,20131126090641,yes
/ritualz-the-end-of-summer-2k12-mix/feed/,/feeds/ritualz-the-end-of-summer-2k12-mix-84bb6c/feed.xml,feed,20140109192632,yes
/ritualz-winter-2k12-mix/,/ritualz-winter-2k12-mix-cc828b/index.html,post,20131126103613,yes
/ritualz-winter-2k12-mix/feed/,/feeds/ritualz-winter-2k12-mix-cc828b/feed.xml,feed,20140110212428,yes
/rl-grime-trap-on-acid/,/rl-grime-trap-on-acid-77ca09/index.html,post,20131126090615,yes
/rl-grime-trap-on-acid/feed/,/feeds/rl-grime-trap-on-acid-77ca09/feed.xml,feed,20140109191850,yes
/rl-grime/,/rl-grime-b54829/index.html,post,20131126082839,yes
/rl-grime/feed/,/feeds/rl-grime-b54829/feed.xml,feed,20140109184302,yes
/roberto-sanchez/,/roberto-sanchez-e0161d/index.html,post,20131126094757,yes
/roberto-sanchez/feed/,/feeds/roberto-sanchez-e0161d/feed.xml,feed,20140109195723,yes
/robyn-indestructible-2/,/robyn-indestructible-2-4eeea2/index.html,post,20110718225415,yes
/robyn-indestructible/,/robyn-indestructible-975988/index.html,post,20131126120119,yes
/robyn-indestructible/feed/,/feeds/robyn-indestructible-975988/feed.xml,feed,20140110214130,yes
/romantic-streams-naka-nakas-rio-de-lava-mix/,/romantic-streams-naka-nakas-rio-de-lava-mix-e470dd/index.html,post,20131126110202,yes
/romantic-streams-naka-nakas-rio-de-lava-mix/feed/,/feeds/romantic-streams-naka-nakas-rio-de-lava-mix-e470dd/feed.xml,feed,20140110212534,yes
/rooftop-i-want-to-be-alone/,/rooftop-i-want-to-be-alone-d0fc43/index.html,post,20131126082747,yes
/rooftop-i-want-to-be-alone/feed/,/feeds/rooftop-i-want-to-be-alone-d0fc43/feed.xml,feed,20140109182856,yes
/rumbo-al-2012/,/rumbo-al-2012-4d1c32/index.html,post,20131126105216,yes
/rumbo-al-2012/feed/,/feeds/rumbo-al-2012-4d1c32/feed.xml,feed,20140110212500,yes
/s-u-r-v-i-v-e-lp/,/s-u-r-v-i-v-e-lp-d472b7/index.html,post,20131126091754,yes
/s-u-r-v-i-v-e-lp/feed/,/feeds/s-u-r-v-i-v-e-lp-d472b7/feed.xml,feed,20140109194627,yes
/s-u-r-v-i-v-e-tllt21/,/s-u-r-v-i-v-e-tllt21-7b673a/index.html,post,20131126084724,yes
/s-u-r-v-i-v-e-tllt21/feed/,/feeds/s-u-r-v-i-v-e-tllt21-7b673a/feed.xml,feed,20140109192512,yes
/s-u-r-v-i-v-e/,/s-u-r-v-i-v-e-95a483/index.html,post,20131126091748,yes
/s-u-r-v-i-v-e/feed/,/feeds/s-u-r-v-i-v-e-95a483/feed.xml,feed,20140109192046,yes
/sa-sa-moa-elite-gymnastics-remix/,/sa-sa-moa-elite-gymnastics-remix-0ed104/index.html,post,20131126112439,yes
/sa-sa-moa-elite-gymnastics-remix/feed/,/feeds/sa-sa-moa-elite-gymnastics-remix-0ed104/feed.xml,feed,20140110213812,yes
/sad-eyes/,/sad-eyes-4d4d61/index.html,post,20131126083002,yes
/sad-eyes/feed/,/feeds/sad-eyes-4d4d61/feed.xml,feed,20140109185942,yes
/safe-in-the-cells/,/safe-in-the-cells-a7525b/index.html,post,20131126094900,yes
/safe-in-the-cells/feed/,/feeds/safe-in-the-cells-a7525b/feed.xml,feed,20140109200900,yes
/salem-asia-jokers-of-the-scene-remix-2/,/salem-asia-jokers-of-the-scene-remix-2-145e44/index.html,post,20131126112921,yes
/salem-asia-jokers-of-the-scene-remix-2/feed/,/feeds/salem-asia-jokers-of-the-scene-remix-2-145e44/feed.xml,feed,20140110214724,yes
/salem-finna-2/,/salem-finna-2-9cff09/index.html,post,20131126111029,yes
/salem-finna-2/feed/,/feeds/salem-finna-2-9cff09/feed.xml,feed,20140110213756,yes
/salem-im-still-in-the-night/,/salem-im-still-in-the-night-0bf42a/index.html,post,20131126112747,yes
/salem-im-still-in-the-night/feed/,/feeds/salem-im-still-in-the-night-0bf42a/feed.xml,feed,20140110212815,yes
/salem-remixea-a-blonde-redhead/,/salem-remixea-a-blonde-redhead-3ac2fb/index.html,post,20131126100634,yes
/salem-remixea-a-blonde-redhead/feed/,/feeds/salem-remixea-a-blonde-redhead-3ac2fb/feed.xml,feed,20140109201833,yes
/salem-y-ooooo-remixean-a-him-2/,/salem-y-ooooo-remixean-a-him-2-ac800b/index.html,post,20131126111100,yes
/salem-y-ooooo-remixean-a-him-2/feed/,/feeds/salem-y-ooooo-remixean-a-him-2-ac800b/feed.xml,feed,20140110212429,yes
/schonwald-mercurial/,/schonwald-mercurial-549c31/index.html,post,20131126104525,yes
/schonwald-mercurial/feed/,/feeds/schonwald-mercurial-549c31/feed.xml,feed,20140110212729,yes
/schonwald-moon/,/schonwald-moon-dd9518/index.html,post,20131126082604,yes
/schonwald-moon/feed/,/feeds/schonwald-moon-dd9518/feed.xml,feed,20140109185302,yes
/screen-vinyl-image-2/,/screen-vinyl-image-2-a090fa/index.html,post,20110718223640,yes
/screen-vinyl-image/,/screen-vinyl-image-4f8215/index.html,post,20131126122127,yes
/screen-vinyl-image/feed/,/feeds/screen-vinyl-image-4f8215/feed.xml,feed,20140903194410,yes
/secret-city/,/secret-city-12a0f9/index.html,post,20131126082556,yes
/secret-city/feed/,/feeds/secret-city-12a0f9/feed.xml,feed,20140109190208,yes
/see-forever/,/see-forever-063f28/index.html,post,20131126105904,yes
/see-forever/feed/,/feeds/see-forever-063f28/feed.xml,feed,20140110213732,yes
/self-defense/,/self-defense-633a32/index.html,post,20131126094549,yes
/self-defense/feed/,/feeds/self-defense-633a32/feed.xml,feed,20140109202707,yes
/selma-oxor-dotes-de-cocina-entrevista/,/selma-oxor-dotes-de-cocina-entrevista-40fb69/index.html,post,20131126113509,yes
/selma-oxor-dotes-de-cocina-entrevista/feed/,/feeds/selma-oxor-dotes-de-cocina-entrevista-40fb69/feed.xml,feed,20140110220916,yes
/selma-oxor-lo-que-quiero-video/,/selma-oxor-lo-que-quiero-video-5df26f/index.html,post,20131126082658,yes
/selma-oxor-lo-que-quiero-video/feed/,/feeds/selma-oxor-lo-que-quiero-video-5df26f/feed.xml,feed,20140109190947,no
/selma-oxor-quiero-salir/,/selma-oxor-quiero-salir-2625a1/index.html,post,20131126090104,yes
/selma-oxor-quiero-salir/feed/,/feeds/selma-oxor-quiero-salir-2625a1/feed.xml,feed,20140109192446,yes
/selma-oxor-siempre-en-mi-mente/,/selma-oxor-siempre-en-mi-mente-2635f3/index.html,post,20131126102316,yes
/selma-oxor-siempre-en-mi-mente/feed/,/feeds/selma-oxor-siempre-en-mi-mente-2635f3/feed.xml,feed,20140110210933,yes
/serpent-remixes-2/,/serpent-remixes-2-09e163/index.html,post,20110718230817,yes
/serpent-remixes/,/serpent-remixes-645e32/index.html,post,20131126110320,yes
/serpent-remixes/feed/,/feeds/serpent-remixes-645e32/feed.xml,feed,20140110213100,yes
/sewer-greats-volume-5/,/sewer-greats-volume-5-ec93b5/index.html,post,20131126104346,yes
/sewer-greats-volume-5/feed/,/feeds/sewer-greats-volume-5-ec93b5/feed.xml,feed,20140110212959,yes
/sexy-sweaters/,/sexy-sweaters-dfb399/index.html,post,20131126110814,yes
/sexy-sweaters/feed/,/feeds/sexy-sweaters-dfb399/feed.xml,feed,20140110212706,yes
/shades-lullaby/,/shades-lullaby-108094/index.html,post,20131126094640,yes
/shades-lullaby/feed/,/feeds/shades-lullaby-108094/feed.xml,feed,20140109201905,yes
/shades/,/shades-cf84b8/index.html,post,20131126110301,yes
/shades/feed/,/feeds/shades-cf84b8/feed.xml,feed,20140110213642,yes
/shades_web/fonts/vijaya-webfont.eot,/shades_web/fonts/vijaya-webfont.eot,font,20130113201900,yes
/shades_web/fonts/vijaya-webfont.ttf,/shades_web/fonts/vijaya-webfont.ttf,font,20130113201855,yes
/shades_web/fonts/vijaya-webfont.woff,/shades_web/fonts/vijaya-webfont.woff,font,20130113201850,yes
/shady-blaze-feat-blissed-out-i-dont-care/,/shady-blaze-feat-blissed-out-i-dont-care-f9529d/index.html,post,20131126105957,yes
/shady-blaze-feat-blissed-out-i-dont-care/feed/,/feeds/shady-blaze-feat-blissed-out-i-dont-care-f9529d/feed.xml,feed,20140111004925,yes
/shams-absolutely-dreams/,/shams-absolutely-dreams-6025d7/index.html,post,20131126102959,yes
/shams-absolutely-dreams/feed/,/feeds/shams-absolutely-dreams-6025d7/feed.xml,feed,20140110213137,yes
/shams-and-dj-dog-dick-in-alaska/,/shams-and-dj-dog-dick-in-alaska-1ad7a7/index.html,post,20131126090252,yes
/shams-and-dj-dog-dick-in-alaska/feed/,/feeds/shams-and-dj-dog-dick-in-alaska-1ad7a7/feed.xml,feed,20140109194242,yes
/shams-morales/,/shams-morales-370237/index.html,post,20131126112602,yes
/shams-morales/feed/,/feeds/shams-morales-370237/feed.xml,feed,20140111005516,yes
/sierra-city-center-diamond-club/,/sierra-city-center-diamond-club-c9e42c/index.html,post,20131126102542,yes
/sierra-city-center-diamond-club/feed/,/feeds/sierra-city-center-diamond-club-c9e42c/feed.xml,feed,20140111004845,yes
/six-feet-deep/,/six-feet-deep-53af92/index.html,post,20131126084315,yes
/six-feet-deep/feed/,/feeds/six-feet-deep-53af92/feed.xml,feed,20140109191740,yes
/sky-ferreira-everything-is-embarrassing/,/sky-ferreira-everything-is-embarrassing-ec84ff/index.html,post,20131126094824,yes
/sky-ferreira-everything-is-embarrassing/feed/,/feeds/sky-ferreira-everything-is-embarrassing-ec84ff/feed.xml,feed,20140109203941,yes
/sky-ferreira-red-lips/,/sky-ferreira-red-lips-225969/index.html,post,20131126093740,yes
/sky-ferreira-red-lips/feed/,/feeds/sky-ferreira-red-lips-225969/feed.xml,feed,20140109201642,no
/sky-sky-sky/,/sky-sky-sky-0a7345/index.html,post,20131126083115,yes
/sky-sky-sky/feed/,/feeds/sky-sky-sky-0a7345/feed.xml,feed,20140109190913,yes
/slayer-christmas-lightorama-2/,/slayer-christmas-lightorama-2-b7fe3b/index.html,post,20110718231133,yes
/slayer-christmas-lightorama/,/slayer-christmas-lightorama-94e6a1/index.html,post,20131126102942,yes
/slayer-christmas-lightorama/feed/,/feeds/slayer-christmas-lightorama-94e6a1/feed.xml,feed,20140110212929,yes
/sleep-%E2%88%9E-over-casual-diamond-physical-therapy-remix/,/sleep-over-casual-diamond-physical-therapy-remix-48c14f/index.html,post,20131126113403,yes
/sleep-%E2%88%9E-over-casual-diamond-physical-therapy-remix/feed/,/feeds/sleep-over-casual-diamond-physical-therapy-remix-48c14f/feed.xml,feed,20140110214117,yes
/sleep-%E2%88%9E-over-regresa-2/,/sleep-over-regresa-2-432956/index.html,post,20131126121817,yes
/sleep-%E2%88%9E-over-regresa-2/feed/,/feeds/sleep-over-regresa-2-432956/feed.xml,feed,20140110214723,yes
/sliders-2/,/sliders-2-f95fa9/index.html,post,20131126121918,yes
/sliders-2/feed/,/feeds/sliders-2-f95fa9/feed.xml,feed,20140110215223,yes
/sliders-a-digestible-video-retrospective-from-the-show-cave-archives-2/,/sliders-a-digestible-video-retrospective-from-the-show-cave-archives-2-097b46/index.html,post,20110718224909,yes
/sliders-a-digestible-video-retrospective-from-the-show-cave-archives/,/sliders-a-digestible-video-retrospective-from-the-show-cave-archives-17bcaf/index.html,post,20131126091956,yes
/sliders-a-digestible-video-retrospective-from-the-show-cave-archives/feed/,/feeds/sliders-a-digestible-video-retrospective-from-the-show-cave-archives-17bcaf/feed.xml,feed,20140109194759,yes
/slush-fund/,/slush-fund-e4357a/index.html,post,20131126092226,yes
/slush-fund/feed/,/feeds/slush-fund-e4357a/feed.xml,feed,20140109191458,yes
/smoke-alarm-%E2%88%86aimon-remix/,/smoke-alarm-aimon-remix-88ccec/index.html,post,20131126091946,yes
/smoke-alarm-%E2%88%86aimon-remix/feed/,/feeds/smoke-alarm-aimon-remix-88ccec/feed.xml,feed,20140109195328,yes
/snakes/,/snakes-991c5e/index.html,post,20131126100900,yes
/snakes/feed/,/feeds/snakes-991c5e/feed.xml,feed,20140109202853,yes
/snow-crash/,/snow-crash-af8e03/index.html,post,20131126082955,yes
/snow-crash/feed/,/feeds/snow-crash-af8e03/feed.xml,feed,20140109182431,yes
/so-close-to-paradise-physical-theraphy-remix/,/so-close-to-paradise-physical-theraphy-remix-92bd36/index.html,post,20131126112719,yes
/so-close-to-paradise-physical-theraphy-remix/feed/,/feeds/so-close-to-paradise-physical-theraphy-remix-92bd36/feed.xml,feed,20140110212445,yes
/soda/,/soda-a35544/index.html,post,20131126105839,yes
/soda/feed/,/feeds/soda-a35544/feed.xml,feed,20140110212207,yes
/soft-metals-voices/,/soft-metals-voices-67cba1/index.html,post,20131126125805,yes
/soft-metals-voices/feed/,/feeds/soft-metals-voices-67cba1/feed.xml,feed,20140111005039,yes
/soft-metals/,/soft-metals-8d8902/index.html,post,20131126122301,yes
/soft-metals/feed/,/feeds/soft-metals-8d8902/feed.xml,feed,20140110214343,yes
/soft/,/soft-6b8419/index.html,post,20131126085207,yes
/soft/feed/,/feeds/soft-6b8419/feed.xml,feed,20140109191015,no
/solace/,/solace-1fd51d/index.html,post,20131126104141,yes
/solace/feed/,/feeds/solace-1fd51d/feed.xml,feed,20140110213351,yes
/soledad-fe-ep/,/soledad-fe-ep-1d84c5/index.html,post,20131126085936,yes
/soledad-fe-ep/feed/,/feeds/soledad-fe-ep-1d84c5/feed.xml,feed,20140109192219,yes
/soledad-invisible-video/,/soledad-invisible-video-cff05f/index.html,post,20131126105757,yes
/soledad-invisible-video/feed/,/feeds/soledad-invisible-video-cff05f/feed.xml,feed,20140110213503,yes
/soledad-invisible/,/soledad-invisible-fd1d27/index.html,post,20131126090659,yes
/soledad-invisible/feed/,/feeds/soledad-invisible-fd1d27/feed.xml,feed,20140109194026,yes
/soledad-repetir-sombra/,/soledad-repetir-sombra-a054ca/index.html,post,20131126100531,yes
/soledad-repetir-sombra/feed/,/feeds/soledad-repetir-sombra-a054ca/feed.xml,feed,20140109200707,yes
/sorry-hun/,/sorry-hun-64b69b/index.html,post,20131126091818,yes
/sorry-hun/feed/,/feeds/sorry-hun-64b69b/feed.xml,feed,20140109192904,no
/spaceghostpurrp/,/spaceghostpurrp-4decbb/index.html,post,20131126102505,yes
/spaceghostpurrp/feed/,/feeds/spaceghostpurrp-4decbb/feed.xml,feed,20140110184513,yes
/spc-eco/,/spc-eco-b686ac/index.html,post,20131126110448,yes
/spc-eco/feed/,/feeds/spc-eco-b686ac/feed.xml,feed,20140110213752,yes
/spoek-mathambo-control-2/,/spoek-mathambo-control-2-de6626/index.html,post,20131126094634,yes
/spoek-mathambo-control-2/feed/,/feeds/spoek-mathambo-control-2-de6626/feed.xml,feed,20140109201115,no
/squarepusher-dark-steering/,/squarepusher-dark-steering-44dace/index.html,post,20131126090706,yes
/squarepusher-dark-steering/feed/,/feeds/squarepusher-dark-steering-44dace/feed.xml,feed,20140109194618,yes
/ssion-earthquake/,/ssion-earthquake-735a65/index.html,post,20131126091830,yes
/ssion-earthquake/feed/,/feeds/ssion-earthquake-735a65/feed.xml,feed,20140109194118,yes
/ssion-feel-good-4-evr/,/ssion-feel-good-4-evr-a9470a/index.html,post,20131126084815,yes
/ssion-feel-good-4-evr/feed/,/feeds/ssion-feel-good-4-evr-a9470a/feed.xml,feed,20140109190717,yes
/ssion-kim/,/ssion-kim-dcdc43/index.html,post,20131126091653,yes
/ssion-kim/feed/,/feeds/ssion-kim-dcdc43/feed.xml,feed,20140109194901,yes
/stargate/,/stargate-8c7cfd/index.html,post,20131126082645,yes
/stargate/feed/,/feeds/stargate-8c7cfd/feed.xml,feed,20140109191755,yes
/stay-dandelion/,/stay-dandelion-8ea7cd/index.html,post,20131126101431,yes
/stay-dandelion/feed/,/feeds/stay-dandelion-8ea7cd/feed.xml,feed,20140110192125,yes
/stay-here/,/stay-here-ec224c/index.html,post,20131126100939,yes
/stay-here/feed/,/feeds/stay-here-ec224c/feed.xml,feed,20140109203132,yes
/stoned-boys-andromeda/,/stoned-boys-andromeda-76f2e2/index.html,post,20131126084301,yes
/stoned-boys-andromeda/feed/,/feeds/stoned-boys-andromeda-76f2e2/feed.xml,feed,20140109183559,yes
/stoned-boys-dangerous-skies/,/stoned-boys-dangerous-skies-802dd1/index.html,post,20131126091622,yes
/stoned-boys-dangerous-skies/feed/,/feeds/stoned-boys-dangerous-skies-802dd1/feed.xml,feed,20140109190957,yes
/stoned-boys-dead-friends-2/,/stoned-boys-dead-friends-2-616f93/index.html,post,20110718230824,yes
/stoned-boys-dead-friends/,/stoned-boys-dead-friends-87bb9c/index.html,post,20131126094732,yes
/stoned-boys-dead-friends/feed/,/feeds/stoned-boys-dead-friends-87bb9c/feed.xml,feed,20140109195536,yes
/stoned-boys-forever-2/,/stoned-boys-forever-2-c963e8/index.html,post,20110718230830,yes
/stoned-boys-forever/,/stoned-boys-forever-9a5a41/index.html,post,20131126112939,yes
/stoned-boys-forever/feed/,/feeds/stoned-boys-forever-9a5a41/feed.xml,feed,20140110220909,yes
/strain/,/strain-f7e65d/index.html,post,20131126091908,yes
/strain/feed/,/feeds/strain-f7e65d/feed.xml,feed,20140109192338,no
/stranger%C2%A7-of-a-lst-art/,/stranger-of-a-lst-art-e148f7/index.html,post,20131126083234,yes
/stranger%C2%A7-of-a-lst-art/feed/,/feeds/stranger-of-a-lst-art-e148f7/feed.xml,feed,20140109182506,yes
/suffocation-health-remix/,/suffocation-health-remix-3b00bc/index.html,post,20131126112826,yes
/suffocation-health-remix/feed/,/feeds/suffocation-health-remix-3b00bc/feed.xml,feed,20140111005457,yes
/suicide-dream-2-elite-gymnastics-baptism/,/suicide-dream-2-elite-gymnastics-baptism-23193c/index.html,post,20131126110253,yes
/suicide-dream-2-elite-gymnastics-baptism/feed/,/feeds/suicide-dream-2-elite-gymnastics-baptism-23193c/feed.xml,feed,20140110212646,yes
/sulk-revolution-recording-piano-version/,/sulk-revolution-recording-piano-version-23be75/index.html,post,20131126104242,yes
/sulk-revolution-recording-piano-version/feed/,/feeds/sulk-revolution-recording-piano-version-23be75/feed.xml,feed,20140110212258,yes
/super-future/,/super-future-0d6b0f/index.html,post,20131126090647,yes
/super-future/feed/,/feeds/super-future-0d6b0f/feed.xml,feed,20140109192708,yes
/super-ultra-mixtape/,/super-ultra-mixtape-2a112c/index.html,post,20131126094834,yes
/super-ultra-mixtape/feed/,/feeds/super-ultra-mixtape-2a112c/feed.xml,feed,20140109195952,yes
/supermad/,/supermad-d6fc42/index.html,post,20131126092029,yes
/supermad/feed/,/feeds/supermad-d6fc42/feed.xml,feed,20140109200446,yes
/supreme-cuts-reanimated/,/supreme-cuts-reanimated-b645fd/index.html,post,20131126090653,yes
/supreme-cuts-reanimated/feed/,/feeds/supreme-cuts-reanimated-b645fd/feed.xml,feed,20140109192528,yes
/swag-slangin-yayo-2/,/swag-slangin-yayo-2-edb184/index.html,post,20131126111206,yes
/swag-slangin-yayo-2/feed/,/feeds/swag-slangin-yayo-2-edb184/feed.xml,feed,20140110213716,yes
/synthetik/,/synthetik-4def17/index.html,post,20131126094820,yes
/synthetik/feed/,/feeds/synthetik-4def17/feed.xml,feed,20140109202546,yes
/tag/%E2%80%A0%E2%80%A1%E2%80%A0/,/tag-69d33f/index.html,tag,20130407074842,yes
/tag/4ad/,/tag-4ad-d43882/index.html,tag,20121125083609,yes
/tag/adelle/,/tag-adelle-5ad860/index.html,tag,20140404035926,yes
/tag/alemania/,/tag-alemania-193ffb/index.html,tag,20140103041607,yes
/tag/alexico/,/tag-alexico-39a62d/index.html,tag,20110917085327,yes
/tag/anchorage/,/tag-anchorage-e595fd/index.html,tag,20150220180715,yes
/tag/arbustus/,/tag-arbustus-bdb831/index.html,tag,20110917085333,yes
/tag/ariel-pink/,/tag-ariel-pink-9e6884/index.html,tag,20110604053611,yes
/tag/arte/,/tag-arte-c833f2/index.html,tag,20131126122117,yes
/tag/asian-sex-goddess-hyuna-4-lyf/,/tag-asian-sex-goddess-hyuna-4-lyf-cfb034/index.html,tag,20131031083501,yes
/tag/balam-acab/,/tag-balam-acab-f83bc7/index.html,tag,20110917085343,yes
/tag/bandcamp/,/tag-bandcamp-f4c92a/index.html,tag,20131126110741,yes
/tag/bk-phillips/,/tag-bk-phillips-9fa847/index.html,tag,20140318110745,yes
/tag/bl%C2%A7%C2%A7d-%C3%B8u%E2%80%A0/,/tag-bl-d-øu-d96fac/index.html,tag,20110718224214,yes
/tag/blissed-out/,/tag-blissed-out-e9cc0d/index.html,tag,20131126092439,yes
/tag/boy-friend/,/tag-boy-friend-38daa2/index.html,tag,20111223165723,yes
/tag/breanna-box/,/tag-breanna-box-ca1bc5/index.html,tag,20140318154211,yes
/tag/brenmar/,/tag-brenmar-faf5da/index.html,tag,20131126125709,yes
/tag/butterclock/,/tag-butterclock-1bfce3/index.html,tag,20130617200059,yes
/tag/casino-metropolitano/,/tag-casino-metropolitano-d8a5f3/index.html,tag,20120121082905,yes
/tag/charlene-bagcal/,/tag-charlene-bagcal-4e7007/index.html,tag,20140317222653,yes
/tag/chavvos-was-here/,/tag-chavvos-was-here-1e1780/index.html,tag,20150220203512,yes
/tag/chelsea-wolfe/,/tag-chelsea-wolfe-483d42/index.html,tag,20140318135657,yes
/tag/claire-boucher/,/tag-claire-boucher-270eab/index.html,tag,20120316033944,yes
/tag/colombia/,/tag-colombia-87fdfa/index.html,tag,20131126100958,yes
/tag/columbia-records/,/tag-columbia-records-7cf09e/index.html,tag,20150220195122,yes
/tag/concierto/,/tag-concierto-22f898/index.html,tag,20131126102055,yes
/tag/crackboy/,/tag-crackboy-5a2537/index.html,tag,20131126094949,no
/tag/creep/,/tag-creep-a8e258/index.html,tag,20111224052104,yes
/tag/dani-shivers/,/tag-dani-shivers-65d4f4/index.html,tag,20121117065309,yes
/tag/david-lynch/,/tag-david-lynch-3bf344/index.html,tag,20150220223334,yes
/tag/death-to-posers/,/tag-death-to-posers-9ab120/index.html,tag,20140404040451,yes
/tag/deon/,/tag-deon-7c4a70/index.html,tag,20131126103009,yes
/tag/dis-magazine/,/tag-dis-magazine-fcf7ab/index.html,tag,20131126101530,yes
/tag/disco-gratis/,/tag-disco-gratis-bf79a2/index.html,tag,20131126113248,yes
/tag/dj-maquina-de-muerte/,/tag-dj-maquina-de-muerte-39c599/index.html,tag,20131126102216,yes
/tag/dj-smurphy/,/tag-dj-smurphy-53e6e6/index.html,tag,20131126101420,yes
/tag/download/,/tag-download-55dc98/index.html,tag,20131126102448,yes
/tag/drugs-for-drunks/,/tag-drugs-for-drunks-c3d994/index.html,tag,20131126094057,yes
/tag/el-adios/,/tag-el-adios-4b8765/index.html,tag,20140404042058,yes
/tag/entrevista/,/tag-entrevista-cc7779/index.html,tag,20131126110228,yes
/tag/ep/,/tag-ep-eeec3f/index.html,tag,20121125124512,yes
/tag/eventos/,/tag-eventos-411484/index.html,tag,20111223165741,yes
/tag/fiesta/,/tag-fiesta-b48045/index.html,tag,20131126122247,yes
/tag/florence-and-the-machine/,/tag-florence-and-the-machine-23b5a0/index.html,tag,20140103043432,yes
/tag/fostearcare/,/tag-fostearcare-5c71a2/index.html,tag,20131126090228,yes
/tag/fostercare/,/tag-fostercare-4e2233/index.html,tag,20131126085601,yes
/tag/fotos/,/tag-fotos-09dbac/index.html,tag,20111223165316,yes
/tag/freak-city/,/tag-freak-city-741647/index.html,tag,20121128144244,yes
/tag/funerals/,/tag-funerals-8db7ee/index.html,tag,20110917090146,yes
/tag/funker-vogt/,/tag-funker-vogt-e0b5bd/index.html,tag,20140103043250,yes
/tag/gatekeeper/,/tag-gatekeeper-e5d52c/index.html,tag,20131126094843,yes
/tag/gesaffelstein/,/tag-gesaffelstein-efa169/index.html,tag,20131126112947,yes
/tag/glass-popcorn/,/tag-glass-popcorn-381dc2/index.html,tag,20131126110343,yes
/tag/gratis/,/tag-gratis-a02957/index.html,tag,20131126091650,yes
/tag/grimes/,/tag-grimes-d502b6/index.html,tag,20131126111551,yes
/tag/guess/,/tag-guess-43fb52/index.html,tag,20140319144932,yes
/tag/health/,/tag-health-760a4e/index.html,tag,20131126100617,yes
/tag/hippos-in-tanks/,/tag-hippos-in-tanks-dca2aa/index.html,tag,20131126100836,yes
/tag/house-of-drama/,/tag-house-of-drama-fa59a1/index.html,tag,20130615222139,yes
/tag/how-to-dress-well/,/tag-how-to-dress-well-ec220e/index.html,tag,20131126122109,yes
/tag/humanoid-mutations/,/tag-humanoid-mutations-6b5686/index.html,tag,20120113100209,yes
/tag/indian-jewelry/,/tag-indian-jewelry-89059f/index.html,tag,20130318022015,yes
/tag/internet/,/tag-internet-60ca19/index.html,tag,20140404044332,yes
/tag/janet-jackson/,/tag-janet-jackson-1611c5/index.html,tag,20120120012559,yes
/tag/jj/,/tag-jj-53929a/index.html,tag,20111222194128,yes
/tag/k-pop/,/tag-k-pop-c26fca/index.html,tag,20140103043305,yes
/tag/la-minitk-del-miedo/,/tag-la-minitk-del-miedo-676d8c/index.html,tag,20131126092236,yes
/tag/la-rap/,/tag-la-rap-384c3f/index.html,tag,20121129064156,yes
/tag/light-asylum/,/tag-light-asylum-2dc153/index.html,tag,20131126125932,yes
/tag/lil-b/,/tag-lil-b-f3710c/index.html,tag,20111223164350,yes
/tag/lil-internet/,/tag-lil-internet-dd0982/index.html,tag,20131126092415,yes
/tag/los-angeles/,/tag-los-angeles-1b85f1/index.html,tag,20150220150517,yes
/tag/maligna/,/tag-maligna-502554/index.html,tag,20131126110754,yes
/tag/mexico/,/tag-mexico-b8a8d2/index.html,tag,20130407093537,yes
/tag/minneapolis/,/tag-minneapolis-290022/index.html,tag,20131126090544,yes
/tag/mishka/,/tag-mishka-ca3ffd/index.html,tag,20131126111118,yes
/tag/mix/,/tag-mix-ed5ff3/index.html,tag,20131126094138,yes
/tag/mixtape/,/tag-mixtape-eb3b8d/index.html,tag,20131126090342,yes
/tag/moda/,/tag-moda-b8b0c5/index.html,tag,20111225062052,yes
/tag/mp3/,/tag-mp3-847103/index.html,tag,20131126085845,yes
/tag/mykki-blanco/,/tag-mykki-blanco-9e7fe4/index.html,tag,20131126091758,yes
/tag/naka-naka/,/tag-naka-naka-29c35c/index.html,tag,20131126112847,yes
/tag/negative-youth/,/tag-negative-youth-66fa4d/index.html,tag,20131126105245,yes
/tag/nike7up/,/tag-nike7up-0e5f01/index.html,tag,20111224051032,yes
/tag/nine-inch-nails/,/tag-nine-inch-nails-a10ea9/index.html,tag,20150220142152,yes
/tag/nommo-ogo/,/tag-nommo-ogo-e3d1e7/index.html,tag,20140404043218,yes
/tag/out-of-line/,/tag-out-of-line-932b21/index.html,tag,20140102150537,yes
/tag/paris/,/tag-paris-0d603a/index.html,tag,20131126112955,yes
/tag/petit-pistolette/,/tag-petit-pistolette-0b5edb/index.html,tag,20111223201852,yes
/tag/phoenix/,/tag-phoenix-ceaf87/index.html,tag,20140404043105,yes
/tag/physical-therapy/,/tag-physical-therapy-786f8a/index.html,tag,20131126111001,yes
/tag/pictureplane/,/tag-pictureplane-5bb013/index.html,tag,20131126090304,yes
/tag/puro-instinct/,/tag-puro-instinct-acaa84/index.html,tag,20110810204234,yes
/tag/record-label-records/,/tag-record-label-records-a1baf3/index.html,tag,20150220190520,yes
/tag/remix/,/tag-remix-257a9e/index.html,tag,20131126093528,yes
/tag/resena/,/tag-resena-644134/index.html,tag,20131126105238,yes
/tag/revelator/,/tag-revelator-9c7d40/index.html,tag,20140317060636,yes
/tag/reverberation-appreciation-society/,/tag-reverberation-appreciation-society-57564f/index.html,tag,20130407175504,yes
/tag/richard-dawkins/,/tag-richard-dawkins-065356/index.html,tag,20140404042312,yes
/tag/rikslyd/,/tag-rikslyd-2e9506/index.html,tag,20130617171337,yes
/tag/ritualz/,/tag-ritualz-635482/index.html,tag,20131126094223,yes
/tag/roberto-sanchez/,/tag-roberto-sanchez-6fb7b7/index.html,tag,20140317214000,yes
/tag/rusia/,/tag-rusia-0c52cc/index.html,tag,20120105031132,yes
/tag/ryder-ripps/,/tag-ryder-ripps-d2b30b/index.html,tag,20131126095055,yes
/tag/sacred-bones-records/,/tag-sacred-bones-records-f1619f/index.html,tag,20140404044330,yes
/tag/salem/,/tag-salem-41857c/index.html,tag,20131126090325,yes
/tag/sanfuentes-records/,/tag-sanfuentes-records-449aaf/index.html,tag,20131126084326,yes
/tag/sean-michael-pheanis/,/tag-sean-michael-pheanis-eaa894/index.html,tag,20140318120949,yes
/tag/selma-oxor/,/tag-selma-oxor-6fd4b3/index.html,tag,20131126122138,yes
/tag/seoul/,/tag-seoul-72106a/index.html,tag,20140103042123,yes
/tag/sexy-sweaters/,/tag-sexy-sweaters-869970/index.html,tag,20140320054157,yes
/tag/sleep-%E2%88%9E-over/,/tag-sleep-over-94dd2f/index.html,tag,20111224054822,yes
/tag/soundcloud/,/tag-soundcloud-e596a5/index.html,tag,20121125085904,yes
/tag/stoned-boys/,/tag-stoned-boys-03f972/index.html,tag,20111223211302,yes
/tag/stream/,/tag-stream-ebaac7/index.html,tag,20131126082642,yes
/tag/supermad/,/tag-supermad-0af653/index.html,tag,20120617163749,yes
/tag/t-ara-n4/,/tag-t-ara-n4-915175/index.html,tag,20140103042024,yes
/tag/t-ara/,/tag-t-ara-8676b6/index.html,tag,20140103040606,yes
/tag/t-shirts/,/tag-t-shirts-b44a66/index.html,tag,20140318121015,yes
/tag/teehn-bwitches/,/tag-teehn-bwitches-466729/index.html,tag,20131126110542,yes
/tag/teengirl-fantasy/,/tag-teengirl-fantasy-7008d4/index.html,tag,20121127105205,yes
/tag/the-saatchi-saatchi-new-directors-showcase/,/tag-the-saatchi-saatchi-new-directors-showcase-14a4fd/index.html,tag,20150220204816,yes
/tag/tiesto/,/tag-tiesto-2c3c12/index.html,tag,20140320055239,yes
/tag/tri-angle/,/tag-tri-angle-ed97b4/index.html,tag,20131126125531,yes
/tag/true-parameters/,/tag-true-parameters-3d3603/index.html,tag,20131126094904,no
/tag/tumblr/,/tag-tumblr-553821/index.html,tag,20140317064225,yes
/tag/twin-gemz/,/tag-twin-gemz-243da3/index.html,tag,20131126121950,yes
/tag/uforia/,/tag-uforia-8464a6/index.html,tag,20131126121728,yes
/tag/unicorn-kid/,/tag-unicorn-kid-b82099/index.html,tag,20131126092040,yes
/tag/unison/,/tag-unison-bea5cb/index.html,tag,20111227073926,yes
/tag/vagina-vangi/,/tag-vagina-vangi-045fda/index.html,tag,20110916145543,yes
/tag/vally-girl/,/tag-vally-girl-3fa4cf/index.html,tag,20121129064200,yes
/tag/vegan-cannibal/,/tag-vegan-cannibal-bd1f94/index.html,tag,20131126093451,yes
/tag/video/,/tag-video-e568a3/index.html,tag,20131126100447,yes
/tag/wavves/,/tag-wavves-580623/index.html,tag,20111225065153,yes
/tag/white-horse/,/tag-white-horse-9dc670/index.html,tag,20140317060738,yes
/tag/white-ring/,/tag-white-ring-533883/index.html,tag,20131126122403,yes
/tag/willow-smith/,/tag-willow-smith-49863f/index.html,tag,20110917085521,yes
/tag/witch-house/,/tag-witch-house-69339f/index.html,tag,20110718223132,yes
/tag/xwxwxwxwv/,/tag-xwxwxwxwv-975c5a/index.html,tag,20121003072430,yes
/tag/yen-tech/,/tag-yen-tech-4ca1a0/index.html,tag,20131126093456,yes
/tag/zola-jesus/,/tag-zola-jesus-4bc72a/index.html,tag,20150220190938,yes
/tagged/alexico,/tagged-alexico-751238/index.html,page,20110207073102,yes
/tagged/gatekeeper/,/tagged-gatekeeper-0ad0c6/index.html,page,20140530004814,yes
/tagged/video,/tagged-video-ce6831/index.html,page,20110207073106,yes
/tales-from-the-darkside/,/tales-from-the-darkside-44403b/index.html,post,20131126095716,yes
/tales-from-the-darkside/feed/,/feeds/tales-from-the-darkside-44403b/feed.xml,feed,20140109195758,yes
/tamara-sky-lil-death-m1xx_-v2-0/,/tamara-sky-lil-death-m1xx_-v2-0-f3360a/index.html,post,20131126091513,yes
/tamara-sky-lil-death-m1xx_-v2-0/feed/,/feeds/tamara-sky-lil-death-m1xx_-v2-0-f3360a/feed.xml,feed,20140109191132,yes
/tamara-sky-lil-death/,/tamara-sky-lil-death-d508c5/index.html,post,20131126102131,yes
/tamara-sky-lil-death/feed/,/feeds/tamara-sky-lil-death-d508c5/feed.xml,feed,20140110193105,yes
/tamara-sky-mixtape-para-long-clothing/,/tamara-sky-mixtape-para-long-clothing-ad16b0/index.html,post,20131126085822,yes
/tamara-sky-mixtape-para-long-clothing/feed/,/feeds/tamara-sky-mixtape-para-long-clothing-ad16b0/feed.xml,feed,20140109193037,yes
/tannhausser-gate-obsession/,/tannhausser-gate-obsession-a94f82/index.html,post,20131126085224,yes
/tannhausser-gate-obsession/feed/,/feeds/tannhausser-gate-obsession-a94f82/feed.xml,feed,20140109192915,yes
/tarot/,/tarot-3b2c5f/index.html,post,20131126091903,yes
/tarot/feed/,/feeds/tarot-3b2c5f/feed.xml,feed,20140109193705,yes
/teaadora-2/,/teaadora-2-a7bdf2/index.html,post,20110718224930,yes
/teaadora/,/teaadora-41b80f/index.html,post,20131126112406,yes
/teaadora/feed/,/feeds/teaadora-41b80f/feed.xml,feed,20140110213919,yes
/teamsincerity/,/teamsincerity-8d3a11/index.html,post,20131126104204,yes
/teamsincerity/feed/,/feeds/teamsincerity-8d3a11/feed.xml,feed,20140111004954,yes
/tearist-disposition/,/tearist-disposition-a4b43d/index.html,post,20131126092353,yes
/tearist-disposition/feed/,/feeds/tearist-disposition-a4b43d/feed.xml,feed,20140109191906,yes
/tearist-unarmed/,/tearist-unarmed-1c5274/index.html,post,20131126112455,yes
/tearist-unarmed/feed/,/feeds/tearist-unarmed-1c5274/feed.xml,feed,20140110213301,yes
/teehn-bwitches-b133d-n-d13/,/teehn-bwitches-b133d-n-d13-7b63f2/index.html,post,20131126101341,yes
/teehn-bwitches-b133d-n-d13/feed/,/feeds/teehn-bwitches-b133d-n-d13-7b63f2/feed.xml,feed,20140110211930,yes
/teehn-bwitches-escape/,/teehn-bwitches-escape-53d263/index.html,post,20131126104329,yes
/teehn-bwitches-escape/feed/,/feeds/teehn-bwitches-escape-53d263/feed.xml,feed,20140110213208,yes
/teehn-bwitches-remain-mal003/,/teehn-bwitches-remain-mal003-ed04e5/index.html,post,20131126084830,yes
/teehn-bwitches-remain-mal003/feed/,/feeds/teehn-bwitches-remain-mal003-ed04e5/feed.xml,feed,20140109192335,yes
/teen-witch-3d-slut-ii/,/teen-witch-3d-slut-ii-29955d/index.html,post,20131126093717,yes
/teen-witch-3d-slut-ii/feed/,/feeds/teen-witch-3d-slut-ii-29955d/feed.xml,feed,20140109203651,yes
/teengirl-fantasy-dancing-in-slow-motion-2/,/teengirl-fantasy-dancing-in-slow-motion-2-d44c41/index.html,post,20110718223136,yes
/teengirl-fantasy-dancing-in-slow-motion/,/teengirl-fantasy-dancing-in-slow-motion-987f52/index.html,post,20131126120055,yes
/teengirl-fantasy-dancing-in-slow-motion/feed/,/feeds/teengirl-fantasy-dancing-in-slow-motion-987f52/feed.xml,feed,20140110214306,yes
/teengirl-fantasy-efx-feat-kelela/,/teengirl-fantasy-efx-feat-kelela-9c1152/index.html,post,20131126084426,yes
/teengirl-fantasy-efx-feat-kelela/feed/,/feeds/teengirl-fantasy-efx-feat-kelela-9c1152/feed.xml,feed,20140109194950,yes
/teengirl-fantasy-end/,/teengirl-fantasy-end-62c38b/index.html,post,20131126104322,yes
/teengirl-fantasy-end/feed/,/feeds/teengirl-fantasy-end-62c38b/feed.xml,feed,20140110212328,yes
/teengirl-fantasy-motif/,/teengirl-fantasy-motif-a8e284/index.html,post,20131126082521,yes
/teengirl-fantasy-motif/feed/,/feeds/teengirl-fantasy-motif-a8e284/feed.xml,feed,20140109191852,yes
/teeth-care-bear/,/teeth-care-bear-59e0c9/index.html,post,20131126094242,yes
/teeth-care-bear/feed/,/feeds/teeth-care-bear-59e0c9/feed.xml,feed,20140109203422,yes
/teeth-flowers/,/teeth-flowers-b35893/index.html,post,20131126104655,yes
/teeth-flowers/feed/,/feeds/teeth-flowers-b35893/feed.xml,feed,20140110213931,yes
/telenovela-fantasmux-ii/,/telenovela-fantasmux-ii-6f9c6f/index.html,post,20131126125624,yes
/telenovela-fantasmux-ii/feed/,/feeds/telenovela-fantasmux-ii-6f9c6f/feed.xml,feed,20140110222527,yes
/telenovela-fantasmux/,/telenovela-fantasmux-ac4c3a/index.html,post,20131126113103,yes
/telenovela-fantasmux/feed/,/feeds/telenovela-fantasmux-ac4c3a/feed.xml,feed,20140110214950,yes
/telepathe-throw-away-this/,/telepathe-throw-away-this-6cb6ef/index.html,post,20131126122353,yes
/telepathe-throw-away-this/feed/,/feeds/telepathe-throw-away-this-6cb6ef/feed.xml,feed,20140110214211,yes
/tell-me/,/tell-me-9bada4/index.html,post,20131126084237,yes
/tell-me/feed/,/feeds/tell-me-9bada4/feed.xml,feed,20140109182950,no
/the-airplane-boys-alignment/,/the-airplane-boys-alignment-98cd75/index.html,post,20131126122321,yes
/the-airplane-boys-alignment/feed/,/feeds/the-airplane-boys-alignment-98cd75/feed.xml,feed,20140110214127,yes
/the-architect/,/the-architect-95e21a/index.html,post,20131126091845,yes
/the-architect/feed/,/feeds/the-architect-95e21a/feed.xml,feed,20140109191905,yes
/the-eternal-internet-brotherhood/,/the-eternal-internet-brotherhood-72dcb6/index.html,post,20131126084308,yes
/the-eternal-internet-brotherhood/feed/,/feeds/the-eternal-internet-brotherhood-72dcb6/feed.xml,feed,20140109192732,yes
/the-firm/,/the-firm-ac71b5/index.html,post,20140102150856,yes
/the-internet-fastlane-cocaine/,/the-internet-fastlane-cocaine-b157b8/index.html,post,20131126092518,yes
/the-internet-fastlane-cocaine/feed/,/feeds/the-internet-fastlane-cocaine-b157b8/feed.xml,feed,20140109194418,yes
/the-prince-is-coming-video/,/the-prince-is-coming-video-b53380/index.html,post,20131126090318,yes
/the-prince-is-coming-video/feed/,/feeds/the-prince-is-coming-video-b53380/feed.xml,feed,20140109195035,yes
/the-prince-is-coming/,/the-prince-is-coming-18f15e/index.html,post,20131126090438,yes
/the-prince-is-coming/feed/,/feeds/the-prince-is-coming-18f15e/feed.xml,feed,20140109193541,yes
/the-ring-modulator/,/the-ring-modulator-4eeea7/index.html,post,20131126113517,yes
/the-ring-modulator/feed/,/feeds/the-ring-modulator-4eeea7/feed.xml,feed,20140110214826,yes
/the-weeknd/,/the-weeknd-e4dd51/index.html,post,20131126090240,yes
/the-weeknd/feed/,/feeds/the-weeknd-e4dd51/feed.xml,feed,20140109192134,yes
/the-whendays-untru-love-ii/,/the-whendays-untru-love-ii-d008c3/index.html,post,20131126095755,yes
/the-whendays-untru-love-ii/feed/,/feeds/the-whendays-untru-love-ii-d008c3/feed.xml,feed,20140109201748,yes
/theblackgod/,/theblackgod-ddeb50/index.html,post,20131126082615,yes
/theblackgod/feed/,/feeds/theblackgod-ddeb50/feed.xml,feed,20140109184415,yes
/thee-negative-slave-2/,/thee-negative-slave-2-537ec0/index.html,post,20131126110932,yes
/thee-negative-slave-2/feed/,/feeds/thee-negative-slave-2-537ec0/feed.xml,feed,20140110213955,yes
/thee-physical-remixes/,/thee-physical-remixes-bc9e5f/index.html,post,20131126094113,yes
/thee-physical-remixes/feed/,/feeds/thee-physical-remixes-bc9e5f/feed.xml,feed,20140109201233,yes
/thee-physical/,/thee-physical-f05ec1/index.html,post,20131126093724,yes
/thee-physical/feed/,/feeds/thee-physical-f05ec1/feed.xml,feed,20140109202005,yes
/theephysical-com/,/theephysical-com-69da2b/index.html,post,20131126110413,yes
/theephysical-com/feed/,/feeds/theephysical-com-69da2b/feed.xml,feed,20140110213322,yes
/think-change/,/think-change-1c8362/index.html,post,20131126095537,yes
/think-change/feed/,/feeds/think-change-1c8362/feed.xml,feed,20140109203839,yes
/this-is-for-the-ones-who-care/,/this-is-for-the-ones-who-care-7ff500/index.html,post,20131126100817,yes
/this-is-for-the-ones-who-care/feed/,/feeds/this-is-for-the-ones-who-care-7ff500/feed.xml,feed,20140109202359,yes
/thursday/,/thursday-1226a2/index.html,post,20131126112647,yes
/thursday/feed/,/feeds/thursday-1226a2/feed.xml,feed,20140110213759,yes
/tony-gallardo-ii-lider-juvenil-ep/,/tony-gallardo-ii-lider-juvenil-ep-e6ae3e/index.html,post,20131126093545,yes
/tony-gallardo-ii-lider-juvenil-ep/feed/,/feeds/tony-gallardo-ii-lider-juvenil-ep-e6ae3e/feed.xml,feed,20140109201506,yes
/toro-y-moi-freaking-out-ep/,/toro-y-moi-freaking-out-ep-1708fa/index.html,post,20131126100713,yes
/toro-y-moi-freaking-out-ep/feed/,/feeds/toro-y-moi-freaking-out-ep-1708fa/feed.xml,feed,20140109202852,yes
/total-accomplishment-pigfat/,/total-accomplishment-pigfat-c6dfc2/index.html,post,20131126105856,yes
/total-accomplishment-pigfat/feed/,/feeds/total-accomplishment-pigfat-c6dfc2/feed.xml,feed,20140111004941,yes
/total-accoplishment-live/,/total-accoplishment-live-14f390/index.html,post,20131126121810,yes
/total-accoplishment-live/feed/,/feeds/total-accoplishment-live-14f390/feed.xml,feed,20140110215920,yes
/total-recall-minimix/,/total-recall-minimix-38d19f/index.html,post,20131126113301,yes
/total-recall-minimix/feed/,/feeds/total-recall-minimix-38d19f/feed.xml,feed,20140110220900,yes
/trade/,/trade-6a644a/index.html,post,20131126084320,yes
/trade/feed/,/feeds/trade-6a644a/feed.xml,feed,20140109191756,yes
/trance-forever/,/trance-forever-c7a271/index.html,post,20131126102253,yes
/trance-forever/feed/,/feeds/trance-forever-c7a271/feed.xml,feed,20140110190457,yes
/tree-drum-remixes/,/tree-drum-remixes-d2c208/index.html,post,20131126085144,yes
/tree-drum-remixes/feed/,/feeds/tree-drum-remixes-d2c208/feed.xml,feed,20140109194412,yes
/triad-god-i-never-told-you/,/triad-god-i-never-told-you-38ae28/index.html,post,20131126092319,yes
/triad-god-i-never-told-you/feed/,/feeds/triad-god-i-never-told-you-38ae28/feed.xml,feed,20140109191725,yes
/troll-city/,/troll-city-82c320/index.html,post,20131126093521,yes
/troll-city/feed/,/feeds/troll-city-82c320/feed.xml,feed,20140109203703,yes
/troller/,/troller-cfbd8f/index.html,post,20131126084112,yes
/troller/feed/,/feeds/troller-cfbd8f/feed.xml,feed,20140109183315,yes
/trust-sulk/,/trust-sulk-d4e90b/index.html,post,20131126082756,yes
/trust-sulk/feed/,/feeds/trust-sulk-d4e90b/feed.xml,feed,20140109185240,yes
/tuareg-geeks-uprise/,/tuareg-geeks-uprise-512786/index.html,post,20131126105853,yes
/tuareg-geeks-uprise/feed/,/feeds/tuareg-geeks-uprise-512786/feed.xml,feed,20140111005028,yes
/twin-gemz-car-windows/,/twin-gemz-car-windows-f9bfb2/index.html,post,20131126094126,yes
/twin-gemz-car-windows/feed/,/feeds/twin-gemz-car-windows-f9bfb2/feed.xml,feed,20140109204334,yes
/twin-gemz-strange-luv-magik/,/twin-gemz-strange-luv-magik-34bbb6/index.html,post,20131126092425,yes
/twin-gemz-strange-luv-magik/feed/,/feeds/twin-gemz-strange-luv-magik-34bbb6/feed.xml,feed,20140109190632,yes
/twin-gemz-summer-slaying/,/twin-gemz-summer-slaying-a4426c/index.html,post,20131126093643,yes
/twin-gemz-summer-slaying/feed/,/feeds/twin-gemz-summer-slaying-a4426c/feed.xml,feed,20140109202928,yes
/twin-gemz/,/twin-gemz-31d19e/index.html,post,20131126095810,yes
/twin-gemz/feed/,/feeds/twin-gemz-31d19e/feed.xml,feed,20140109203234,yes
/tyler-the-creator-ofwgkta-2/,/tyler-the-creator-ofwgkta-2-a3d2e6/index.html,post,20131126104625,yes
/tyler-the-creator-ofwgkta-2/feed/,/feeds/tyler-the-creator-ofwgkta-2-a3d2e6/feed.xml,feed,20140110213509,yes
/udown-kit/,/udown-kit-f1da46/index.html,post,20131126093235,yes
/udown-kit/feed/,/feeds/udown-kit-f1da46/feed.xml,feed,20140109202829,yes
/uforia-grimes-deon-en-mexico-2/,/uforia-grimes-deon-en-mexico-2-784f66/index.html,post,20131126094751,yes
/uforia-grimes-deon-en-mexico-2/feed/,/feeds/uforia-grimes-deon-en-mexico-2-784f66/feed.xml,feed,20140109200000,yes
/unbear/,/unbear-0d2d0e/index.html,post,20131126093650,yes
/unbear/feed/,/feeds/unbear-0d2d0e/feed.xml,feed,20140109204411,yes
/unicorn-kid-boys-of-paradise/,/unicorn-kid-boys-of-paradise-450ae0/index.html,post,20131126125902,yes
/unicorn-kid-boys-of-paradise/feed/,/feeds/unicorn-kid-boys-of-paradise-450ae0/feed.xml,feed,20140111005527,yes
/unicorn-kid-need-u/,/unicorn-kid-need-u-78baa8/index.html,post,20131126090322,yes
/unicorn-kid-need-u/feed/,/feeds/unicorn-kid-need-u-78baa8/feed.xml,feed,20140109191850,yes
/unicorn-kid/,/unicorn-kid-6d3d12/index.html,post,20131126084259,yes
/unicorn-kid/feed/,/feeds/unicorn-kid-6d3d12/feed.xml,feed,20140109190954,no
/unicorn-slut/,/unicorn-slut-9497f3/index.html,post,20131126100512,yes
/unicorn-slut/feed/,/feeds/unicorn-slut-9497f3/feed.xml,feed,20140109201758,yes
/unison-blood-blood-blood-2/,/unison-blood-blood-blood-2-0e1851/index.html,post,20110718225509,yes
/unison-blood-blood-blood/,/unison-blood-blood-blood-74819e/index.html,post,20131126094712,yes
/unison-blood-blood-blood/feed/,/feeds/unison-blood-blood-blood-74819e/feed.xml,feed,20140109202330,yes
/unison-brothers-sisters-live/,/unison-brothers-sisters-live-0528d8/index.html,post,20131126095732,yes
/unison-brothers-sisters-live/feed/,/feeds/unison-brothers-sisters-live-0528d8/feed.xml,feed,20140109204110,yes
/united-nation/,/united-nation-77a70d/index.html,post,20131126110833,yes
/united-nation/feed/,/feeds/united-nation-77a70d/feed.xml,feed,20140110213623,yes
/unpopshopness/,/unpopshopness-16ee3d/index.html,post,20131126110524,yes
/unpopshopness/feed/,/feeds/unpopshopness-16ee3d/feed.xml,feed,20140110212419,yes
/user-69/,/user-69-7a7d46/index.html,post,20131126082708,yes
/user-69/feed/,/feeds/user-69-7a7d46/feed.xml,feed,20140109184444,yes
/vagina-vangi-locked-forever/,/vagina-vangi-locked-forever-584730/index.html,post,20131126122428,yes
/vagina-vangi-locked-forever/feed/,/feeds/vagina-vangi-locked-forever-584730/feed.xml,feed,20140110214822,yes
/vally-girl-4g/,/vally-girl-4g-587c58/index.html,post,20131126095631,yes
/vally-girl-4g/feed/,/feeds/vally-girl-4g-587c58/feed.xml,feed,20140109204414,yes
/vegan-cannibal/,/vegan-cannibal-f523de/index.html,post,20131126093612,yes
/vegan-cannibal/feed/,/feeds/vegan-cannibal-f523de/feed.xml,feed,20140109204245,yes
/vermz-in-search-of-downers-pt-1-mal007/,/vermz-in-search-of-downers-pt-1-mal007-2098ef/index.html,post,20131126093449,yes
/vermz-in-search-of-downers-pt-1-mal007/feed/,/feeds/vermz-in-search-of-downers-pt-1-mal007-2098ef/feed.xml,feed,20140109200746,yes
/vermz-la-petite-mort/,/vermz-la-petite-mort-cf6882/index.html,post,20131126102509,yes
/vermz-la-petite-mort/feed/,/feeds/vermz-la-petite-mort-cf6882/feed.xml,feed,20140110212943,yes
/vi/,/vi-f99f13/index.html,post,20131126085335,yes
/vi/feed/,/feeds/vi-f99f13/feed.xml,feed,20140109200446,yes
/vicki-leekx-2/,/vicki-leekx-2-09533b/index.html,post,20110718230128,yes
/vicki-leekx/,/vicki-leekx-9de3aa/index.html,post,20131126094249,yes
/vicki-leekx/feed/,/feeds/vicki-leekx-9de3aa/feed.xml,feed,20140109200948,yes
/vid-nar-mitt-blod-pumpar-i-dig/,/vid-nar-mitt-blod-pumpar-i-dig-aac0b8/index.html,post,20131126094602,yes
/vid-nar-mitt-blod-pumpar-i-dig/feed/,/feeds/vid-nar-mitt-blod-pumpar-i-dig-aac0b8/feed.xml,feed,20140109202721,yes
/video-not-in-love-2/,/video-not-in-love-2-455b23/index.html,post,20110718230133,yes
/video-salem-king-night/,/video-salem-king-night-07d252/index.html,post,20131126112333,yes
/video-salem-king-night/feed/,/feeds/video-salem-king-night-07d252/feed.xml,feed,20140111005450,yes
/video-sleep-%E2%88%9E-over-casual-diamond/,/video-sleep-over-casual-diamond-400d51/index.html,post,20131126091943,yes
/video-sleep-%E2%88%9E-over-casual-diamond/feed/,/feeds/video-sleep-over-casual-diamond-400d51/feed.xml,feed,20140109193529,yes
/vnv-nation-automatic/,/vnv-nation-automatic-438df7/index.html,post,20131126094738,yes
/vnv-nation-automatic/feed/,/feeds/vnv-nation-automatic-438df7/feed.xml,feed,20140109195725,yes
/volume-control/,/volume-control-b459b1/index.html,post,20131126084621,yes
/volume-control/feed/,/feeds/volume-control-b459b1/feed.xml,feed,20140109192843,no
/waka-flocka-flame-murda/,/waka-flocka-flame-murda-6de510/index.html,post,20131126083058,yes
/waka-flocka-flame-murda/feed/,/feeds/waka-flocka-flame-murda-6de510/feed.xml,feed,20140109184010,yes
/wanderlust/,/wanderlust-7d8b4d/index.html,post,20131126084227,yes
/wanderlust/feed/,/feeds/wanderlust-7d8b4d/feed.xml,feed,20140109182452,yes
/warpaint-the-fool-2/,/warpaint-the-fool-2-9620b8/index.html,post,20131126125941,yes
/warpaint-the-fool-2/feed/,/feeds/warpaint-the-fool-2-9620b8/feed.xml,feed,20140110222340,yes
/wassup-asap-rocky/,/wassup-asap-rocky-4e85af/index.html,post,20131126095803,yes
/wassup-asap-rocky/feed/,/feeds/wassup-asap-rocky-4e85af/feed.xml,feed,20140109204342,yes
/wavves-mutant-2/,/wavves-mutant-2-5150c9/index.html,post,20110718223151,yes
/wavves-mutant/,/wavves-mutant-89719b/index.html,post,20131126125659,yes
/wavves-mutant/feed/,/feeds/wavves-mutant-89719b/feed.xml,feed,20140110222206,yes
/wavves-rolling-papers-2/,/wavves-rolling-papers-2-edded9/index.html,post,20110718223156,yes
/wavves-rolling-papers/,/wavves-rolling-papers-2060f2/index.html,post,20131126094255,yes
/wavves-rolling-papers/feed/,/feeds/wavves-rolling-papers-2060f2/feed.xml,feed,20140109203311,yes
/weekend-update-ii/,/weekend-update-ii-6a0f49/index.html,post,20131126100926,yes
/weekend-update-ii/feed/,/feeds/weekend-update-ii-6a0f49/feed.xml,feed,20140109195800,yes
/weekend-update-iii/,/weekend-update-iii-b9f6b1/index.html,post,20131126084451,yes
/weekend-update-iii/feed/,/feeds/weekend-update-iii-b9f6b1/feed.xml,feed,20140109193151,yes
/weekend-update/,/weekend-update-ef3260/index.html,post,20131126082950,yes
/weekend-update/feed/,/feeds/weekend-update-ef3260/feed.xml,feed,20140109182153,no
/when-doves-cry/,/when-doves-cry-089dc8/index.html,post,20131126084715,yes
/when-doves-cry/feed/,/feeds/when-doves-cry-089dc8/feed.xml,feed,20140109191413,yes
/wheres-god/,/wheres-god-e1ae9e/index.html,post,20131126093728,yes
/wheres-god/feed/,/feeds/wheres-god-e1ae9e/feed.xml,feed,20140109195804,yes
/white-eyes/,/white-eyes-a613af/index.html,post,20131126090416,yes
/white-eyes/feed/,/feeds/white-eyes-a613af/feed.xml,feed,20140109200443,yes
/white-ring-chaind-vol-1/,/white-ring-chaind-vol-1-aa9c6d/index.html,post,20131126092400,yes
/white-ring-chaind-vol-1/feed/,/feeds/white-ring-chaind-vol-1-aa9c6d/feed.xml,feed,20140109191226,yes
/white-ring-felt-u-2/,/white-ring-felt-u-2-ef93d9/index.html,post,20110718223206,yes
/white-ring-felt-u/,/white-ring-felt-u-6d1aa2/index.html,post,20131126085350,yes
/white-ring-felt-u/feed/,/feeds/white-ring-felt-u-6d1aa2/feed.xml,feed,20140109193934,yes
/white-ring-mexico-df/,/white-ring-mexico-df-35b37b/index.html,post,20131126092502,yes
/white-ring-mexico-df/feed/,/feeds/white-ring-mexico-df-35b37b/feed.xml,feed,20140109194159,yes
/wicked-games-2/,/wicked-games-2-4f2fe6/index.html,post,20110718231335,yes
/wicked-games/,/wicked-games-29f7d3/index.html,post,20131126100515,yes
/wicked-games/feed/,/feeds/wicked-games-29f7d3/feed.xml,feed,20140109201101,yes
/wife/,/wife-b2f235/index.html,post,20131126092022,yes
/wife/feed/,/feeds/wife-b2f235/feed.xml,feed,20140109191759,yes
/willow-smith-21st-century-girl-2/,/willow-smith-21st-century-girl-2-1667c7/index.html,post,20131126110402,yes
/willow-smith-21st-century-girl-2/feed/,/feeds/willow-smith-21st-century-girl-2-1667c7/feed.xml,feed,20140110213630,yes
/willow-smith-whip-my-hair-clit-talk-screw-2/,/willow-smith-whip-my-hair-clit-talk-screw-2-add127/index.html,post,20131126122101,yes
/willow-smith-whip-my-hair-clit-talk-screw-2/feed/,/feeds/willow-smith-whip-my-hair-clit-talk-screw-2-add127/feed.xml,feed,20140110215532,yes
/wish-book-volume-1/,/wish-book-volume-1-580a83/index.html,post,20131126094853,yes
/wish-book-volume-1/feed/,/feeds/wish-book-volume-1-580a83/feed.xml,feed,20140109200931,yes
/witch-doktor-l-vis-1990-edit/,/witch-doktor-l-vis-1990-edit-1fa890/index.html,post,20131126082621,yes
/witch-doktor-l-vis-1990-edit/feed/,/feeds/witch-doktor-l-vis-1990-edit-1fa890/feed.xml,feed,20140109182948,yes
/with-u/,/with-u-ba71cc/index.html,post,20131126113208,yes
/with-u/feed/,/feeds/with-u-ba71cc/feed.xml,feed,20140110214206,yes
/world-war/,/world-war-9bf8c2/index.html,post,20131126102458,yes
/world-wide-gallery-traxx/,/world-wide-gallery-traxx-8b7228/index.html,post,20131126104646,yes
/world-wide-gallery-traxx/feed/,/feeds/world-wide-gallery-traxx-8b7228/feed.xml,feed,20140110212434,yes
/wp-content/header-images/01.png,/wp-content/header-images/01.png,image,20110823023239,yes
/wp-content/header-images/04.png,/wp-content/header-images/04.png,image,20110823023549,yes
/wp-content/header-images/amlo_2.png,/wp-content/header-images/amlo_2.png,image,20120624205546,yes
/wp-content/plugins/download-monitor/page-addon/downloadbutton.gif,/wp-content/plugins/download-monitor/page-addon/downloadbutton.gif,image,20141224195315,yes
/wp-content/plugins/download-monitor/page-addon/morebutton.gif,/wp-content/plugins/download-monitor/page-addon/morebutton.gif,image,20141224172211,yes
/wp-content/plugins/download-monitor/page-addon/styles.css?ver=3.3.2,/wp-content/plugins/download-monitor/page-addon/styles.css-qver-3.3.2-4f8b17,css,20120624205542,yes
/wp-content/plugins/download-monitor/page-addon/styles.css?ver=3.5.1,/wp-content/plugins/download-monitor/page-addon/styles.css-qver-3.5.1-90d1c0,css,20131023045647,yes
/wp-content/plugins/download-monitor/page-addon/styles.css?ver=3.8,/wp-content/plugins/download-monitor/page-addon/styles.css-qver-3.8-24df1f,css,20140211010103,yes
/wp-content/plugins/download-monitor/page-addon/styles.css?ver=3.8.1,/wp-content/plugins/download-monitor/page-addon/styles.css-qver-3.8.1-d5c691,css,20140210091518,yes
/wp-content/plugins/download-monitor/page-addon/styles.css?ver=3.8.3,/wp-content/plugins/download-monitor/page-addon/styles.css-qver-3.8.3-94b022,css,20140522015730,yes
/wp-content/plugins/download-monitor/page-addon/styles.css?ver=3.8.4,/wp-content/plugins/download-monitor/page-addon/styles.css-qver-3.8.4-00223f,css,20140903194034,yes
/wp-content/plugins/download-monitor/page-addon/styles.css?ver=3.8.5,/wp-content/plugins/download-monitor/page-addon/styles.css-qver-3.8.5-7ef40e,css,20141224172256,yes
/wp-content/plugins/jetpack/modules/subscriptions/subscriptions.css?ver=3.8.3,/wp-content/plugins/jetpack/modules/subscriptions/subscriptions.css-qver-3.8.3-94b022,css,20140521225603,yes
/wp-content/plugins/jetpack/modules/subscriptions/subscriptions.css?ver=3.8.4,/wp-content/plugins/jetpack/modules/subscriptions/subscriptions.css-qver-3.8.4-00223f,css,20140903195415,yes
/wp-content/plugins/jetpack/modules/subscriptions/subscriptions.css?ver=3.8.5,/wp-content/plugins/jetpack/modules/subscriptions/subscriptions.css-qver-3.8.5-7ef40e,css,20141224161630,yes
/wp-content/plugins/jetpack/modules/widgets/widgets.css?ver=20121003,/wp-content/plugins/jetpack/modules/widgets/widgets.css-qver-20121003-6e7f7f,css,20140109185937,yes
/wp-content/plugins/jquery-archive-list-widget/jal.js?ver=3.3.2,/wp-content/plugins/jquery-archive-list-widget/jal.js-qver-3.3.2-4f8b17,js,20120624205542,yes
/wp-content/plugins/jquery-archive-list-widget/jal.js?ver=3.5.1,/wp-content/plugins/jquery-archive-list-widget/jal.js-qver-3.5.1-90d1c0,js,20140109182349,yes
/wp-content/plugins/really-simple-facebook-twitter-share-buttons/images/facebook-share.png,/wp-content/plugins/really-simple-facebook-twitter-share-buttons/images/facebook-share.png,image,20140109192757,yes
/wp-content/plugins/really-simple-facebook-twitter-share-buttons/style.css?ver=3.3.2,/wp-content/plugins/really-simple-facebook-twitter-share-buttons/style.css-qver-3.3.2-4f8b17,css,20120624205542,yes
/wp-content/plugins/really-simple-facebook-twitter-share-buttons/style.css?ver=3.5.1,/wp-content/plugins/really-simple-facebook-twitter-share-buttons/style.css-qver-3.5.1-90d1c0,css,20140109191806,yes
/wp-content/plugins/really-simple-facebook-twitter-share-buttons/style.css?ver=3.8,/wp-content/plugins/really-simple-facebook-twitter-share-buttons/style.css-qver-3.8-24df1f,css,20140211005759,yes
/wp-content/plugins/really-simple-facebook-twitter-share-buttons/style.css?ver=3.8.1,/wp-content/plugins/really-simple-facebook-twitter-share-buttons/style.css-qver-3.8.1-d5c691,css,20140210095456,yes
/wp-content/plugins/really-simple-facebook-twitter-share-buttons/style.css?ver=3.8.3,/wp-content/plugins/really-simple-facebook-twitter-share-buttons/style.css-qver-3.8.3-94b022,css,20140521223419,yes
/wp-content/plugins/really-simple-facebook-twitter-share-buttons/style.css?ver=3.8.4,/wp-content/plugins/really-simple-facebook-twitter-share-buttons/style.css-qver-3.8.4-00223f,css,20140903200635,yes
/wp-content/plugins/really-simple-facebook-twitter-share-buttons/style.css?ver=3.8.5,/wp-content/plugins/really-simple-facebook-twitter-share-buttons/style.css-qver-3.8.5-7ef40e,css,20141224162707,yes
/wp-content/plugins/wp-recaptcha/email.png,/wp-content/plugins/wp-recaptcha/email.png,image,20131023061311,yes
/wp-content/plugins/wp-recaptcha/recaptcha.css,/wp-content/plugins/wp-recaptcha/recaptcha.css,css,20110823024420,yes
/wp-content/plugins/xavins-review-ratings/default/blank_star.png,/wp-content/plugins/xavins-review-ratings/default/blank_star.png,image,20140109193808,yes
/wp-content/plugins/xavins-review-ratings/default/star.png,/wp-content/plugins/xavins-review-ratings/default/star.png,image,20140109195313,yes
/wp-content/themes/sandbox/backgrounds/fondo3.jpg,/wp-content/themes/sandbox/backgrounds/fondo3.jpg,image,20120624205555,yes
/wp-content/themes/sandbox/fonts/BebasNeue-webfont.svg,/wp-content/themes/sandbox/fonts/BebasNeue-webfont.svg,image,20131102034808,yes
/wp-content/themes/sandbox/fonts/BebasNeue-webfont.ttf,/wp-content/themes/sandbox/fonts/BebasNeue-webfont.ttf,font,20131023051757,yes
/wp-content/themes/sandbox/fonts/helvetica_lt_27_ultra_light_condensed-webfont.eot,/wp-content/themes/sandbox/fonts/helvetica_lt_27_ultra_light_condensed-webfont.eot,font,20150124104148,yes
/wp-content/themes/sandbox/fonts/helvetica_lt_27_ultra_light_condensed-webfont.svg,/wp-content/themes/sandbox/fonts/helvetica_lt_27_ultra_light_condensed-webfont.svg,image,20131023051858,yes
/wp-content/themes/sandbox/fonts/helvetica_lt_27_ultra_light_condensed-webfont.ttf,/wp-content/themes/sandbox/fonts/helvetica_lt_27_ultra_light_condensed-webfont.ttf,font,20131102034732,yes
/wp-content/themes/sandbox/fonts/helvetica_lt_27_ultra_light_condensed-webfont.woff,/wp-content/themes/sandbox/fonts/helvetica_lt_27_ultra_light_condensed-webfont.woff,font,20131102034737,yes
/wp-content/themes/sandbox/fonts/helvetica_lt_37_thin_condensed-webfont.eot,/wp-content/themes/sandbox/fonts/helvetica_lt_37_thin_condensed-webfont.eot,font,20150124093918,yes
/wp-content/themes/sandbox/fonts/helvetica_lt_37_thin_condensed-webfont.svg,/wp-content/themes/sandbox/fonts/helvetica_lt_37_thin_condensed-webfont.svg,image,20131102034748,yes
/wp-content/themes/sandbox/fonts/helvetica_lt_37_thin_condensed-webfont.ttf,/wp-content/themes/sandbox/fonts/helvetica_lt_37_thin_condensed-webfont.ttf,font,20140109191305,yes
/wp-content/themes/sandbox/fonts/helvetica_lt_37_thin_condensed-webfont.woff,/wp-content/themes/sandbox/fonts/helvetica_lt_37_thin_condensed-webfont.woff,font,20131023051821,yes
/wp-content/themes/sandbox/fonts/helvetica_lt_47_light_condensed-webfont.eot,/wp-content/themes/sandbox/fonts/helvetica_lt_47_light_condensed-webfont.eot,font,20131023051914,yes
/wp-content/themes/sandbox/fonts/helvetica_lt_47_light_condensed-webfont.svg,/wp-content/themes/sandbox/fonts/helvetica_lt_47_light_condensed-webfont.svg,image,20131023051844,yes
/wp-content/themes/sandbox/fonts/helvetica_lt_47_light_condensed-webfont.ttf,/wp-content/themes/sandbox/fonts/helvetica_lt_47_light_condensed-webfont.ttf,font,20131102034743,yes
/wp-content/themes/sandbox/fonts/helvetica_lt_47_light_condensed-webfont.woff,/wp-content/themes/sandbox/fonts/helvetica_lt_47_light_condensed-webfont.woff,font,20131023051826,yes
/wp-content/themes/sandbox/fonts/helvetica_lt_57_condensed-webfont.eot,/wp-content/themes/sandbox/fonts/helvetica_lt_57_condensed-webfont.eot,font,20131023051829,yes
/wp-content/themes/sandbox/fonts/helvetica_lt_57_condensed-webfont.svg,/wp-content/themes/sandbox/fonts/helvetica_lt_57_condensed-webfont.svg,image,20131023051903,yes
/wp-content/themes/sandbox/fonts/helvetica_lt_57_condensed-webfont.ttf,/wp-content/themes/sandbox/fonts/helvetica_lt_57_condensed-webfont.ttf,font,20140109192845,yes
/wp-content/themes/sandbox/fonts/helvetica_lt_57_condensed-webfont.woff,/wp-content/themes/sandbox/fonts/helvetica_lt_57_condensed-webfont.woff,font,20131023051840,yes
/wp-content/themes/sandbox/images/separacion7.png,/wp-content/themes/sandbox/images/separacion7.png,image,20110823024921,yes
/wp-content/themes/sandbox/j/function.js,/wp-content/themes/sandbox/j/function.js,js,20131031202426,yes
/wp-content/themes/sandbox/j/jquery.blockUI.js,/wp-content/themes/sandbox/j/jquery.blockUI.js,js,20131031203738,yes
/wp-content/themes/sandbox/style.css,/wp-content/themes/sandbox/style.css,css,20140521200323,yes
/wp-content/uploads/2010/10/2011-02-Maluca-at-SOBs-051-200x200.jpg,/wp-content/uploads/2010/10/2011-02-Maluca-at-SOBs-051-200x200.jpg,image,20140109190409,yes
/wp-content/uploads/2010/10/article_image-image-article1-200x200.jpg,/wp-content/uploads/2010/10/article_image-image-article1-200x200.jpg,image,20140109191815,yes
/wp-content/uploads/2010/10/emo-200x200.png,/wp-content/uploads/2010/10/emo-200x200.png,image,20140109190720,yes
/wp-content/uploads/2010/10/genevaariel-11-200x200.jpg,/wp-content/uploads/2010/10/genevaariel-11-200x200.jpg,image,20140109185404,yes
/wp-content/uploads/2010/11/01-200x200.jpg,/wp-content/uploads/2010/11/01-200x200.jpg,image,20140109192633,yes
/wp-content/uploads/2010/11/Blissed-Out-1221-200x200.jpg,/wp-content/uploads/2010/11/Blissed-Out-1221-200x200.jpg,image,20140109202436,yes
/wp-content/uploads/2010/11/Lil-B-Illusions-Of-Grandeur1-200x200.jpg,/wp-content/uploads/2010/11/Lil-B-Illusions-Of-Grandeur1-200x200.jpg,image,20140109190203,yes
/wp-content/uploads/2010/11/Picture-3-200x200.png,/wp-content/uploads/2010/11/Picture-3-200x200.png,image,20140109192312,yes
/wp-content/uploads/2010/11/White+Ring+wrfeb20todd1-200x200.jpg,/wp-content/uploads/2010/11/White+Ring+wrfeb20todd1-200x200.jpg,image,20140109183533,yes
/wp-content/uploads/2010/11/White+Ring+wrfeb20todd1-700x800.jpg,/wp-content/uploads/2010/11/White+Ring+wrfeb20todd1-700x800.jpg,image,20140109193935,yes
/wp-content/uploads/2010/11/angelina-pivarnick-jersey-shore1-200x200.jpg,/wp-content/uploads/2010/11/angelina-pivarnick-jersey-shore1-200x200.jpg,image,20140109195003,yes
/wp-content/uploads/2010/11/hideous-150x150.jpg,/wp-content/uploads/2010/11/hideous-150x150.jpg,image,20140109191410,yes
/wp-content/uploads/2010/11/hideous-700x800.jpg,/wp-content/uploads/2010/11/hideous-700x800.jpg,image,20140110212914,yes
/wp-content/uploads/2010/11/purrrple-200x200.png,/wp-content/uploads/2010/11/purrrple-200x200.png,image,20140109185030,yes
/wp-content/uploads/2010/11/robyn-indestructible1-200x200.jpg,/wp-content/uploads/2010/11/robyn-indestructible1-200x200.jpg,image,20140109200445,yes
/wp-content/uploads/2010/11/teengirl.fantasy.11-12-20101-200x200.jpg,/wp-content/uploads/2010/11/teengirl.fantasy.11-12-20101-200x200.jpg,image,20140109193431,yes
/wp-content/uploads/2010/12/DSC03331-200x200.jpg,/wp-content/uploads/2010/12/DSC03331-200x200.jpg,image,20140109185207,yes
/wp-content/uploads/2010/12/DSC03331-700x800.jpg,/wp-content/uploads/2010/12/DSC03331-700x800.jpg,image,20140109201230,yes
/wp-content/uploads/2010/12/Picture-4-200x200.png,/wp-content/uploads/2010/12/Picture-4-200x200.png,image,20140109200501,yes
/wp-content/uploads/2010/12/cce-200x200.jpg,/wp-content/uploads/2010/12/cce-200x200.jpg,image,20140109190922,no
/wp-content/uploads/2010/12/cce.jpg,/wp-content/uploads/2010/12/cce.jpg,image,20140110213147,yes
/wp-content/uploads/2010/12/dipset-150x150.jpg,/wp-content/uploads/2010/12/dipset-150x150.jpg,image,20140109182108,yes
/wp-content/uploads/2010/12/dipset.jpg,/wp-content/uploads/2010/12/dipset.jpg,image,20140109193423,yes
/wp-content/uploads/2010/12/egypt-200x200.png,/wp-content/uploads/2010/12/egypt-200x200.png,image,20140109184451,yes
/wp-content/uploads/2010/12/jj+Elin+from++21-200x200.jpg,/wp-content/uploads/2010/12/jj+Elin+from++21-200x200.jpg,image,20140109185713,yes
/wp-content/uploads/2010/12/jj1-150x150.jpg,/wp-content/uploads/2010/12/jj1-150x150.jpg,image,20140109182515,yes
/wp-content/uploads/2010/12/jj1-700x800.jpg,/wp-content/uploads/2010/12/jj1-700x800.jpg,image,20140110213422,yes
/wp-content/uploads/2010/12/mejor.jpg,/wp-content/uploads/2010/12/mejor.jpg,image,20140109193352,yes
/wp-content/uploads/2010/12/mixtape2010-200x200.jpg,/wp-content/uploads/2010/12/mixtape2010-200x200.jpg,image,20140109190701,yes
/wp-content/uploads/2010/12/mixtape2010.jpg,/wp-content/uploads/2010/12/mixtape2010.jpg,image,20140110221148,yes
/wp-content/uploads/2010/12/negayouth-200x200.png,/wp-content/uploads/2010/12/negayouth-200x200.png,image,20140109192250,yes
/wp-content/uploads/2010/12/petit-200x200.png,/wp-content/uploads/2010/12/petit-200x200.png,image,20140109183149,yes
/wp-content/uploads/2010/12/skies-200x200.png,/wp-content/uploads/2010/12/skies-200x200.png,image,20140110213816,yes
/wp-content/uploads/2010/12/tumblr_ldhg3uBShc1qdeloq-200x200.jpg,/wp-content/uploads/2010/12/tumblr_ldhg3uBShc1qdeloq-200x200.jpg,image,20140109192215,yes
/wp-content/uploads/2010/12/tumblr_ldhg3uBShc1qdeloq.jpg,/wp-content/uploads/2010/12/tumblr_ldhg3uBShc1qdeloq.jpg,image,20140110212642,yes
/wp-content/uploads/2010/12/vikki-200x200.jpg,/wp-content/uploads/2010/12/vikki-200x200.jpg,image,20140109192040,yes
/wp-content/uploads/2010/12/vikki.jpg,/wp-content/uploads/2010/12/vikki.jpg,image,20140109201437,yes
/wp-content/uploads/2010/12/yesayer-200x200.jpg,/wp-content/uploads/2010/12/yesayer-200x200.jpg,image,20131031203740,yes
/wp-content/uploads/2010/12/yesayer.jpg,/wp-content/uploads/2010/12/yesayer.jpg,image,20140110212905,yes
/wp-content/uploads/2011/01/44311_490569929571_121126084571_6837504_1506395_n1-200x200.jpg,/wp-content/uploads/2011/01/44311_490569929571_121126084571_6837504_1506395_n1-200x200.jpg,image,20140109191807,yes
/wp-content/uploads/2011/01/44311_490569929571_121126084571_6837504_1506395_n1.jpg,/wp-content/uploads/2011/01/44311_490569929571_121126084571_6837504_1506395_n1.jpg,image,20140110213757,yes
/wp-content/uploads/2011/01/H.A.M.-kanye-west-and-jay-z1-200x200.jpg,/wp-content/uploads/2011/01/H.A.M.-kanye-west-and-jay-z1-200x200.jpg,image,20140109193718,yes
/wp-content/uploads/2011/01/H.A.M.-kanye-west-and-jay-z1-700x800.jpg,/wp-content/uploads/2011/01/H.A.M.-kanye-west-and-jay-z1-700x800.jpg,image,20140110212529,yes
/wp-content/uploads/2011/01/KONNICHIWA-200x200.jpg,/wp-content/uploads/2011/01/KONNICHIWA-200x200.jpg,image,20140109195336,yes
/wp-content/uploads/2011/01/KONNICHIWA.jpg,/wp-content/uploads/2011/01/KONNICHIWA.jpg,image,20140110215030,yes
/wp-content/uploads/2011/01/PI_Photo11-200x200.jpg,/wp-content/uploads/2011/01/PI_Photo11-200x200.jpg,image,20140109191854,yes
/wp-content/uploads/2011/01/PI_Photo11.jpg,/wp-content/uploads/2011/01/PI_Photo11.jpg,image,20140109195136,yes
/wp-content/uploads/2011/01/PP_6FlagsStill_031-200x200.jpg,/wp-content/uploads/2011/01/PP_6FlagsStill_031-200x200.jpg,image,20140109191803,yes
/wp-content/uploads/2011/01/PP_6FlagsStill_031-700x720.jpg,/wp-content/uploads/2011/01/PP_6FlagsStill_031-700x720.jpg,image,20140110205303,yes
/wp-content/uploads/2011/01/bethany-200x200.jpg,/wp-content/uploads/2011/01/bethany-200x200.jpg,image,20110823023134,yes
/wp-content/uploads/2011/01/bethany.jpg,/wp-content/uploads/2011/01/bethany.jpg,image,20140110193247,yes
/wp-content/uploads/2011/01/bj-200x200.png,/wp-content/uploads/2011/01/bj-200x200.png,image,20140109183134,yes
/wp-content/uploads/2011/01/black-metal-kids-200x200.jpg,/wp-content/uploads/2011/01/black-metal-kids-200x200.jpg,image,20140109183906,yes
/wp-content/uploads/2011/01/blissedout-200x200.jpg,/wp-content/uploads/2011/01/blissedout-200x200.jpg,image,20140111005446,yes
/wp-content/uploads/2011/01/blissedout.jpg,/wp-content/uploads/2011/01/blissedout.jpg,image,20140111005043,yes
/wp-content/uploads/2011/01/blssd-out-200x200.png,/wp-content/uploads/2011/01/blssd-out-200x200.png,image,20140109185237,yes
/wp-content/uploads/2011/01/boy-friend-200x200.jpg,/wp-content/uploads/2011/01/boy-friend-200x200.jpg,image,20140109190859,yes
/wp-content/uploads/2011/01/boy-friend.jpg,/wp-content/uploads/2011/01/boy-friend.jpg,image,20140110221818,yes
/wp-content/uploads/2011/01/britney-hold-it-against-me1-200x200.jpg,/wp-content/uploads/2011/01/britney-hold-it-against-me1-200x200.jpg,image,20140109192217,yes
/wp-content/uploads/2011/01/britney-hold-it-against-me1.jpg,/wp-content/uploads/2011/01/britney-hold-it-against-me1.jpg,image,20140110195420,yes
/wp-content/uploads/2011/01/cc_not_in_love_large_cover___11-200x200.jpg,/wp-content/uploads/2011/01/cc_not_in_love_large_cover___11-200x200.jpg,image,20140109194139,yes
/wp-content/uploads/2011/01/cover1-200x200.jpg,/wp-content/uploads/2011/01/cover1-200x200.jpg,image,20140109182106,yes
/wp-content/uploads/2011/01/cover1.jpg,/wp-content/uploads/2011/01/cover1.jpg,image,20140110214616,yes
/wp-content/uploads/2011/01/deeep-200x200.png,/wp-content/uploads/2011/01/deeep-200x200.png,image,20140109193818,yes
/wp-content/uploads/2011/01/gatekeeper-200x200.jpg,/wp-content/uploads/2011/01/gatekeeper-200x200.jpg,image,20140109192419,yes
/wp-content/uploads/2011/01/gatekeeper.jpg,/wp-content/uploads/2011/01/gatekeeper.jpg,image,20140110212607,yes
/wp-content/uploads/2011/01/kanye-200x200.jpg,/wp-content/uploads/2011/01/kanye-200x200.jpg,image,20140109194113,yes
/wp-content/uploads/2011/01/kanye.jpg,/wp-content/uploads/2011/01/kanye.jpg,image,20140110214031,yes
/wp-content/uploads/2011/01/kid-sister-kiss-kiss-kiss-fools-gold1-200x200.png,/wp-content/uploads/2011/01/kid-sister-kiss-kiss-kiss-fools-gold1-200x200.png,image,20140109192345,yes
/wp-content/uploads/2011/01/kid-sister-kiss-kiss-kiss-fools-gold1.png,/wp-content/uploads/2011/01/kid-sister-kiss-kiss-kiss-fools-gold1.png,image,20140110213542,yes
/wp-content/uploads/2011/01/light-asylum-dark-allies-608x3371-200x200.jpg,/wp-content/uploads/2011/01/light-asylum-dark-allies-608x3371-200x200.jpg,image,20110823023209,yes
/wp-content/uploads/2011/01/masnike7up-200x200.jpg,/wp-content/uploads/2011/01/masnike7up-200x200.jpg,image,20140109191426,yes
/wp-content/uploads/2011/01/masnike7up.jpg,/wp-content/uploads/2011/01/masnike7up.jpg,image,20140110221151,yes
/wp-content/uploads/2011/01/negative-youth-4-200x200.jpg,/wp-content/uploads/2011/01/negative-youth-4-200x200.jpg,image,20140109182520,no
/wp-content/uploads/2011/01/negative-youth-4.jpg,/wp-content/uploads/2011/01/negative-youth-4.jpg,image,20140109200455,yes
/wp-content/uploads/2011/01/nike-200x200.jpg,/wp-content/uploads/2011/01/nike-200x200.jpg,image,20140109183824,yes
/wp-content/uploads/2011/01/nike.jpg,/wp-content/uploads/2011/01/nike.jpg,image,20140110213212,yes
/wp-content/uploads/2011/01/nike7up-200x200.jpg,/wp-content/uploads/2011/01/nike7up-200x200.jpg,image,20140109204004,yes
/wp-content/uploads/2011/01/nike7up-sin-parar-200x200.jpg,/wp-content/uploads/2011/01/nike7up-sin-parar-200x200.jpg,image,20140109184251,yes
/wp-content/uploads/2011/01/nike7up-sin-parar.jpg,/wp-content/uploads/2011/01/nike7up-sin-parar.jpg,image,20140110205037,yes
/wp-content/uploads/2011/01/nike7up.jpg,/wp-content/uploads/2011/01/nike7up.jpg,image,20140109200923,yes
/wp-content/uploads/2011/01/ocultismo.jpg,/wp-content/uploads/2011/01/ocultismo.jpg,image,20140109203432,yes
/wp-content/uploads/2011/01/olivia.jpg,/wp-content/uploads/2011/01/olivia.jpg,image,20140109191808,yes
/wp-content/uploads/2011/01/peepr-200x200.jpg,/wp-content/uploads/2011/01/peepr-200x200.jpg,image,20140109191836,yes
/wp-content/uploads/2011/01/peepr.jpg,/wp-content/uploads/2011/01/peepr.jpg,image,20140110222951,yes
/wp-content/uploads/2011/01/pictureplane-copy-200x200.jpg,/wp-content/uploads/2011/01/pictureplane-copy-200x200.jpg,image,20140109193316,yes
/wp-content/uploads/2011/01/pictureplane-copy1.jpg,/wp-content/uploads/2011/01/pictureplane-copy1.jpg,image,20140110212435,yes
/wp-content/uploads/2011/01/stoned-200x200.jpg,/wp-content/uploads/2011/01/stoned-200x200.jpg,image,20140109183326,yes
/wp-content/uploads/2011/01/stoned.jpg,/wp-content/uploads/2011/01/stoned.jpg,image,20140110214602,yes
/wp-content/uploads/2011/01/summer-200x200.jpg,/wp-content/uploads/2011/01/summer-200x200.jpg,image,20140109185811,yes
/wp-content/uploads/2011/01/summer.jpg,/wp-content/uploads/2011/01/summer.jpg,image,20140109202306,yes
/wp-content/uploads/2011/01/teaa-200x200.jpg,/wp-content/uploads/2011/01/teaa-200x200.jpg,image,20140109193206,yes
/wp-content/uploads/2011/01/teaa.jpg,/wp-content/uploads/2011/01/teaa.jpg,image,20140110212744,yes
/wp-content/uploads/2011/01/trish-200x200.png,/wp-content/uploads/2011/01/trish-200x200.png,image,20140109182959,yes
/wp-content/uploads/2011/01/wavves-200x200.jpg,/wp-content/uploads/2011/01/wavves-200x200.jpg,image,20131104103704,yes
/wp-content/uploads/2011/01/wavves.jpg,/wp-content/uploads/2011/01/wavves.jpg,image,20140110222323,yes
/wp-content/uploads/2011/01/wicked-200x200.jpg,/wp-content/uploads/2011/01/wicked-200x200.jpg,image,20140109202831,yes
/wp-content/uploads/2011/01/wicked.jpg,/wp-content/uploads/2011/01/wicked.jpg,image,20140109204535,yes
/wp-content/uploads/2011/02/DSC_0050resize-200x200.jpg,/wp-content/uploads/2011/02/DSC_0050resize-200x200.jpg,image,20140109191348,yes
/wp-content/uploads/2011/02/Planningtorock1-200x200.jpg,/wp-content/uploads/2011/02/Planningtorock1-200x200.jpg,image,20140109185752,yes
/wp-content/uploads/2011/02/alexico-200x200.png,/wp-content/uploads/2011/02/alexico-200x200.png,image,20140109182628,yes
/wp-content/uploads/2011/02/born-200x200.jpg,/wp-content/uploads/2011/02/born-200x200.jpg,image,20140109184811,yes
/wp-content/uploads/2011/02/born-700x800.jpg,/wp-content/uploads/2011/02/born-700x800.jpg,image,20140110213000,yes
/wp-content/uploads/2011/02/creep-200x200.png,/wp-content/uploads/2011/02/creep-200x200.png,image,20140109182528,yes
/wp-content/uploads/2011/02/dumdum-200x200.jpg,/wp-content/uploads/2011/02/dumdum-200x200.jpg,image,20140109190925,no
/wp-content/uploads/2011/02/dumdum.jpg,/wp-content/uploads/2011/02/dumdum.jpg,image,20140110213022,yes
/wp-content/uploads/2011/02/fbsuicide-200x200.gif,/wp-content/uploads/2011/02/fbsuicide-200x200.gif,image,20131214022658,yes
/wp-content/uploads/2011/02/fbsuicide.gif,/wp-content/uploads/2011/02/fbsuicide.gif,image,20140111004901,yes
/wp-content/uploads/2011/02/fostercare-200x200.png,/wp-content/uploads/2011/02/fostercare-200x200.png,image,20140109192831,yes
/wp-content/uploads/2011/02/greenbay-packers-pittsburgh-steelers-superbowl-45-pictures1-200x200.jpg,/wp-content/uploads/2011/02/greenbay-packers-pittsburgh-steelers-superbowl-45-pictures1-200x200.jpg,image,20131104003758,yes
/wp-content/uploads/2011/02/greenbay-packers-pittsburgh-steelers-superbowl-45-pictures1-700x640.jpg,/wp-content/uploads/2011/02/greenbay-packers-pittsburgh-steelers-superbowl-45-pictures1-700x640.jpg,image,20140109192315,yes
/wp-content/uploads/2011/02/heart-200x200.png,/wp-content/uploads/2011/02/heart-200x200.png,image,20140109194734,yes
/wp-content/uploads/2011/02/nasdamien1-200x200.jpg,/wp-content/uploads/2011/02/nasdamien1-200x200.jpg,image,20140109183418,yes
/wp-content/uploads/2011/02/nazir.jpg,/wp-content/uploads/2011/02/nazir.jpg,image,20140110213133,yes
/wp-content/uploads/2011/02/nrml-200x200.jpg,/wp-content/uploads/2011/02/nrml-200x200.jpg,image,20140109183853,yes
/wp-content/uploads/2011/02/nrml.jpg,/wp-content/uploads/2011/02/nrml.jpg,image,20140110213149,yes
/wp-content/uploads/2011/02/sliders-200x200.jpg,/wp-content/uploads/2011/02/sliders-200x200.jpg,image,20131104003803,yes
/wp-content/uploads/2011/02/sliders-700x800.jpg,/wp-content/uploads/2011/02/sliders-700x800.jpg,image,20140109192010,yes
/wp-content/uploads/2011/02/wavves-200x200.jpg,/wp-content/uploads/2011/02/wavves-200x200.jpg,image,20140109191828,yes
/wp-content/uploads/2011/02/wavves.jpg,/wp-content/uploads/2011/02/wavves.jpg,image,20140109200718,yes
/wp-content/uploads/2011/02/yohuna-200x200.jpg,/wp-content/uploads/2011/02/yohuna-200x200.jpg,image,20140110212329,yes
/wp-content/uploads/2011/02/yohuna.jpg,/wp-content/uploads/2011/02/yohuna.jpg,image,20140110220905,yes
/wp-content/uploads/2011/03/1026739-lady-gaga-born-this-way-617-4091-200x200.jpg,/wp-content/uploads/2011/03/1026739-lady-gaga-born-this-way-617-4091-200x200.jpg,image,20140109192831,yes
/wp-content/uploads/2011/03/ART-copy-200x200.jpg,/wp-content/uploads/2011/03/ART-copy-200x200.jpg,image,20140109183247,yes
/wp-content/uploads/2011/03/ART-copy.jpg,/wp-content/uploads/2011/03/ART-copy.jpg,image,20140109190940,yes
/wp-content/uploads/2011/03/JWOW06761-150x150.jpg,/wp-content/uploads/2011/03/JWOW06761-150x150.jpg,image,20140109191839,yes
/wp-content/uploads/2011/03/JWOW06761-700x800.jpg,/wp-content/uploads/2011/03/JWOW06761-700x800.jpg,image,20140109194144,yes
/wp-content/uploads/2011/03/PuroInstinct_11-200x200.jpg,/wp-content/uploads/2011/03/PuroInstinct_11-200x200.jpg,image,20140109184950,yes
/wp-content/uploads/2011/03/Tropical_Moon_of_Thetis1-150x150.jpg,/wp-content/uploads/2011/03/Tropical_Moon_of_Thetis1-150x150.jpg,image,20140109184559,yes
/wp-content/uploads/2011/03/Tropical_Moon_of_Thetis1-700x768.jpg,/wp-content/uploads/2011/03/Tropical_Moon_of_Thetis1-700x768.jpg,image,20140110195421,yes
/wp-content/uploads/2011/03/Wavves-King-of-the-Beach1-200x200.jpg,/wp-content/uploads/2011/03/Wavves-King-of-the-Beach1-200x200.jpg,image,20140109185838,yes
/wp-content/uploads/2011/03/almost-150x150.jpg,/wp-content/uploads/2011/03/almost-150x150.jpg,image,20140109202439,yes
/wp-content/uploads/2011/03/almost-700x800.jpg,/wp-content/uploads/2011/03/almost-700x800.jpg,image,20140110212522,yes
/wp-content/uploads/2011/03/antes-150x150.jpg,/wp-content/uploads/2011/03/antes-150x150.jpg,image,20140109190623,yes
/wp-content/uploads/2011/03/antes.jpg,/wp-content/uploads/2011/03/antes.jpg,image,20140110200603,yes
/wp-content/uploads/2011/03/antes1.jpg,/wp-content/uploads/2011/03/antes1.jpg,image,20140110205916,yes
/wp-content/uploads/2011/03/blssd-200x200.gif,/wp-content/uploads/2011/03/blssd-200x200.gif,image,20140109194126,yes
/wp-content/uploads/2011/03/blssd.gif,/wp-content/uploads/2011/03/blssd.gif,image,20140109201552,yes
/wp-content/uploads/2011/03/fucking-bitch-200x200.jpg,/wp-content/uploads/2011/03/fucking-bitch-200x200.jpg,image,20140109190050,yes
/wp-content/uploads/2011/03/ganggangdance-hi-res-album-cover1-150x150.jpg,/wp-content/uploads/2011/03/ganggangdance-hi-res-album-cover1-150x150.jpg,image,20140109184251,yes
/wp-content/uploads/2011/03/ganggangdance-hi-res-album-cover1-700x800.jpg,/wp-content/uploads/2011/03/ganggangdance-hi-res-album-cover1-700x800.jpg,image,20140110213650,yes
/wp-content/uploads/2011/03/gif-200x200.png,/wp-content/uploads/2011/03/gif-200x200.png,image,20140109185242,yes
/wp-content/uploads/2011/03/grimes-150x150.jpg,/wp-content/uploads/2011/03/grimes-150x150.jpg,image,20140109190156,yes
/wp-content/uploads/2011/03/grimes.jpg,/wp-content/uploads/2011/03/grimes.jpg,image,20140109200451,yes
/wp-content/uploads/2011/03/jesus-3d_1891_1024x7681-150x150.jpg,/wp-content/uploads/2011/03/jesus-3d_1891_1024x7681-150x150.jpg,image,20140109190954,yes
/wp-content/uploads/2011/03/jesus-3d_1891_1024x7681-700x768.jpg,/wp-content/uploads/2011/03/jesus-3d_1891_1024x7681-700x768.jpg,image,20140110184736,yes
/wp-content/uploads/2011/03/jviewz-200x200.png,/wp-content/uploads/2011/03/jviewz-200x200.png,image,20140109191456,yes
/wp-content/uploads/2011/03/landy-150x150.jpg,/wp-content/uploads/2011/03/landy-150x150.jpg,image,20140109200847,yes
/wp-content/uploads/2011/03/landy.jpg,/wp-content/uploads/2011/03/landy.jpg,image,20140109193320,yes
/wp-content/uploads/2011/03/lilwayne6foot7footexpli1-200x200.jpg,/wp-content/uploads/2011/03/lilwayne6foot7footexpli1-200x200.jpg,image,20140109194503,yes
/wp-content/uploads/2011/03/ppflyer-200x200.jpg,/wp-content/uploads/2011/03/ppflyer-200x200.jpg,image,20110823024726,yes
/wp-content/uploads/2011/03/ppflyer.jpg,/wp-content/uploads/2011/03/ppflyer.jpg,image,20140109202138,yes
/wp-content/uploads/2011/03/red-150x150.jpg,/wp-content/uploads/2011/03/red-150x150.jpg,image,20140109185210,yes
/wp-content/uploads/2011/03/red.jpg,/wp-content/uploads/2011/03/red.jpg,image,20140109192820,yes
/wp-content/uploads/2011/03/sleep4ever-150x150.jpg,/wp-content/uploads/2011/03/sleep4ever-150x150.jpg,image,20140109191752,yes
/wp-content/uploads/2011/03/sleep4ever.jpg,/wp-content/uploads/2011/03/sleep4ever.jpg,image,20140110215914,yes
/wp-content/uploads/2011/03/the-closet-voyeur-gabriel-noriega-mentira-mentira-241-200x200.jpg,/wp-content/uploads/2011/03/the-closet-voyeur-gabriel-noriega-mentira-mentira-241-200x200.jpg,image,20140109190130,yes
/wp-content/uploads/2011/03/tumblr_l8yn3qOSBb1qd44c0o1_1280.jpg,/wp-content/uploads/2011/03/tumblr_l8yn3qOSBb1qd44c0o1_1280.jpg,image,20140109193632,yes
/wp-content/uploads/2011/03/tumblr_l94blqi9fY1qd44c0o1_1280.jpg,/wp-content/uploads/2011/03/tumblr_l94blqi9fY1qd44c0o1_1280.jpg,image,20140110214230,yes
/wp-content/uploads/2011/03/unison-150x150.jpg,/wp-content/uploads/2011/03/unison-150x150.jpg,image,20140109202403,yes
/wp-content/uploads/2011/03/unison.jpg,/wp-content/uploads/2011/03/unison.jpg,image,20140109200101,yes
/wp-content/uploads/2011/03/willow-150x150.jpg,/wp-content/uploads/2011/03/willow-150x150.jpg,image,20140109192551,yes
/wp-content/uploads/2011/03/willow-smith-21st-century-girl-video1-200x200.jpg,/wp-content/uploads/2011/03/willow-smith-21st-century-girl-video1-200x200.jpg,image,20140109185945,yes
/wp-content/uploads/2011/03/willow.jpg,/wp-content/uploads/2011/03/willow.jpg,image,20140109195120,yes
/wp-content/uploads/2011/03/yonkers-150x150.jpg,/wp-content/uploads/2011/03/yonkers-150x150.jpg,image,20140109190119,yes
/wp-content/uploads/2011/03/yonkers.jpg,/wp-content/uploads/2011/03/yonkers.jpg,image,20140110213056,yes
/wp-content/uploads/2011/04/1FUNERALSCOVER21-200x200.jpg,/wp-content/uploads/2011/04/1FUNERALSCOVER21-200x200.jpg,image,20140109191441,yes
/wp-content/uploads/2011/04/5386216546_84442e1782_b1-150x150.jpg,/wp-content/uploads/2011/04/5386216546_84442e1782_b1-150x150.jpg,image,20140109191257,no
/wp-content/uploads/2011/04/5386216546_84442e1782_b1-700x800.jpg,/wp-content/uploads/2011/04/5386216546_84442e1782_b1-700x800.jpg,image,20140110215251,yes
/wp-content/uploads/2011/04/By-Sadaf-Hakimian1-150x150.jpg,/wp-content/uploads/2011/04/By-Sadaf-Hakimian1-150x150.jpg,image,20140109190111,yes
/wp-content/uploads/2011/04/By-Sadaf-Hakimian1-700x790.jpg,/wp-content/uploads/2011/04/By-Sadaf-Hakimian1-700x790.jpg,image,20140110212359,yes
/wp-content/uploads/2011/04/EZ-150x150.jpg,/wp-content/uploads/2011/04/EZ-150x150.jpg,image,20140109183208,yes
/wp-content/uploads/2011/04/EZ-700x540.jpg,/wp-content/uploads/2011/04/EZ-700x540.jpg,image,20140109201018,yes
/wp-content/uploads/2011/04/Gang+Gang+Dance+GGD1-150x150.jpg,/wp-content/uploads/2011/04/Gang+Gang+Dance+GGD1-150x150.jpg,image,20110823024500,yes
/wp-content/uploads/2011/04/Gang+Gang+Dance+GGD1-700x800.jpg,/wp-content/uploads/2011/04/Gang+Gang+Dance+GGD1-700x800.jpg,image,20140110214149,yes
/wp-content/uploads/2011/04/KornSkrillexBlog1-200x200.jpg,/wp-content/uploads/2011/04/KornSkrillexBlog1-200x200.jpg,image,20140109195330,yes
/wp-content/uploads/2011/04/about.png,/wp-content/uploads/2011/04/about.png,image,20110823024346,yes
/wp-content/uploads/2011/04/carly-200x200.png,/wp-content/uploads/2011/04/carly-200x200.png,image,20140109182917,yes
/wp-content/uploads/2011/04/cruz.png,/wp-content/uploads/2011/04/cruz.png,image,20110823023541,yes
/wp-content/uploads/2011/04/entrevistas.png,/wp-content/uploads/2011/04/entrevistas.png,image,20110823024949,yes
/wp-content/uploads/2011/04/facebook.png,/wp-content/uploads/2011/04/facebook.png,image,20110823024351,yes
/wp-content/uploads/2011/04/favicon11-16x16.png,/wp-content/uploads/2011/04/favicon11-16x16.png,image,20110823023717,yes
/wp-content/uploads/2011/04/grimes-deon_2-700x590.jpg,/wp-content/uploads/2011/04/grimes-deon_2-700x590.jpg,image,20140110214959,yes
/wp-content/uploads/2011/04/grimes-deon_3-700x590.jpg,/wp-content/uploads/2011/04/grimes-deon_3-700x590.jpg,image,20140110213010,yes
/wp-content/uploads/2011/04/grimesdeon-150x150.jpg,/wp-content/uploads/2011/04/grimesdeon-150x150.jpg,image,20140109191430,yes
/wp-content/uploads/2011/04/grimesdeon.jpg,/wp-content/uploads/2011/04/grimesdeon.jpg,image,20140110221951,yes
/wp-content/uploads/2011/04/home.png,/wp-content/uploads/2011/04/home.png,image,20110823024451,yes
/wp-content/uploads/2011/04/last.fm_.png,/wp-content/uploads/2011/04/last.fm_.png,image,20110823025008,yes
/wp-content/uploads/2011/04/linea-horizontal.png,/wp-content/uploads/2011/04/linea-horizontal.png,image,20110823023824,yes
/wp-content/uploads/2011/04/linea-vertical.png,/wp-content/uploads/2011/04/linea-vertical.png,image,20110823023729,yes
/wp-content/uploads/2011/04/mixtapes.png,/wp-content/uploads/2011/04/mixtapes.png,image,20110823024140,yes
/wp-content/uploads/2011/04/musica.png,/wp-content/uploads/2011/04/musica.png,image,20110823024506,yes
/wp-content/uploads/2011/04/mux-150x150.png,/wp-content/uploads/2011/04/mux-150x150.png,image,20140109184150,yes
/wp-content/uploads/2011/04/mux.png,/wp-content/uploads/2011/04/mux.png,image,20140110214541,yes
/wp-content/uploads/2011/04/ppmixpmx-150x150.jpg,/wp-content/uploads/2011/04/ppmixpmx-150x150.jpg,image,20140109182516,no
/wp-content/uploads/2011/04/ppmixpmx.jpg,/wp-content/uploads/2011/04/ppmixpmx.jpg,image,20140109202247,yes
/wp-content/uploads/2011/04/the-mixtape1-150x150.jpg,/wp-content/uploads/2011/04/the-mixtape1-150x150.jpg,image,20140109182306,yes
/wp-content/uploads/2011/04/the-mixtape1-700x800.jpg,/wp-content/uploads/2011/04/the-mixtape1-700x800.jpg,image,20140110213254,yes
/wp-content/uploads/2011/04/tumblr.png,/wp-content/uploads/2011/04/tumblr.png,image,20110823024532,yes
/wp-content/uploads/2011/04/twitter.png,/wp-content/uploads/2011/04/twitter.png,image,20131126082834,yes
/wp-content/uploads/2011/04/video.png,/wp-content/uploads/2011/04/video.png,image,20110823024912,yes
/wp-content/uploads/2011/05/18-200x200.png,/wp-content/uploads/2011/05/18-200x200.png,image,20140109190919,yes
/wp-content/uploads/2011/05/73834_165395663480273_140836339269539_479687_8342164_n1-200x200.jpg,/wp-content/uploads/2011/05/73834_165395663480273_140836339269539_479687_8342164_n1-200x200.jpg,image,20140109183204,yes
/wp-content/uploads/2011/05/DATAMOSH-21-200x200.jpg,/wp-content/uploads/2011/05/DATAMOSH-21-200x200.jpg,image,20141224172725,yes
/wp-content/uploads/2011/05/DSC5472.jpg,/wp-content/uploads/2011/05/DSC5472.jpg,image,20140109201822,yes
/wp-content/uploads/2011/05/DSC5606-700x629.jpg,/wp-content/uploads/2011/05/DSC5606-700x629.jpg,image,20140109202242,yes
/wp-content/uploads/2011/05/JJ1-200x200.jpg,/wp-content/uploads/2011/05/JJ1-200x200.jpg,image,20140109184359,yes
/wp-content/uploads/2011/05/Kreayshawn_ice_cream1-200x200.jpg,/wp-content/uploads/2011/05/Kreayshawn_ice_cream1-200x200.jpg,image,20140109192351,yes
/wp-content/uploads/2011/05/NEON-LINDSAY-copy-150x150.jpg,/wp-content/uploads/2011/05/NEON-LINDSAY-copy-150x150.jpg,image,20140109182816,yes
/wp-content/uploads/2011/05/NEON-LINDSAY-copy-700x768.jpg,/wp-content/uploads/2011/05/NEON-LINDSAY-copy-700x768.jpg,image,20140110205754,yes
/wp-content/uploads/2011/05/Picture-5-200x200.png,/wp-content/uploads/2011/05/Picture-5-200x200.png,image,20110823023400,yes
/wp-content/uploads/2011/05/With-U1-150x150.png,/wp-content/uploads/2011/05/With-U1-150x150.png,image,20140109191733,yes
/wp-content/uploads/2011/05/With-U1-700x800.png,/wp-content/uploads/2011/05/With-U1-700x800.png,image,20140110215313,yes
/wp-content/uploads/2011/05/artworks-000007258611-hi6zad-original-150x150.png,/wp-content/uploads/2011/05/artworks-000007258611-hi6zad-original-150x150.png,image,20140109191420,yes
/wp-content/uploads/2011/05/artworks-000007258611-hi6zad-original.png,/wp-content/uploads/2011/05/artworks-000007258611-hi6zad-original.png,image,20140109201243,yes
/wp-content/uploads/2011/05/bleed-200x200.png,/wp-content/uploads/2011/05/bleed-200x200.png,image,20140109191706,yes
/wp-content/uploads/2011/05/brenmar1-200x200.png,/wp-content/uploads/2011/05/brenmar1-200x200.png,image,20140109184712,yes
/wp-content/uploads/2011/05/creep-nina-sky-you-music-video1-200x200.jpg,/wp-content/uploads/2011/05/creep-nina-sky-you-music-video1-200x200.jpg,image,20140109195224,yes
/wp-content/uploads/2011/05/danishivers-200x200.jpg,/wp-content/uploads/2011/05/danishivers-200x200.jpg,image,20140109184704,yes
/wp-content/uploads/2011/05/eventos.png,/wp-content/uploads/2011/05/eventos.png,image,20110823024719,yes
/wp-content/uploads/2011/05/gringo.png,/wp-content/uploads/2011/05/gringo.png,image,20110823024736,yes
/wp-content/uploads/2011/05/hologram31-150x150.jpg,/wp-content/uploads/2011/05/hologram31-150x150.jpg,image,20140109185910,yes
/wp-content/uploads/2011/05/hologram31-700x800.jpg,/wp-content/uploads/2011/05/hologram31-700x800.jpg,image,20140110221618,yes
/wp-content/uploads/2011/05/imgod-150x150.jpg,/wp-content/uploads/2011/05/imgod-150x150.jpg,image,20140109185740,yes
/wp-content/uploads/2011/05/javierestrada2-150x150.jpg,/wp-content/uploads/2011/05/javierestrada2-150x150.jpg,image,20140109193456,yes
/wp-content/uploads/2011/05/jhene-150x150.jpg,/wp-content/uploads/2011/05/jhene-150x150.jpg,image,20140109191917,yes
/wp-content/uploads/2011/05/jhene.jpg,/wp-content/uploads/2011/05/jhene.jpg,image,20140110212847,yes
/wp-content/uploads/2011/05/le1f-150x150.jpg,/wp-content/uploads/2011/05/le1f-150x150.jpg,image,20140109182419,yes
/wp-content/uploads/2011/05/le1f.jpg,/wp-content/uploads/2011/05/le1f.jpg,image,20140111004958,yes
/wp-content/uploads/2011/05/leonora-carrington1-150x150.jpg,/wp-content/uploads/2011/05/leonora-carrington1-150x150.jpg,image,20140109183841,yes
/wp-content/uploads/2011/05/leonora-detail1-700x800.jpg,/wp-content/uploads/2011/05/leonora-detail1-700x800.jpg,image,20140110212503,yes
/wp-content/uploads/2011/05/oFF-150x150.jpg,/wp-content/uploads/2011/05/oFF-150x150.jpg,image,20140109185556,yes
/wp-content/uploads/2011/05/oFF.jpg,/wp-content/uploads/2011/05/oFF.jpg,image,20140109205621,yes
/wp-content/uploads/2011/05/osama-0111-150x150.jpg,/wp-content/uploads/2011/05/osama-0111-150x150.jpg,image,20140109191501,yes
/wp-content/uploads/2011/05/osama-0111-700x800.jpg,/wp-content/uploads/2011/05/osama-0111-700x800.jpg,image,20140109192919,yes
/wp-content/uploads/2011/05/pictureplane-200x200.png,/wp-content/uploads/2011/05/pictureplane-200x200.png,image,20140109191921,yes
/wp-content/uploads/2011/05/pp-merch.jpg,/wp-content/uploads/2011/05/pp-merch.jpg,image,20140109182939,yes
/wp-content/uploads/2011/05/ritualz.jpg,/wp-content/uploads/2011/05/ritualz.jpg,image,20140109200711,yes
/wp-content/uploads/2011/05/rizzla-150x150.jpg,/wp-content/uploads/2011/05/rizzla-150x150.jpg,image,20140109192016,yes
/wp-content/uploads/2011/05/rizzla-700x540.jpg,/wp-content/uploads/2011/05/rizzla-700x540.jpg,image,20140109191819,yes
/wp-content/uploads/2011/05/sleep-over-therapy-150x150.jpg,/wp-content/uploads/2011/05/sleep-over-therapy-150x150.jpg,image,20131126085030,yes
/wp-content/uploads/2011/05/sleep-over-therapy.jpg,/wp-content/uploads/2011/05/sleep-over-therapy.jpg,image,20140110214930,yes
/wp-content/uploads/2011/05/split1-200x200.png,/wp-content/uploads/2011/05/split1-200x200.png,image,20140109192149,yes
/wp-content/uploads/2011/05/telepathe-150x150.jpg,/wp-content/uploads/2011/05/telepathe-150x150.jpg,image,20140109184544,yes
/wp-content/uploads/2011/05/telepathe-700x800.jpg,/wp-content/uploads/2011/05/telepathe-700x800.jpg,image,20140110214331,yes
/wp-content/uploads/2011/05/the-weeknd1-200x200.png,/wp-content/uploads/2011/05/the-weeknd1-200x200.png,image,20140109191808,yes
/wp-content/uploads/2011/05/thee-150x150.jpg,/wp-content/uploads/2011/05/thee-150x150.jpg,image,20140109192841,yes
/wp-content/uploads/2011/05/thee.jpg,/wp-content/uploads/2011/05/thee.jpg,image,20140109203935,yes
/wp-content/uploads/2011/05/travis.jpg,/wp-content/uploads/2011/05/travis.jpg,image,20140109195956,yes
/wp-content/uploads/2011/05/travis2.jpg,/wp-content/uploads/2011/05/travis2.jpg,image,20140109202457,yes
/wp-content/uploads/2011/05/travis3.jpg,/wp-content/uploads/2011/05/travis3.jpg,image,20140109203521,yes
/wp-content/uploads/2011/06/Blonde+Salem-150x150.jpg,/wp-content/uploads/2011/06/Blonde+Salem-150x150.jpg,image,20140109194346,yes
/wp-content/uploads/2011/06/Blonde+Salem.jpg,/wp-content/uploads/2011/06/Blonde+Salem.jpg,image,20140109203807,no
/wp-content/uploads/2011/06/Captura-de-pantalla-2011-06-29-a-las-10.45.12-150x150.png,/wp-content/uploads/2011/06/Captura-de-pantalla-2011-06-29-a-las-10.45.12-150x150.png,image,20131214022803,yes
/wp-content/uploads/2011/06/Laurel_Halo_-_Hour_Logic_EP_cover_art-150x150.jpg,/wp-content/uploads/2011/06/Laurel_Halo_-_Hour_Logic_EP_cover_art-150x150.jpg,image,20140109183138,yes
/wp-content/uploads/2011/06/Laurel_Halo_-_Hour_Logic_EP_cover_art-700x800.jpg,/wp-content/uploads/2011/06/Laurel_Halo_-_Hour_Logic_EP_cover_art-700x800.jpg,image,20140109204304,yes
/wp-content/uploads/2011/06/Nadia+Oh+Nadiaoh0121-150x150.jpg,/wp-content/uploads/2011/06/Nadia+Oh+Nadiaoh0121-150x150.jpg,image,20140109194245,yes
/wp-content/uploads/2011/06/Nadia+Oh+Nadiaoh0121-700x768.jpg,/wp-content/uploads/2011/06/Nadia+Oh+Nadiaoh0121-700x768.jpg,image,20140109200536,yes
/wp-content/uploads/2011/06/Picture-11-150x150.png,/wp-content/uploads/2011/06/Picture-11-150x150.png,image,20140109184007,yes
/wp-content/uploads/2011/06/TOTALACCOMPLISHMENT-150x150.jpg,/wp-content/uploads/2011/06/TOTALACCOMPLISHMENT-150x150.jpg,image,20140109194324,yes
/wp-content/uploads/2011/06/TOTALACCOMPLISHMENT.jpg,/wp-content/uploads/2011/06/TOTALACCOMPLISHMENT.jpg,image,20140110220157,yes
/wp-content/uploads/2011/06/Vagina-Vangi-Locked-Forever-cover-700x800.png,/wp-content/uploads/2011/06/Vagina-Vangi-Locked-Forever-cover-700x800.png,image,20140110220912,yes
/wp-content/uploads/2011/06/alexico-flyer2-150x150.jpg,/wp-content/uploads/2011/06/alexico-flyer2-150x150.jpg,image,20140109185647,yes
/wp-content/uploads/2011/06/alexico-flyer2_corto.jpg,/wp-content/uploads/2011/06/alexico-flyer2_corto.jpg,image,20140109192259,yes
/wp-content/uploads/2011/06/balam-150x150.jpg,/wp-content/uploads/2011/06/balam-150x150.jpg,image,20140109184247,yes
/wp-content/uploads/2011/06/balam.jpg,/wp-content/uploads/2011/06/balam.jpg,image,20140109201725,yes
/wp-content/uploads/2011/06/djjavierestrada1.jpg,/wp-content/uploads/2011/06/djjavierestrada1.jpg,image,20140111005036,yes
/wp-content/uploads/2011/06/event-150x150.jpg,/wp-content/uploads/2011/06/event-150x150.jpg,image,20140109191005,no
/wp-content/uploads/2011/06/katie-bg-150x150.png,/wp-content/uploads/2011/06/katie-bg-150x150.png,image,20140109201115,yes
/wp-content/uploads/2011/06/katie-bg-700x604.png,/wp-content/uploads/2011/06/katie-bg-700x604.png,image,20140109194917,yes
/wp-content/uploads/2011/06/kidcity-150x150.jpg,/wp-content/uploads/2011/06/kidcity-150x150.jpg,image,20140109192908,no
/wp-content/uploads/2011/06/kidcity-700x683.jpg,/wp-content/uploads/2011/06/kidcity-700x683.jpg,image,20140110212414,yes
/wp-content/uploads/2011/06/ladytron-150x150.jpg,/wp-content/uploads/2011/06/ladytron-150x150.jpg,image,20140109195017,yes
/wp-content/uploads/2011/06/ladytron1.jpg,/wp-content/uploads/2011/06/ladytron1.jpg,image,20140109191913,yes
/wp-content/uploads/2011/06/opening.jpg,/wp-content/uploads/2011/06/opening.jpg,image,20140109201111,yes
/wp-content/uploads/2011/06/plus-200x200.png,/wp-content/uploads/2011/06/plus-200x200.png,image,20140109183259,yes
/wp-content/uploads/2011/06/post-150x150.jpg,/wp-content/uploads/2011/06/post-150x150.jpg,image,20140109194441,yes
/wp-content/uploads/2011/06/post.jpg,/wp-content/uploads/2011/06/post.jpg,image,20140111005008,yes
/wp-content/uploads/2011/06/que-que-200x200.jpg,/wp-content/uploads/2011/06/que-que-200x200.jpg,image,20140109182725,yes
/wp-content/uploads/2011/06/rhinoanthem-200x200.png,/wp-content/uploads/2011/06/rhinoanthem-200x200.png,image,20140109193636,yes
/wp-content/uploads/2011/06/stoned-boys3-200x200.jpg,/wp-content/uploads/2011/06/stoned-boys3-200x200.jpg,image,20131023045602,yes
/wp-content/uploads/2011/06/tumblr_lienqluJG91qd44c0o1_1280.jpg,/wp-content/uploads/2011/06/tumblr_lienqluJG91qd44c0o1_1280.jpg,image,20140109203937,yes
/wp-content/uploads/2011/06/vaginavangi-150x150.jpg,/wp-content/uploads/2011/06/vaginavangi-150x150.jpg,image,20140109193513,yes
/wp-content/uploads/2011/06/vegan-150x150.jpg,/wp-content/uploads/2011/06/vegan-150x150.jpg,image,20140109194544,yes
/wp-content/uploads/2011/06/vegan.jpg,/wp-content/uploads/2011/06/vegan.jpg,image,20140109204328,yes
/wp-content/uploads/2011/06/vsKxu1-150x150.gif,/wp-content/uploads/2011/06/vsKxu1-150x150.gif,image,20140109191813,yes
/wp-content/uploads/2011/06/vsKxu1.gif,/wp-content/uploads/2011/06/vsKxu1.gif,image,20140110200703,yes
/wp-content/uploads/2011/06/xo-staircase-digi-front-final-150x150.jpg,/wp-content/uploads/2011/06/xo-staircase-digi-front-final-150x150.jpg,image,20140109191550,yes
/wp-content/uploads/2011/07/69605de5a9eb44e489df2e7b5ef42947-150x150.jpg,/wp-content/uploads/2011/07/69605de5a9eb44e489df2e7b5ef42947-150x150.jpg,image,20140109184529,yes
/wp-content/uploads/2011/07/69605de5a9eb44e489df2e7b5ef42947-700x740.jpg,/wp-content/uploads/2011/07/69605de5a9eb44e489df2e7b5ef42947-700x740.jpg,image,20140109204307,yes
/wp-content/uploads/2011/07/DJ-MAQUINA-DE-MUERTE-copy1-200x200.jpg,/wp-content/uploads/2011/07/DJ-MAQUINA-DE-MUERTE-copy1-200x200.jpg,image,20140109194455,yes
/wp-content/uploads/2011/07/DJ-MAQUINA-DE-MUERTE-copy1.jpg,/wp-content/uploads/2011/07/DJ-MAQUINA-DE-MUERTE-copy1.jpg,image,20140110184701,yes
/wp-content/uploads/2011/07/ElectronicDreamCover1-150x150.jpg,/wp-content/uploads/2011/07/ElectronicDreamCover1-150x150.jpg,image,20140109185422,yes
/wp-content/uploads/2011/07/ElectronicDreamCover1-700x800.jpg,/wp-content/uploads/2011/07/ElectronicDreamCover1-700x800.jpg,image,20140110212855,yes
/wp-content/uploads/2011/07/FUK-150x150.jpg,/wp-content/uploads/2011/07/FUK-150x150.jpg,image,20140109193012,yes
/wp-content/uploads/2011/07/FUK-700x480.jpg,/wp-content/uploads/2011/07/FUK-700x480.jpg,image,20140110212727,yes
/wp-content/uploads/2011/07/HEAT-copy-150x150.jpg,/wp-content/uploads/2011/07/HEAT-copy-150x150.jpg,image,20140109182144,yes
/wp-content/uploads/2011/07/HEAT-copy.jpg,/wp-content/uploads/2011/07/HEAT-copy.jpg,image,20140109191446,yes
/wp-content/uploads/2011/07/NY-SUMMER-MIX-150x150.jpg,/wp-content/uploads/2011/07/NY-SUMMER-MIX-150x150.jpg,image,20140109193753,yes
/wp-content/uploads/2011/07/NY-SUMMER-MIX.jpg,/wp-content/uploads/2011/07/NY-SUMMER-MIX.jpg,image,20140110212634,yes
/wp-content/uploads/2011/07/Picture-3-200x200.png,/wp-content/uploads/2011/07/Picture-3-200x200.png,image,20140109183409,yes
/wp-content/uploads/2011/07/actually_boobs21-150x150.jpg,/wp-content/uploads/2011/07/actually_boobs21-150x150.jpg,image,20140109182312,yes
/wp-content/uploads/2011/07/actually_boobs21-700x800.jpg,/wp-content/uploads/2011/07/actually_boobs21-700x800.jpg,image,20140110213501,yes
/wp-content/uploads/2011/07/artworks-000007634829-5nl2sq-original1-200x200.jpg,/wp-content/uploads/2011/07/artworks-000007634829-5nl2sq-original1-200x200.jpg,image,20140109182524,no
/wp-content/uploads/2011/07/ensenada_post-150x150.jpg,/wp-content/uploads/2011/07/ensenada_post-150x150.jpg,image,20140109182753,yes
/wp-content/uploads/2011/07/grillgrilloffoff_happyface-150x150.jpg,/wp-content/uploads/2011/07/grillgrilloffoff_happyface-150x150.jpg,image,20140109183152,yes
/wp-content/uploads/2011/07/grillgrilloffoff_happyface.jpg,/wp-content/uploads/2011/07/grillgrilloffoff_happyface.jpg,image,20140109202933,yes
/wp-content/uploads/2011/07/lorelle_meets_the_obsolete.jpg,/wp-content/uploads/2011/07/lorelle_meets_the_obsolete.jpg,image,20140109184309,yes
/wp-content/uploads/2011/07/majical-cloudz-150x150.jpg,/wp-content/uploads/2011/07/majical-cloudz-150x150.jpg,image,20110823023222,yes
/wp-content/uploads/2011/07/majical-cloudz.jpg,/wp-content/uploads/2011/07/majical-cloudz.jpg,image,20140109203624,yes
/wp-content/uploads/2011/07/maquina.jpg,/wp-content/uploads/2011/07/maquina.jpg,image,20140110220221,yes
/wp-content/uploads/2011/07/nike7up-150x150.jpg,/wp-content/uploads/2011/07/nike7up-150x150.jpg,image,20140109193247,yes
/wp-content/uploads/2011/07/nike7up.jpg,/wp-content/uploads/2011/07/nike7up.jpg,image,20140110214721,yes
/wp-content/uploads/2011/07/post-200x200.png,/wp-content/uploads/2011/07/post-200x200.png,image,20110823024837,yes
/wp-content/uploads/2011/07/sangreepost.jpg,/wp-content/uploads/2011/07/sangreepost.jpg,image,20140110215717,yes
/wp-content/uploads/2011/07/soft-metals-sleeve1-150x150.jpg,/wp-content/uploads/2011/07/soft-metals-sleeve1-150x150.jpg,image,20140109185457,yes
/wp-content/uploads/2011/07/soft-metals-sleeve1-700x800.jpg,/wp-content/uploads/2011/07/soft-metals-sleeve1-700x800.jpg,image,20140110215018,yes
/wp-content/uploads/2011/07/supermad-200x200.jpg,/wp-content/uploads/2011/07/supermad-200x200.jpg,image,20140109182741,yes
/wp-content/uploads/2011/07/supermad.jpg,/wp-content/uploads/2011/07/supermad.jpg,image,20140109192851,yes
/wp-content/uploads/2011/07/theephysical-150x150.jpg,/wp-content/uploads/2011/07/theephysical-150x150.jpg,image,20140109195223,yes
/wp-content/uploads/2011/07/theephysical.jpg,/wp-content/uploads/2011/07/theephysical.jpg,image,20140110213326,yes
/wp-content/uploads/2011/07/vegan_cannibal.jpg,/wp-content/uploads/2011/07/vegan_cannibal.jpg,image,20140110215652,yes
/wp-content/uploads/2011/08/13137372489821-200x200.jpg,/wp-content/uploads/2011/08/13137372489821-200x200.jpg,image,20110823023347,yes
/wp-content/uploads/2011/08/13137372489821.jpg,/wp-content/uploads/2011/08/13137372489821.jpg,image,20110823023150,yes
/wp-content/uploads/2011/08/184091_256788517684540_178772515486141_964562_2976463_n-200x200.jpg,/wp-content/uploads/2011/08/184091_256788517684540_178772515486141_964562_2976463_n-200x200.jpg,image,20140109192455,yes
/wp-content/uploads/2011/08/184091_256788517684540_178772515486141_964562_2976463_n.jpg,/wp-content/uploads/2011/08/184091_256788517684540_178772515486141_964562_2976463_n.jpg,image,20140109195250,yes
/wp-content/uploads/2011/08/270954_175258772533731_144703902255885_432519_5363668_n-200x200.jpg,/wp-content/uploads/2011/08/270954_175258772533731_144703902255885_432519_5363668_n-200x200.jpg,image,20140109183100,no
/wp-content/uploads/2011/08/270954_175258772533731_144703902255885_432519_5363668_n.jpg,/wp-content/uploads/2011/08/270954_175258772533731_144703902255885_432519_5363668_n.jpg,image,20140109190704,yes
/wp-content/uploads/2011/08/DSCN1371-200x200.jpg,/wp-content/uploads/2011/08/DSCN1371-200x200.jpg,image,20140109190507,yes
/wp-content/uploads/2011/08/DSCN1371-700x800.jpg,/wp-content/uploads/2011/08/DSCN1371-700x800.jpg,image,20140109200507,yes
/wp-content/uploads/2011/08/FREAK-OUT-200x200.jpg,/wp-content/uploads/2011/08/FREAK-OUT-200x200.jpg,image,20140109185155,yes
/wp-content/uploads/2011/08/FREAK-OUT.jpg,/wp-content/uploads/2011/08/FREAK-OUT.jpg,image,20140110193759,yes
/wp-content/uploads/2011/08/MIXTAPEok-200x200.gif,/wp-content/uploads/2011/08/MIXTAPEok-200x200.gif,image,20140109194301,yes
/wp-content/uploads/2011/08/baby-sloth-200x200.jpg,/wp-content/uploads/2011/08/baby-sloth-200x200.jpg,image,20140109190224,yes
/wp-content/uploads/2011/08/baby-sloth.jpg,/wp-content/uploads/2011/08/baby-sloth.jpg,image,20140110213516,yes
/wp-content/uploads/2011/08/badd700-200x200.jpg,/wp-content/uploads/2011/08/badd700-200x200.jpg,image,20140109194420,yes
/wp-content/uploads/2011/08/badd700.jpg,/wp-content/uploads/2011/08/badd700.jpg,image,20110823023123,yes
/wp-content/uploads/2011/08/chaind-200x200.jpg,/wp-content/uploads/2011/08/chaind-200x200.jpg,image,20140109194823,yes
/wp-content/uploads/2011/08/chaind.jpg,/wp-content/uploads/2011/08/chaind.jpg,image,20140109194654,yes
/wp-content/uploads/2011/08/dani-200x200.gif,/wp-content/uploads/2011/08/dani-200x200.gif,image,20140109190932,yes
/wp-content/uploads/2011/08/dani1.gif,/wp-content/uploads/2011/08/dani1.gif,image,20140109204125,yes
/wp-content/uploads/2011/08/deon_mariejane.jpg,/wp-content/uploads/2011/08/deon_mariejane.jpg,image,20140110212546,yes
/wp-content/uploads/2011/08/deonfeatmariejane_kissme-200x200.jpg,/wp-content/uploads/2011/08/deonfeatmariejane_kissme-200x200.jpg,image,20140109182318,yes
/wp-content/uploads/2011/08/dj-one-destiny-mix-200x200.jpg,/wp-content/uploads/2011/08/dj-one-destiny-mix-200x200.jpg,image,20140109195748,yes
/wp-content/uploads/2011/08/dj-one-destiny-mix.jpg,/wp-content/uploads/2011/08/dj-one-destiny-mix.jpg,image,20140110212553,yes
/wp-content/uploads/2011/08/drones-ritualz-200x200.png,/wp-content/uploads/2011/08/drones-ritualz-200x200.png,image,20140109185123,yes
/wp-content/uploads/2011/08/everyhting-200x200.jpg,/wp-content/uploads/2011/08/everyhting-200x200.jpg,image,20140109192912,yes
/wp-content/uploads/2011/08/everyhting.jpg,/wp-content/uploads/2011/08/everyhting.jpg,image,20140110215000,yes
/wp-content/uploads/2011/08/flowers-200x200.jpg,/wp-content/uploads/2011/08/flowers-200x200.jpg,image,20140109184158,yes
/wp-content/uploads/2011/08/flowers.jpg,/wp-content/uploads/2011/08/flowers.jpg,image,20140110212924,yes
/wp-content/uploads/2011/08/hgfds-200x200.jpg,/wp-content/uploads/2011/08/hgfds-200x200.jpg,image,20140601082705,yes
/wp-content/uploads/2011/08/hgfds.jpg,/wp-content/uploads/2011/08/hgfds.jpg,image,20140110185012,yes
/wp-content/uploads/2011/08/original-200x200.jpg,/wp-content/uploads/2011/08/original-200x200.jpg,image,20140109193746,yes
/wp-content/uploads/2011/08/original.jpg,/wp-content/uploads/2011/08/original.jpg,image,20140110215855,yes
/wp-content/uploads/2011/08/pp_teotihuacan-200x200.jpg,/wp-content/uploads/2011/08/pp_teotihuacan-200x200.jpg,image,20110823024250,yes
/wp-content/uploads/2011/08/pp_teotihuacan.jpg,/wp-content/uploads/2011/08/pp_teotihuacan.jpg,image,20140109193041,yes
/wp-content/uploads/2011/08/rio-de-lava-200x200.jpg,/wp-content/uploads/2011/08/rio-de-lava-200x200.jpg,image,20140109192759,yes
/wp-content/uploads/2011/08/rio-de-lava.jpg,/wp-content/uploads/2011/08/rio-de-lava.jpg,image,20110823023330,yes
/wp-content/uploads/2011/08/selmaoxor-200x200.jpg,/wp-content/uploads/2011/08/selmaoxor-200x200.jpg,image,20110823023752,yes
/wp-content/uploads/2011/08/selmaoxor.jpg,/wp-content/uploads/2011/08/selmaoxor.jpg,image,20140110203647,yes
/wp-content/uploads/2011/08/tumblr_lpw3n7D7GI1qhtk38o1_500-200x200.png,/wp-content/uploads/2011/08/tumblr_lpw3n7D7GI1qhtk38o1_500-200x200.png,image,20140109185234,yes
/wp-content/uploads/2011/08/tumblr_lpw3n7D7GI1qhtk38o1_500.png,/wp-content/uploads/2011/08/tumblr_lpw3n7D7GI1qhtk38o1_500.png,image,20110823023422,yes
/wp-content/uploads/2011/08/twin-gemz-200x200.jpg,/wp-content/uploads/2011/08/twin-gemz-200x200.jpg,image,20140109194557,yes
/wp-content/uploads/2011/08/twin-gemz.jpg,/wp-content/uploads/2011/08/twin-gemz.jpg,image,20140109201740,yes
/wp-content/uploads/2011/08/unicornslut-200x200.jpg,/wp-content/uploads/2011/08/unicornslut-200x200.jpg,image,20140109193638,yes
/wp-content/uploads/2011/08/unicornslut.jpg,/wp-content/uploads/2011/08/unicornslut.jpg,image,20140109202640,yes
/wp-content/uploads/2011/08/unitednation-200x200.jpg,/wp-content/uploads/2011/08/unitednation-200x200.jpg,image,20140109184431,yes
/wp-content/uploads/2011/08/unitednation.jpg,/wp-content/uploads/2011/08/unitednation.jpg,image,20140110213840,yes
/wp-content/uploads/2011/08/visions-softmetals-200x200.jpg,/wp-content/uploads/2011/08/visions-softmetals-200x200.jpg,image,20140109194316,yes
/wp-content/uploads/2011/09/1247634245-wheel_juggalos-at-hempfestseattle2005_web11-200x200.jpg,/wp-content/uploads/2011/09/1247634245-wheel_juggalos-at-hempfestseattle2005_web11-200x200.jpg,image,20140109195220,yes
/wp-content/uploads/2011/09/229626_10150743441835457_68178775456_19946104_2693810_n-200x200.jpg,/wp-content/uploads/2011/09/229626_10150743441835457_68178775456_19946104_2693810_n-200x200.jpg,image,20140109185702,yes
/wp-content/uploads/2011/09/GOTH-STAR-200x200.jpg,/wp-content/uploads/2011/09/GOTH-STAR-200x200.jpg,image,20140109191234,yes
/wp-content/uploads/2011/09/GOTH-STAR.jpg,/wp-content/uploads/2011/09/GOTH-STAR.jpg,image,20140110212323,yes
/wp-content/uploads/2011/09/MIXTAPEok-700x837.gif,/wp-content/uploads/2011/09/MIXTAPEok-700x837.gif,image,20140110215739,yes
/wp-content/uploads/2011/09/Picture-11-200x200.png,/wp-content/uploads/2011/09/Picture-11-200x200.png,image,20140109201834,yes
/wp-content/uploads/2011/09/SLEEP-OVER-FOREVER-e1311961539752-200x200.jpg,/wp-content/uploads/2011/09/SLEEP-OVER-FOREVER-e1311961539752-200x200.jpg,image,20140109183337,yes
/wp-content/uploads/2011/09/SLEEP-OVER-FOREVER-e1311961539752.jpg,/wp-content/uploads/2011/09/SLEEP-OVER-FOREVER-e1311961539752.jpg,image,20140110212911,yes
/wp-content/uploads/2011/09/Skinny-Legz-200x200.png,/wp-content/uploads/2011/09/Skinny-Legz-200x200.png,image,20140109183410,yes
/wp-content/uploads/2011/09/Skinny-Legz.png,/wp-content/uploads/2011/09/Skinny-Legz.png,image,20140109201357,yes
/wp-content/uploads/2011/09/altulst.jpg,/wp-content/uploads/2011/09/altulst.jpg,image,20131214025227,yes
/wp-content/uploads/2011/09/autom-200x200.jpg,/wp-content/uploads/2011/09/autom-200x200.jpg,image,20140109194929,yes
/wp-content/uploads/2011/09/autom.jpg,/wp-content/uploads/2011/09/autom.jpg,image,20140109202805,no
/wp-content/uploads/2011/09/beach-punks.jpg,/wp-content/uploads/2011/09/beach-punks.jpg,image,20131214025823,yes
/wp-content/uploads/2011/09/casual-diamond-200x200.png,/wp-content/uploads/2011/09/casual-diamond-200x200.png,image,20140109190943,yes
/wp-content/uploads/2011/09/cool3d_yungjake.gif,/wp-content/uploads/2011/09/cool3d_yungjake.gif,image,20140109191425,yes
/wp-content/uploads/2011/09/cvltclassics-200x200.jpg,/wp-content/uploads/2011/09/cvltclassics-200x200.jpg,image,20140109192207,yes
/wp-content/uploads/2011/09/cvltclassics.jpg,/wp-content/uploads/2011/09/cvltclassics.jpg,image,20140111005523,yes
/wp-content/uploads/2011/09/das-racist1-200x200.png,/wp-content/uploads/2011/09/das-racist1-200x200.png,image,20140109184015,yes
/wp-content/uploads/2011/09/freakingout-200x200.jpg,/wp-content/uploads/2011/09/freakingout-200x200.jpg,image,20140109183621,yes
/wp-content/uploads/2011/09/freakingout.jpg,/wp-content/uploads/2011/09/freakingout.jpg,image,20140109201946,yes
/wp-content/uploads/2011/09/hustling-200x200.jpg,/wp-content/uploads/2011/09/hustling-200x200.jpg,image,20140109195316,yes
/wp-content/uploads/2011/09/hustling.jpg,/wp-content/uploads/2011/09/hustling.jpg,image,20140109195842,yes
/wp-content/uploads/2011/09/john.jpg,/wp-content/uploads/2011/09/john.jpg,image,20131214023109,yes
/wp-content/uploads/2011/09/leg-bone-leggings.png,/wp-content/uploads/2011/09/leg-bone-leggings.png,image,20140109191902,yes
/wp-content/uploads/2011/09/lildeath-200x200.jpg,/wp-content/uploads/2011/09/lildeath-200x200.jpg,image,20140109191433,yes
/wp-content/uploads/2011/09/lildeath.jpg,/wp-content/uploads/2011/09/lildeath.jpg,image,20140110191333,yes
/wp-content/uploads/2011/09/mime-7-200x200.jpg,/wp-content/uploads/2011/09/mime-7-200x200.jpg,image,20140601083715,yes
/wp-content/uploads/2011/09/mime-7.jpg,/wp-content/uploads/2011/09/mime-7.jpg,image,20140109193905,yes
/wp-content/uploads/2011/09/nahson_yungjake.gif,/wp-content/uploads/2011/09/nahson_yungjake.gif,image,20131216184329,yes
/wp-content/uploads/2011/09/spceco-200x200.jpg,/wp-content/uploads/2011/09/spceco-200x200.jpg,image,20140109184651,yes
/wp-content/uploads/2011/09/spceco.jpg,/wp-content/uploads/2011/09/spceco.jpg,image,20140110212427,yes
/wp-content/uploads/2011/09/stage33d_yungjake1.gif,/wp-content/uploads/2011/09/stage33d_yungjake1.gif,image,20140110212441,yes
/wp-content/uploads/2011/09/tom-200x200.jpg,/wp-content/uploads/2011/09/tom-200x200.jpg,image,20140109183508,yes
/wp-content/uploads/2011/09/travis-yasmine.jpg,/wp-content/uploads/2011/09/travis-yasmine.jpg,image,20131214023555,yes
/wp-content/uploads/2011/09/tumblr_lo92njV4iQ1qd3rrro1_500.jpg,/wp-content/uploads/2011/09/tumblr_lo92njV4iQ1qd3rrro1_500.jpg,image,20140109191422,yes
/wp-content/uploads/2011/09/tumblr_lq7kbzGcZ21r1zxymo1_r1_1280-200x200.jpg,/wp-content/uploads/2011/09/tumblr_lq7kbzGcZ21r1zxymo1_r1_1280-200x200.jpg,image,20140109184658,yes
/wp-content/uploads/2011/09/tumblr_lq7kbzGcZ21r1zxymo1_r1_1280.jpg,/wp-content/uploads/2011/09/tumblr_lq7kbzGcZ21r1zxymo1_r1_1280.jpg,image,20140110193426,yes
/wp-content/uploads/2011/09/tumblr_lrpvlq1hdM1qekrnyo1_500.jpg,/wp-content/uploads/2011/09/tumblr_lrpvlq1hdM1qekrnyo1_500.jpg,image,20140109195010,yes
/wp-content/uploads/2011/09/tumblr_lrs2vyefqL1qjray4o1_500ok.png,/wp-content/uploads/2011/09/tumblr_lrs2vyefqL1qjray4o1_500ok.png,image,20140109192026,yes
/wp-content/uploads/2011/09/unison-artwork-ghost-200x200.jpg,/wp-content/uploads/2011/09/unison-artwork-ghost-200x200.jpg,image,20140109184547,yes
/wp-content/uploads/2011/09/unison-artwork-ghost.jpg,/wp-content/uploads/2011/09/unison-artwork-ghost.jpg,image,20140110214714,yes
/wp-content/uploads/2011/09/unisonlive-200x200.jpg,/wp-content/uploads/2011/09/unisonlive-200x200.jpg,image,20140109191413,yes
/wp-content/uploads/2011/09/whatever-artwork-200x200.jpg,/wp-content/uploads/2011/09/whatever-artwork-200x200.jpg,image,20140109200138,yes
/wp-content/uploads/2011/09/whatever-artwork.jpg,/wp-content/uploads/2011/09/whatever-artwork.jpg,image,20140110213427,yes
/wp-content/uploads/2011/10/%C3%B1aka%C3%B1aka_peque%C3%B1oedgarvideo-200x200.png,/wp-content/uploads/2011/10/%C3%B1aka%C3%B1aka_peque%C3%B1oedgarvideo-200x200.png,image,20140109190951,yes
/wp-content/uploads/2011/10/20-200x200.jpg,/wp-content/uploads/2011/10/20-200x200.jpg,image,20140109193041,yes
/wp-content/uploads/2011/10/246680_201943666515817_122389604471224_543606_5162273_n.jpg,/wp-content/uploads/2011/10/246680_201943666515817_122389604471224_543606_5162273_n.jpg,image,20140109192533,yes
/wp-content/uploads/2011/10/6a00d8341c2f0953ef01538fef9124970b-700wi.jpg,/wp-content/uploads/2011/10/6a00d8341c2f0953ef01538fef9124970b-700wi.jpg,image,20140109200459,yes
/wp-content/uploads/2011/10/F8stercare-Remixes-01-200x200.jpg,/wp-content/uploads/2011/10/F8stercare-Remixes-01-200x200.jpg,image,20140109191427,yes
/wp-content/uploads/2011/10/F8stercare-Remixes-01-700x800.jpg,/wp-content/uploads/2011/10/F8stercare-Remixes-01-700x800.jpg,image,20140109203603,yes
/wp-content/uploads/2011/10/Imagen+11.png,/wp-content/uploads/2011/10/Imagen+11.png,image,20140110212411,yes
/wp-content/uploads/2011/10/Imagen+3.png,/wp-content/uploads/2011/10/Imagen+3.png,image,20140110212748,yes
/wp-content/uploads/2011/10/Imagen+4.png,/wp-content/uploads/2011/10/Imagen+4.png,image,20140111004913,yes
/wp-content/uploads/2011/10/Picture+31-200x200.png,/wp-content/uploads/2011/10/Picture+31-200x200.png,image,20140109190034,yes
/wp-content/uploads/2011/10/Picture+31.png,/wp-content/uploads/2011/10/Picture+31.png,image,20140110212852,yes
/wp-content/uploads/2011/10/blissed-out-I-200x200.jpg,/wp-content/uploads/2011/10/blissed-out-I-200x200.jpg,image,20140109183521,yes
/wp-content/uploads/2011/10/blissed-out-I.jpg,/wp-content/uploads/2011/10/blissed-out-I.jpg,image,20140109195248,yes
/wp-content/uploads/2011/10/crop-top-55.png,/wp-content/uploads/2011/10/crop-top-55.png,image,20140109201021,yes
/wp-content/uploads/2011/10/dj_javier_estrada1-200x200.jpg,/wp-content/uploads/2011/10/dj_javier_estrada1-200x200.jpg,image,20140109192103,yes
/wp-content/uploads/2011/10/dj_javier_estrada1.jpg,/wp-content/uploads/2011/10/dj_javier_estrada1.jpg,image,20140109203054,yes
/wp-content/uploads/2011/10/e3.jpg,/wp-content/uploads/2011/10/e3.jpg,image,20140110212437,yes
/wp-content/uploads/2011/10/elpquenoedgar-200x200.jpg,/wp-content/uploads/2011/10/elpquenoedgar-200x200.jpg,image,20140109195200,yes
/wp-content/uploads/2011/10/elpquenoedgar.jpg,/wp-content/uploads/2011/10/elpquenoedgar.jpg,image,20140110213004,yes
/wp-content/uploads/2011/10/flyer_siteny-200x200.jpg,/wp-content/uploads/2011/10/flyer_siteny-200x200.jpg,image,20140109185619,yes
/wp-content/uploads/2011/10/flyer_siteny.jpg,/wp-content/uploads/2011/10/flyer_siteny.jpg,image,20140109202832,yes
/wp-content/uploads/2011/10/grimes-200x200.jpg,/wp-content/uploads/2011/10/grimes-200x200.jpg,image,20140109185804,yes
/wp-content/uploads/2011/10/grimes.jpg,/wp-content/uploads/2011/10/grimes.jpg,image,20140110213204,yes
/wp-content/uploads/2011/10/htrk-200x200.png,/wp-content/uploads/2011/10/htrk-200x200.png,image,20140109193853,no
/wp-content/uploads/2011/10/moda.png,/wp-content/uploads/2011/10/moda.png,image,20120624205546,yes
/wp-content/uploads/2011/10/nguzu21-200x200.gif,/wp-content/uploads/2011/10/nguzu21-200x200.gif,image,20140109192834,yes
/wp-content/uploads/2011/10/nguzu21.gif,/wp-content/uploads/2011/10/nguzu21.gif,image,20140110214737,yes
/wp-content/uploads/2011/10/obsexed-200x200.png,/wp-content/uploads/2011/10/obsexed-200x200.png,image,20140109194640,yes
/wp-content/uploads/2011/10/postphysical-rmx-200x200.jpg,/wp-content/uploads/2011/10/postphysical-rmx-200x200.jpg,image,20140109192106,yes
/wp-content/uploads/2011/10/ps-200x200.png,/wp-content/uploads/2011/10/ps-200x200.png,image,20140109193405,yes
/wp-content/uploads/2011/10/these-days-200x200.png,/wp-content/uploads/2011/10/these-days-200x200.png,image,20140109190009,yes
/wp-content/uploads/2011/10/thumb-1.png,/wp-content/uploads/2011/10/thumb-1.png,image,20140109201851,yes
/wp-content/uploads/2011/10/thumb.png,/wp-content/uploads/2011/10/thumb.png,image,20140109201720,yes
/wp-content/uploads/2011/10/tumblr_ln7rgufoEq1qlrj4w.jpg,/wp-content/uploads/2011/10/tumblr_ln7rgufoEq1qlrj4w.jpg,image,20140110212402,yes
/wp-content/uploads/2011/10/tumblr_lspl4eEEne1qlrj4w.jpg,/wp-content/uploads/2011/10/tumblr_lspl4eEEne1qlrj4w.jpg,image,20140110212641,yes
/wp-content/uploads/2011/10/tumblr_lszan2A5741qlrj4w.jpg,/wp-content/uploads/2011/10/tumblr_lszan2A5741qlrj4w.jpg,image,20140110213802,yes
/wp-content/uploads/2011/10/velvet-cape-72-copy.jpg,/wp-content/uploads/2011/10/velvet-cape-72-copy.jpg,image,20131209125603,yes
/wp-content/uploads/2011/10/vessel-200x200.png,/wp-content/uploads/2011/10/vessel-200x200.png,image,20140109191509,yes
/wp-content/uploads/2011/11/1.jpg,/wp-content/uploads/2011/11/1.jpg,image,20140110213502,yes
/wp-content/uploads/2011/11/18+-m1xtape-200x200.jpg,/wp-content/uploads/2011/11/18+-m1xtape-200x200.jpg,image,20140109184440,yes
/wp-content/uploads/2011/11/18+-m1xtape.jpg,/wp-content/uploads/2011/11/18+-m1xtape.jpg,image,20140111005520,yes
/wp-content/uploads/2011/11/2.jpg,/wp-content/uploads/2011/11/2.jpg,image,20140110212750,yes
/wp-content/uploads/2011/11/3-dreams-that-money-02.jpg,/wp-content/uploads/2011/11/3-dreams-that-money-02.jpg,image,20140110212327,yes
/wp-content/uploads/2011/11/3.jpg,/wp-content/uploads/2011/11/3.jpg,image,20140111005431,yes
/wp-content/uploads/2011/11/3d3-200x200.jpg,/wp-content/uploads/2011/11/3d3-200x200.jpg,image,20140109191848,yes
/wp-content/uploads/2011/11/3d3.jpg,/wp-content/uploads/2011/11/3d3.jpg,image,20140109192453,yes
/wp-content/uploads/2011/11/4-taller-negative-04.jpg,/wp-content/uploads/2011/11/4-taller-negative-04.jpg,image,20140110212525,yes
/wp-content/uploads/2011/11/4.jpg,/wp-content/uploads/2011/11/4.jpg,image,20140110212442,yes
/wp-content/uploads/2011/11/5-located02.jpg,/wp-content/uploads/2011/11/5-located02.jpg,image,20140110213240,yes
/wp-content/uploads/2011/11/5.jpg,/wp-content/uploads/2011/11/5.jpg,image,20140111004921,yes
/wp-content/uploads/2011/11/6.jpg,/wp-content/uploads/2011/11/6.jpg,image,20140110213104,yes
/wp-content/uploads/2011/11/7.jpg,/wp-content/uploads/2011/11/7.jpg,image,20140111005025,yes
/wp-content/uploads/2011/11/HOUSEOFLADOSHA-200x200.jpg,/wp-content/uploads/2011/11/HOUSEOFLADOSHA-200x200.jpg,image,20140109194811,yes
/wp-content/uploads/2011/11/HOUSEOFLADOSHA.jpg,/wp-content/uploads/2011/11/HOUSEOFLADOSHA.jpg,image,20140110212254,yes
/wp-content/uploads/2011/11/POLTER-COVER-200x200.png,/wp-content/uploads/2011/11/POLTER-COVER-200x200.png,image,20140109185942,yes
/wp-content/uploads/2011/11/POLTER-COVER.png,/wp-content/uploads/2011/11/POLTER-COVER.png,image,20140110212153,yes
/wp-content/uploads/2011/11/Picture-30-200x200.png,/wp-content/uploads/2011/11/Picture-30-200x200.png,image,20140109190902,yes
/wp-content/uploads/2011/11/Picture-30.png,/wp-content/uploads/2011/11/Picture-30.png,image,20140110215950,yes
/wp-content/uploads/2011/11/RS10x.jpg,/wp-content/uploads/2011/11/RS10x.jpg,image,20140109201654,yes
/wp-content/uploads/2011/11/RS1x2.jpg,/wp-content/uploads/2011/11/RS1x2.jpg,image,20140109201628,yes
/wp-content/uploads/2011/11/RS2x.jpg,/wp-content/uploads/2011/11/RS2x.jpg,image,20140109194437,yes
/wp-content/uploads/2011/11/RS3x.jpg,/wp-content/uploads/2011/11/RS3x.jpg,image,20140109201441,yes
/wp-content/uploads/2011/11/RS4x.jpg,/wp-content/uploads/2011/11/RS4x.jpg,image,20140109203700,yes
/wp-content/uploads/2011/11/RS5x.jpg,/wp-content/uploads/2011/11/RS5x.jpg,image,20140109201119,no
/wp-content/uploads/2011/11/RS6x.jpg,/wp-content/uploads/2011/11/RS6x.jpg,image,20140109200813,yes
/wp-content/uploads/2011/11/RS7x.jpg,/wp-content/uploads/2011/11/RS7x.jpg,image,20140109203926,yes
/wp-content/uploads/2011/11/RS8x.jpg,/wp-content/uploads/2011/11/RS8x.jpg,image,20140109205629,yes
/wp-content/uploads/2011/11/ReadyGoTypeB1-200x200.jpg,/wp-content/uploads/2011/11/ReadyGoTypeB1-200x200.jpg,image,20140109183551,yes
/wp-content/uploads/2011/11/Schonwald-200x200.jpg,/wp-content/uploads/2011/11/Schonwald-200x200.jpg,image,20140109192411,yes
/wp-content/uploads/2011/11/Schonwald.jpg,/wp-content/uploads/2011/11/Schonwald.jpg,image,20140110212450,yes
/wp-content/uploads/2011/11/YOUNGMAGIC-200x200.jpg,/wp-content/uploads/2011/11/YOUNGMAGIC-200x200.jpg,image,20140109182553,no
/wp-content/uploads/2011/11/YOUNGMAGIC.jpg,/wp-content/uploads/2011/11/YOUNGMAGIC.jpg,image,20140109194507,yes
/wp-content/uploads/2011/11/abba-200x200.jpg,/wp-content/uploads/2011/11/abba-200x200.jpg,image,20140109192234,yes
/wp-content/uploads/2011/11/abba.jpg,/wp-content/uploads/2011/11/abba.jpg,image,20140110220901,yes
/wp-content/uploads/2011/11/be-my-guest-200x200.jpg,/wp-content/uploads/2011/11/be-my-guest-200x200.jpg,image,20140109192815,yes
/wp-content/uploads/2011/11/be-my-guest.jpg,/wp-content/uploads/2011/11/be-my-guest.jpg,image,20140109203635,yes
/wp-content/uploads/2011/11/blacnails-200x200.png,/wp-content/uploads/2011/11/blacnails-200x200.png,image,20140109184654,yes
/wp-content/uploads/2011/11/boy-friend-200x200.jpg,/wp-content/uploads/2011/11/boy-friend-200x200.jpg,image,20140109191022,yes
/wp-content/uploads/2011/11/boy-friend.jpg,/wp-content/uploads/2011/11/boy-friend.jpg,image,20140109201929,yes
/wp-content/uploads/2011/11/changeyourself-200x200.jpg,/wp-content/uploads/2011/11/changeyourself-200x200.jpg,image,20140109184240,yes
/wp-content/uploads/2011/11/changeyourself.jpeg,/wp-content/uploads/2011/11/changeyourself.jpeg,image,20140110212411,yes
/wp-content/uploads/2011/11/flyer.jpg,/wp-content/uploads/2011/11/flyer.jpg,image,20140109202923,yes
/wp-content/uploads/2011/11/foto-sueter.jpg,/wp-content/uploads/2011/11/foto-sueter.jpg,image,20140110195623,yes
/wp-content/uploads/2011/11/freak-out-2-200x300.jpg,/wp-content/uploads/2011/11/freak-out-2-200x300.jpg,image,20140110212615,yes
/wp-content/uploads/2011/11/guera-200x200.png,/wp-content/uploads/2011/11/guera-200x200.png,image,20140109202211,yes
/wp-content/uploads/2011/11/hd-200x200.jpg,/wp-content/uploads/2011/11/hd-200x200.jpg,image,20140109194854,yes
/wp-content/uploads/2011/11/hd.jpg,/wp-content/uploads/2011/11/hd.jpg,image,20140110215601,yes
/wp-content/uploads/2011/11/holy-shit-200x200.jpg,/wp-content/uploads/2011/11/holy-shit-200x200.jpg,image,20140109184900,yes
/wp-content/uploads/2011/11/holy-shit.jpg,/wp-content/uploads/2011/11/holy-shit.jpg,image,20140109201154,yes
/wp-content/uploads/2011/11/nightbus2-200x200.jpg,/wp-content/uploads/2011/11/nightbus2-200x200.jpg,image,20140109182656,yes
/wp-content/uploads/2011/11/nightbus2.jpg,/wp-content/uploads/2011/11/nightbus2.jpg,image,20140111004917,yes
/wp-content/uploads/2011/11/pp_unicornkid-200x200.jpg,/wp-content/uploads/2011/11/pp_unicornkid-200x200.jpg,image,20140109184031,yes
/wp-content/uploads/2011/11/pp_unicornkid.jpg,/wp-content/uploads/2011/11/pp_unicornkid.jpg,image,20140110213526,yes
/wp-content/uploads/2011/11/programa-negro-final-02.jpg,/wp-content/uploads/2011/11/programa-negro-final-02.jpg,image,20140109195959,yes
/wp-content/uploads/2011/11/revolver.jpg,/wp-content/uploads/2011/11/revolver.jpg,image,20140110212836,yes
/wp-content/uploads/2011/11/revolver_flyer_2-200x200.jpg,/wp-content/uploads/2011/11/revolver_flyer_2-200x200.jpg,image,20140110212406,yes
/wp-content/uploads/2011/11/ruin-3-200x200.jpg,/wp-content/uploads/2011/11/ruin-3-200x200.jpg,image,20140109191810,yes
/wp-content/uploads/2011/11/ruin-3.jpg,/wp-content/uploads/2011/11/ruin-3.jpg,image,20140110213132,yes
/wp-content/uploads/2011/11/salem-200x200.png,/wp-content/uploads/2011/11/salem-200x200.png,image,20140109191810,yes
/wp-content/uploads/2011/11/selena_big.jpg,/wp-content/uploads/2011/11/selena_big.jpg,image,20140109204026,yes
/wp-content/uploads/2011/11/shades_post-200x200.jpg,/wp-content/uploads/2011/11/shades_post-200x200.jpg,image,20140109183850,yes
/wp-content/uploads/2011/11/skrinshot-200x200.png,/wp-content/uploads/2011/11/skrinshot-200x200.png,image,20140109182550,no
/wp-content/uploads/2011/11/tvynovelas-2-200x200.jpg,/wp-content/uploads/2011/11/tvynovelas-2-200x200.jpg,image,20140109192201,yes
/wp-content/uploads/2011/11/tvynovelas-2.jpg,/wp-content/uploads/2011/11/tvynovelas-2.jpg,image,20140110221909,yes
/wp-content/uploads/2011/11/twingemz-200x200.jpg,/wp-content/uploads/2011/11/twingemz-200x200.jpg,image,20140109191648,yes
/wp-content/uploads/2011/11/twingemz.jpeg,/wp-content/uploads/2011/11/twingemz.jpeg,image,20140109203021,yes
/wp-content/uploads/2011/12/DJ-SymBiotiX-with-Logo1.png,/wp-content/uploads/2011/12/DJ-SymBiotiX-with-Logo1.png,image,20140109184035,yes
/wp-content/uploads/2011/12/Picture-29-200x200.png,/wp-content/uploads/2011/12/Picture-29-200x200.png,image,20140109184635,yes
/wp-content/uploads/2011/12/Untitled-1-200x200.jpg,/wp-content/uploads/2011/12/Untitled-1-200x200.jpg,image,20140109193358,no
/wp-content/uploads/2011/12/Untitled-1.jpg,/wp-content/uploads/2011/12/Untitled-1.jpg,image,20140109191442,yes
/wp-content/uploads/2011/12/animals-200x200.png,/wp-content/uploads/2011/12/animals-200x200.png,image,20140109184220,yes
/wp-content/uploads/2011/12/arnold-200x200.png,/wp-content/uploads/2011/12/arnold-200x200.png,image,20140109182828,no
/wp-content/uploads/2011/12/artworks-000015297182-93k8pl-original-200x200.jpg,/wp-content/uploads/2011/12/artworks-000015297182-93k8pl-original-200x200.jpg,image,20140109191824,yes
/wp-content/uploads/2011/12/artworks-000015297182-93k8pl-original.jpg,/wp-content/uploads/2011/12/artworks-000015297182-93k8pl-original.jpg,image,20140109194616,yes
/wp-content/uploads/2011/12/artworks-000015910112-kf5sdw-crop-200x200.jpg,/wp-content/uploads/2011/12/artworks-000015910112-kf5sdw-crop-200x200.jpg,image,20140109195254,yes
/wp-content/uploads/2011/12/artworks-000015910112-kf5sdw-crop.jpeg,/wp-content/uploads/2011/12/artworks-000015910112-kf5sdw-crop.jpeg,image,20140109192941,yes
/wp-content/uploads/2011/12/darksister-200x200.jpg,/wp-content/uploads/2011/12/darksister-200x200.jpg,image,20140109202050,yes
/wp-content/uploads/2011/12/darksister.jpg,/wp-content/uploads/2011/12/darksister.jpg,image,20140110212853,yes
/wp-content/uploads/2011/12/freak-out-2-200x200.jpg,/wp-content/uploads/2011/12/freak-out-2-200x200.jpg,image,20140109192704,yes
/wp-content/uploads/2011/12/garywar-200x200.png,/wp-content/uploads/2011/12/garywar-200x200.png,image,20140109183134,yes
/wp-content/uploads/2011/12/genevajacuzzi_doisad-200x200.png,/wp-content/uploads/2011/12/genevajacuzzi_doisad-200x200.png,image,20140109184445,yes
/wp-content/uploads/2011/12/kara-200x200.png,/wp-content/uploads/2011/12/kara-200x200.png,image,20140109183828,yes
/wp-content/uploads/2011/12/kyary-200x200.png,/wp-content/uploads/2011/12/kyary-200x200.png,image,20140109183546,yes
/wp-content/uploads/2011/12/lafuerzaaerea-200x200.jpg,/wp-content/uploads/2011/12/lafuerzaaerea-200x200.jpg,image,20140109183551,yes
/wp-content/uploads/2011/12/lafuerzaaerea.jpg,/wp-content/uploads/2011/12/lafuerzaaerea.jpg,image,20140110213127,yes
/wp-content/uploads/2011/12/lostplanet-200x200.jpg,/wp-content/uploads/2011/12/lostplanet-200x200.jpg,image,20131031203525,yes
/wp-content/uploads/2011/12/lostplanet.jpeg,/wp-content/uploads/2011/12/lostplanet.jpeg,image,20140110212842,yes
/wp-content/uploads/2011/12/naomielizabeth-200x200.png,/wp-content/uploads/2011/12/naomielizabeth-200x200.png,image,20131104103639,yes
/wp-content/uploads/2011/12/off-200x200.png,/wp-content/uploads/2011/12/off-200x200.png,image,20140109193437,yes
/wp-content/uploads/2011/12/pigfat-200x200.png,/wp-content/uploads/2011/12/pigfat-200x200.png,image,20140110213312,yes
/wp-content/uploads/2011/12/symbiotix.jpg,/wp-content/uploads/2011/12/symbiotix.jpg,image,20140109191711,yes
/wp-content/uploads/2011/12/untru-love-200x200.png,/wp-content/uploads/2011/12/untru-love-200x200.png,image,20140109191209,yes
/wp-content/uploads/2011/12/ym-200x200.jpg,/wp-content/uploads/2011/12/ym-200x200.jpg,image,20140109191815,yes
/wp-content/uploads/2011/12/zebrakatz-200x200.jpg,/wp-content/uploads/2011/12/zebrakatz-200x200.jpg,image,20140110212453,yes
/wp-content/uploads/2012/01/Grimes+0010011-200x200.jpg,/wp-content/uploads/2012/01/Grimes+0010011-200x200.jpg,image,20140109182903,yes
/wp-content/uploads/2012/01/Grimes+0010011-700x1200.jpg,/wp-content/uploads/2012/01/Grimes+0010011-700x1200.jpg,image,20140110220603,yes
/wp-content/uploads/2012/01/IMG_2720-200x200.jpg,/wp-content/uploads/2012/01/IMG_2720-200x200.jpg,image,20140109192608,yes
/wp-content/uploads/2012/01/artworks-000017535172-ewctaj-original-200x200.jpg,/wp-content/uploads/2012/01/artworks-000017535172-ewctaj-original-200x200.jpg,image,20140109200243,yes
/wp-content/uploads/2012/01/asap-200x200.png,/wp-content/uploads/2012/01/asap-200x200.png,image,20140109203818,yes
/wp-content/uploads/2012/01/dimensional-rip-71-200x200.jpg,/wp-content/uploads/2012/01/dimensional-rip-71-200x200.jpg,image,20140109185215,yes
/wp-content/uploads/2012/01/dimensional-rip-71.jpg,/wp-content/uploads/2012/01/dimensional-rip-71.jpg,image,20140109203236,yes
/wp-content/uploads/2012/01/finallyboyscover-200x200.jpg,/wp-content/uploads/2012/01/finallyboyscover-200x200.jpg,image,20140109185720,yes
/wp-content/uploads/2012/01/finallyboyscover.jpg,/wp-content/uploads/2012/01/finallyboyscover.jpg,image,20140110221440,yes
/wp-content/uploads/2012/01/glass-popcorn-200x200.png,/wp-content/uploads/2012/01/glass-popcorn-200x200.png,image,20140109184914,yes
/wp-content/uploads/2012/01/how-can-i-resist-you-200x200.png,/wp-content/uploads/2012/01/how-can-i-resist-you-200x200.png,image,20140109183250,yes
/wp-content/uploads/2012/01/imaread-200x200.png,/wp-content/uploads/2012/01/imaread-200x200.png,image,20140109202450,yes
/wp-content/uploads/2012/01/jochoDOOOOOM-200x200.gif,/wp-content/uploads/2012/01/jochoDOOOOOM-200x200.gif,image,20140109194804,yes
/wp-content/uploads/2012/01/jochoDOOOOOM.gif,/wp-content/uploads/2012/01/jochoDOOOOOM.gif,image,20140111005016,yes
/wp-content/uploads/2012/01/ny2012-700px-200x200.jpg,/wp-content/uploads/2012/01/ny2012-700px-200x200.jpg,image,20140109185412,no
/wp-content/uploads/2012/01/ny2012-700px.jpg,/wp-content/uploads/2012/01/ny2012-700px.jpg,image,20140109201933,yes
/wp-content/uploads/2012/01/popcaan-200x200.png,/wp-content/uploads/2012/01/popcaan-200x200.png,image,20140109183430,yes
/wp-content/uploads/2012/01/ritualz_winter2012mixtape.jpeg,/wp-content/uploads/2012/01/ritualz_winter2012mixtape.jpeg,image,20140110212925,yes
/wp-content/uploads/2012/01/save2.gif,/wp-content/uploads/2012/01/save2.gif,image,20120624205554,yes
/wp-content/uploads/2012/01/shades-lullaby-200x200.jpg,/wp-content/uploads/2012/01/shades-lullaby-200x200.jpg,image,20140109183659,yes
/wp-content/uploads/2012/01/shades-lullaby.jpg,/wp-content/uploads/2012/01/shades-lullaby.jpg,image,20140109202025,yes
/wp-content/uploads/2012/01/shams-200x200.png,/wp-content/uploads/2012/01/shams-200x200.png,image,20140109183403,yes
/wp-content/uploads/2012/01/skullfukt-200x200.png,/wp-content/uploads/2012/01/skullfukt-200x200.png,image,20140109190802,yes
/wp-content/uploads/2012/01/sleepless-200x200.jpg,/wp-content/uploads/2012/01/sleepless-200x200.jpg,image,20140109202919,yes
/wp-content/uploads/2012/01/sleepless.jpg,/wp-content/uploads/2012/01/sleepless.jpg,image,20140109192105,yes
/wp-content/uploads/2012/01/soldedad-200x200.jpg,/wp-content/uploads/2012/01/soldedad-200x200.jpg,image,20140109192325,yes
/wp-content/uploads/2012/01/soldedad.jpg,/wp-content/uploads/2012/01/soldedad.jpg,image,20140109201353,yes
/wp-content/uploads/2012/01/tg-200x200.png,/wp-content/uploads/2012/01/tg-200x200.png,image,20140109192355,yes
/wp-content/uploads/2012/01/the-internet-cocaine-200x200.png,/wp-content/uploads/2012/01/the-internet-cocaine-200x200.png,image,20140109191835,yes
/wp-content/uploads/2012/01/thumbs_11-200x200.jpg,/wp-content/uploads/2012/01/thumbs_11-200x200.jpg,image,20140110213702,yes
/wp-content/uploads/2012/01/tumblr_lxh78iDFNa1r3jw60o1_2501-200x160.gif,/wp-content/uploads/2012/01/tumblr_lxh78iDFNa1r3jw60o1_2501-200x160.gif,image,20140109202734,yes
/wp-content/uploads/2012/01/xiuxiu-hi-200x200.png,/wp-content/uploads/2012/01/xiuxiu-hi-200x200.png,image,20140109182309,yes
/wp-content/uploads/2012/02/262835_199492046772391_182853235102939_489708_6375433_n-200x200.jpg,/wp-content/uploads/2012/02/262835_199492046772391_182853235102939_489708_6375433_n-200x200.jpg,image,20140109183033,yes
/wp-content/uploads/2012/02/387260_337995502893802_153154751377879_1352181_101291417_n-200x200.jpg,/wp-content/uploads/2012/02/387260_337995502893802_153154751377879_1352181_101291417_n-200x200.jpg,image,20140109184903,yes
/wp-content/uploads/2012/02/405452_10150467991246459_374396676458_9174072_1500719711_n-200x200.jpg,/wp-content/uploads/2012/02/405452_10150467991246459_374396676458_9174072_1500719711_n-200x200.jpg,image,20140109192946,yes
/wp-content/uploads/2012/02/405452_10150467991246459_374396676458_9174072_1500719711_n-700x720.jpg,/wp-content/uploads/2012/02/405452_10150467991246459_374396676458_9174072_1500719711_n-700x720.jpg,image,20140109203106,yes
/wp-content/uploads/2012/02/4466443250_0ef1a7ec4b1-200x200.jpg,/wp-content/uploads/2012/02/4466443250_0ef1a7ec4b1-200x200.jpg,image,20140109195139,yes
/wp-content/uploads/2012/02/CC-200x200.jpg,/wp-content/uploads/2012/02/CC-200x200.jpg,image,20140109185602,yes
/wp-content/uploads/2012/02/CC.jpg,/wp-content/uploads/2012/02/CC.jpg,image,20140109195955,yes
/wp-content/uploads/2012/02/EGkoralleven-200x200.jpg,/wp-content/uploads/2012/02/EGkoralleven-200x200.jpg,image,20140109184354,yes
/wp-content/uploads/2012/02/EGkoralleven.jpg,/wp-content/uploads/2012/02/EGkoralleven.jpg,image,20140110213032,yes
/wp-content/uploads/2012/02/JJBRINE-200x200.jpg,/wp-content/uploads/2012/02/JJBRINE-200x200.jpg,image,20140109185929,yes
/wp-content/uploads/2012/02/TWIN_GEMZ-200x200.jpg,/wp-content/uploads/2012/02/TWIN_GEMZ-200x200.jpg,image,20140109193305,yes
/wp-content/uploads/2012/02/TWIN_GEMZ.jpg,/wp-content/uploads/2012/02/TWIN_GEMZ.jpg,image,20140109195026,yes
/wp-content/uploads/2012/02/Tearist_Final_CMYK-Web-Site-200x200.jpg,/wp-content/uploads/2012/02/Tearist_Final_CMYK-Web-Site-200x200.jpg,image,20140109194516,yes
/wp-content/uploads/2012/02/alexico_elnombredelperro-200x200.png,/wp-content/uploads/2012/02/alexico_elnombredelperro-200x200.png,image,20140109183445,no
/wp-content/uploads/2012/02/avatars-000010318408-3wyneb-crop-200x200.jpg,/wp-content/uploads/2012/02/avatars-000010318408-3wyneb-crop-200x200.jpg,image,20140109200431,yes
/wp-content/uploads/2012/02/bodyguard-200x200.jpg,/wp-content/uploads/2012/02/bodyguard-200x200.jpg,image,20140109194629,yes
/wp-content/uploads/2012/02/bodyguard.jpg,/wp-content/uploads/2012/02/bodyguard.jpg,image,20140110215723,yes
/wp-content/uploads/2012/02/danishivers_graves-200x200.png,/wp-content/uploads/2012/02/danishivers_graves-200x200.png,image,20140109191221,yes
/wp-content/uploads/2012/02/dj-dog-dick-200x200.jpg,/wp-content/uploads/2012/02/dj-dog-dick-200x200.jpg,image,20140109192326,yes
/wp-content/uploads/2012/02/dj-smurphy-200x200.jpg,/wp-content/uploads/2012/02/dj-smurphy-200x200.jpg,image,20140109191030,yes
/wp-content/uploads/2012/02/dj-smurphy.jpeg,/wp-content/uploads/2012/02/dj-smurphy.jpeg,image,20140110213112,yes
/wp-content/uploads/2012/02/floss-200x200.jpg,/wp-content/uploads/2012/02/floss-200x200.jpg,image,20140109185156,yes
/wp-content/uploads/2012/02/floss.jpg,/wp-content/uploads/2012/02/floss.jpg,image,20140109203834,yes
/wp-content/uploads/2012/02/lauren-devine-200x200.png,/wp-content/uploads/2012/02/lauren-devine-200x200.png,image,20140109192826,yes
/wp-content/uploads/2012/02/mikky-200x200.png,/wp-content/uploads/2012/02/mikky-200x200.png,image,20140109193459,yes
/wp-content/uploads/2012/02/nrmal-200x200.jpg,/wp-content/uploads/2012/02/nrmal-200x200.jpg,image,20140109192941,no
/wp-content/uploads/2012/02/nrmal.jpg,/wp-content/uploads/2012/02/nrmal.jpg,image,20140109204546,yes
/wp-content/uploads/2012/02/redv-200x200.png,/wp-content/uploads/2012/02/redv-200x200.png,image,20140109202557,yes
/wp-content/uploads/2012/02/shams-200x200.png,/wp-content/uploads/2012/02/shams-200x200.png,image,20140109193228,yes
/wp-content/uploads/2012/02/ssion-200x200.png,/wp-content/uploads/2012/02/ssion-200x200.png,image,20140109192450,yes
/wp-content/uploads/2012/02/ugly-200x200.jpg,/wp-content/uploads/2012/02/ugly-200x200.jpg,image,20140109183106,yes
/wp-content/uploads/2012/02/ugly.jpg,/wp-content/uploads/2012/02/ugly.jpg,image,20140109201324,yes
/wp-content/uploads/2012/02/white-ring-flyer-copy-200x200.jpg,/wp-content/uploads/2012/02/white-ring-flyer-copy-200x200.jpg,image,20140109201457,yes
/wp-content/uploads/2012/02/white-ring-flyer-copy.jpg,/wp-content/uploads/2012/02/white-ring-flyer-copy.jpg,image,20140109192033,yes
/wp-content/uploads/2012/03/1202495672-1-200x200.jpg,/wp-content/uploads/2012/03/1202495672-1-200x200.jpg,image,20140109182133,yes
/wp-content/uploads/2012/03/1202495672-1.jpg,/wp-content/uploads/2012/03/1202495672-1.jpg,image,20140110220322,yes
/wp-content/uploads/2012/03/2651835935-1-200x200.jpg,/wp-content/uploads/2012/03/2651835935-1-200x200.jpg,image,20140109194933,yes
/wp-content/uploads/2012/03/2651835935-1.jpg,/wp-content/uploads/2012/03/2651835935-1.jpg,image,20140109202236,yes
/wp-content/uploads/2012/03/404894_10150567309544792_108014189791_8333484_2047649445_n1-200x200.jpg,/wp-content/uploads/2012/03/404894_10150567309544792_108014189791_8333484_2047649445_n1-200x200.jpg,image,20140109182238,yes
/wp-content/uploads/2012/03/404894_10150567309544792_108014189791_8333484_2047649445_n1-700x750.jpg,/wp-content/uploads/2012/03/404894_10150567309544792_108014189791_8333484_2047649445_n1-700x750.jpg,image,20140109194225,yes
/wp-content/uploads/2012/03/417104_191541614282977_123766361060503_220537_1527607908_n-200x200.jpg,/wp-content/uploads/2012/03/417104_191541614282977_123766361060503_220537_1527607908_n-200x200.jpg,image,20140109192900,yes
/wp-content/uploads/2012/03/417104_191541614282977_123766361060503_220537_1527607908_n.jpeg,/wp-content/uploads/2012/03/417104_191541614282977_123766361060503_220537_1527607908_n.jpeg,image,20140110222230,yes
/wp-content/uploads/2012/03/428123_10150653084870407_172148820406_11139858_782728427_n-200x200.jpg,/wp-content/uploads/2012/03/428123_10150653084870407_172148820406_11139858_782728427_n-200x200.jpg,image,20140109191759,yes
/wp-content/uploads/2012/03/428123_10150653084870407_172148820406_11139858_782728427_n.jpg,/wp-content/uploads/2012/03/428123_10150653084870407_172148820406_11139858_782728427_n.jpg,image,20140109193007,yes
/wp-content/uploads/2012/03/Bad-Pop-L%C3%ADder-Juvenil-EP-cover-200x200.png,/wp-content/uploads/2012/03/Bad-Pop-L%C3%ADder-Juvenil-EP-cover-200x200.png,image,20140109185053,yes
/wp-content/uploads/2012/03/Bad-Pop-L%C3%ADder-Juvenil-EP-cover.png,/wp-content/uploads/2012/03/Bad-Pop-L%C3%ADder-Juvenil-EP-cover.png,image,20140109200235,yes
/wp-content/uploads/2012/03/INNOSCENTIAOBSCURA-200x200.png,/wp-content/uploads/2012/03/INNOSCENTIAOBSCURA-200x200.png,image,20140109191909,yes
/wp-content/uploads/2012/03/Picture-80-200x200.png,/wp-content/uploads/2012/03/Picture-80-200x200.png,image,20140109203028,yes
/wp-content/uploads/2012/03/Picture-80-700x777.png,/wp-content/uploads/2012/03/Picture-80-700x777.png,image,20140109202701,yes
/wp-content/uploads/2012/03/Screen-Shot-2012-03-13-at-12.11.06-PM-200x200.png,/wp-content/uploads/2012/03/Screen-Shot-2012-03-13-at-12.11.06-PM-200x200.png,image,20140109200937,yes
/wp-content/uploads/2012/03/Shbtimtjapop-200x200.jpg,/wp-content/uploads/2012/03/Shbtimtjapop-200x200.jpg,image,20140109191458,yes
/wp-content/uploads/2012/03/Shbtimtjapop.jpg,/wp-content/uploads/2012/03/Shbtimtjapop.jpg,image,20140109195155,yes
/wp-content/uploads/2012/03/alignment2-200x200.jpg,/wp-content/uploads/2012/03/alignment2-200x200.jpg,image,20140109184152,yes
/wp-content/uploads/2012/03/alignment2.jpg,/wp-content/uploads/2012/03/alignment2.jpg,image,20140110220014,yes
/wp-content/uploads/2012/03/artworks-000017677326-kdqdem-original-200x200.jpg,/wp-content/uploads/2012/03/artworks-000017677326-kdqdem-original-200x200.jpg,image,20140109195159,yes
/wp-content/uploads/2012/03/artworks-000017677326-kdqdem-original-700x800.jpg,/wp-content/uploads/2012/03/artworks-000017677326-kdqdem-original-700x800.jpg,image,20140109191001,yes
/wp-content/uploads/2012/03/artworks-000019659068-aw57vy-original-200x200.jpg,/wp-content/uploads/2012/03/artworks-000019659068-aw57vy-original-200x200.jpg,image,20140109184031,yes
/wp-content/uploads/2012/03/artworks-000020629958-5pg8qj-original-200x200.jpg,/wp-content/uploads/2012/03/artworks-000020629958-5pg8qj-original-200x200.jpg,image,20140109182150,yes
/wp-content/uploads/2012/03/artworks-000020629958-5pg8qj-original.jpg,/wp-content/uploads/2012/03/artworks-000020629958-5pg8qj-original.jpg,image,20140109191653,yes
/wp-content/uploads/2012/03/capecod-200x200.jpg,/wp-content/uploads/2012/03/capecod-200x200.jpg,image,20131023045627,yes
/wp-content/uploads/2012/03/deon-music-for-keyboards-200x200.jpg,/wp-content/uploads/2012/03/deon-music-for-keyboards-200x200.jpg,image,20140109190217,yes
/wp-content/uploads/2012/03/deon-music-for-keyboards.jpeg,/wp-content/uploads/2012/03/deon-music-for-keyboards.jpeg,image,20140110202442,yes
/wp-content/uploads/2012/03/elitegymna-200x200.jpg,/wp-content/uploads/2012/03/elitegymna-200x200.jpg,image,20140109193705,yes
/wp-content/uploads/2012/03/furry-200x200.png,/wp-content/uploads/2012/03/furry-200x200.png,image,20140109192624,yes
/wp-content/uploads/2012/03/grimes-200x200.jpg,/wp-content/uploads/2012/03/grimes-200x200.jpg,image,20140109191835,yes
/wp-content/uploads/2012/03/light-200x200.jpg,/wp-content/uploads/2012/03/light-200x200.jpg,image,20140109190233,yes
/wp-content/uploads/2012/03/light.jpg,/wp-content/uploads/2012/03/light.jpg,image,20140109204552,yes
/wp-content/uploads/2012/03/maussan-200x200.jpg,/wp-content/uploads/2012/03/maussan-200x200.jpg,image,20140109184236,yes
/wp-content/uploads/2012/03/maussan.jpg,/wp-content/uploads/2012/03/maussan.jpg,image,20140110220908,yes
/wp-content/uploads/2012/03/men-in-burka-200x200.jpg,/wp-content/uploads/2012/03/men-in-burka-200x200.jpg,image,20140109191002,no
/wp-content/uploads/2012/03/men-in-burka.jpg,/wp-content/uploads/2012/03/men-in-burka.jpg,image,20140109191824,yes
/wp-content/uploads/2012/03/ninaskydaydreaming-200x200.jpg,/wp-content/uploads/2012/03/ninaskydaydreaming-200x200.jpg,image,20140109183528,yes
/wp-content/uploads/2012/03/onesecondoflove-200x200.png,/wp-content/uploads/2012/03/onesecondoflove-200x200.png,image,20140109184605,yes
/wp-content/uploads/2012/03/troller-200x200.jpg,/wp-content/uploads/2012/03/troller-200x200.jpg,image,20140109194524,yes
/wp-content/uploads/2012/03/troller.jpg,/wp-content/uploads/2012/03/troller.jpg,image,20140109184614,yes
/wp-content/uploads/2012/03/worldwidegallery-200x200.jpg,/wp-content/uploads/2012/03/worldwidegallery-200x200.jpg,image,20140109191518,yes
/wp-content/uploads/2012/03/worldwidegallery.jpg,/wp-content/uploads/2012/03/worldwidegallery.jpg,image,20140110212956,yes
/wp-content/uploads/2012/04/1169692729-11-200x200.png,/wp-content/uploads/2012/04/1169692729-11-200x200.png,image,20140109195302,yes
/wp-content/uploads/2012/04/1169692729-11.png,/wp-content/uploads/2012/04/1169692729-11.png,image,20140110213006,yes
/wp-content/uploads/2012/04/3801107224-1-200x200.jpg,/wp-content/uploads/2012/04/3801107224-1-200x200.jpg,image,20140109193341,yes
/wp-content/uploads/2012/04/EX-200x200.png,/wp-content/uploads/2012/04/EX-200x200.png,image,20140109193953,yes
/wp-content/uploads/2012/04/EZ-700x837.png,/wp-content/uploads/2012/04/EZ-700x837.png,image,20140109191940,yes
/wp-content/uploads/2012/04/ana-caprix-200x200.jpg,/wp-content/uploads/2012/04/ana-caprix-200x200.jpg,image,20140109193752,yes
/wp-content/uploads/2012/04/ana-caprix.jpg,/wp-content/uploads/2012/04/ana-caprix.jpg,image,20140109194530,yes
/wp-content/uploads/2012/04/blazedoutcover-200x200.jpg,/wp-content/uploads/2012/04/blazedoutcover-200x200.jpg,image,20140109191755,yes
/wp-content/uploads/2012/04/blazedoutcover.jpg,/wp-content/uploads/2012/04/blazedoutcover.jpg,image,20140109191946,yes
/wp-content/uploads/2012/04/bodyguard-sexwithaxeon-200x200.png,/wp-content/uploads/2012/04/bodyguard-sexwithaxeon-200x200.png,image,20140109190918,yes
/wp-content/uploads/2012/04/bodyguard-sexwithaxeon.png,/wp-content/uploads/2012/04/bodyguard-sexwithaxeon.png,image,20140109184833,yes
/wp-content/uploads/2012/04/coachbag-200x200.jpg,/wp-content/uploads/2012/04/coachbag-200x200.jpg,image,20140109185233,yes
/wp-content/uploads/2012/04/coachbag.jpg,/wp-content/uploads/2012/04/coachbag.jpg,image,20140109193757,yes
/wp-content/uploads/2012/04/craxxxmurf-rip-200x200.jpg,/wp-content/uploads/2012/04/craxxxmurf-rip-200x200.jpg,image,20140109182235,yes
/wp-content/uploads/2012/04/craxxxmurf-rip.jpg,/wp-content/uploads/2012/04/craxxxmurf-rip.jpg,image,20140109190020,yes
/wp-content/uploads/2012/04/dark-york-200x200.jpg,/wp-content/uploads/2012/04/dark-york-200x200.jpg,image,20140109191322,yes
/wp-content/uploads/2012/04/dark-york.jpg,/wp-content/uploads/2012/04/dark-york.jpg,image,20131205040504,yes
/wp-content/uploads/2012/04/dntel-200x200.jpg,/wp-content/uploads/2012/04/dntel-200x200.jpg,image,20140109193726,yes
/wp-content/uploads/2012/04/dntel.jpg,/wp-content/uploads/2012/04/dntel.jpg,image,20140109204122,yes
/wp-content/uploads/2012/04/kyary-candycandy-200x200.jpg,/wp-content/uploads/2012/04/kyary-candycandy-200x200.jpg,image,20140109190019,yes
/wp-content/uploads/2012/04/lasbrisas-200x200.jpg,/wp-content/uploads/2012/04/lasbrisas-200x200.jpg,image,20140109193252,yes
/wp-content/uploads/2012/04/lasbrisas.jpg,/wp-content/uploads/2012/04/lasbrisas.jpg,image,20140109190757,yes
/wp-content/uploads/2012/04/mykki-blanco-200x200.jpg,/wp-content/uploads/2012/04/mykki-blanco-200x200.jpg,image,20140109191735,yes
/wp-content/uploads/2012/04/mykki-blanco-700x800.jpg,/wp-content/uploads/2012/04/mykki-blanco-700x800.jpg,image,20131209113242,yes
/wp-content/uploads/2012/04/powwoww-200x200.jpg,/wp-content/uploads/2012/04/powwoww-200x200.jpg,image,20140109190928,no
/wp-content/uploads/2012/04/powwoww-700x706.jpg,/wp-content/uploads/2012/04/powwoww-700x706.jpg,image,20140110184453,yes
/wp-content/uploads/2012/04/rimar-200x200.jpg,/wp-content/uploads/2012/04/rimar-200x200.jpg,image,20140109192833,yes
/wp-content/uploads/2012/04/rimar.jpg,/wp-content/uploads/2012/04/rimar.jpg,image,20140109193954,yes
/wp-content/uploads/2012/04/rlgrime.jpg,/wp-content/uploads/2012/04/rlgrime.jpg,image,20140109182346,no
/wp-content/uploads/2012/04/smuprhy-200x200.png,/wp-content/uploads/2012/04/smuprhy-200x200.png,image,20140109194933,yes
/wp-content/uploads/2012/04/technoclub-200x200.gif,/wp-content/uploads/2012/04/technoclub-200x200.gif,image,20140109194635,yes
/wp-content/uploads/2012/04/telenovelafantasmux3-200x200.jpg,/wp-content/uploads/2012/04/telenovelafantasmux3-200x200.jpg,image,20140109195343,yes
/wp-content/uploads/2012/04/telenovelafantasmux3.jpg,/wp-content/uploads/2012/04/telenovelafantasmux3.jpg,image,20140109193708,yes
/wp-content/uploads/2012/04/unicorn-200x200.jpg,/wp-content/uploads/2012/04/unicorn-200x200.jpg,image,20140601050223,yes
/wp-content/uploads/2012/05/3515950227-1-200x200.jpg,/wp-content/uploads/2012/05/3515950227-1-200x200.jpg,image,20140109182625,yes
/wp-content/uploads/2012/05/3515950227-1.jpeg,/wp-content/uploads/2012/05/3515950227-1.jpeg,image,20140109203030,yes
/wp-content/uploads/2012/05/3560157348-1-copy-200x200.jpg,/wp-content/uploads/2012/05/3560157348-1-copy-200x200.jpg,image,20140109192515,yes
/wp-content/uploads/2012/05/592282_212638475431108_838582424_n1-180x200.jpg,/wp-content/uploads/2012/05/592282_212638475431108_838582424_n1-180x200.jpg,image,20140109191810,yes
/wp-content/uploads/2012/05/Arca-Stretch-1-EP-200x200.jpg,/wp-content/uploads/2012/05/Arca-Stretch-1-EP-200x200.jpg,image,20140109185953,yes
/wp-content/uploads/2012/05/Arca-Stretch-1-EP.jpg,/wp-content/uploads/2012/05/Arca-Stretch-1-EP.jpg,image,20140109201925,yes
/wp-content/uploads/2012/05/HowToDressWell_byErezAvissar1-200x200.jpg,/wp-content/uploads/2012/05/HowToDressWell_byErezAvissar1-200x200.jpg,image,20140109183434,yes
/wp-content/uploads/2012/05/LA-200x200.png,/wp-content/uploads/2012/05/LA-200x200.png,image,20140109191528,yes
/wp-content/uploads/2012/05/LD_V_2-200x200.jpg,/wp-content/uploads/2012/05/LD_V_2-200x200.jpg,image,20140109190939,no
/wp-content/uploads/2012/05/LD_V_2.jpeg,/wp-content/uploads/2012/05/LD_V_2.jpeg,image,20140109194502,yes
/wp-content/uploads/2012/05/LIGHT-ASYLUM-200x200.jpg,/wp-content/uploads/2012/05/LIGHT-ASYLUM-200x200.jpg,image,20140109185005,yes
/wp-content/uploads/2012/05/LIGHT-ASYLUM.jpg,/wp-content/uploads/2012/05/LIGHT-ASYLUM.jpg,image,20140109194820,yes
/wp-content/uploads/2012/05/RTC-200x200.png,/wp-content/uploads/2012/05/RTC-200x200.png,image,20140109185302,yes
/wp-content/uploads/2012/05/RTC-700x768.png,/wp-content/uploads/2012/05/RTC-700x768.png,image,20140109182127,yes
/wp-content/uploads/2012/05/Screen-shot-2012-05-01-at-12.34-200x200.png,/wp-content/uploads/2012/05/Screen-shot-2012-05-01-at-12.34-200x200.png,image,20140109201941,yes
/wp-content/uploads/2012/05/SelmaOxor-200x200.jpg,/wp-content/uploads/2012/05/SelmaOxor-200x200.jpg,image,20140109182634,yes
/wp-content/uploads/2012/05/SelmaOxor.jpg,/wp-content/uploads/2012/05/SelmaOxor.jpg,image,20140109194444,yes
/wp-content/uploads/2012/05/Spaceghostpurrp-608x3651-200x200.jpg,/wp-content/uploads/2012/05/Spaceghostpurrp-608x3651-200x200.jpg,image,20140109195345,no
/wp-content/uploads/2012/05/a119217e-200x200.jpg,/wp-content/uploads/2012/05/a119217e-200x200.jpg,image,20140109191721,yes
/wp-content/uploads/2012/05/amber_ibarreche-200x200.jpg,/wp-content/uploads/2012/05/amber_ibarreche-200x200.jpg,image,20140109182610,yes
/wp-content/uploads/2012/05/amber_ibarreche.jpeg,/wp-content/uploads/2012/05/amber_ibarreche.jpeg,image,20140109200714,yes
/wp-content/uploads/2012/05/artworks-000023767930-r1zh1w-original-200x200.jpg,/wp-content/uploads/2012/05/artworks-000023767930-r1zh1w-original-200x200.jpg,image,20140109184844,yes
/wp-content/uploads/2012/05/artworks-000023767930-r1zh1w-original.jpeg,/wp-content/uploads/2012/05/artworks-000023767930-r1zh1w-original.jpeg,image,20140109191456,yes
/wp-content/uploads/2012/05/bb-200x200.jpg,/wp-content/uploads/2012/05/bb-200x200.jpg,image,20140521211905,yes
/wp-content/uploads/2012/05/bb.jpg,/wp-content/uploads/2012/05/bb.jpg,image,20140109195044,yes
/wp-content/uploads/2012/05/bloodorange-200x200.jpg,/wp-content/uploads/2012/05/bloodorange-200x200.jpg,image,20140109183421,yes
/wp-content/uploads/2012/05/catoroamas-200x200.png,/wp-content/uploads/2012/05/catoroamas-200x200.png,image,20140109192442,yes
/wp-content/uploads/2012/05/deon-200x200.jpg,/wp-content/uploads/2012/05/deon-200x200.jpg,image,20140109190203,yes
/wp-content/uploads/2012/05/deon.jpg,/wp-content/uploads/2012/05/deon.jpg,image,20140109194105,yes
/wp-content/uploads/2012/05/elitegymruin4-200x200.jpg,/wp-content/uploads/2012/05/elitegymruin4-200x200.jpg,image,20140109192601,yes
/wp-content/uploads/2012/05/elitegymruin4.jpg,/wp-content/uploads/2012/05/elitegymruin4.jpg,image,20140109193643,yes
/wp-content/uploads/2012/05/fatima-200x200.jpg,/wp-content/uploads/2012/05/fatima-200x200.jpg,image,20140109191746,yes
/wp-content/uploads/2012/05/fatima.jpeg,/wp-content/uploads/2012/05/fatima.jpeg,image,20140109191544,yes
/wp-content/uploads/2012/05/fatima.jpg,/wp-content/uploads/2012/05/fatima.jpg,image,20140110212732,yes
/wp-content/uploads/2012/05/glorious-200x200.jpg,/wp-content/uploads/2012/05/glorious-200x200.jpg,image,20140109193729,yes
/wp-content/uploads/2012/05/glorious.jpg,/wp-content/uploads/2012/05/glorious.jpg,image,20140109203157,yes
/wp-content/uploads/2012/05/grimes-200x200.png,/wp-content/uploads/2012/05/grimes-200x200.png,image,20140109184417,yes
/wp-content/uploads/2012/05/hoodcore-200x200.jpg,/wp-content/uploads/2012/05/hoodcore-200x200.jpg,image,20140109190122,yes
/wp-content/uploads/2012/05/hoodcore.jpg,/wp-content/uploads/2012/05/hoodcore.jpg,image,20140109192236,yes
/wp-content/uploads/2012/05/houseof-200x200.jpg,/wp-content/uploads/2012/05/houseof-200x200.jpg,image,20140109195206,yes
/wp-content/uploads/2012/05/houseof.jpg,/wp-content/uploads/2012/05/houseof.jpg,image,20140110212203,yes
/wp-content/uploads/2012/05/htdw.png,/wp-content/uploads/2012/05/htdw.png,image,20140109184912,yes
/wp-content/uploads/2012/05/hypermotion-200x200.gif,/wp-content/uploads/2012/05/hypermotion-200x200.gif,image,20140109185331,yes
/wp-content/uploads/2012/05/hypermotion.gif,/wp-content/uploads/2012/05/hypermotion.gif,image,20140110213258,yes
/wp-content/uploads/2012/05/lemonade-200x200.jpg,/wp-content/uploads/2012/05/lemonade-200x200.jpg,image,20140109195226,yes
/wp-content/uploads/2012/05/lemonade-200x200.png,/wp-content/uploads/2012/05/lemonade-200x200.png,image,20131209112741,yes
/wp-content/uploads/2012/05/lemonade.jpg,/wp-content/uploads/2012/05/lemonade.jpg,image,20140109190845,yes
/wp-content/uploads/2012/05/maxpayne-200x200.jpg,/wp-content/uploads/2012/05/maxpayne-200x200.jpg,image,20140109184453,yes
/wp-content/uploads/2012/05/maxpayne.jpg,/wp-content/uploads/2012/05/maxpayne.jpg,image,20140109192912,yes
/wp-content/uploads/2012/05/miami-200x200.jpg,/wp-content/uploads/2012/05/miami-200x200.jpg,image,20140109194422,yes
/wp-content/uploads/2012/05/move-for-me-200x200.jpg,/wp-content/uploads/2012/05/move-for-me-200x200.jpg,image,20140109190437,yes
/wp-content/uploads/2012/05/move-for-me.jpg,/wp-content/uploads/2012/05/move-for-me.jpg,image,20140109183331,yes
/wp-content/uploads/2012/05/mr-kitty-200x200.jpg,/wp-content/uploads/2012/05/mr-kitty-200x200.jpg,image,20140109191817,yes
/wp-content/uploads/2012/05/mr-kitty.jpeg,/wp-content/uploads/2012/05/mr-kitty.jpeg,image,20140109203714,yes
/wp-content/uploads/2012/05/mykki-200x200.jpg,/wp-content/uploads/2012/05/mykki-200x200.jpg,image,20140109185218,yes
/wp-content/uploads/2012/05/outworldmusic-200x200.jpg,/wp-content/uploads/2012/05/outworldmusic-200x200.jpg,image,20140109194544,yes
/wp-content/uploads/2012/05/outworldmusic.jpg,/wp-content/uploads/2012/05/outworldmusic.jpg,image,20140109201657,yes
/wp-content/uploads/2012/05/phone-200x200.jpg,/wp-content/uploads/2012/05/phone-200x200.jpg,image,20140109191853,yes
/wp-content/uploads/2012/05/phone.jpg,/wp-content/uploads/2012/05/phone.jpg,image,20140109192753,yes
/wp-content/uploads/2012/05/physical-therapy-200x200.jpg,/wp-content/uploads/2012/05/physical-therapy-200x200.jpg,image,20140109193600,yes
/wp-content/uploads/2012/05/physical-therapy.jpg,/wp-content/uploads/2012/05/physical-therapy.jpg,image,20140110212133,yes
/wp-content/uploads/2012/05/ritualz_alien-200x200.jpg,/wp-content/uploads/2012/05/ritualz_alien-200x200.jpg,image,20140109182513,no
/wp-content/uploads/2012/05/rl-200x200.jpg,/wp-content/uploads/2012/05/rl-200x200.jpg,image,20140109192047,yes
/wp-content/uploads/2012/05/rl.jpg,/wp-content/uploads/2012/05/rl.jpg,image,20140109192157,yes
/wp-content/uploads/2012/05/screen-200x200.jpg,/wp-content/uploads/2012/05/screen-200x200.jpg,image,20140109190012,yes
/wp-content/uploads/2012/05/solace-200x200.jpg,/wp-content/uploads/2012/05/solace-200x200.jpg,image,20140109194648,yes
/wp-content/uploads/2012/05/soledad-200x200.jpg,/wp-content/uploads/2012/05/soledad-200x200.jpg,image,20140109185710,yes
/wp-content/uploads/2012/05/soledad.jpg,/wp-content/uploads/2012/05/soledad.jpg,image,20140109191702,yes
/wp-content/uploads/2012/05/spring-200x200.jpg,/wp-content/uploads/2012/05/spring-200x200.jpg,image,20140109184447,yes
/wp-content/uploads/2012/05/spring1.jpg,/wp-content/uploads/2012/05/spring1.jpg,image,20140109185922,yes
/wp-content/uploads/2012/05/squarepusher_warp-records_ufabulum_electronic-beats_01-200x200.jpg,/wp-content/uploads/2012/05/squarepusher_warp-records_ufabulum_electronic-beats_01-200x200.jpg,image,20140109191951,yes
/wp-content/uploads/2012/05/survive-200x200.png,/wp-content/uploads/2012/05/survive-200x200.png,image,20140109182205,yes
/wp-content/uploads/2012/05/survive-LP-200x200.jpg,/wp-content/uploads/2012/05/survive-LP-200x200.jpg,image,20140109190044,yes
/wp-content/uploads/2012/05/survive-LP.jpg,/wp-content/uploads/2012/05/survive-LP.jpg,image,20140109192547,yes
/wp-content/uploads/2012/05/survive.png,/wp-content/uploads/2012/05/survive.png,image,20140109191651,yes
/wp-content/uploads/2012/05/teengirl-fantasy-motif-608x608-200x200.jpg,/wp-content/uploads/2012/05/teengirl-fantasy-motif-608x608-200x200.jpg,image,20131205033440,yes
/wp-content/uploads/2012/05/thv-200x200.png,/wp-content/uploads/2012/05/thv-200x200.png,image,20140109193634,yes
/wp-content/uploads/2012/05/uprise-200x200.png,/wp-content/uploads/2012/05/uprise-200x200.png,image,20140109193050,yes
/wp-content/uploads/2012/05/uprise.png,/wp-content/uploads/2012/05/uprise.png,image,20140110213745,yes
/wp-content/uploads/2012/05/yen-200x200.jpg,/wp-content/uploads/2012/05/yen-200x200.jpg,image,20140109182900,yes
/wp-content/uploads/2012/06/1935446634-11-200x200.jpg,/wp-content/uploads/2012/06/1935446634-11-200x200.jpg,image,20140109183939,yes
/wp-content/uploads/2012/06/1935446634-11-700x784.jpg,/wp-content/uploads/2012/06/1935446634-11-700x784.jpg,image,20140109193655,yes
/wp-content/uploads/2012/06/5617231694_cd02002d48_b-200x200.jpg,/wp-content/uploads/2012/06/5617231694_cd02002d48_b-200x200.jpg,image,20140109185522,yes
/wp-content/uploads/2012/06/5617231694_cd02002d48_b-700x532.jpg,/wp-content/uploads/2012/06/5617231694_cd02002d48_b-700x532.jpg,image,20140109185350,yes
/wp-content/uploads/2012/06/6773717345_55ded7269d_z1-200x200.jpg,/wp-content/uploads/2012/06/6773717345_55ded7269d_z1-200x200.jpg,image,20140109185135,yes
/wp-content/uploads/2012/06/A-Tribe-Called-Red-200x200.jpg,/wp-content/uploads/2012/06/A-Tribe-Called-Red-200x200.jpg,image,20140109191423,yes
/wp-content/uploads/2012/06/A-Tribe-Called-Red.jpg,/wp-content/uploads/2012/06/A-Tribe-Called-Red.jpg,image,20140109193408,yes
/wp-content/uploads/2012/06/adeptus-200x200.png,/wp-content/uploads/2012/06/adeptus-200x200.png,image,20140109194734,yes
/wp-content/uploads/2012/06/adeptus.png,/wp-content/uploads/2012/06/adeptus.png,image,20140110214004,yes
/wp-content/uploads/2012/06/amber_ibarreche-200x200.jpg,/wp-content/uploads/2012/06/amber_ibarreche-200x200.jpg,image,20140109194254,yes
/wp-content/uploads/2012/06/amber_ibarreche.jpeg,/wp-content/uploads/2012/06/amber_ibarreche.jpeg,image,20140109192807,yes
/wp-content/uploads/2012/06/artworks-000024586109-ycaht4-original-200x200.jpg,/wp-content/uploads/2012/06/artworks-000024586109-ycaht4-original-200x200.jpg,image,20140109183437,yes
/wp-content/uploads/2012/06/artworks-000024586109-ycaht4-original1.jpg,/wp-content/uploads/2012/06/artworks-000024586109-ycaht4-original1.jpg,image,20140109193218,yes
/wp-content/uploads/2012/06/artworks-000024857967-79qr7f-crop-200x200.jpg,/wp-content/uploads/2012/06/artworks-000024857967-79qr7f-crop-200x200.jpg,image,20140109190115,yes
/wp-content/uploads/2012/06/asap-200x200.jpg,/wp-content/uploads/2012/06/asap-200x200.jpg,image,20140109192248,yes
/wp-content/uploads/2012/06/avatars-000017647351-egeu08-crop-200x200.jpg,/wp-content/uploads/2012/06/avatars-000017647351-egeu08-crop-200x200.jpg,image,20140109203322,yes
/wp-content/uploads/2012/06/bala-fria-mix-200x200.png,/wp-content/uploads/2012/06/bala-fria-mix-200x200.png,image,20140109194304,yes
/wp-content/uploads/2012/06/bala-fria-mix.png,/wp-content/uploads/2012/06/bala-fria-mix.png,image,20140109194100,yes
/wp-content/uploads/2012/06/cover.jpg,/wp-content/uploads/2012/06/cover.jpg,image,20140109185738,yes
/wp-content/uploads/2012/06/earthqake-200x200.png,/wp-content/uploads/2012/06/earthqake-200x200.png,image,20140109190950,no
/wp-content/uploads/2012/06/flyer_itsdangerous-200x200.gif,/wp-content/uploads/2012/06/flyer_itsdangerous-200x200.gif,image,20140109191812,yes
/wp-content/uploads/2012/06/flyer_itsdangerous.gif,/wp-content/uploads/2012/06/flyer_itsdangerous.gif,image,20120623172703,yes
/wp-content/uploads/2012/06/haleek-200x200.jpg,/wp-content/uploads/2012/06/haleek-200x200.jpg,image,20140109192345,no
/wp-content/uploads/2012/06/haleek.jpg,/wp-content/uploads/2012/06/haleek.jpg,image,20140109191440,yes
/wp-content/uploads/2012/06/pablitomix-200x200.jpg,/wp-content/uploads/2012/06/pablitomix-200x200.jpg,image,20140109193140,yes
/wp-content/uploads/2012/06/pablitomix.jpeg,/wp-content/uploads/2012/06/pablitomix.jpeg,image,20140109201936,yes
/wp-content/uploads/2012/06/pik-200x200.jpg,/wp-content/uploads/2012/06/pik-200x200.jpg,image,20140109192901,yes
/wp-content/uploads/2012/06/pik.jpg,/wp-content/uploads/2012/06/pik.jpg,image,20140109192645,yes
/wp-content/uploads/2012/06/selmaoxor_loqueyoquiero-200x200.jpg,/wp-content/uploads/2012/06/selmaoxor_loqueyoquiero-200x200.jpg,image,20140109183648,yes
/wp-content/uploads/2012/06/swt5-200x200.png,/wp-content/uploads/2012/06/swt5-200x200.png,image,20140109202809,no
/wp-content/uploads/2012/06/swt5.png,/wp-content/uploads/2012/06/swt5.png,image,20140110212730,yes
/wp-content/uploads/2012/06/tumblr_m5xf5igLz41qdci48o1_1280-200x200.gif,/wp-content/uploads/2012/06/tumblr_m5xf5igLz41qdci48o1_1280-200x200.gif,image,20140109185559,yes
/wp-content/uploads/2012/06/tumblr_m5xf5igLz41qdci48o1_1280.gif,/wp-content/uploads/2012/06/tumblr_m5xf5igLz41qdci48o1_1280.gif,image,20140109192106,yes
/wp-content/uploads/2012/07/0183-200x200.jpg,/wp-content/uploads/2012/07/0183-200x200.jpg,image,20140109185114,yes
/wp-content/uploads/2012/07/0183-700x752.jpg,/wp-content/uploads/2012/07/0183-700x752.jpg,image,20140109193611,yes
/wp-content/uploads/2012/07/374702_234373973289316_1168424617_n1-200x200.jpg,/wp-content/uploads/2012/07/374702_234373973289316_1168424617_n1-200x200.jpg,image,20140109202817,yes
/wp-content/uploads/2012/07/374702_234373973289316_1168424617_n1-700x720.jpg,/wp-content/uploads/2012/07/374702_234373973289316_1168424617_n1-700x720.jpg,image,20140109193232,yes
/wp-content/uploads/2012/07/5-200x200.png,/wp-content/uploads/2012/07/5-200x200.png,image,20140109195325,yes
/wp-content/uploads/2012/07/5-700x468.png,/wp-content/uploads/2012/07/5-700x468.png,image,20140109194521,yes
/wp-content/uploads/2012/07/How-to-Dress-Well-Total-Loss-1-e1342533384219-200x200.jpg,/wp-content/uploads/2012/07/How-to-Dress-Well-Total-Loss-1-e1342533384219-200x200.jpg,image,20140109193950,yes
/wp-content/uploads/2012/07/LONG-CLOTHING-MIXTAPE-200x200.jpg,/wp-content/uploads/2012/07/LONG-CLOTHING-MIXTAPE-200x200.jpg,image,20131126085057,yes
/wp-content/uploads/2012/07/LONG-CLOTHING-MIXTAPE.jpeg,/wp-content/uploads/2012/07/LONG-CLOTHING-MIXTAPE.jpeg,image,20140109194755,yes
/wp-content/uploads/2012/07/RHYTMIC-RELEASE-200x200.png,/wp-content/uploads/2012/07/RHYTMIC-RELEASE-200x200.png,image,20140109193607,yes
/wp-content/uploads/2012/07/Screen-Shot-2012-07-03-at-5.34.17-PM-1-200x200.png,/wp-content/uploads/2012/07/Screen-Shot-2012-07-03-at-5.34.17-PM-1-200x200.png,image,20140110212654,yes
/wp-content/uploads/2012/07/Screen-shot-2012-07-12-at-12.33-200x200.png,/wp-content/uploads/2012/07/Screen-shot-2012-07-12-at-12.33-200x200.png,image,20140109191823,yes
/wp-content/uploads/2012/07/TGF-end-200x200.jpg,/wp-content/uploads/2012/07/TGF-end-200x200.jpg,image,20140109184119,yes
/wp-content/uploads/2012/07/TGF-end1.jpg,/wp-content/uploads/2012/07/TGF-end1.jpg,image,20140110213458,yes
/wp-content/uploads/2012/07/THIS-IS-HOW-WE-DO-DUBAI-200x200.png,/wp-content/uploads/2012/07/THIS-IS-HOW-WE-DO-DUBAI-200x200.png,image,20140109202254,yes
/wp-content/uploads/2012/07/antwon-200x200.png,/wp-content/uploads/2012/07/antwon-200x200.png,image,20140109183706,yes
/wp-content/uploads/2012/07/artworks-000025608406-g0mmto-original-200x200.jpg,/wp-content/uploads/2012/07/artworks-000025608406-g0mmto-original-200x200.jpg,image,20140109184538,yes
/wp-content/uploads/2012/07/artworks-000026381381-17nsbd-original-200x200.png,/wp-content/uploads/2012/07/artworks-000026381381-17nsbd-original-200x200.png,image,20140109184850,yes
/wp-content/uploads/2012/07/artworks-000026381381-17nsbd-original.png,/wp-content/uploads/2012/07/artworks-000026381381-17nsbd-original.png,image,20140109202408,no
/wp-content/uploads/2012/07/artworks-000027186195-p2j28u-original-200x200.jpg,/wp-content/uploads/2012/07/artworks-000027186195-p2j28u-original-200x200.jpg,image,20140109182209,yes
/wp-content/uploads/2012/07/artworks-000027186195-p2j28u-original.jpeg,/wp-content/uploads/2012/07/artworks-000027186195-p2j28u-original.jpeg,image,20140109203108,yes
/wp-content/uploads/2012/07/artworks-000027296308-uv9n96-original-copy-200x200.jpg,/wp-content/uploads/2012/07/artworks-000027296308-uv9n96-original-copy-200x200.jpg,image,20140109191916,yes
/wp-content/uploads/2012/07/artworks-000027296308-uv9n96-original-copy.jpg,/wp-content/uploads/2012/07/artworks-000027296308-uv9n96-original-copy.jpg,image,20140109191743,yes
/wp-content/uploads/2012/07/clive-200x200.png,/wp-content/uploads/2012/07/clive-200x200.png,image,20140109203748,yes
/wp-content/uploads/2012/07/exo-200x200.jpg,/wp-content/uploads/2012/07/exo-200x200.jpg,image,20140109192929,yes
/wp-content/uploads/2012/07/exo.jpg,/wp-content/uploads/2012/07/exo.jpg,image,20140109193908,yes
/wp-content/uploads/2012/07/exo1-200x200.jpg,/wp-content/uploads/2012/07/exo1-200x200.jpg,image,20140109193221,yes
/wp-content/uploads/2012/07/exo1.jpg,/wp-content/uploads/2012/07/exo1.jpg,image,20140109191903,yes
/wp-content/uploads/2012/07/feel-good-4-evr-200x200.png,/wp-content/uploads/2012/07/feel-good-4-evr-200x200.png,image,20140109183744,yes
/wp-content/uploads/2012/07/fri13th-200x200.jpg,/wp-content/uploads/2012/07/fri13th-200x200.jpg,image,20140109183155,yes
/wp-content/uploads/2012/07/fri13th.jpg,/wp-content/uploads/2012/07/fri13th.jpg,image,20140109183959,yes
/wp-content/uploads/2012/07/invisible-200x200.png,/wp-content/uploads/2012/07/invisible-200x200.png,image,20140109194052,yes
/wp-content/uploads/2012/07/le1f-200x200.png,/wp-content/uploads/2012/07/le1f-200x200.png,image,20140109194229,yes
/wp-content/uploads/2012/07/nguzuaimon-200x200.jpg,/wp-content/uploads/2012/07/nguzuaimon-200x200.jpg,image,20140109185519,yes
/wp-content/uploads/2012/07/nguzuaimon.jpg,/wp-content/uploads/2012/07/nguzuaimon.jpg,image,20140109191635,yes
/wp-content/uploads/2012/07/nina-sky-200x200.jpg,/wp-content/uploads/2012/07/nina-sky-200x200.jpg,image,20140109194645,yes
/wp-content/uploads/2012/07/nina-sky.jpeg,/wp-content/uploads/2012/07/nina-sky.jpeg,image,20140109193603,yes
/wp-content/uploads/2012/07/nunia-200x200.png,/wp-content/uploads/2012/07/nunia-200x200.png,image,20140109191449,yes
/wp-content/uploads/2012/07/trst11-200x200.jpg,/wp-content/uploads/2012/07/trst11-200x200.jpg,image,20140109183414,yes
/wp-content/uploads/2012/07/tumblr_m4iecj9YAs1qzpod3o1_1280-200x200.jpg,/wp-content/uploads/2012/07/tumblr_m4iecj9YAs1qzpod3o1_1280-200x200.jpg,image,20140109184038,yes
/wp-content/uploads/2012/07/tumblr_m4iecj9YAs1qzpod3o1_1280.jpeg,/wp-content/uploads/2012/07/tumblr_m4iecj9YAs1qzpod3o1_1280.jpeg,image,20140109193150,yes
/wp-content/uploads/2012/07/wallpaper_544377_RE_Robot_Unicorn_Attack-s1280x720-707831-200x200.jpg,/wp-content/uploads/2012/07/wallpaper_544377_RE_Robot_Unicorn_Attack-s1280x720-707831-200x200.jpg,image,20140109191822,yes
/wp-content/uploads/2012/07/wallpaper_544377_RE_Robot_Unicorn_Attack-s1280x720-707831-700x720.jpg,/wp-content/uploads/2012/07/wallpaper_544377_RE_Robot_Unicorn_Attack-s1280x720-707831-700x720.jpg,image,20140109191752,yes
/wp-content/uploads/2012/07/zola-seekir-200x200.png,/wp-content/uploads/2012/07/zola-seekir-200x200.png,image,20140109185131,yes
/wp-content/uploads/2012/08/529022_387184791337049_188487035_n-200x200.jpg,/wp-content/uploads/2012/08/529022_387184791337049_188487035_n-200x200.jpg,image,20140109191809,yes
/wp-content/uploads/2012/08/529022_387184791337049_188487035_n1.jpg,/wp-content/uploads/2012/08/529022_387184791337049_188487035_n1.jpg,image,20131104103706,yes
/wp-content/uploads/2012/08/E+E-200x200.jpg,/wp-content/uploads/2012/08/E+E-200x200.jpg,image,20140109190201,yes
/wp-content/uploads/2012/08/E+E.jpg,/wp-content/uploads/2012/08/E+E.jpg,image,20140109191532,yes
/wp-content/uploads/2012/08/LUX_11.jpg,/wp-content/uploads/2012/08/LUX_11.jpg,image,20140109182407,yes
/wp-content/uploads/2012/08/LUX_21.jpg,/wp-content/uploads/2012/08/LUX_21.jpg,image,20140110214247,yes
/wp-content/uploads/2012/08/LUX_3.jpg,/wp-content/uploads/2012/08/LUX_3.jpg,image,20140110220123,yes
/wp-content/uploads/2012/08/LUX_4.jpg,/wp-content/uploads/2012/08/LUX_4.jpg,image,20140110220904,yes
/wp-content/uploads/2012/08/LUX_5.jpg,/wp-content/uploads/2012/08/LUX_5.jpg,image,20140110215349,yes
/wp-content/uploads/2012/08/Screen-Shot-2012-08-07-at-11.23.51-AM-200x200.png,/wp-content/uploads/2012/08/Screen-Shot-2012-08-07-at-11.23.51-AM-200x200.png,image,20140109183223,yes
/wp-content/uploads/2012/08/Screen-Shot-2012-08-24-at-1.39.00-PM.png,/wp-content/uploads/2012/08/Screen-Shot-2012-08-24-at-1.39.00-PM.png,image,20140109194910,yes
/wp-content/uploads/2012/08/Screen-Shot-2012-08-24-at-1.42.25-PM.png,/wp-content/uploads/2012/08/Screen-Shot-2012-08-24-at-1.42.25-PM.png,image,20140109191929,yes
/wp-content/uploads/2012/08/Screen-Shot-2012-08-24-at-1.43.39-PM.png,/wp-content/uploads/2012/08/Screen-Shot-2012-08-24-at-1.43.39-PM.png,image,20140109191540,yes
/wp-content/uploads/2012/08/Screen-Shot-2012-08-24-at-1.43.44-PM.png,/wp-content/uploads/2012/08/Screen-Shot-2012-08-24-at-1.43.44-PM.png,image,20140109191938,yes
/wp-content/uploads/2012/08/Screen-Shot-2012-08-24-at-1.43.45-PM.png,/wp-content/uploads/2012/08/Screen-Shot-2012-08-24-at-1.43.45-PM.png,image,20140109191247,yes
/wp-content/uploads/2012/08/Screen-Shot-2012-08-24-at-1.44.19-PM.png,/wp-content/uploads/2012/08/Screen-Shot-2012-08-24-at-1.44.19-PM.png,image,20140109192746,yes
/wp-content/uploads/2012/08/Screen-Shot-2012-08-24-at-1.44.28-PM.png,/wp-content/uploads/2012/08/Screen-Shot-2012-08-24-at-1.44.28-PM.png,image,20140109194107,yes
/wp-content/uploads/2012/08/Screen-Shot-2012-08-24-at-1.45.03-PM.png,/wp-content/uploads/2012/08/Screen-Shot-2012-08-24-at-1.45.03-PM.png,image,20140109192200,yes
/wp-content/uploads/2012/08/Screen-Shot-2012-08-24-at-1.45.30-PM.png,/wp-content/uploads/2012/08/Screen-Shot-2012-08-24-at-1.45.30-PM.png,image,20140109193205,yes
/wp-content/uploads/2012/08/Screen-Shot-2012-08-24-at-1.46.14-PM.png,/wp-content/uploads/2012/08/Screen-Shot-2012-08-24-at-1.46.14-PM.png,image,20140109192116,yes
/wp-content/uploads/2012/08/Screen-Shot-2012-08-24-at-4.10.46-PM.png,/wp-content/uploads/2012/08/Screen-Shot-2012-08-24-at-4.10.46-PM.png,image,20140109195021,yes
/wp-content/uploads/2012/08/Screen-Shot-2012-08-24-at-4.10.49-PM.png,/wp-content/uploads/2012/08/Screen-Shot-2012-08-24-at-4.10.49-PM.png,image,20140109192940,yes
/wp-content/uploads/2012/08/Screen-shot-2012-06-15-at-3.28.09-PM1-200x200.png,/wp-content/uploads/2012/08/Screen-shot-2012-06-15-at-3.28.09-PM1-200x200.png,image,20140109193123,yes
/wp-content/uploads/2012/08/Screen-shot-2012-06-15-at-3.28.09-PM1-700x714.png,/wp-content/uploads/2012/08/Screen-shot-2012-06-15-at-3.28.09-PM1-700x714.png,image,20140109201615,yes
/wp-content/uploads/2012/08/VUH-NEGATIVE-YOUTH.mp4_snapshot_03.21_2012.08.16_16.15.45-200x200.jpg,/wp-content/uploads/2012/08/VUH-NEGATIVE-YOUTH.mp4_snapshot_03.21_2012.08.16_16.15.45-200x200.jpg,image,20140109192348,yes
/wp-content/uploads/2012/08/WAVVY-200x200.png,/wp-content/uploads/2012/08/WAVVY-200x200.png,image,20140601073854,yes
/wp-content/uploads/2012/08/ara%C3%B1as-200x200.png,/wp-content/uploads/2012/08/ara%C3%B1as-200x200.png,image,20140109184142,yes
/wp-content/uploads/2012/08/artworks-000028801636-zxfoyb-original-200x200.jpeg,/wp-content/uploads/2012/08/artworks-000028801636-zxfoyb-original-200x200.jpeg,image,20140109184457,yes
/wp-content/uploads/2012/08/artworks-000028801636-zxfoyb-original-700x800.jpeg,/wp-content/uploads/2012/08/artworks-000028801636-zxfoyb-original-700x800.jpeg,image,20140109190951,yes
/wp-content/uploads/2012/08/avatars-000012440415-eide1y-crop1-200x200.jpg,/wp-content/uploads/2012/08/avatars-000012440415-eide1y-crop1-200x200.jpg,image,20140109184129,yes
/wp-content/uploads/2012/08/borntosuffer-200x200.jpg,/wp-content/uploads/2012/08/borntosuffer-200x200.jpg,image,20140109194136,no
/wp-content/uploads/2012/08/boys-200x200.jpg,/wp-content/uploads/2012/08/boys-200x200.jpg,image,20140109195708,yes
/wp-content/uploads/2012/08/boys.jpg,/wp-content/uploads/2012/08/boys.jpg,image,20140109201445,yes
/wp-content/uploads/2012/08/efx-200x200.png,/wp-content/uploads/2012/08/efx-200x200.png,image,20131126085053,yes
/wp-content/uploads/2012/08/efx.png,/wp-content/uploads/2012/08/efx.png,image,20140109191959,yes
/wp-content/uploads/2012/08/element-copy.jpg,/wp-content/uploads/2012/08/element-copy.jpg,image,20140109191331,yes
/wp-content/uploads/2012/08/endofsummer2k12mix-200x200.jpeg,/wp-content/uploads/2012/08/endofsummer2k12mix-200x200.jpeg,image,20140109194440,yes
/wp-content/uploads/2012/08/endofsummer2k12mix.jpeg,/wp-content/uploads/2012/08/endofsummer2k12mix.jpeg,image,20140109191056,yes
/wp-content/uploads/2012/08/fifty-grand-200x200.jpeg,/wp-content/uploads/2012/08/fifty-grand-200x200.jpeg,image,20140109190940,yes
/wp-content/uploads/2012/08/fifty-grand.jpeg,/wp-content/uploads/2012/08/fifty-grand.jpeg,image,20140109183906,yes
/wp-content/uploads/2012/08/goin-hamburger-200x200.png,/wp-content/uploads/2012/08/goin-hamburger-200x200.png,image,20140109184716,no
/wp-content/uploads/2012/08/grimes-200x200.png,/wp-content/uploads/2012/08/grimes-200x200.png,image,20140109183052,yes
/wp-content/uploads/2012/08/holy-other-held-200x200.jpg,/wp-content/uploads/2012/08/holy-other-held-200x200.jpg,image,20140109183930,yes
/wp-content/uploads/2012/08/holy-other-held.jpg,/wp-content/uploads/2012/08/holy-other-held.jpg,image,20140109184201,yes
/wp-content/uploads/2012/08/jackie-lo-200x200.jpg,/wp-content/uploads/2012/08/jackie-lo-200x200.jpg,image,20140109185054,yes
/wp-content/uploads/2012/08/jackie-lo.jpeg,/wp-content/uploads/2012/08/jackie-lo.jpeg,image,20140109194145,yes
/wp-content/uploads/2012/08/need-u-unicorn-kid-200x200.png,/wp-content/uploads/2012/08/need-u-unicorn-kid-200x200.png,image,20140109191817,yes
/wp-content/uploads/2012/08/nordp-200x200.gif,/wp-content/uploads/2012/08/nordp-200x200.gif,image,20140109191545,yes
/wp-content/uploads/2012/08/popcaan-200x200.png,/wp-content/uploads/2012/08/popcaan-200x200.png,image,20140109192318,yes
/wp-content/uploads/2012/08/rachel-haircut-200x200.jpg,/wp-content/uploads/2012/08/rachel-haircut-200x200.jpg,image,20140109191839,yes
/wp-content/uploads/2012/08/rachel-haircut.jpg,/wp-content/uploads/2012/08/rachel-haircut.jpg,image,20140109194724,yes
/wp-content/uploads/2012/08/skye-200x200.jpg,/wp-content/uploads/2012/08/skye-200x200.jpg,image,20140109182940,yes
/wp-content/uploads/2012/08/skye.jpg,/wp-content/uploads/2012/08/skye.jpg,image,20140109201421,yes
/wp-content/uploads/2012/08/skyferreira-200x200.jpg,/wp-content/uploads/2012/08/skyferreira-200x200.jpg,image,20140110211314,yes
/wp-content/uploads/2012/08/skyferreira.jpg,/wp-content/uploads/2012/08/skyferreira.jpg,image,20130325032523,yes
/wp-content/uploads/2012/08/taylor-200x200.jpg,/wp-content/uploads/2012/08/taylor-200x200.jpg,image,20140109183853,yes
/wp-content/uploads/2012/08/twin-gemz-200x200.jpg,/wp-content/uploads/2012/08/twin-gemz-200x200.jpg,image,20140109184752,yes
/wp-content/uploads/2012/08/twin-gemz.jpg,/wp-content/uploads/2012/08/twin-gemz.jpg,image,20140109200939,yes
/wp-content/uploads/2012/09/204722_144823602255015_585928_o.jpeg,/wp-content/uploads/2012/09/204722_144823602255015_585928_o.jpeg,image,20140109200016,yes
/wp-content/uploads/2012/09/219816_144823502255025_4249634_o.jpeg,/wp-content/uploads/2012/09/219816_144823502255025_4249634_o.jpeg,image,20140109200339,yes
/wp-content/uploads/2012/09/240851_144823552255020_1369968_o.jpeg,/wp-content/uploads/2012/09/240851_144823552255020_1369968_o.jpeg,image,20140109201032,yes
/wp-content/uploads/2012/09/386284_495558597122371_775032729_n1-200x200.jpg,/wp-content/uploads/2012/09/386284_495558597122371_775032729_n1-200x200.jpg,image,20140109190232,yes
/wp-content/uploads/2012/09/576842_300882199998614_1493482648_n1-200x200.jpg,/wp-content/uploads/2012/09/576842_300882199998614_1493482648_n1-200x200.jpg,image,20140109192050,yes
/wp-content/uploads/2012/09/576842_300882199998614_1493482648_n1-700x600.jpg,/wp-content/uploads/2012/09/576842_300882199998614_1493482648_n1-700x600.jpg,image,20140109182409,yes
/wp-content/uploads/2012/09/EPNarte2-200x200.jpeg,/wp-content/uploads/2012/09/EPNarte2-200x200.jpeg,image,20140109194530,yes
/wp-content/uploads/2012/09/EPNarte2.jpeg,/wp-content/uploads/2012/09/EPNarte2.jpeg,image,20140109192647,yes
/wp-content/uploads/2012/09/FIFTYGRAND-200x200.jpeg,/wp-content/uploads/2012/09/FIFTYGRAND-200x200.jpeg,image,20140109200135,yes
/wp-content/uploads/2012/09/III-200x200.jpg,/wp-content/uploads/2012/09/III-200x200.jpg,image,20140109200918,yes
/wp-content/uploads/2012/09/III.jpg,/wp-content/uploads/2012/09/III.jpg,image,20140109185949,yes
/wp-content/uploads/2012/09/OCCULTD%CE%9BN%CF%9F%CE%A3.jpeg,/wp-content/uploads/2012/09/OCCULTD%CE%9BN%CF%9F%CE%A3.jpeg,image,20140109194540,yes
/wp-content/uploads/2012/09/PEEPR.jpg,/wp-content/uploads/2012/09/PEEPR.jpg,image,20140109182639,yes
/wp-content/uploads/2012/09/SELMAOXOR_COVER1-200x200.jpg,/wp-content/uploads/2012/09/SELMAOXOR_COVER1-200x200.jpg,image,20140109190207,yes
/wp-content/uploads/2012/09/WEEKEND-UPDATE-200x200.jpg,/wp-content/uploads/2012/09/WEEKEND-UPDATE-200x200.jpg,image,20140109191548,yes
/wp-content/uploads/2012/09/WEEKEND-UPDATE.jpg,/wp-content/uploads/2012/09/WEEKEND-UPDATE.jpg,image,20140109182712,yes
/wp-content/uploads/2012/09/artworks-000030579755-8viovv-original1-200x200.jpg,/wp-content/uploads/2012/09/artworks-000030579755-8viovv-original1-200x200.jpg,image,20131031202214,yes
/wp-content/uploads/2012/09/artworks-000030579755-8viovv-original1.jpg,/wp-content/uploads/2012/09/artworks-000030579755-8viovv-original1.jpg,image,20140109183750,yes
/wp-content/uploads/2012/09/bart.jpeg,/wp-content/uploads/2012/09/bart.jpeg,image,20140109203216,yes
/wp-content/uploads/2012/09/blanco-200x200.jpg,/wp-content/uploads/2012/09/blanco-200x200.jpg,image,20140109182247,yes
/wp-content/uploads/2012/09/blanco.jpg,/wp-content/uploads/2012/09/blanco.jpg,image,20140109183412,yes
/wp-content/uploads/2012/09/bonsaibabies.jpeg,/wp-content/uploads/2012/09/bonsaibabies.jpeg,image,20140109191804,yes
/wp-content/uploads/2012/09/bruxa-200x200.jpg,/wp-content/uploads/2012/09/bruxa-200x200.jpg,image,20140109182136,yes
/wp-content/uploads/2012/09/bruxa.jpg,/wp-content/uploads/2012/09/bruxa.jpg,image,20140110212630,yes
/wp-content/uploads/2012/09/charlixcx-200x200.png,/wp-content/uploads/2012/09/charlixcx-200x200.png,image,20140109185532,yes
/wp-content/uploads/2012/09/djsmurphy.jpeg,/wp-content/uploads/2012/09/djsmurphy.jpeg,image,20140110183346,yes
/wp-content/uploads/2012/09/dressed-for-space-200x200.png,/wp-content/uploads/2012/09/dressed-for-space-200x200.png,image,20140109182313,yes
/wp-content/uploads/2012/09/famlay_lilinternet-200x200.jpg,/wp-content/uploads/2012/09/famlay_lilinternet-200x200.jpg,image,20140109190354,yes
/wp-content/uploads/2012/09/famlay_lilinternet.jpg,/wp-content/uploads/2012/09/famlay_lilinternet.jpg,image,20140109191008,no
/wp-content/uploads/2012/09/fiftygrand.jpeg,/wp-content/uploads/2012/09/fiftygrand.jpeg,image,20140109194204,yes
/wp-content/uploads/2012/09/kid606-200x200.jpg,/wp-content/uploads/2012/09/kid606-200x200.jpg,image,20140109183320,yes
/wp-content/uploads/2012/09/kid606.jpg,/wp-content/uploads/2012/09/kid606.jpg,image,20140109194156,yes
/wp-content/uploads/2012/09/lao.jpeg,/wp-content/uploads/2012/09/lao.jpeg,image,20140109184609,yes
/wp-content/uploads/2012/09/litanicmask-2.jpg,/wp-content/uploads/2012/09/litanicmask-2.jpg,image,20140109203149,yes
/wp-content/uploads/2012/09/litanicmask-web.jpg,/wp-content/uploads/2012/09/litanicmask-web.jpg,image,20140109184558,yes
/wp-content/uploads/2012/09/maria_minerva.jpeg,/wp-content/uploads/2012/09/maria_minerva.jpeg,image,20140110212618,yes
/wp-content/uploads/2012/09/mexico_bonsaibabies.jpg,/wp-content/uploads/2012/09/mexico_bonsaibabies.jpg,image,20140110191614,yes
/wp-content/uploads/2012/09/mexico_javier_estrada1.jpg,/wp-content/uploads/2012/09/mexico_javier_estrada1.jpg,image,20140109193859,yes
/wp-content/uploads/2012/09/mexico_laosmurphy.jpg,/wp-content/uploads/2012/09/mexico_laosmurphy.jpg,image,20140110202055,yes
/wp-content/uploads/2012/09/mexico_nicolas.jpg,/wp-content/uploads/2012/09/mexico_nicolas.jpg,image,20140109185914,yes
/wp-content/uploads/2012/09/mexico_occultdanse.jpg,/wp-content/uploads/2012/09/mexico_occultdanse.jpg,image,20140109194538,no
/wp-content/uploads/2012/09/mexico_ritualz.jpg,/wp-content/uploads/2012/09/mexico_ritualz.jpg,image,20140109194005,yes
/wp-content/uploads/2012/09/mexico_selmaoxor.jpg,/wp-content/uploads/2012/09/mexico_selmaoxor.jpg,image,20140109191859,yes
/wp-content/uploads/2012/09/mexico_teehn_bwitches.jpg,/wp-content/uploads/2012/09/mexico_teehn_bwitches.jpg,image,20140109185631,yes
/wp-content/uploads/2012/09/mexico_tuareg-geeks2.jpg,/wp-content/uploads/2012/09/mexico_tuareg-geeks2.jpg,image,20140109193811,yes
/wp-content/uploads/2012/09/mexico_turbia.jpg,/wp-content/uploads/2012/09/mexico_turbia.jpg,image,20140110201501,yes
/wp-content/uploads/2012/09/nicolas_500.jpg,/wp-content/uploads/2012/09/nicolas_500.jpg,image,20140109184630,yes
/wp-content/uploads/2012/09/peepr-mx.jpeg,/wp-content/uploads/2012/09/peepr-mx.jpeg,image,20140109200532,yes
/wp-content/uploads/2012/09/ritualz1.jpg,/wp-content/uploads/2012/09/ritualz1.jpg,image,20140109184412,yes
/wp-content/uploads/2012/09/selmaoxor.jpg,/wp-content/uploads/2012/09/selmaoxor.jpg,image,20140109184806,yes
/wp-content/uploads/2012/09/ssion-kim-200x200.png,/wp-content/uploads/2012/09/ssion-kim-200x200.png,image,20140109185627,yes
/wp-content/uploads/2012/09/supreme-cuts-200x200.jpg,/wp-content/uploads/2012/09/supreme-cuts-200x200.jpg,image,20140109185635,yes
/wp-content/uploads/2012/09/supreme-cuts.jpg,/wp-content/uploads/2012/09/supreme-cuts.jpg,image,20140109192115,yes
/wp-content/uploads/2012/09/tamaramix-200x200.jpeg,/wp-content/uploads/2012/09/tamaramix-200x200.jpeg,image,20140109184658,yes
/wp-content/uploads/2012/09/tamaramix-700x706.jpeg,/wp-content/uploads/2012/09/tamaramix-700x706.jpeg,image,20140109193205,yes
/wp-content/uploads/2012/09/teehn-bwitches.jpg,/wp-content/uploads/2012/09/teehn-bwitches.jpg,image,20140109185945,yes
/wp-content/uploads/2012/09/tuareg.jpg,/wp-content/uploads/2012/09/tuareg.jpg,image,20140109185057,yes
/wp-content/uploads/2012/09/tumblr_lzti4yJUBx1r7xa8f.jpeg,/wp-content/uploads/2012/09/tumblr_lzti4yJUBx1r7xa8f.jpeg,image,20131214025224,yes
/wp-content/uploads/2012/09/turbia.jpeg,/wp-content/uploads/2012/09/turbia.jpeg,image,20140109183128,yes
/wp-content/uploads/2012/09/user69.jpg,/wp-content/uploads/2012/09/user69.jpg,image,20140109183244,no
/wp-content/uploads/2012/09/waka-200x200.jpg,/wp-content/uploads/2012/09/waka-200x200.jpg,image,20140109190134,yes
/wp-content/uploads/2012/09/waka.jpg,/wp-content/uploads/2012/09/waka.jpg,image,20140109190906,yes
/wp-content/uploads/2012/09/what-we-see-200x200.png,/wp-content/uploads/2012/09/what-we-see-200x200.png,image,20140109182256,yes
/wp-content/uploads/2012/09/willhappinessfindme-200x200.jpeg,/wp-content/uploads/2012/09/willhappinessfindme-200x200.jpeg,image,20140109183427,yes
/wp-content/uploads/2012/10/%C3%B1aka%C3%B1aka%C3%B1aka-200x200.jpg,/wp-content/uploads/2012/10/%C3%B1aka%C3%B1aka%C3%B1aka-200x200.jpg,image,20140109201240,yes
/wp-content/uploads/2012/10/%C3%B1aka%C3%B1aka%C3%B1aka.jpg,/wp-content/uploads/2012/10/%C3%B1aka%C3%B1aka%C3%B1aka.jpg,image,20140109185128,yes
/wp-content/uploads/2012/10/332255_310441485653268_1830449191_o-copy-200x200.jpg,/wp-content/uploads/2012/10/332255_310441485653268_1830449191_o-copy-200x200.jpg,image,20140109183717,yes
/wp-content/uploads/2012/10/332255_310441485653268_1830449191_o-copy.jpg,/wp-content/uploads/2012/10/332255_310441485653268_1830449191_o-copy.jpg,image,20140109193450,yes
/wp-content/uploads/2012/10/375386_2189417906742_1905785986_n.jpeg,/wp-content/uploads/2012/10/375386_2189417906742_1905785986_n.jpeg,image,20140109193010,yes
/wp-content/uploads/2012/10/471071_395139563893307_1817411937_o.png,/wp-content/uploads/2012/10/471071_395139563893307_1817411937_o.png,image,20140109194125,yes
/wp-content/uploads/2012/10/545749_393724084034855_1627269541_n.jpeg,/wp-content/uploads/2012/10/545749_393724084034855_1627269541_n.jpeg,image,20140109194836,yes
/wp-content/uploads/2012/10/665511_429024007144649_1586248103_o-200x200.jpeg,/wp-content/uploads/2012/10/665511_429024007144649_1586248103_o-200x200.jpeg,image,20140109184318,yes
/wp-content/uploads/2012/10/ACTUALLY_POSTER.jpg,/wp-content/uploads/2012/10/ACTUALLY_POSTER.jpg,image,20140109184910,yes
/wp-content/uploads/2012/10/AW2-200x200.jpg,/wp-content/uploads/2012/10/AW2-200x200.jpg,image,20140109182340,yes
/wp-content/uploads/2012/10/AW2.jpg,/wp-content/uploads/2012/10/AW2.jpg,image,20140110213445,yes
/wp-content/uploads/2012/10/BON-200x200.jpg,/wp-content/uploads/2012/10/BON-200x200.jpg,image,20140109193531,yes
/wp-content/uploads/2012/10/BON.jpg,/wp-content/uploads/2012/10/BON.jpg,image,20140109193350,no
/wp-content/uploads/2012/10/COVER.jpg,/wp-content/uploads/2012/10/COVER.jpg,image,20140109191351,yes
/wp-content/uploads/2012/10/Captura-de-pantalla-2012-10-19-a-las-00.53.35-200x200.png,/wp-content/uploads/2012/10/Captura-de-pantalla-2012-10-19-a-las-00.53.35-200x200.png,image,20140109182956,yes
/wp-content/uploads/2012/10/FAQDSEP-200x200.jpg,/wp-content/uploads/2012/10/FAQDSEP-200x200.jpg,image,20140109191118,yes
/wp-content/uploads/2012/10/FAQDSEP.jpg,/wp-content/uploads/2012/10/FAQDSEP.jpg,image,20140109184853,yes
/wp-content/uploads/2012/10/FATIMA2-200x200.jpg,/wp-content/uploads/2012/10/FATIMA2-200x200.jpg,image,20131209125317,yes
/wp-content/uploads/2012/10/FATIMA2.jpg,/wp-content/uploads/2012/10/FATIMA2.jpg,image,20140109185118,yes
/wp-content/uploads/2012/10/HECKER-200x200.jpg,/wp-content/uploads/2012/10/HECKER-200x200.jpg,image,20140109194756,yes
/wp-content/uploads/2012/10/HECKER.jpg,/wp-content/uploads/2012/10/HECKER.jpg,image,20140109193139,yes
/wp-content/uploads/2012/10/HolyOther_lovesome1-200x200.jpg,/wp-content/uploads/2012/10/HolyOther_lovesome1-200x200.jpg,image,20140601050408,yes
/wp-content/uploads/2012/10/HolyOther_lovesome1.jpg,/wp-content/uploads/2012/10/HolyOther_lovesome1.jpg,image,20140109194724,yes
/wp-content/uploads/2012/10/M4K3-200x200.gif,/wp-content/uploads/2012/10/M4K3-200x200.gif,image,20140109200548,yes
/wp-content/uploads/2012/10/M4K3.gif,/wp-content/uploads/2012/10/M4K3.gif,image,20140109192822,yes
/wp-content/uploads/2012/10/MEXICO_COVER-copy-200x200.jpg,/wp-content/uploads/2012/10/MEXICO_COVER-copy-200x200.jpg,image,20140109192932,yes
/wp-content/uploads/2012/10/MEXICO_COVER-copy.jpg,/wp-content/uploads/2012/10/MEXICO_COVER-copy.jpg,image,20140109185711,yes
/wp-content/uploads/2012/10/Nicolas_cover.jpg,/wp-content/uploads/2012/10/Nicolas_cover.jpg,image,20140109184806,yes
/wp-content/uploads/2012/10/Nicolas_post1.jpg,/wp-content/uploads/2012/10/Nicolas_post1.jpg,image,20140109190228,yes
/wp-content/uploads/2012/10/Nicolas_post2.jpg,/wp-content/uploads/2012/10/Nicolas_post2.jpg,image,20140109183327,yes
/wp-content/uploads/2012/10/Nicolas_post3.jpg,/wp-content/uploads/2012/10/Nicolas_post3.jpg,image,20140109182415,yes
/wp-content/uploads/2012/10/Nicolas_post4.jpg,/wp-content/uploads/2012/10/Nicolas_post4.jpg,image,20140109182623,yes
/wp-content/uploads/2012/10/SOLEDAD-200x200.jpg,/wp-content/uploads/2012/10/SOLEDAD-200x200.jpg,image,20140109184606,yes
/wp-content/uploads/2012/10/SOLEDAD.jpg,/wp-content/uploads/2012/10/SOLEDAD.jpg,image,20140109192402,yes
/wp-content/uploads/2012/10/Screen-Shot-2012-10-11-at-2.17.39-AM-200x200.jpg,/wp-content/uploads/2012/10/Screen-Shot-2012-10-11-at-2.17.39-AM-200x200.jpg,image,20140109192451,yes
/wp-content/uploads/2012/10/Screen-Shot-2012-10-18-at-12.40.30-PM.png,/wp-content/uploads/2012/10/Screen-Shot-2012-10-18-at-12.40.30-PM.png,image,20140109191451,yes
/wp-content/uploads/2012/10/Screen-Shot-2012-10-18-at-12.41.04-PM.png,/wp-content/uploads/2012/10/Screen-Shot-2012-10-18-at-12.41.04-PM.png,image,20140109182849,yes
/wp-content/uploads/2012/10/Screen-Shot-2012-10-18-at-12.43.51-PM.png,/wp-content/uploads/2012/10/Screen-Shot-2012-10-18-at-12.43.51-PM.png,image,20140109185124,yes
/wp-content/uploads/2012/10/Screen-Shot-2012-10-18-at-12.45.44-PM.png,/wp-content/uploads/2012/10/Screen-Shot-2012-10-18-at-12.45.44-PM.png,image,20140109182723,yes
/wp-content/uploads/2012/10/Screen-Shot-2012-10-18-at-12.46.04-PM.png,/wp-content/uploads/2012/10/Screen-Shot-2012-10-18-at-12.46.04-PM.png,image,20140109191806,yes
/wp-content/uploads/2012/10/Screen-Shot-2012-10-18-at-12.48.34-PM.png,/wp-content/uploads/2012/10/Screen-Shot-2012-10-18-at-12.48.34-PM.png,image,20140109182500,yes
/wp-content/uploads/2012/10/Screen-Shot-2012-10-18-at-12.48.37-PM.png,/wp-content/uploads/2012/10/Screen-Shot-2012-10-18-at-12.48.37-PM.png,image,20140109182150,no
/wp-content/uploads/2012/10/Screen-Shot-2012-10-18-at-12.49.39-PM.png,/wp-content/uploads/2012/10/Screen-Shot-2012-10-18-at-12.49.39-PM.png,image,20140109183303,yes
/wp-content/uploads/2012/10/Screen-Shot-2012-10-18-at-12.50.01-PM.png,/wp-content/uploads/2012/10/Screen-Shot-2012-10-18-at-12.50.01-PM.png,image,20140109183239,yes
/wp-content/uploads/2012/10/Screen-Shot-2012-10-18-at-12.50.18-PM.png,/wp-content/uploads/2012/10/Screen-Shot-2012-10-18-at-12.50.18-PM.png,image,20140109183534,yes
/wp-content/uploads/2012/10/Screen-Shot-2012-10-24-at-3.49.57-PM-200x200.png,/wp-content/uploads/2012/10/Screen-Shot-2012-10-24-at-3.49.57-PM-200x200.png,image,20140109192018,yes
/wp-content/uploads/2012/10/VIOLENTO-CLUB-MIX-200x200.jpg,/wp-content/uploads/2012/10/VIOLENTO-CLUB-MIX-200x200.jpg,image,20140109182422,yes
/wp-content/uploads/2012/10/VIOLENTO-CLUB-MIX.jpg,/wp-content/uploads/2012/10/VIOLENTO-CLUB-MIX.jpg,image,20140109191749,yes
/wp-content/uploads/2012/10/WEEKEND-UPDATE-200x200.jpg,/wp-content/uploads/2012/10/WEEKEND-UPDATE-200x200.jpg,image,20140109185138,yes
/wp-content/uploads/2012/10/WEEKEND-UPDATE.jpg,/wp-content/uploads/2012/10/WEEKEND-UPDATE.jpg,image,20140109193614,yes
/wp-content/uploads/2012/10/WEEKEND-UPDATE1-200x200.jpg,/wp-content/uploads/2012/10/WEEKEND-UPDATE1-200x200.jpg,image,20140109183947,yes
/wp-content/uploads/2012/10/WEEKEND-UPDATE1.jpg,/wp-content/uploads/2012/10/WEEKEND-UPDATE1.jpg,image,20140109191555,yes
/wp-content/uploads/2012/10/acapulco.jpg,/wp-content/uploads/2012/10/acapulco.jpg,image,20140109192212,yes
/wp-content/uploads/2012/10/araab-200x200.jpg,/wp-content/uploads/2012/10/araab-200x200.jpg,image,20140109182906,yes
/wp-content/uploads/2012/10/araab1.jpg,/wp-content/uploads/2012/10/araab1.jpg,image,20140110212941,yes
/wp-content/uploads/2012/10/archiduque-FF.jpg,/wp-content/uploads/2012/10/archiduque-FF.jpg,image,20140109193240,yes
/wp-content/uploads/2012/10/camila-sodi-200x200.jpg,/wp-content/uploads/2012/10/camila-sodi-200x200.jpg,image,20140109182147,yes
/wp-content/uploads/2012/10/camila-sodi.jpg,/wp-content/uploads/2012/10/camila-sodi.jpg,image,20140109192012,yes
/wp-content/uploads/2012/10/coverhannabrujjas-200x200.jpg,/wp-content/uploads/2012/10/coverhannabrujjas-200x200.jpg,image,20140109182425,yes
/wp-content/uploads/2012/10/coverhannabrujjas.jpg,/wp-content/uploads/2012/10/coverhannabrujjas.jpg,image,20140109193509,yes
/wp-content/uploads/2012/10/dani-shivers-200x200.png,/wp-content/uploads/2012/10/dani-shivers-200x200.png,image,20140109192019,yes
/wp-content/uploads/2012/10/daniel-maloso-200x200.jpg,/wp-content/uploads/2012/10/daniel-maloso-200x200.jpg,image,20140109184210,yes
/wp-content/uploads/2012/10/daniel-maloso1-700x904.jpg,/wp-content/uploads/2012/10/daniel-maloso1-700x904.jpg,image,20140109185705,yes
/wp-content/uploads/2012/10/fauna-200x200.png,/wp-content/uploads/2012/10/fauna-200x200.png,image,20140109192140,yes
/wp-content/uploads/2012/10/glass_popcorn.jpeg,/wp-content/uploads/2012/10/glass_popcorn.jpeg,image,20140109194232,yes
/wp-content/uploads/2012/10/gregor.jpg,/wp-content/uploads/2012/10/gregor.jpg,image,20140109194936,yes
/wp-content/uploads/2012/10/hate.jpg,/wp-content/uploads/2012/10/hate.jpg,image,20140109191127,yes
/wp-content/uploads/2012/10/inc-200x200.jpeg,/wp-content/uploads/2012/10/inc-200x200.jpeg,image,20140109182257,yes
/wp-content/uploads/2012/10/jewels-of-indians-200x200.jpg,/wp-content/uploads/2012/10/jewels-of-indians-200x200.jpg,image,20140109184046,yes
/wp-content/uploads/2012/10/jewels-of-indians.jpg,/wp-content/uploads/2012/10/jewels-of-indians.jpg,image,20140109191749,yes
/wp-content/uploads/2012/10/kyary-200x200.png,/wp-content/uploads/2012/10/kyary-200x200.png,image,20140601072813,yes
/wp-content/uploads/2012/10/lil-b-200x200.jpg,/wp-content/uploads/2012/10/lil-b-200x200.jpg,image,20140109185040,yes
/wp-content/uploads/2012/10/lil-b.jpg,/wp-content/uploads/2012/10/lil-b.jpg,image,20140110212134,yes
/wp-content/uploads/2012/10/marlboro-slut.jpg,/wp-content/uploads/2012/10/marlboro-slut.jpg,image,20140109191434,yes
/wp-content/uploads/2012/10/mib-200x200.jpg,/wp-content/uploads/2012/10/mib-200x200.jpg,image,20140109185934,yes
/wp-content/uploads/2012/10/mib.jpg,/wp-content/uploads/2012/10/mib.jpg,image,20140109192150,yes
/wp-content/uploads/2012/10/schonwald-200x200.jpeg,/wp-content/uploads/2012/10/schonwald-200x200.jpeg,image,20140109194630,yes
/wp-content/uploads/2012/10/schonwald_moon.jpg,/wp-content/uploads/2012/10/schonwald_moon.jpg,image,20140109182724,yes
/wp-content/uploads/2012/10/sky-200x200.jpg,/wp-content/uploads/2012/10/sky-200x200.jpg,image,20140109184433,yes
/wp-content/uploads/2012/10/sky-forever-200x200.png,/wp-content/uploads/2012/10/sky-forever-200x200.png,image,20131209112626,yes
/wp-content/uploads/2012/10/sky-sky-sky.jpg,/wp-content/uploads/2012/10/sky-sky-sky.jpg,image,20140109183703,yes
/wp-content/uploads/2012/10/tears-200x200.png,/wp-content/uploads/2012/10/tears-200x200.png,image,20140109192059,yes
/wp-content/uploads/2012/10/telepathe-200x200.jpg,/wp-content/uploads/2012/10/telepathe-200x200.jpg,image,20140109184139,yes
/wp-content/uploads/2012/10/telepathe.jpg,/wp-content/uploads/2012/10/telepathe.jpg,image,20140109194553,yes
/wp-content/uploads/2012/10/tumblr_m6cv04fbQJ1r5pi99o1_12801-200x200.jpg,/wp-content/uploads/2012/10/tumblr_m6cv04fbQJ1r5pi99o1_12801-200x200.jpg,image,20140109190928,yes
/wp-content/uploads/2012/10/tumblr_m6cv04fbQJ1r5pi99o1_12801.jpg,/wp-content/uploads/2012/10/tumblr_m6cv04fbQJ1r5pi99o1_12801.jpg,image,20140109200503,yes
/wp-content/uploads/2012/10/vally-girl-200x200.png,/wp-content/uploads/2012/10/vally-girl-200x200.png,image,20140109190933,yes
/wp-content/uploads/2012/10/vuh-200x200.png,/wp-content/uploads/2012/10/vuh-200x200.png,image,20140109191402,yes
/wp-content/uploads/2012/11/2223063229-1-200x200.jpeg,/wp-content/uploads/2012/11/2223063229-1-200x200.jpeg,image,20131023045710,yes
/wp-content/uploads/2012/11/2582425563-1-200x200.jpg,/wp-content/uploads/2012/11/2582425563-1-200x200.jpg,image,20140109193627,yes
/wp-content/uploads/2012/11/2582425563-1.jpg,/wp-content/uploads/2012/11/2582425563-1.jpg,image,20140109185057,yes
/wp-content/uploads/2012/11/3451097127-1-200x200.jpeg,/wp-content/uploads/2012/11/3451097127-1-200x200.jpeg,image,20140109190226,yes
/wp-content/uploads/2012/11/3451097127-1.jpeg,/wp-content/uploads/2012/11/3451097127-1.jpeg,image,20140110183924,yes
/wp-content/uploads/2012/11/386429_10152321831850457_1673804522_n-200x200.jpeg,/wp-content/uploads/2012/11/386429_10152321831850457_1673804522_n-200x200.jpeg,image,20140109194103,yes
/wp-content/uploads/2012/11/3964671530-1-200x200.jpeg,/wp-content/uploads/2012/11/3964671530-1-200x200.jpeg,image,20140109184008,yes
/wp-content/uploads/2012/11/77fd70c2-200x200.jpeg,/wp-content/uploads/2012/11/77fd70c2-200x200.jpeg,image,20140109182045,yes
/wp-content/uploads/2012/11/ALLYRGIFS700-200x200.gif,/wp-content/uploads/2012/11/ALLYRGIFS700-200x200.gif,image,20140109184517,yes
/wp-content/uploads/2012/11/ALLYRGIFS700.gif,/wp-content/uploads/2012/11/ALLYRGIFS700.gif,image,20140109185518,yes
/wp-content/uploads/2012/11/AUTUMN-MIX-copy-200x200.jpg,/wp-content/uploads/2012/11/AUTUMN-MIX-copy-200x200.jpg,image,20140109183147,yes
/wp-content/uploads/2012/11/AUTUMN-MIX-copy.jpg,/wp-content/uploads/2012/11/AUTUMN-MIX-copy.jpg,image,20140109193939,yes
/wp-content/uploads/2012/11/INDIAN-JEWELRY-PEEL-IT-cover-200x200.jpeg,/wp-content/uploads/2012/11/INDIAN-JEWELRY-PEEL-IT-cover-200x200.jpeg,image,20140109182214,no
/wp-content/uploads/2012/11/Jummy-200x200.jpg,/wp-content/uploads/2012/11/Jummy-200x200.jpg,image,20140109192504,yes
/wp-content/uploads/2012/11/Jummy-700x1000.jpg,/wp-content/uploads/2012/11/Jummy-700x1000.jpg,image,20140109202122,yes
/wp-content/uploads/2012/11/PEEL-IT-200x200.jpg,/wp-content/uploads/2012/11/PEEL-IT-200x200.jpg,image,20140109195208,yes
/wp-content/uploads/2012/11/PEEL-IT.jpg,/wp-content/uploads/2012/11/PEEL-IT.jpg,image,20140109202126,yes
/wp-content/uploads/2012/11/Screen-Shot-2012-11-22-at-3.21.12-PM-200x200.png,/wp-content/uploads/2012/11/Screen-Shot-2012-11-22-at-3.21.12-PM-200x200.png,image,20140109194401,yes
/wp-content/uploads/2012/11/Screen-Shot-2012-11-22-at-3.21.12-PM-700x645.png,/wp-content/uploads/2012/11/Screen-Shot-2012-11-22-at-3.21.12-PM-700x645.png,image,20140109202131,yes
/wp-content/uploads/2012/11/adeptus-200x200.jpg,/wp-content/uploads/2012/11/adeptus-200x200.jpg,image,20140109191708,yes
/wp-content/uploads/2012/11/adeptus.jpg,/wp-content/uploads/2012/11/adeptus.jpg,image,20140109192756,yes
/wp-content/uploads/2012/11/aids3d-200x200.jpg,/wp-content/uploads/2012/11/aids3d-200x200.jpg,image,20140109185610,yes
/wp-content/uploads/2012/11/aids3d.jpg,/wp-content/uploads/2012/11/aids3d.jpg,image,20140109195151,yes
/wp-content/uploads/2012/11/artworks-000032725321-btawkb-original-200x200.jpeg,/wp-content/uploads/2012/11/artworks-000032725321-btawkb-original-200x200.jpeg,image,20140109202401,yes
/wp-content/uploads/2012/11/artworks-000032725321-btawkb-original.jpeg,/wp-content/uploads/2012/11/artworks-000032725321-btawkb-original.jpeg,image,20140109193526,yes
/wp-content/uploads/2012/11/artworks-000033713235-i14smv-original-200x200.jpeg,/wp-content/uploads/2012/11/artworks-000033713235-i14smv-original-200x200.jpeg,image,20140109185036,yes
/wp-content/uploads/2012/11/artworks-000033713235-i14smv-original.jpeg,/wp-content/uploads/2012/11/artworks-000033713235-i14smv-original.jpeg,image,20140109190909,yes
/wp-content/uploads/2012/11/artworks-000033828513-8brjui-original1-200x200.png,/wp-content/uploads/2012/11/artworks-000033828513-8brjui-original1-200x200.png,image,20140109191829,yes
/wp-content/uploads/2012/11/artworks-000033828513-8brjui-original1.png,/wp-content/uploads/2012/11/artworks-000033828513-8brjui-original1.png,image,20140109191848,yes
/wp-content/uploads/2012/11/artworks-000034282831-6kbql0-original-200x200.jpg,/wp-content/uploads/2012/11/artworks-000034282831-6kbql0-original-200x200.jpg,image,20140109201110,yes
/wp-content/uploads/2012/11/artworks-000034282831-6kbql0-original-700x960.jpg,/wp-content/uploads/2012/11/artworks-000034282831-6kbql0-original-700x960.jpg,image,20140109183448,no
/wp-content/uploads/2012/11/artworks-000035154925-c4lttu-original1-200x200.png,/wp-content/uploads/2012/11/artworks-000035154925-c4lttu-original1-200x200.png,image,20140109185121,yes
/wp-content/uploads/2012/11/artworks-000035154925-c4lttu-original1.png,/wp-content/uploads/2012/11/artworks-000035154925-c4lttu-original1.png,image,20140109202215,yes
/wp-content/uploads/2012/11/bestial-mouths-200x200.png,/wp-content/uploads/2012/11/bestial-mouths-200x200.png,image,20140109182338,no
/wp-content/uploads/2012/11/charli-brooke-200x200.png,/wp-content/uploads/2012/11/charli-brooke-200x200.png,image,20140601074035,yes
/wp-content/uploads/2012/11/clarli-200x200.jpg,/wp-content/uploads/2012/11/clarli-200x200.jpg,image,20140109195341,yes
/wp-content/uploads/2012/11/clarli.jpg,/wp-content/uploads/2012/11/clarli.jpg,image,20140109195635,yes
/wp-content/uploads/2012/11/darksideart_082912-200x200.jpeg,/wp-content/uploads/2012/11/darksideart_082912-200x200.jpeg,image,20140109184448,yes
/wp-content/uploads/2012/11/darksideart_082912.jpeg,/wp-content/uploads/2012/11/darksideart_082912.jpeg,image,20140109203601,yes
/wp-content/uploads/2012/11/de-la-cabeza-200x200.jpg,/wp-content/uploads/2012/11/de-la-cabeza-200x200.jpg,image,20140110212411,yes
/wp-content/uploads/2012/11/de-la-cabeza2-e1352492522394.jpg,/wp-content/uploads/2012/11/de-la-cabeza2-e1352492522394.jpg,image,20140109191944,yes
/wp-content/uploads/2012/11/eldescenso-200x200.jpg,/wp-content/uploads/2012/11/eldescenso-200x200.jpg,image,20140109194033,yes
/wp-content/uploads/2012/11/eldescenso.jpg,/wp-content/uploads/2012/11/eldescenso.jpg,image,20140109203500,yes
/wp-content/uploads/2012/11/fatherhood-200x200.jpg,/wp-content/uploads/2012/11/fatherhood-200x200.jpg,image,20140109190430,yes
/wp-content/uploads/2012/11/fatherhood.jpg,/wp-content/uploads/2012/11/fatherhood.jpg,image,20140109193256,yes
/wp-content/uploads/2012/11/hannah-200x200.jpg,/wp-content/uploads/2012/11/hannah-200x200.jpg,image,20140109191821,yes
/wp-content/uploads/2012/11/hannah.jpg,/wp-content/uploads/2012/11/hannah.jpg,image,20140109203435,yes
/wp-content/uploads/2012/11/indian-jewelry-200x200.jpg,/wp-content/uploads/2012/11/indian-jewelry-200x200.jpg,image,20140109195135,yes
/wp-content/uploads/2012/11/indian-jewelry.jpg,/wp-content/uploads/2012/11/indian-jewelry.jpg,image,20140109193747,yes
/wp-content/uploads/2012/11/james-ferraro-200x200.png,/wp-content/uploads/2012/11/james-ferraro-200x200.png,image,20140109191758,yes
/wp-content/uploads/2012/11/le1f-200x200.png,/wp-content/uploads/2012/11/le1f-200x200.png,image,20140109191803,yes
/wp-content/uploads/2012/11/life-and-death-200x200.jpg,/wp-content/uploads/2012/11/life-and-death-200x200.jpg,image,20131205043902,yes
/wp-content/uploads/2012/11/life-and-death-700x960.jpg,/wp-content/uploads/2012/11/life-and-death-700x960.jpg,image,20140109190514,yes
/wp-content/uploads/2012/11/monocromo-200x200.jpg,/wp-content/uploads/2012/11/monocromo-200x200.jpg,image,20140109192903,yes
/wp-content/uploads/2012/11/msi-200x200.png,/wp-content/uploads/2012/11/msi-200x200.png,image,20140109191807,yes
/wp-content/uploads/2012/11/mxxx-200x200.jpg,/wp-content/uploads/2012/11/mxxx-200x200.jpg,image,20140109191152,yes
/wp-content/uploads/2012/11/mxxx.jpg,/wp-content/uploads/2012/11/mxxx.jpg,image,20140109191822,yes
/wp-content/uploads/2012/11/stoned-boys-200x200.png,/wp-content/uploads/2012/11/stoned-boys-200x200.png,image,20140109191955,yes
/wp-content/uploads/2012/11/sushi-200x200.jpg,/wp-content/uploads/2012/11/sushi-200x200.jpg,image,20140109184501,yes
/wp-content/uploads/2012/11/sushi.jpg,/wp-content/uploads/2012/11/sushi.jpg,image,20140109184632,yes
/wp-content/uploads/2012/11/triadgod-200x200.jpg,/wp-content/uploads/2012/11/triadgod-200x200.jpg,image,20140109183123,yes
/wp-content/uploads/2012/11/triadgod-700x960.jpg,/wp-content/uploads/2012/11/triadgod-700x960.jpg,image,20140109191320,yes
/wp-content/uploads/2012/11/trust-200x200.png,/wp-content/uploads/2012/11/trust-200x200.png,image,20140109184841,yes
/wp-content/uploads/2012/11/twin-gemz-200x200.jpg,/wp-content/uploads/2012/11/twin-gemz-200x200.jpg,image,20140109192719,yes
/wp-content/uploads/2012/11/twin-gemz.jpg,/wp-content/uploads/2012/11/twin-gemz.jpg,image,20140109182544,yes
/wp-content/uploads/2012/11/wife-200x200.png,/wp-content/uploads/2012/11/wife-200x200.png,image,20140109182222,yes
/wp-content/uploads/2012/12/5-200x200.jpg,/wp-content/uploads/2012/12/5-200x200.jpg,image,20131104103733,yes
/wp-content/uploads/2012/12/5.jpg,/wp-content/uploads/2012/12/5.jpg,image,20140109191153,yes
/wp-content/uploads/2012/12/ART-THOUGHTZ-200x200.png,/wp-content/uploads/2012/12/ART-THOUGHTZ-200x200.png,image,20140109193855,yes
/wp-content/uploads/2012/12/FIREWIRE-SALUTATION-copy.jpg,/wp-content/uploads/2012/12/FIREWIRE-SALUTATION-copy.jpg,image,20140109190426,yes
/wp-content/uploads/2012/12/HIPPIE-NEW-YEAR-ok-200x200.jpg,/wp-content/uploads/2012/12/HIPPIE-NEW-YEAR-ok-200x200.jpg,image,20140109183956,yes
/wp-content/uploads/2012/12/HIPPIE-NEW-YEAR-ok.jpg,/wp-content/uploads/2012/12/HIPPIE-NEW-YEAR-ok.jpg,image,20140110212846,yes
/wp-content/uploads/2012/12/LIES-Presents-American-Noise-200x200.jpg,/wp-content/uploads/2012/12/LIES-Presents-American-Noise-200x200.jpg,image,20140109192934,yes
/wp-content/uploads/2012/12/LIES-Presents-American-Noise.jpg,/wp-content/uploads/2012/12/LIES-Presents-American-Noise.jpg,image,20140109194627,yes
/wp-content/uploads/2012/12/NEW-COLONY-200x200.png,/wp-content/uploads/2012/12/NEW-COLONY-200x200.png,image,20140109194224,yes
/wp-content/uploads/2012/12/age_of_aquarius-copy.jpg,/wp-content/uploads/2012/12/age_of_aquarius-copy.jpg,image,20140109191447,yes
/wp-content/uploads/2012/12/artworks-000035433923-hbd5pj-large-200x200.jpeg,/wp-content/uploads/2012/12/artworks-000035433923-hbd5pj-large-200x200.jpeg,image,20140109192829,yes
/wp-content/uploads/2012/12/artworks-000035433923-hbd5pj-large1.jpeg,/wp-content/uploads/2012/12/artworks-000035433923-hbd5pj-large1.jpeg,image,20140109203558,yes
/wp-content/uploads/2012/12/boan-200x200.jpg,/wp-content/uploads/2012/12/boan-200x200.jpg,image,20140109183739,yes
/wp-content/uploads/2012/12/boan.jpg,/wp-content/uploads/2012/12/boan.jpg,image,20140109192847,yes
/wp-content/uploads/2012/12/cassie-200x200.jpg,/wp-content/uploads/2012/12/cassie-200x200.jpg,image,20140109185344,yes
/wp-content/uploads/2012/12/cassie.jpg,/wp-content/uploads/2012/12/cassie.jpg,image,20140109190631,yes
/wp-content/uploads/2012/12/creep-200x200.jpg,/wp-content/uploads/2012/12/creep-200x200.jpg,image,20140109194908,yes
/wp-content/uploads/2012/12/creep.jpg,/wp-content/uploads/2012/12/creep.jpg,image,20140109194250,yes
/wp-content/uploads/2012/12/curse-200x200.jpg,/wp-content/uploads/2012/12/curse-200x200.jpg,image,20140109195321,yes
/wp-content/uploads/2012/12/curse.jpg,/wp-content/uploads/2012/12/curse.jpg,image,20140110213539,yes
/wp-content/uploads/2012/12/doss-200x200.jpg,/wp-content/uploads/2012/12/doss-200x200.jpg,image,20140109185552,yes
/wp-content/uploads/2012/12/doss.jpg,/wp-content/uploads/2012/12/doss.jpg,image,20140109184515,yes
/wp-content/uploads/2012/12/electric-copy.jpg,/wp-content/uploads/2012/12/electric-copy.jpg,image,20140109190237,yes
/wp-content/uploads/2012/12/globalwarming-copy1.jpg,/wp-content/uploads/2012/12/globalwarming-copy1.jpg,image,20140109190220,yes
/wp-content/uploads/2012/12/half_man_half_icalcalender-copy.jpg,/wp-content/uploads/2012/12/half_man_half_icalcalender-copy.jpg,image,20140109190929,yes
/wp-content/uploads/2012/12/lemonade-200x200.jpg,/wp-content/uploads/2012/12/lemonade-200x200.jpg,image,20140109193300,yes
/wp-content/uploads/2012/12/lemonade.jpg,/wp-content/uploads/2012/12/lemonade.jpg,image,20140109191910,yes
/wp-content/uploads/2012/12/liquid-human-copy.jpg,/wp-content/uploads/2012/12/liquid-human-copy.jpg,image,20140109182613,yes
/wp-content/uploads/2012/12/mpia3-200x200.png,/wp-content/uploads/2012/12/mpia3-200x200.png,image,20140109191722,yes
/wp-content/uploads/2012/12/mpia31.jpg,/wp-content/uploads/2012/12/mpia31.jpg,image,20140111005505,yes
/wp-content/uploads/2012/12/mr-kitty-200x200.jpg,/wp-content/uploads/2012/12/mr-kitty-200x200.jpg,image,20140109192433,no
/wp-content/uploads/2012/12/mr-kitty.jpg,/wp-content/uploads/2012/12/mr-kitty.jpg,image,20140109195211,yes
/wp-content/uploads/2012/12/msi2-200x200.png,/wp-content/uploads/2012/12/msi2-200x200.png,image,20140109183131,yes
/wp-content/uploads/2012/12/namaste.jpg,/wp-content/uploads/2012/12/namaste.jpg,image,20140109182311,yes
/wp-content/uploads/2012/12/nyota-200x200.jpg,/wp-content/uploads/2012/12/nyota-200x200.jpg,image,20140109191422,yes
/wp-content/uploads/2012/12/nyota.jpg,/wp-content/uploads/2012/12/nyota.jpg,image,20140109204056,yes
/wp-content/uploads/2012/12/phoningchinchinitza-copy.jpg,/wp-content/uploads/2012/12/phoningchinchinitza-copy.jpg,image,20140601044709,yes
/wp-content/uploads/2012/12/rihanna-200x200.jpg,/wp-content/uploads/2012/12/rihanna-200x200.jpg,image,20140109182617,yes
/wp-content/uploads/2012/12/rihanna.jpg,/wp-content/uploads/2012/12/rihanna.jpg,image,20140109203413,no
/wp-content/uploads/2012/12/ritalin-200x200.jpg,/wp-content/uploads/2012/12/ritalin-200x200.jpg,image,20140109192152,yes
/wp-content/uploads/2012/12/ritalin.jpg,/wp-content/uploads/2012/12/ritalin.jpg,image,20140109191344,yes
/wp-content/uploads/2012/12/selma-200x200.jpg,/wp-content/uploads/2012/12/selma-200x200.jpg,image,20140109185334,yes
/wp-content/uploads/2012/12/selma.jpg,/wp-content/uploads/2012/12/selma.jpg,image,20140109200141,yes
/wp-content/uploads/2012/12/shaman-copy.jpg,/wp-content/uploads/2012/12/shaman-copy.jpg,image,20140109183323,yes
/wp-content/uploads/2012/12/solarpaneltoenails-copy.jpg,/wp-content/uploads/2012/12/solarpaneltoenails-copy.jpg,image,20140109184529,yes
/wp-content/uploads/2012/12/teehn-bwitches-remaining-EP-200x200.png,/wp-content/uploads/2012/12/teehn-bwitches-remaining-EP-200x200.png,image,20140109183713,yes
/wp-content/uploads/2012/12/teehn-bwitches-remaining-EP.png,/wp-content/uploads/2012/12/teehn-bwitches-remaining-EP.png,image,20140109192417,yes
/wp-content/uploads/2012/12/telepathy-copy.jpg,/wp-content/uploads/2012/12/telepathy-copy.jpg,image,20140109182245,yes
/wp-content/uploads/2012/12/unison-200x200.png,/wp-content/uploads/2012/12/unison-200x200.png,image,20140109191500,yes
/wp-content/uploads/2012/12/vip-200x200.jpg,/wp-content/uploads/2012/12/vip-200x200.jpg,image,20140109195054,yes
/wp-content/uploads/2012/12/vip.jpg,/wp-content/uploads/2012/12/vip.jpg,image,20140109194605,yes
/wp-content/uploads/2013/01/1383702182-1-200x200.jpeg,/wp-content/uploads/2013/01/1383702182-1-200x200.jpeg,image,20140109193604,yes
/wp-content/uploads/2013/01/1383702182-1-700x657.jpeg,/wp-content/uploads/2013/01/1383702182-1-700x657.jpeg,image,20140109201025,yes
/wp-content/uploads/2013/01/775772_465388540175367_2094907964_o-200x200.jpeg,/wp-content/uploads/2013/01/775772_465388540175367_2094907964_o-200x200.jpeg,image,20140109191209,yes
/wp-content/uploads/2013/01/775772_465388540175367_2094907964_o.jpeg,/wp-content/uploads/2013/01/775772_465388540175367_2094907964_o.jpeg,image,20140109184004,yes
/wp-content/uploads/2013/01/ADR-200x200.jpg,/wp-content/uploads/2013/01/ADR-200x200.jpg,image,20140109182355,yes
/wp-content/uploads/2013/01/ADR.jpg,/wp-content/uploads/2013/01/ADR.jpg,image,20140109190951,yes
/wp-content/uploads/2013/01/BOY-FRIEND-200x200.jpg,/wp-content/uploads/2013/01/BOY-FRIEND-200x200.jpg,image,20140109193335,yes
/wp-content/uploads/2013/01/BOY-FRIEND.jpg,/wp-content/uploads/2013/01/BOY-FRIEND.jpg,image,20140109192818,yes
/wp-content/uploads/2013/01/Crackwood-EP-200x200.jpg,/wp-content/uploads/2013/01/Crackwood-EP-200x200.jpg,image,20140109203650,yes
/wp-content/uploads/2013/01/ESCAPE_1.mp4_snapshot_00.19_2013.01.10_01.36.01-200x200.jpg,/wp-content/uploads/2013/01/ESCAPE_1.mp4_snapshot_00.19_2013.01.10_01.36.01-200x200.jpg,image,20140109192431,yes
/wp-content/uploads/2013/01/Electronic-Beats-Butterclock-Video-Premiere-700x5161-200x200.jpg,/wp-content/uploads/2013/01/Electronic-Beats-Butterclock-Video-Premiere-700x5161-200x200.jpg,image,20140109193700,yes
/wp-content/uploads/2013/01/IRL-200x200.jpg,/wp-content/uploads/2013/01/IRL-200x200.jpg,image,20140109192438,yes
/wp-content/uploads/2013/01/IRL1.jpg,/wp-content/uploads/2013/01/IRL1.jpg,image,20140109204455,yes
/wp-content/uploads/2013/01/MYKKI-200x200.png,/wp-content/uploads/2013/01/MYKKI-200x200.png,image,20140109182909,yes
/wp-content/uploads/2013/01/TRAXLIST-200x200.jpg,/wp-content/uploads/2013/01/TRAXLIST-200x200.jpg,image,20140109194323,yes
/wp-content/uploads/2013/01/TRAXLIST-copy.jpg,/wp-content/uploads/2013/01/TRAXLIST-copy.jpg,image,20140111005434,yes
/wp-content/uploads/2013/01/Untitled-1-copy-200x200.jpg,/wp-content/uploads/2013/01/Untitled-1-copy-200x200.jpg,image,20140109192753,yes
/wp-content/uploads/2013/01/Untitled-1-copy1.jpg,/wp-content/uploads/2013/01/Untitled-1-copy1.jpg,image,20140109202443,yes
/wp-content/uploads/2013/01/armand_van_helden-witch_doktor1-200x200.jpg,/wp-content/uploads/2013/01/armand_van_helden-witch_doktor1-200x200.jpg,image,20140109183250,yes
/wp-content/uploads/2013/01/armin.jpg,/wp-content/uploads/2013/01/armin.jpg,image,20140109185217,yes
/wp-content/uploads/2013/01/artworks-000039079080-hd726o-t500x5001-200x200.jpg,/wp-content/uploads/2013/01/artworks-000039079080-hd726o-t500x5001-200x200.jpg,image,20140109192700,yes
/wp-content/uploads/2013/01/autre-ne-veut-200x200.jpg,/wp-content/uploads/2013/01/autre-ne-veut-200x200.jpg,image,20140109193817,yes
/wp-content/uploads/2013/01/bam-200x200.png,/wp-content/uploads/2013/01/bam-200x200.png,image,20140109190412,yes
/wp-content/uploads/2013/01/brite_aid700-200x200.png,/wp-content/uploads/2013/01/brite_aid700-200x200.png,image,20131104103835,yes
/wp-content/uploads/2013/01/chainless-copy-200x200.jpg,/wp-content/uploads/2013/01/chainless-copy-200x200.jpg,image,20140109182601,yes
/wp-content/uploads/2013/01/chainless-copy.jpg,/wp-content/uploads/2013/01/chainless-copy.jpg,image,20140109192729,yes
/wp-content/uploads/2013/01/coins-200x200.jpg,/wp-content/uploads/2013/01/coins-200x200.jpg,image,20140109192110,yes
/wp-content/uploads/2013/01/coins.jpg,/wp-content/uploads/2013/01/coins.jpg,image,20140110212408,yes
/wp-content/uploads/2013/01/coverba.jpg,/wp-content/uploads/2013/01/coverba.jpg,image,20140109182853,yes
/wp-content/uploads/2013/01/deathface-200x200.png,/wp-content/uploads/2013/01/deathface-200x200.png,image,20140109183821,yes
/wp-content/uploads/2013/01/delsin-700x960.jpg,/wp-content/uploads/2013/01/delsin-700x960.jpg,image,20140109201702,yes
/wp-content/uploads/2013/01/drumcorps-2-200x200.jpg,/wp-content/uploads/2013/01/drumcorps-2-200x200.jpg,image,20140109183606,yes
/wp-content/uploads/2013/01/drumcorps-2.jpg,/wp-content/uploads/2013/01/drumcorps-2.jpg,image,20140109194630,yes
/wp-content/uploads/2013/01/ep%C3%B1-200x200.jpg,/wp-content/uploads/2013/01/ep%C3%B1-200x200.jpg,image,20140522002012,yes
/wp-content/uploads/2013/01/ep%C3%B1.jpg,/wp-content/uploads/2013/01/ep%C3%B1.jpg,image,20140109203737,yes
/wp-content/uploads/2013/01/fauna-negativeyouth-copy-200x200.jpg,/wp-content/uploads/2013/01/fauna-negativeyouth-copy-200x200.jpg,image,20140109184750,yes
/wp-content/uploads/2013/01/fauna-negativeyouth-copy.jpg,/wp-content/uploads/2013/01/fauna-negativeyouth-copy.jpg,image,20140109191925,yes
/wp-content/uploads/2013/01/flyer-bahia-12-enerov4-200x200.jpg,/wp-content/uploads/2013/01/flyer-bahia-12-enerov4-200x200.jpg,image,20140109182127,yes
/wp-content/uploads/2013/01/flyer-bahia-12-enerov4.jpg,/wp-content/uploads/2013/01/flyer-bahia-12-enerov4.jpg,image,20140109194042,yes
/wp-content/uploads/2013/01/full-of-fire-200x200.png,/wp-content/uploads/2013/01/full-of-fire-200x200.png,image,20140109191748,yes
/wp-content/uploads/2013/01/grimmers-dansers-200x200.jpg,/wp-content/uploads/2013/01/grimmers-dansers-200x200.jpg,image,20140109203038,yes
/wp-content/uploads/2013/01/grimmers-dansers.jpg,/wp-content/uploads/2013/01/grimmers-dansers.jpg,image,20140109192328,yes
/wp-content/uploads/2013/01/hahaha-200x200.png,/wp-content/uploads/2013/01/hahaha-200x200.png,image,20140109193423,yes
/wp-content/uploads/2013/01/kyary-200x200.png,/wp-content/uploads/2013/01/kyary-200x200.png,image,20140109195630,yes
/wp-content/uploads/2013/01/lesphinxx-200x200.png,/wp-content/uploads/2013/01/lesphinxx-200x200.png,image,20140109182051,yes
/wp-content/uploads/2013/01/marathon-200x200.png,/wp-content/uploads/2013/01/marathon-200x200.png,image,20140109190214,yes
/wp-content/uploads/2013/01/men-in-burka-200x200.png,/wp-content/uploads/2013/01/men-in-burka-200x200.png,image,20140109183942,yes
/wp-content/uploads/2013/01/o3taac1-200x200.jpg,/wp-content/uploads/2013/01/o3taac1-200x200.jpg,image,20140109182716,yes
/wp-content/uploads/2013/01/obsession-200x200.jpg,/wp-content/uploads/2013/01/obsession-200x200.jpg,image,20140109182531,yes
/wp-content/uploads/2013/01/obsession.jpg,/wp-content/uploads/2013/01/obsession.jpg,image,20140109194909,yes
/wp-content/uploads/2013/01/one-erection-200x200.jpg,/wp-content/uploads/2013/01/one-erection-200x200.jpg,image,20140109195221,yes
/wp-content/uploads/2013/01/one-erection.jpg,/wp-content/uploads/2013/01/one-erection.jpg,image,20140109194314,yes
/wp-content/uploads/2013/01/rave4evar-200x200.png,/wp-content/uploads/2013/01/rave4evar-200x200.png,image,20140109191830,yes
/wp-content/uploads/2013/01/ryder1-copy.jpg,/wp-content/uploads/2013/01/ryder1-copy.jpg,image,20140109195330,yes
/wp-content/uploads/2013/01/ryder2-copy.jpg,/wp-content/uploads/2013/01/ryder2-copy.jpg,image,20140109191012,no
/wp-content/uploads/2013/01/ryder3-copy.png,/wp-content/uploads/2013/01/ryder3-copy.png,image,20140109191858,yes
/wp-content/uploads/2013/01/ryder4-copy.png,/wp-content/uploads/2013/01/ryder4-copy.png,image,20140109191104,yes
/wp-content/uploads/2013/01/ryder5-copy.jpg,/wp-content/uploads/2013/01/ryder5-copy.jpg,image,20140109190859,yes
/wp-content/uploads/2013/01/ryder6-copy.png,/wp-content/uploads/2013/01/ryder6-copy.png,image,20140109194028,yes
/wp-content/uploads/2013/01/sad-eyes-200x200.png,/wp-content/uploads/2013/01/sad-eyes-200x200.png,image,20140109191513,yes
/wp-content/uploads/2013/01/sky-200x200.jpg,/wp-content/uploads/2013/01/sky-200x200.jpg,image,20140109190222,yes
/wp-content/uploads/2013/01/sky-200x200.png,/wp-content/uploads/2013/01/sky-200x200.png,image,20131104003838,yes
/wp-content/uploads/2013/01/sky.jpg,/wp-content/uploads/2013/01/sky.jpg,image,20140109194453,yes
/wp-content/uploads/2013/01/sleep-ova-200x200.jpg,/wp-content/uploads/2013/01/sleep-ova-200x200.jpg,image,20140109190127,yes
/wp-content/uploads/2013/01/sleep-ova.jpg,/wp-content/uploads/2013/01/sleep-ova.jpg,image,20140109182935,yes
/wp-content/uploads/2013/01/snow-crash-200x200.jpg,/wp-content/uploads/2013/01/snow-crash-200x200.jpg,image,20140109190856,yes
/wp-content/uploads/2013/01/snow-crash.jpg,/wp-content/uploads/2013/01/snow-crash.jpg,image,20140109185138,yes
/wp-content/uploads/2013/01/super-future-200x200.png,/wp-content/uploads/2013/01/super-future-200x200.png,image,20140109191811,yes
/wp-content/uploads/2013/01/tiesto-guess.jpg,/wp-content/uploads/2013/01/tiesto-guess.jpg,image,20140109195910,yes
/wp-content/uploads/2013/01/tiesto-him.jpg,/wp-content/uploads/2013/01/tiesto-him.jpg,image,20140109192900,yes
/wp-content/uploads/2013/01/tiesto-she.jpg,/wp-content/uploads/2013/01/tiesto-she.jpg,image,20140109201311,yes
/wp-content/uploads/2013/01/troll-city-200x200.png,/wp-content/uploads/2013/01/troll-city-200x200.png,image,20140109193708,yes
/wp-content/uploads/2013/02/00.jpg,/wp-content/uploads/2013/02/00.jpg,image,20140109195606,yes
/wp-content/uploads/2013/02/011.jpg,/wp-content/uploads/2013/02/011.jpg,image,20140109194856,yes
/wp-content/uploads/2013/02/03.jpg,/wp-content/uploads/2013/02/03.jpg,image,20140109204224,yes
/wp-content/uploads/2013/02/04.jpg,/wp-content/uploads/2013/02/04.jpg,image,20140109203936,yes
/wp-content/uploads/2013/02/2533619025-11-200x200.jpg,/wp-content/uploads/2013/02/2533619025-11-200x200.jpg,image,20140109183950,no
/wp-content/uploads/2013/02/2533619025-11.jpg,/wp-content/uploads/2013/02/2533619025-11.jpg,image,20140110200530,yes
/wp-content/uploads/2013/02/882934_10151333849979033_1985123180_o-200x200.png,/wp-content/uploads/2013/02/882934_10151333849979033_1985123180_o-200x200.png,image,20140601045610,yes
/wp-content/uploads/2013/02/ARTICULOS.png,/wp-content/uploads/2013/02/ARTICULOS.png,image,20140109182125,yes
/wp-content/uploads/2013/02/EVENTOS.png,/wp-content/uploads/2013/02/EVENTOS.png,image,20140109191744,yes
/wp-content/uploads/2013/02/ICON-copy-16x16.jpg,/wp-content/uploads/2013/02/ICON-copy-16x16.jpg,image,20131023045702,yes
/wp-content/uploads/2013/02/In-Search-of-Downers-Pt.-1-200x200.jpg,/wp-content/uploads/2013/02/In-Search-of-Downers-Pt.-1-200x200.jpg,image,20140521220447,yes
/wp-content/uploads/2013/02/In-Search-of-Downers-Pt.-1.jpg,/wp-content/uploads/2013/02/In-Search-of-Downers-Pt.-1.jpg,image,20140109204606,yes
/wp-content/uploads/2013/02/MALIGNA-NY.png,/wp-content/uploads/2013/02/MALIGNA-NY.png,image,20140521224627,yes
/wp-content/uploads/2013/02/MIXTAPES.png,/wp-content/uploads/2013/02/MIXTAPES.png,image,20140109183054,yes
/wp-content/uploads/2013/02/Screen-Shot-2013-02-20-at-4.39.32-PM-200x200.png,/wp-content/uploads/2013/02/Screen-Shot-2013-02-20-at-4.39.32-PM-200x200.png,image,20140109193346,no
/wp-content/uploads/2013/02/Screen-Shot-2013-02-28-at-8.55.55-AM-200x200.png,/wp-content/uploads/2013/02/Screen-Shot-2013-02-28-at-8.55.55-AM-200x200.png,image,20140109190941,yes
/wp-content/uploads/2013/02/Trade-200x200.jpg,/wp-content/uploads/2013/02/Trade-200x200.jpg,image,20140109183254,yes
/wp-content/uploads/2013/02/Trade-700x960.jpg,/wp-content/uploads/2013/02/Trade-700x960.jpg,image,20140109183511,yes
/wp-content/uploads/2013/02/aaron-spectre-lion-mix-200x200.jpg,/wp-content/uploads/2013/02/aaron-spectre-lion-mix-200x200.jpg,image,20140109191341,yes
/wp-content/uploads/2013/02/aaron-spectre-lion-mix.jpg,/wp-content/uploads/2013/02/aaron-spectre-lion-mix.jpg,image,20140109201953,yes
/wp-content/uploads/2013/02/about.png,/wp-content/uploads/2013/02/about.png,image,20140109182048,yes
/wp-content/uploads/2013/02/alienamv-200x200.png,/wp-content/uploads/2013/02/alienamv-200x200.png,image,20140109193337,yes
/wp-content/uploads/2013/02/araab.jpg,/wp-content/uploads/2013/02/araab.jpg,image,20140109201559,yes
/wp-content/uploads/2013/02/araabmuzik-200x200.jpg,/wp-content/uploads/2013/02/araabmuzik-200x200.jpg,image,20140109183142,yes
/wp-content/uploads/2013/02/araabmuzik.jpg,/wp-content/uploads/2013/02/araabmuzik.jpg,image,20140109191831,yes
/wp-content/uploads/2013/02/autre-200x200.jpg,/wp-content/uploads/2013/02/autre-200x200.jpg,image,20140109183557,yes
/wp-content/uploads/2013/02/bahia-22-feb-copy-200x200.jpg,/wp-content/uploads/2013/02/bahia-22-feb-copy-200x200.jpg,image,20140109184415,yes
/wp-content/uploads/2013/02/bahia-22-feb-copy.jpg,/wp-content/uploads/2013/02/bahia-22-feb-copy.jpg,image,20140109195344,yes
/wp-content/uploads/2013/02/chevy-200x200.png,/wp-content/uploads/2013/02/chevy-200x200.png,image,20140109192732,yes
/wp-content/uploads/2013/02/comma-ruttus-200x200.jpg,/wp-content/uploads/2013/02/comma-ruttus-200x200.jpg,image,20140109185230,yes
/wp-content/uploads/2013/02/comma-ruttus.jpg,/wp-content/uploads/2013/02/comma-ruttus.jpg,image,20140111005502,yes
/wp-content/uploads/2013/02/djq-uttu--200x200.png,/wp-content/uploads/2013/02/djq-uttu--200x200.png,image,20140109192112,yes
/wp-content/uploads/2013/02/entrevistas.png,/wp-content/uploads/2013/02/entrevistas.png,image,20140109185512,yes
/wp-content/uploads/2013/02/fostercare-200x200.jpg,/wp-content/uploads/2013/02/fostercare-200x200.jpg,image,20140109194114,yes
/wp-content/uploads/2013/02/fostercare.jpg,/wp-content/uploads/2013/02/fostercare.jpg,image,20140109192724,yes
/wp-content/uploads/2013/02/gf-200x200.jpg,/wp-content/uploads/2013/02/gf-200x200.jpg,image,20140109184016,yes
/wp-content/uploads/2013/02/gf.jpg,/wp-content/uploads/2013/02/gf.jpg,image,20140109200435,yes
/wp-content/uploads/2013/02/ghost-raid-200x200.png,/wp-content/uploads/2013/02/ghost-raid-200x200.png,image,20140109192933,yes
/wp-content/uploads/2013/02/glass-teeth-200x200.jpg,/wp-content/uploads/2013/02/glass-teeth-200x200.jpg,image,20140109191335,yes
/wp-content/uploads/2013/02/glass-teeth.jpg,/wp-content/uploads/2013/02/glass-teeth.jpg,image,20140109193937,yes
/wp-content/uploads/2013/02/gringo.png,/wp-content/uploads/2013/02/gringo.png,image,20131126092223,yes
/wp-content/uploads/2013/02/header.png,/wp-content/uploads/2013/02/header.png,image,20140109184632,yes
/wp-content/uploads/2013/02/home.png,/wp-content/uploads/2013/02/home.png,image,20140109184818,yes
/wp-content/uploads/2013/02/katie-200x200.jpg,/wp-content/uploads/2013/02/katie-200x200.jpg,image,20140109184541,yes
/wp-content/uploads/2013/02/katie.jpg,/wp-content/uploads/2013/02/katie.jpg,image,20140109201056,yes
/wp-content/uploads/2013/02/kuchibiru-network-3-200x200.jpg,/wp-content/uploads/2013/02/kuchibiru-network-3-200x200.jpg,image,20140109184254,yes
/wp-content/uploads/2013/02/kuchibiru-network-3.jpg,/wp-content/uploads/2013/02/kuchibiru-network-3.jpg,image,20140109193338,yes
/wp-content/uploads/2013/02/la-minitk-200x200.jpg,/wp-content/uploads/2013/02/la-minitk-200x200.jpg,image,20140109185027,yes
/wp-content/uploads/2013/02/la-minitk.jpg,/wp-content/uploads/2013/02/la-minitk.jpg,image,20140109184448,yes
/wp-content/uploads/2013/02/mod.png,/wp-content/uploads/2013/02/mod.png,image,20140109185624,yes
/wp-content/uploads/2013/02/musica.png,/wp-content/uploads/2013/02/musica.png,image,20131126090255,yes
/wp-content/uploads/2013/02/polly-200x200.jpg,/wp-content/uploads/2013/02/polly-200x200.jpg,image,20140109183103,yes
/wp-content/uploads/2013/02/polly.jpg,/wp-content/uploads/2013/02/polly.jpg,image,20140109190924,yes
/wp-content/uploads/2013/02/prurient-0688-200x200.jpeg,/wp-content/uploads/2013/02/prurient-0688-200x200.jpeg,image,20140109192518,yes
/wp-content/uploads/2013/02/prurient-0688.jpeg,/wp-content/uploads/2013/02/prurient-0688.jpeg,image,20140109192228,yes
/wp-content/uploads/2013/02/sleeve-200x200.jpg,/wp-content/uploads/2013/02/sleeve-200x200.jpg,image,20140109191006,yes
/wp-content/uploads/2013/02/sleeve.jpg,/wp-content/uploads/2013/02/sleeve.jpg,image,20140109184235,yes
/wp-content/uploads/2013/02/smurphin-200x200.jpg,/wp-content/uploads/2013/02/smurphin-200x200.jpg,image,20140109182958,yes
/wp-content/uploads/2013/02/smurphin.jpg,/wp-content/uploads/2013/02/smurphin.jpg,image,20140109183350,yes
/wp-content/uploads/2013/02/smurphwave-200x200.jpg,/wp-content/uploads/2013/02/smurphwave-200x200.jpg,image,20140109184822,yes
/wp-content/uploads/2013/02/smurphwave.jpg,/wp-content/uploads/2013/02/smurphwave.jpg,image,20140109192442,yes
/wp-content/uploads/2013/02/tumblr.png,/wp-content/uploads/2013/02/tumblr.png,image,20140109182749,yes
/wp-content/uploads/2013/02/vermz-200x200.png,/wp-content/uploads/2013/02/vermz-200x200.png,image,20140109185613,yes
/wp-content/uploads/2013/02/video.png,/wp-content/uploads/2013/02/video.png,image,20140109190917,yes
/wp-content/uploads/2013/03/%C3%B1i%C3%B1-200x200.jpg,/wp-content/uploads/2013/03/%C3%B1i%C3%B1-200x200.jpg,image,20140109195238,yes
/wp-content/uploads/2013/03/%C3%B1i%C3%B1.jpg,/wp-content/uploads/2013/03/%C3%B1i%C3%B1.jpg,image,20140109194620,yes
/wp-content/uploads/2013/03/1214102894-11-200x200.jpg,/wp-content/uploads/2013/03/1214102894-11-200x200.jpg,image,20141224183458,yes
/wp-content/uploads/2013/03/1551-200x200.jpg,/wp-content/uploads/2013/03/1551-200x200.jpg,image,20140109192338,yes
/wp-content/uploads/2013/03/205257266-11-200x200.jpg,/wp-content/uploads/2013/03/205257266-11-200x200.jpg,image,20140109185707,yes
/wp-content/uploads/2013/03/COLD-200x200.jpg,/wp-content/uploads/2013/03/COLD-200x200.jpg,image,20140109184658,yes
/wp-content/uploads/2013/03/COLD.jpg,/wp-content/uploads/2013/03/COLD.jpg,image,20140109193215,yes
/wp-content/uploads/2013/03/DIVASlol.gif,/wp-content/uploads/2013/03/DIVASlol.gif,image,20140111005426,yes
/wp-content/uploads/2013/03/GUIA-NY-NRMAL-2013.jpg,/wp-content/uploads/2013/03/GUIA-NY-NRMAL-2013.jpg,image,20140109192621,yes
/wp-content/uploads/2013/03/Screen-Shot-2013-03-11-at-5.07.38-PM-200x200.png,/wp-content/uploads/2013/03/Screen-Shot-2013-03-11-at-5.07.38-PM-200x200.png,image,20140109193105,yes
/wp-content/uploads/2013/03/Screen-Shot-2013-03-12-at-11.21.19-AM-200x200.png,/wp-content/uploads/2013/03/Screen-Shot-2013-03-12-at-11.21.19-AM-200x200.png,image,20140109184328,yes
/wp-content/uploads/2013/03/booby-200x200.jpg,/wp-content/uploads/2013/03/booby-200x200.jpg,image,20140109193021,yes
/wp-content/uploads/2013/03/booby-700x672.jpg,/wp-content/uploads/2013/03/booby-700x672.jpg,image,20140109204519,yes
/wp-content/uploads/2013/03/choco-13-03-lil-b-200x200.jpg,/wp-content/uploads/2013/03/choco-13-03-lil-b-200x200.jpg,image,20140109200416,yes
/wp-content/uploads/2013/03/choco-13-03-lil-b.jpg,/wp-content/uploads/2013/03/choco-13-03-lil-b.jpg,image,20140109194126,yes
/wp-content/uploads/2013/03/chvrches-200x200.jpg,/wp-content/uploads/2013/03/chvrches-200x200.jpg,image,20140109184549,yes
/wp-content/uploads/2013/03/chvrches.jpg,/wp-content/uploads/2013/03/chvrches.jpg,image,20140109183649,yes
/wp-content/uploads/2013/03/digital-latex-200x200.jpg,/wp-content/uploads/2013/03/digital-latex-200x200.jpg,image,20140109185227,yes
/wp-content/uploads/2013/03/digital-latex.jpg,/wp-content/uploads/2013/03/digital-latex.jpg,image,20140109182155,yes
/wp-content/uploads/2013/03/dj-boy-drama-200x200.png,/wp-content/uploads/2013/03/dj-boy-drama-200x200.png,image,20140109193651,yes
/wp-content/uploads/2013/03/dj-boy-drama.jpg,/wp-content/uploads/2013/03/dj-boy-drama.jpg,image,20140109183517,yes
/wp-content/uploads/2013/03/dream-affair-200x200.png,/wp-content/uploads/2013/03/dream-affair-200x200.png,image,20140109183306,yes
/wp-content/uploads/2013/03/endymion-200x200.jpg,/wp-content/uploads/2013/03/endymion-200x200.jpg,image,20140109183659,yes
/wp-content/uploads/2013/03/feathers-200x200.png,/wp-content/uploads/2013/03/feathers-200x200.png,image,20140109183757,yes
/wp-content/uploads/2013/03/gatas1.jpg,/wp-content/uploads/2013/03/gatas1.jpg,image,20140109194707,yes
/wp-content/uploads/2013/03/iamx-200x200.png,/wp-content/uploads/2013/03/iamx-200x200.png,image,20140109182458,yes
/wp-content/uploads/2013/03/matrixx-200x200.jpg,/wp-content/uploads/2013/03/matrixx-200x200.jpg,image,20140109191838,yes
/wp-content/uploads/2013/03/matrixx-700x960.jpg,/wp-content/uploads/2013/03/matrixx-700x960.jpg,image,20140109182943,yes
/wp-content/uploads/2013/03/maxwell-200x200.jpg,/wp-content/uploads/2013/03/maxwell-200x200.jpg,image,20140109191826,yes
/wp-content/uploads/2013/03/maxwell.jpg,/wp-content/uploads/2013/03/maxwell.jpg,image,20140109191119,yes
/wp-content/uploads/2013/03/nrmal-20131-200x200.jpg,/wp-content/uploads/2013/03/nrmal-20131-200x200.jpg,image,20140109193100,yes
/wp-content/uploads/2013/03/nrmal-20131.jpg,/wp-content/uploads/2013/03/nrmal-20131.jpg,image,20140109194936,yes
/wp-content/uploads/2013/03/nrmal-horarios.jpg,/wp-content/uploads/2013/03/nrmal-horarios.jpg,image,20140109185156,yes
/wp-content/uploads/2013/03/owm2-700.jpg,/wp-content/uploads/2013/03/owm2-700.jpg,image,20140109183630,yes
/wp-content/uploads/2013/03/owmII-200x200.jpg,/wp-content/uploads/2013/03/owmII-200x200.jpg,image,20131209125149,yes
/wp-content/uploads/2013/03/owmII1-200x200.jpg,/wp-content/uploads/2013/03/owmII1-200x200.jpg,image,20140109192738,yes
/wp-content/uploads/2013/03/rainbow-arabia-200x200.jpg,/wp-content/uploads/2013/03/rainbow-arabia-200x200.jpg,image,20140109190940,yes
/wp-content/uploads/2013/03/rainbow-arabia.jpg,/wp-content/uploads/2013/03/rainbow-arabia.jpg,image,20140109192406,yes
/wp-content/uploads/2013/03/selma-200x200.jpg,/wp-content/uploads/2013/03/selma-200x200.jpg,image,20140109182903,yes
/wp-content/uploads/2013/03/selma.jpg,/wp-content/uploads/2013/03/selma.jpg,image,20140109203416,yes
/wp-content/uploads/2013/03/shaggy-2-dope-200x200.png,/wp-content/uploads/2013/03/shaggy-2-dope-200x200.png,image,20140109185258,yes
/wp-content/uploads/2013/03/tanlines-200x200.jpg,/wp-content/uploads/2013/03/tanlines-200x200.jpg,image,20140109200514,yes
/wp-content/uploads/2013/03/tanlines1.jpg,/wp-content/uploads/2013/03/tanlines1.jpg,image,20140109204355,yes
/wp-content/uploads/2013/03/the-knife-200x200.png,/wp-content/uploads/2013/03/the-knife-200x200.png,image,20140109184932,yes
/wp-content/uploads/2013/03/think-and-change-200x200.jpg,/wp-content/uploads/2013/03/think-and-change-200x200.jpg,image,20140109194649,yes
/wp-content/uploads/2013/03/tiffany-200x200.jpg,/wp-content/uploads/2013/03/tiffany-200x200.jpg,image,20140109185413,yes
/wp-content/uploads/2013/03/tiffany-200x200.png,/wp-content/uploads/2013/03/tiffany-200x200.png,image,20140109190556,yes
/wp-content/uploads/2013/03/tiffany.jpg,/wp-content/uploads/2013/03/tiffany.jpg,image,20140109192204,yes
/wp-content/uploads/2013/03/ufomania-200x200.jpg,/wp-content/uploads/2013/03/ufomania-200x200.jpg,image,20140109183028,yes
/wp-content/uploads/2013/03/ufomania.jpg,/wp-content/uploads/2013/03/ufomania.jpg,image,20140109192215,yes
/wp-content/uploads/2013/03/wlrd-tour-200x200.png,/wp-content/uploads/2013/03/wlrd-tour-200x200.png,image,20140109192102,yes
/wp-content/uploads/2013/03/yung-rapunzel-200x200.jpg,/wp-content/uploads/2013/03/yung-rapunzel-200x200.jpg,image,20140109183709,yes
/wp-content/uploads/2013/03/yung-rapunzel.jpg,/wp-content/uploads/2013/03/yung-rapunzel.jpg,image,20140109194635,yes
/wp-content/uploads/2013/04/Captura-de-pantalla-2013-04-09-a-las-16.17.15-200x200.png,/wp-content/uploads/2013/04/Captura-de-pantalla-2013-04-09-a-las-16.17.15-200x200.png,image,20140109183352,yes
/wp-content/uploads/2013/04/DBC-200x200.png,/wp-content/uploads/2013/04/DBC-200x200.png,image,20140109191751,yes
/wp-content/uploads/2013/04/GLASS-POPCORN-200x200.png,/wp-content/uploads/2013/04/GLASS-POPCORN-200x200.png,image,20140109184810,yes
/wp-content/uploads/2013/04/MATHEMATIQUE-200x200.png,/wp-content/uploads/2013/04/MATHEMATIQUE-200x200.png,image,20140109183654,yes
/wp-content/uploads/2013/04/bff-200x200.jpg,/wp-content/uploads/2013/04/bff-200x200.jpg,image,20140109194457,yes
/wp-content/uploads/2013/04/brite-aid-neverland-200x200.png,/wp-content/uploads/2013/04/brite-aid-neverland-200x200.png,image,20140109192751,yes
/wp-content/uploads/2013/04/cdr.jpg,/wp-content/uploads/2013/04/cdr.jpg,image,20140109082736,yes
/wp-content/uploads/2013/04/covers.jpg,/wp-content/uploads/2013/04/covers.jpg,image,20140109082253,yes
/wp-content/uploads/2013/04/coyote-200x200.png,/wp-content/uploads/2013/04/coyote-200x200.png,image,20140109182117,yes
/wp-content/uploads/2013/04/digital-latex-200x200.jpg,/wp-content/uploads/2013/04/digital-latex-200x200.jpg,image,20140109185926,yes
/wp-content/uploads/2013/04/digital-latex.jpg,/wp-content/uploads/2013/04/digital-latex.jpg,image,20140109192322,yes
/wp-content/uploads/2013/04/first-prom-200x200.jpg,/wp-content/uploads/2013/04/first-prom-200x200.jpg,image,20140110220902,yes
/wp-content/uploads/2013/04/first-prom.jpg,/wp-content/uploads/2013/04/first-prom.jpg,image,20140109202925,yes
/wp-content/uploads/2013/04/gaw.jpg,/wp-content/uploads/2013/04/gaw.jpg,image,20140109075708,yes
/wp-content/uploads/2013/04/gawmixes.jpg,/wp-content/uploads/2013/04/gawmixes.jpg,image,20140109073433,yes
/wp-content/uploads/2013/04/injustice-200x200.jpg,/wp-content/uploads/2013/04/injustice-200x200.jpg,image,20140109182315,yes
/wp-content/uploads/2013/04/injustice.jpg,/wp-content/uploads/2013/04/injustice.jpg,image,20140109194234,yes
/wp-content/uploads/2013/04/is-tropical-200x200.png,/wp-content/uploads/2013/04/is-tropical-200x200.png,image,20140109193738,yes
/wp-content/uploads/2013/04/juan-pesta%C3%B1as-200x200.jpg,/wp-content/uploads/2013/04/juan-pesta%C3%B1as-200x200.jpg,image,20140109192119,yes
/wp-content/uploads/2013/04/juan-pesta%C3%B1as.jpg,/wp-content/uploads/2013/04/juan-pesta%C3%B1as.jpg,image,20140109194951,yes
/wp-content/uploads/2013/04/lonely-boys-200x200.png,/wp-content/uploads/2013/04/lonely-boys-200x200.png,image,20140109185503,yes
/wp-content/uploads/2013/04/metal-mother-200x200.jpg,/wp-content/uploads/2013/04/metal-mother-200x200.jpg,image,20140109190309,yes
/wp-content/uploads/2013/04/metal-mother.png,/wp-content/uploads/2013/04/metal-mother.png,image,20140109182721,yes
/wp-content/uploads/2013/04/ny-indiegogo-200x200.jpg,/wp-content/uploads/2013/04/ny-indiegogo-200x200.jpg,image,20131104103611,yes
/wp-content/uploads/2013/04/ny-indiegogo.jpg,/wp-content/uploads/2013/04/ny-indiegogo.jpg,image,20140109203005,yes
/wp-content/uploads/2013/04/ooooo-200x200.jpg,/wp-content/uploads/2013/04/ooooo-200x200.jpg,image,20140109191016,yes
/wp-content/uploads/2013/04/ooooo.jpg,/wp-content/uploads/2013/04/ooooo.jpg,image,20140109200916,yes
/wp-content/uploads/2013/04/perfect-blue-200x200.jpg,/wp-content/uploads/2013/04/perfect-blue-200x200.jpg,image,20140109193828,yes
/wp-content/uploads/2013/04/perfect-blue.jpg,/wp-content/uploads/2013/04/perfect-blue.jpg,image,20140109194805,yes
/wp-content/uploads/2013/04/raymondstock-200x200.jpg,/wp-content/uploads/2013/04/raymondstock-200x200.jpg,image,20140109185336,yes
/wp-content/uploads/2013/04/raymondstock.jpg,/wp-content/uploads/2013/04/raymondstock.jpg,image,20140109200857,yes
/wp-content/uploads/2013/04/ritualz-mix-for-logo-200x200.jpg,/wp-content/uploads/2013/04/ritualz-mix-for-logo-200x200.jpg,image,20140109192741,yes
/wp-content/uploads/2013/04/ritualz-mix-for-logo.jpg,/wp-content/uploads/2013/04/ritualz-mix-for-logo.jpg,image,20140109191437,yes
/wp-content/uploads/2013/04/vin-sol1-200x200.jpg,/wp-content/uploads/2013/04/vin-sol1-200x200.jpg,image,20140109193347,yes
/wp-content/uploads/2013/04/vortex.jpg,/wp-content/uploads/2013/04/vortex.jpg,image,20140109193718,yes
/wp-content/uploads/2013/05/01-copy-200x200.jpg,/wp-content/uploads/2013/05/01-copy-200x200.jpg,image,20131104103735,yes
/wp-content/uploads/2013/05/01-copy.jpg,/wp-content/uploads/2013/05/01-copy.jpg,image,20140109190929,yes
/wp-content/uploads/2013/05/8698145611_982c61553f1.jpg,/wp-content/uploads/2013/05/8698145611_982c61553f1.jpg,image,20140109193030,yes
/wp-content/uploads/2013/05/8698402257_658f41f0e71.jpg,/wp-content/uploads/2013/05/8698402257_658f41f0e71.jpg,image,20140109195323,yes
/wp-content/uploads/2013/05/alicia-200x200.png,/wp-content/uploads/2013/05/alicia-200x200.png,image,20140109194745,yes
/wp-content/uploads/2013/05/broken-200x200.png,/wp-content/uploads/2013/05/broken-200x200.png,image,20140109184423,yes
/wp-content/uploads/2013/05/broken-copy.png,/wp-content/uploads/2013/05/broken-copy.png,image,20140111005001,yes
/wp-content/uploads/2013/05/butteclock-200x200.png,/wp-content/uploads/2013/05/butteclock-200x200.png,image,20140109182103,yes
/wp-content/uploads/2013/05/chvrches-200x200.jpg,/wp-content/uploads/2013/05/chvrches-200x200.jpg,image,20140109182106,yes
/wp-content/uploads/2013/05/chvrches.jpg,/wp-content/uploads/2013/05/chvrches.jpg,image,20140109184912,yes
/wp-content/uploads/2013/05/dstvv-200x200.png,/wp-content/uploads/2013/05/dstvv-200x200.png,image,20140109185315,yes
/wp-content/uploads/2013/05/feathers-200x200.png,/wp-content/uploads/2013/05/feathers-200x200.png,image,20140109200458,yes
/wp-content/uploads/2013/05/hdxd-200x200.jpg,/wp-content/uploads/2013/05/hdxd-200x200.jpg,image,20140109184058,yes
/wp-content/uploads/2013/05/hdxd.jpg,/wp-content/uploads/2013/05/hdxd.jpg,image,20140109194651,yes
/wp-content/uploads/2013/05/kanye-200x200.png,/wp-content/uploads/2013/05/kanye-200x200.png,image,20140109182130,yes
/wp-content/uploads/2013/05/kyary-200x200.png,/wp-content/uploads/2013/05/kyary-200x200.png,image,20140109193122,yes
/wp-content/uploads/2013/05/kyle-200x200.jpg,/wp-content/uploads/2013/05/kyle-200x200.jpg,image,20140109184059,yes
/wp-content/uploads/2013/05/kyle-700x960.jpg,/wp-content/uploads/2013/05/kyle-700x960.jpg,image,20140109192601,yes
/wp-content/uploads/2013/05/teamrockit-200x200.png,/wp-content/uploads/2013/05/teamrockit-200x200.png,image,20140109190054,yes
/wp-content/uploads/2013/05/tell-me-200x200.jpg,/wp-content/uploads/2013/05/tell-me-200x200.jpg,image,20140110183523,yes
/wp-content/uploads/2013/05/tell-me.jpg,/wp-content/uploads/2013/05/tell-me.jpg,image,20140109182837,yes
/wp-content/uploads/2013/05/tiff-200x200.png,/wp-content/uploads/2013/05/tiff-200x200.png,image,20140109193547,yes
/wp-content/uploads/2013/05/tumblr_mlj147lMAE1rdsie4o1_5001.jpg,/wp-content/uploads/2013/05/tumblr_mlj147lMAE1rdsie4o1_5001.jpg,image,20140109195340,yes
/wp-content/uploads/2013/06/603730_519390134783802_50973685_n1-200x200.jpg,/wp-content/uploads/2013/06/603730_519390134783802_50973685_n1-200x200.jpg,image,20140109193834,yes
/wp-content/uploads/2013/06/603730_519390134783802_50973685_n1-700x926.jpg,/wp-content/uploads/2013/06/603730_519390134783802_50973685_n1-700x926.jpg,image,20140109183447,yes
/wp-content/uploads/2013/06/Captura-de-pantalla-2013-06-18-a-las-11.09.25-200x200.png,/wp-content/uploads/2013/06/Captura-de-pantalla-2013-06-18-a-las-11.09.25-200x200.png,image,20140109191111,no
/wp-content/uploads/2013/06/HOLLAGRAMZ-200x200.png,/wp-content/uploads/2013/06/HOLLAGRAMZ-200x200.png,image,20140109183452,yes
/wp-content/uploads/2013/06/TRUST-x-PICTUREPLANE-200x200.jpg,/wp-content/uploads/2013/06/TRUST-x-PICTUREPLANE-200x200.jpg,image,20140109183554,yes
/wp-content/uploads/2013/06/TRUST-x-PICTUREPLANE.jpg,/wp-content/uploads/2013/06/TRUST-x-PICTUREPLANE.jpg,image,20140109190053,yes
/wp-content/uploads/2013/06/alex-burkat-200x200.jpg,/wp-content/uploads/2013/06/alex-burkat-200x200.jpg,image,20140109194123,yes
/wp-content/uploads/2013/06/blutengel-200x200.png,/wp-content/uploads/2013/06/blutengel-200x200.png,image,20140109182943,yes
/wp-content/uploads/2013/06/calavera-200x200.png,/wp-content/uploads/2013/06/calavera-200x200.png,image,20140109200458,yes
/wp-content/uploads/2013/06/dawkins-200x200.png,/wp-content/uploads/2013/06/dawkins-200x200.png,image,20140109194912,yes
/wp-content/uploads/2013/06/ebm-200x200.png,/wp-content/uploads/2013/06/ebm-200x200.png,image,20140109194419,yes
/wp-content/uploads/2013/06/favna-200x200.png,/wp-content/uploads/2013/06/favna-200x200.png,image,20140109184549,yes
/wp-content/uploads/2013/06/fostercare-200x200.jpg,/wp-content/uploads/2013/06/fostercare-200x200.jpg,image,20140109182912,yes
/wp-content/uploads/2013/06/fostercare.jpg,/wp-content/uploads/2013/06/fostercare.jpg,image,20131126085817,yes
/wp-content/uploads/2013/06/fuck-buttons-200x200.png,/wp-content/uploads/2013/06/fuck-buttons-200x200.png,image,20140111005423,yes
/wp-content/uploads/2013/06/funker-vogt-200x200.png,/wp-content/uploads/2013/06/funker-vogt-200x200.png,image,20140109184244,yes
/wp-content/uploads/2013/06/hdxd-demoticon-front-copy-200x200.jpg,/wp-content/uploads/2013/06/hdxd-demoticon-front-copy-200x200.jpg,image,20140109192217,yes
/wp-content/uploads/2013/06/hdxd-demoticon-front-copy.jpg,/wp-content/uploads/2013/06/hdxd-demoticon-front-copy.jpg,image,20140109194412,yes
/wp-content/uploads/2013/06/june-200x200.png,/wp-content/uploads/2013/06/june-200x200.png,image,20140109184648,yes
/wp-content/uploads/2013/06/n4-200x200.png,/wp-content/uploads/2013/06/n4-200x200.png,image,20140109185230,yes
/wp-content/uploads/2013/06/nommo-ogo-200x200.png,/wp-content/uploads/2013/06/nommo-ogo-200x200.png,image,20140109191906,yes
/wp-content/uploads/2013/06/sanfuentes-200x200.png,/wp-content/uploads/2013/06/sanfuentes-200x200.png,image,20140109191128,yes
/wp-content/uploads/2013/06/sanfuentes-700x800.png,/wp-content/uploads/2013/06/sanfuentes-700x800.png,image,20131126091445,yes
/wp-content/uploads/2013/06/trent-200x200.png,/wp-content/uploads/2013/06/trent-200x200.png,image,20140109183340,yes
/wp-content/uploads/2013/06/yea-200x200.png,/wp-content/uploads/2013/06/yea-200x200.png,image,20140109191009,yes
/wp-content/uploads/2013/06/yentech-200x200.png,/wp-content/uploads/2013/06/yentech-200x200.png,image,20140109183201,yes
/wp-content/uploads/2013/06/yentech2-700x650.png,/wp-content/uploads/2013/06/yentech2-700x650.png,image,20140109192823,yes
/wp-content/uploads/2013/06/zola-jesus1-200x200.jpeg,/wp-content/uploads/2013/06/zola-jesus1-200x200.jpeg,image,20140109184349,yes
/wp-content/uploads/2013/07/au-revoir-200x200.jpg,/wp-content/uploads/2013/07/au-revoir-200x200.jpg,image,20140109194645,yes
/wp-content/uploads/2013/07/au-revoir.jpg,/wp-content/uploads/2013/07/au-revoir.jpg,image,20140110212500,yes
/wp-content/uploads/2013/09/ritualz-logo2.png,/wp-content/uploads/2013/09/ritualz-logo2.png,image,20140109141216,yes
/wp-content/uploads/2013/09/wallpaper.jpg,/wp-content/uploads/2013/09/wallpaper.jpg,image,20140109141852,yes
/wp-content/uploads/2014/08/bg.jpg,/wp-content/uploads/2014/08/bg.jpg,image,20141223031050,yes
/wp-includes/images/smilies/icon_sad.gif,/wp-includes/images/smilies/icon_sad.gif,image,20140110212438,yes
/wp-includes/images/smilies/icon_smile.gif,/wp-includes/images/smilies/icon_smile.gif,image,20140109191755,yes
/wp-includes/images/smilies/icon_wink.gif,/wp-includes/images/smilies/icon_wink.gif,image,20140109191844,yes
/wp-includes/js/jquery/jquery.js?ver=1.4.4,/wp-includes/js/jquery/jquery.js-qver-1.4.4-4b8daf,js,20210403201956,yes
/wp-includes/js/jquery/jquery.js?ver=1.6.1,/wp-includes/js/jquery/jquery.js-qver-1.6.1-760b0d,js,20110823024427,yes
/wp-includes/js/jquery/jquery.js?ver=1.7.1,/wp-includes/js/jquery/jquery.js-qver-1.7.1-9f2320,js,20150211213129,yes
/wp-includes/js/jquery/jquery.js?ver=1.7.2,/wp-includes/js/jquery/jquery.js-qver-1.7.2-c4eb13,js,20200607051423,yes
/wp-includes/js/jquery/jquery.js?ver=1.8.3,/wp-includes/js/jquery/jquery.js-qver-1.8.3-71a068,js,20131023045641,yes
/wp-includes/wlwmanifest.xml,/wp-includes/wlwmanifest.xml,other_asset,20110823024404,yes
/xeno-oaklander-the-staircase/,/xeno-oaklander-the-staircase-b8e244/index.html,post,20131126094628,yes
/xeno-oaklander-the-staircase/feed/,/feeds/xeno-oaklander-the-staircase-b8e244/feed.xml,feed,20140109205637,yes
/xiu-xiu-always/,/xiu-xiu-always-740263/index.html,post,20131126084653,yes
/xiu-xiu-always/feed/,/feeds/xiu-xiu-always-740263/feed.xml,feed,20140109191917,yes
/xiu-xiu-born-to-suffer/,/xiu-xiu-born-to-suffer-981fb5/index.html,post,20131126082855,yes
/xiu-xiu-born-to-suffer/feed/,/feeds/xiu-xiu-born-to-suffer-981fb5/feed.xml,feed,20140109184934,yes
/xiu-xiu-hi/,/xiu-xiu-hi-2b9872/index.html,post,20131126095103,yes
/xiu-xiu-hi/feed/,/feeds/xiu-xiu-hi-2b9872/feed.xml,feed,20140109200448,yes
/xiu-xiu-honeysuckle-2/,/xiu-xiu-honeysuckle-2-6db0b9/index.html,post,20131126095553,yes
/xiu-xiu-honeysuckle-2/feed/,/feeds/xiu-xiu-honeysuckle-2-6db0b9/feed.xml,feed,20140109201524,yes
/yeasayer-xmas-2/,/yeasayer-xmas-2-e49610/index.html,post,20131126112450,yes
/yeasayer-xmas-2/feed/,/feeds/yeasayer-xmas-2-e49610/feed.xml,feed,20140110214008,yes
/yen-tech/,/yen-tech-7d5a73/index.html,post,20131126090558,yes
/yen-tech/feed/,/feeds/yen-tech-7d5a73/feed.xml,feed,20140109190655,yes
/yo-te-quiero-calavera/,/yo-te-quiero-calavera-71c9fe/index.html,post,20131126084537,yes
/yo-te-quiero-calavera/feed/,/feeds/yo-te-quiero-calavera-71c9fe/feed.xml,feed,20140109191840,yes
/yohuna-2/,/yohuna-2-4ff3ca/index.html,post,20131126122314,yes
/yohuna-2/feed/,/feeds/yohuna-2-4ff3ca/feed.xml,feed,20140110214316,yes
/you-ha-ha-ha/,/you-ha-ha-ha-a23890/index.html,post,20131126082804,yes
/you-ha-ha-ha/feed/,/feeds/you-ha-ha-ha-a23890/feed.xml,feed,20140109182411,yes
/you-show-great-spirit/,/you-show-great-spirit-764b89/index.html,post,20131126084457,yes
/you-show-great-spirit/feed/,/feeds/you-show-great-spirit-764b89/feed.xml,feed,20140109193432,yes
/young-magic-sparkly/,/young-magic-sparkly-45a754/index.html,post,20131126091503,yes
/young-magic-sparkly/feed/,/feeds/young-magic-sparkly-45a754/feed.xml,feed,20140109191920,yes
/young-magic/,/young-magic-7605e5/index.html,post,20131126091535,yes
/young-magic/feed/,/feeds/young-magic-7605e5/feed.xml,feed,20140109191445,yes
/your-orders/,/your-orders-b9099f/index.html,post,20131126105846,yes
/your-orders/feed/,/feeds/your-orders-b9099f/feed.xml,feed,20140110213700,yes
/yung-jake-5/,/yung-jake-5-62cd81/index.html,post,20131126085344,yes
/yung-jake-5/feed/,/feeds/yung-jake-5-62cd81/feed.xml,feed,20140109191846,yes
/yung-jake-datamosh/,/yung-jake-datamosh-e6d6d7/index.html,post,20131126105139,yes
/yung-jake-datamosh/feed/,/feeds/yung-jake-datamosh-e6d6d7/feed.xml,feed,20140110213435,yes
/yung-jake-one-track-mixtapes/,/yung-jake-one-track-mixtapes-5ce5e5/index.html,post,20131126100736,yes
/yung-jake-one-track-mixtapes/feed/,/feeds/yung-jake-one-track-mixtapes-5ce5e5/feed.xml,feed,20140109203115,yes
/yung-jake/,/yung-jake-6c6037/index.html,post,20131126110236,yes
/yung-jake/feed/,/feeds/yung-jake-6c6037/feed.xml,feed,20140110213936,yes
/yungrapunxel/,/yungrapunxel-c69c42/index.html,post,20131126084636,yes
/yungrapunxel/feed/,/feeds/yungrapunxel-c69c42/feed.xml,feed,20140109194435,yes
/zak-matic-violento-club-mix/,/zak-matic-violento-club-mix-cc5b8a/index.html,post,20131126092153,yes
/zak-matic-violento-club-mix/feed/,/feeds/zak-matic-violento-club-mix-cc5b8a/feed.xml,feed,20140109192823,yes
/zebra-katz-feat-njena-reddd-foxxx-ima-read-2/,/zebra-katz-feat-njena-reddd-foxxx-ima-read-2-72c2e4/index.html,post,20131126095825,yes
/zebra-katz-feat-njena-reddd-foxxx-ima-read-2/feed/,/feeds/zebra-katz-feat-njena-reddd-foxxx-ima-read-2-72c2e4/feed.xml,feed,20140109200419,yes
/zola-jesus-diamonds/,/zola-jesus-diamonds-29d23f/index.html,post,20131126084128,yes
/zola-jesus-diamonds/feed/,/feeds/zola-jesus-diamonds-29d23f/feed.xml,feed,20140109183619,yes
/zola-jesus-en-mexico-2/,/zola-jesus-en-mexico-2-1eeb62/index.html,post,20110718230920,yes
/zola-jesus-seekir/,/zola-jesus-seekir-afe64b/index.html,post,20131126093432,yes
/zola-jesus-seekir/feed/,/feeds/zola-jesus-seekir-afe64b/feed.xml,feed,20140109203156,yes
/zola-jesus-vessel-video/,/zola-jesus-vessel-video-b58f7f/index.html,post,20131126112526,yes
/zola-jesus-vessel-video/feed/,/feeds/zola-jesus-vessel-video-b58f7f/feed.xml,feed,20140110213314,yes
/zola-jesus-vessel/,/zola-jesus-vessel-aeedb4/index.html,post,20131126093505,yes
/zola-jesus-vessel/feed/,/feeds/zola-jesus-vessel-aeedb4/feed.xml,feed,20140109200710,yes
/zonora-point-douster-2/,/zonora-point-douster-2-88a788/index.html,post,20131126085742,yes
/zonora-point-douster-2/feed/,/feeds/zonora-point-douster-2-88a788/feed.xml,feed,20140109195103,no
/zutzut/,/zutzut-e977b3/index.html,post,20131126092358,yes
/zutzut/feed/,/feeds/zutzut-e977b3/feed.xml,feed,20140109191032,yes
