path,kind,timestamp,mimetype,length,digest,statuscode,captures,years,url,alt_urls
/,homepage,20131030072153,text/html,32740,T5XE3O5IF4PXV5XLQNPLHZNGDDQB27JD,200,901,2011;2012;2013;2014;2015;2016;2017;2020;2021;2024;2025,http://negativeyouth.net/,http://negativeyouth.net/?attachment_id=4109 http://negativeyouth.net/?attachment_id=4109/feed/ http://negativeyouth.net/?name=18 http://negativeyouth.net/?name=actually http://negativeyouth.net/?name=adeptus http://negativeyouth.net/?name=apart http://negativeyouth.net/?name=apes http://negativeyouth.net/?name=arena http://negativeyouth.net/?name=badd http://negativeyouth.net/?name=bebetune http://negativeyouth.net/?name=boan http://negativeyouth.net/?name=broken http://negativeyouth.net/?name=bruxa http://negativeyouth.net/?name=catnapp http://negativeyouth.net/?name=cel http://negativeyouth.net/?name=chvrches http://negativeyouth.net/?name=coins http://negativeyouth.net/?name=coyote http://negativeyouth.net/?name=curse http://negativeyouth.net/?name=deeeep http://negativeyouth.net/?name=dont http://negativeyouth.net/?name=drones http://negativeyouth.net/?name=dstvv http://negativeyouth.net/?name=eww http://negativeyouth.net/?name=exo http://negativeyouth.net/?name=fauna http://negativeyouth.net/?name=feathers http://negativeyouth.net/?name=feelings http://negativeyouth.net/?name=genesis http://negativeyouth.net/?name=glossata http://negativeyouth.net/?name=gun http://negativeyouth.net/?name=ham http://negativeyouth.net/?name=heat http://negativeyouth.net/?name=heaven http://negativeyouth.net/?name=hustling http://negativeyouth.net/?name=ionika http://negativeyouth.net/?name=ipc http://negativeyouth.net/?name=irl http://negativeyouth.net/?name=jj http://negativeyouth.net/?name=jummy http://negativeyouth.net/?name=june http://negativeyouth.net/?name=k1llrgvp http://negativeyouth.net/?name=kidcity http://negativeyouth.net/?name=krenshaw http://negativeyouth.net/?name=ladatel http://negativeyouth.net/?name=le1f http://negativeyouth.net/?name=leaving http://negativeyouth.net/?name=marathon http://negativeyouth.net/?name=maussan http://negativeyouth.net/?name=oblivion http://negativeyouth.net/?name=one http://negativeyouth.net/?name=parallax http://negativeyouth.net/?name=pisces http://negativeyouth.net/?name=powwoww http://negativeyouth.net/?name=promisee http://negativeyouth.net/?name=rain http://negativeyouth.net/?name=revolver http://negativeyouth.net/?name=rimar http://negativeyouth.net/?name=shades http://negativeyouth.net/?name=snakes http://negativeyouth.net/?name=soda http://negativeyouth.net/?name=soft http://negativeyouth.net/?name=solace http://negativeyouth.net/?name=stargate http://negativeyouth.net/?name=strain http://negativeyouth.net/?name=supermad http://negativeyouth.net/?name=tarot http://negativeyouth.net/?name=teaadora http://negativeyouth.net/?name=thursday http://negativeyouth.net/?name=trade http://negativeyouth.net/?name=troller http://negativeyouth.net/?name=unbear http://negativeyouth.net/?name=vi http://negativeyouth.net/?name=wife http://negativeyouth.net/?name=zutzut http://negativeyouth.net/?p=1016 http://negativeyouth.net/?p=1038 http://negativeyouth.net/?p=1049 http://negativeyouth.net/?p=1060 http://negativeyouth.net/?p=1199 http://negativeyouth.net/?p=1288 http://negativeyouth.net/?p=1299 http://negativeyouth.net/?p=1302 http://negativeyouth.net/?p=1311 http://negativeyouth.net/?p=1318 http://negativeyouth.net/?p=1324 http://negativeyouth.net/?p=1326 http://negativeyouth.net/?p=1332 http://negativeyouth.net/?p=1344 http://negativeyouth.net/?p=1352 http://negativeyouth.net/?p=1367 http://negativeyouth.net/?p=1371 http://negativeyouth.net/?p=1416 http://negativeyouth.net/?p=1426 http://negativeyouth.net/?p=1430 http://negativeyouth.net/?p=1435 http://negativeyouth.net/?p=1440 http://negativeyouth.net/?p=1443 http://negativeyouth.net/?p=1446 http://negativeyouth.net/?p=1455 http://negativeyouth.net/?p=1462 http://negativeyouth.net/?p=1478 http://negativeyouth.net/?p=1496 http://negativeyouth.net/?p=1533 http://negativeyouth.net/?p=1562 http://negativeyouth.net/?p=1580 http://negativeyouth.net/?p=1588 http://negativeyouth.net/?p=1594 http://negativeyouth.net/?p=1615 http://negativeyouth.net/?p=1641 http://negativeyouth.net/?p=1648 http://negativeyouth.net/?p=1661 http://negativeyouth.net/?p=1675 http://negativeyouth.net/?p=1683 http://negativeyouth.net/?p=1698 http://negativeyouth.net/?p=1709 http://negativeyouth.net/?p=1714 http://negativeyouth.net/?p=1719 http://negativeyouth.net/?p=1728 http://negativeyouth.net/?p=1734 http://negativeyouth.net/?p=1745 http://negativeyouth.net/?p=1778 http://negativeyouth.net/?p=1790 http://negativeyouth.net/?p=1813 http://negativeyouth.net/?p=1822 http://negativeyouth.net/?p=1835 http://negativeyouth.net/?p=1839 http://negativeyouth.net/?p=1847 http://negativeyouth.net/?p=1850 http://negativeyouth.net/?p=1860 http://negativeyouth.net/?p=1903 http://negativeyouth.net/?p=1914 http://negativeyouth.net/?p=1947 http://negativeyouth.net/?p=2208 http://negativeyouth.net/?p=2214 http://negativeyouth.net/?p=2228 http://negativeyouth.net/?p=2241 http://negativeyouth.net/?p=2273 http://negativeyouth.net/?p=2277 http://negativeyouth.net/?p=2283 http://negativeyouth.net/?p=2462 http://negativeyouth.net/?p=2471 http://negativeyouth.net/?p=2496 http://negativeyouth.net/?p=2510 http://negativeyouth.net/?p=2518 http://negativeyouth.net/?p=2535 http://negativeyouth.net/?p=2573 http://negativeyouth.net/?p=2596 http://negativeyouth.net/?p=2604 http://negativeyouth.net/?p=2609 http://negativeyouth.net/?p=2630 http://negativeyouth.net/?p=2646 http://negativeyouth.net/?p=2651 http://negativeyouth.net/?p=2658 http://negativeyouth.net/?p=2667 http://negativeyouth.net/?p=2681 http://negativeyouth.net/?p=2686 http://negativeyouth.net/?p=2692 http://negativeyouth.net/?p=2712 http://negativeyouth.net/?p=2726 http://negativeyouth.net/?p=2735 http://negativeyouth.net/?p=2752 http://negativeyouth.net/?p=2760 http://negativeyouth.net/?p=2780 http://negativeyouth.net/?p=2781 http://negativeyouth.net/?p=2808 http://negativeyouth.net/?p=2833 http://negativeyouth.net/?p=2873 http://negativeyouth.net/?p=2885 http://negativeyouth.net/?p=2903 http://negativeyouth.net/?p=2916 http://negativeyouth.net/?p=2930 http://negativeyouth.net/?p=2935 http://negativeyouth.net/?p=2939 http://negativeyouth.net/?p=2953 http://negativeyouth.net/?p=2956 http://negativeyouth.net/?p=2960 http://negativeyouth.net/?p=2967 http://negativeyouth.net/?p=3123 http://negativeyouth.net/?p=3159 http://negativeyouth.net/?p=3173 http://negativeyouth.net/?p=3185 http://negativeyouth.net/?p=3194 http://negativeyouth.net/?p=3208 http://negativeyouth.net/?p=3216 http://negativeyouth.net/?p=3235 http://negativeyouth.net/?p=3238 http://negativeyouth.net/?p=3244 http://negativeyouth.net/?p=3266 http://negativeyouth.net/?p=3282 http://negativeyouth.net/?p=3286 http://negativeyouth.net/?p=3334 http://negativeyouth.net/?p=3350 http://negativeyouth.net/?p=3354 http://negativeyouth.net/?p=3411 http://negativeyouth.net/?p=3428 http://negativeyouth.net/?p=3436 http://negativeyouth.net/?p=3452 http://negativeyouth.net/?p=3454 http://negativeyouth.net/?p=3502 http://negativeyouth.net/?p=3604 http://negativeyouth.net/?p=3608 http://negativeyouth.net/?p=3612 http://negativeyouth.net/?p=3623 http://negativeyouth.net/?p=3626 http://negativeyouth.net/?p=3630 http://negativeyouth.net/?p=3645 http://negativeyouth.net/?p=3691 http://negativeyouth.net/?p=3703 http://negativeyouth.net/?p=3715 http://negativeyouth.net/?p=3720 http://negativeyouth.net/?p=3731 http://negativeyouth.net/?p=3799 http://negativeyouth.net/?p=3970 http://negativeyouth.net/?p=3979 http://negativeyouth.net/?p=3987 http://negativeyouth.net/?p=3999 http://negativeyouth.net/?p=4011 http://negativeyouth.net/?p=4041 http://negativeyouth.net/?p=4044 http://negativeyouth.net/?p=4055 http://negativeyouth.net/?p=4093 http://negativeyouth.net/?p=4096 http://negativeyouth.net/?p=4105 http://negativeyouth.net/?p=4118 http://negativeyouth.net/?p=4132 http://negativeyouth.net/?p=4142 http://negativeyouth.net/?p=4157 http://negativeyouth.net/?p=4163 http://negativeyouth.net/?p=4180 http://negativeyouth.net/?p=4186 http://negativeyouth.net/?p=4206 http://negativeyouth.net/?p=4209 http://negativeyouth.net/?p=4232 http://negativeyouth.net/?p=4235 http://negativeyouth.net/?p=4240 http://negativeyouth.net/?p=425 http://negativeyouth.net/?p=4250 http://negativeyouth.net/?p=4259 http://negativeyouth.net/?p=426 http://negativeyouth.net/?p=427 http://negativeyouth.net/?p=428 http://negativeyouth.net/?p=430 http://negativeyouth.net/?p=4300 http://negativeyouth.net/?p=4308 http://negativeyouth.net/?p=431 http://negativeyouth.net/?p=4317 http://negativeyouth.net/?p=432 http://negativeyouth.net/?p=4329 http://negativeyouth.net/?p=433 http://negativeyouth.net/?p=4335 http://negativeyouth.net/?p=434 http://negativeyouth.net/?p=4341 http://negativeyouth.net/?p=4345 http://negativeyouth.net/?p=435 http://negativeyouth.net/?p=436 http://negativeyouth.net/?p=4364 http://negativeyouth.net/?p=437 http://negativeyouth.net/?p=438 http://negativeyouth.net/?p=4381 http://negativeyouth.net/?p=439 http://negativeyouth.net/?p=4394 http://negativeyouth.net/?p=4399 http://negativeyouth.net/?p=440 http://negativeyouth.net/?p=441 http://negativeyouth.net/?p=4415 http://negativeyouth.net/?p=4427 http://negativeyouth.net/?p=4436 http://negativeyouth.net/?p=444 http://negativeyouth.net/?p=4441 http://negativeyouth.net/?p=445 http://negativeyouth.net/?p=4452 http://negativeyouth.net/?p=446 http://negativeyouth.net/?p=4462 http://negativeyouth.net/?p=447 http://negativeyouth.net/?p=4484 http://negativeyouth.net/?p=450 http://negativeyouth.net/?p=4503 http://negativeyouth.net/?p=4508 http://negativeyouth.net/?p=4513 http://negativeyouth.net/?p=4517 http://negativeyouth.net/?p=452 http://negativeyouth.net/?p=453 http://negativeyouth.net/?p=4540 http://negativeyouth.net/?p=4544 http://negativeyouth.net/?p=4549 http://negativeyouth.net/?p=4559 http://negativeyouth.net/?p=456 http://negativeyouth.net/?p=457 http://negativeyouth.net/?p=458 http://negativeyouth.net/?p=459 http://negativeyouth.net/?p=460 http://negativeyouth.net/?p=461 http://negativeyouth.net/?p=4617 http://negativeyouth.net/?p=462 http://negativeyouth.net/?p=464 http://negativeyouth.net/?p=465 http://negativeyouth.net/?p=467 http://negativeyouth.net/?p=469 http://negativeyouth.net/?p=4697 http://negativeyouth.net/?p=4698 http://negativeyouth.net/?p=470 http://negativeyouth.net/?p=471 http://negativeyouth.net/?p=472 http://negativeyouth.net/?p=473 http://negativeyouth.net/?p=474 http://negativeyouth.net/?p=475 http://negativeyouth.net/?p=476 http://negativeyouth.net/?p=4762 http://negativeyouth.net/?p=477 http://negativeyouth.net/?p=4771 http://negativeyouth.net/?p=478 http://negativeyouth.net/?p=480 http://negativeyouth.net/?p=481 http://negativeyouth.net/?p=482 http://negativeyouth.net/?p=4846 http://negativeyouth.net/?p=4855 http://negativeyouth.net/?p=487 http://negativeyouth.net/?p=488 http://negativeyouth.net/?p=4880 http://negativeyouth.net/?p=489 http://negativeyouth.net/?p=4894 http://negativeyouth.net/?p=4906 http://negativeyouth.net/?p=4913 http://negativeyouth.net/?p=4918 http://negativeyouth.net/?p=492 http://negativeyouth.net/?p=4929 http://negativeyouth.net/?p=493 http://negativeyouth.net/?p=494 http://negativeyouth.net/?p=4943 http://negativeyouth.net/?p=4947 http://negativeyouth.net/?p=495 http://negativeyouth.net/?p=4952 http://negativeyouth.net/?p=4956 http://negativeyouth.net/?p=4958 http://negativeyouth.net/?p=496 http://negativeyouth.net/?p=4969 http://negativeyouth.net/?p=497 http://negativeyouth.net/?p=4977 http://negativeyouth.net/?p=498 http://negativeyouth.net/?p=4988 http://negativeyouth.net/?p=499 http://negativeyouth.net/?p=4991 http://negativeyouth.net/?p=4995 http://negativeyouth.net/?p=500 http://negativeyouth.net/?p=5006 http://negativeyouth.net/?p=501 http://negativeyouth.net/?p=5022 http://negativeyouth.net/?p=503 http://negativeyouth.net/?p=5030 http://negativeyouth.net/?p=5035 http://negativeyouth.net/?p=504 http://negativeyouth.net/?p=505 http://negativeyouth.net/?p=5053 http://negativeyouth.net/?p=5059 http://negativeyouth.net/?p=507 http://negativeyouth.net/?p=508 http://negativeyouth.net/?p=5088 http://negativeyouth.net/?p=509 http://negativeyouth.net/?p=5092 http://negativeyouth.net/?p=510 http://negativeyouth.net/?p=5105 http://negativeyouth.net/?p=511 http://negativeyouth.net/?p=5115 http://negativeyouth.net/?p=5117 http://negativeyouth.net/?p=513 http://negativeyouth.net/?p=5149 http://negativeyouth.net/?p=515 http://negativeyouth.net/?p=517 http://negativeyouth.net/?p=518 http://negativeyouth.net/?p=5182 http://negativeyouth.net/?p=519 http://negativeyouth.net/?p=5197 http://negativeyouth.net/?p=520 http://negativeyouth.net/?p=5207 http://negativeyouth.net/?p=5218 http://negativeyouth.net/?p=522 http://negativeyouth.net/?p=5228 http://negativeyouth.net/?p=523 http://negativeyouth.net/?p=5235 http://negativeyouth.net/?p=5246 http://negativeyouth.net/?p=5249 http://negativeyouth.net/?p=525 http://negativeyouth.net/?p=526 http://negativeyouth.net/?p=5260 http://negativeyouth.net/?p=5268 http://negativeyouth.net/?p=527 http://negativeyouth.net/?p=5278 http://negativeyouth.net/?p=528 http://negativeyouth.net/?p=5282 http://negativeyouth.net/?p=5285 http://negativeyouth.net/?p=5300 http://negativeyouth.net/?p=5302 http://negativeyouth.net/?p=531 http://negativeyouth.net/?p=5312 http://negativeyouth.net/?p=533 http://negativeyouth.net/?p=534 http://negativeyouth.net/?p=535 http://negativeyouth.net/?p=5356 http://negativeyouth.net/?p=536 http://negativeyouth.net/?p=5363 http://negativeyouth.net/?p=5368 http://negativeyouth.net/?p=537 http://negativeyouth.net/?p=5374 http://negativeyouth.net/?p=5381 http://negativeyouth.net/?p=539 http://negativeyouth.net/?p=5392 http://negativeyouth.net/?p=540 http://negativeyouth.net/?p=541 http://negativeyouth.net/?p=5415 http://negativeyouth.net/?p=5419 http://negativeyouth.net/?p=542 http://negativeyouth.net/?p=543 http://negativeyouth.net/?p=5430 http://negativeyouth.net/?p=544 http://negativeyouth.net/?p=5452 http://negativeyouth.net/?p=5458 http://negativeyouth.net/?p=546 http://negativeyouth.net/?p=5465 http://negativeyouth.net/?p=547 http://negativeyouth.net/?p=5476 http://negativeyouth.net/?p=548 http://negativeyouth.net/?p=549 http://negativeyouth.net/?p=5490 http://negativeyouth.net/?p=5496 http://negativeyouth.net/?p=550 http://negativeyouth.net/?p=551 http://negativeyouth.net/?p=5510 http://negativeyouth.net/?p=552 http://negativeyouth.net/?p=554 http://negativeyouth.net/?p=5543 http://negativeyouth.net/?p=555 http://negativeyouth.net/?p=5554 http://negativeyouth.net/?p=5557 http://negativeyouth.net/?p=556 http://negativeyouth.net/?p=5563 http://negativeyouth.net/?p=557 http://negativeyouth.net/?p=558 http://negativeyouth.net/?p=5582 http://negativeyouth.net/?p=559 http://negativeyouth.net/?p=5595 http://negativeyouth.net/?p=560 http://negativeyouth.net/?p=5611 http://negativeyouth.net/?p=562 http://negativeyouth.net/?p=5622 http://negativeyouth.net/?p=563 http://negativeyouth.net/?p=5639 http://negativeyouth.net/?p=564 http://negativeyouth.net/?p=5649 http://negativeyouth.net/?p=566 http://negativeyouth.net/?p=5669 http://negativeyouth.net/?p=5675 http://negativeyouth.net/?p=568 http://negativeyouth.net/?p=5682 http://negativeyouth.net/?p=5692 http://negativeyouth.net/?p=5706 http://negativeyouth.net/?p=571 http://negativeyouth.net/?p=5715 http://negativeyouth.net/?p=572 http://negativeyouth.net/?p=5723 http://negativeyouth.net/?p=573 http://negativeyouth.net/?p=574 http://negativeyouth.net/?p=5745 http://negativeyouth.net/?p=575 http://negativeyouth.net/?p=5759 http://negativeyouth.net/?p=5768 http://negativeyouth.net/?p=577 http://negativeyouth.net/?p=5771 http://negativeyouth.net/?p=578 http://negativeyouth.net/?p=579 http://negativeyouth.net/?p=5792 http://negativeyouth.net/?p=5797 http://negativeyouth.net/?p=580 http://negativeyouth.net/?p=581 http://negativeyouth.net/?p=5814 http://negativeyouth.net/?p=582 http://negativeyouth.net/?p=5820 http://negativeyouth.net/?p=583 http://negativeyouth.net/?p=5835 http://negativeyouth.net/?p=5836 http://negativeyouth.net/?p=584 http://negativeyouth.net/?p=585 http://negativeyouth.net/?p=5857 http://negativeyouth.net/?p=586 http://negativeyouth.net/?p=5860 http://negativeyouth.net/?p=5869 http://negativeyouth.net/?p=5878 http://negativeyouth.net/?p=588 http://negativeyouth.net/?p=5887 http://negativeyouth.net/?p=589 http://negativeyouth.net/?p=5898 http://negativeyouth.net/?p=590 http://negativeyouth.net/?p=5908 http://negativeyouth.net/?p=591 http://negativeyouth.net/?p=592 http://negativeyouth.net/?p=5927 http://negativeyouth.net/?p=593 http://negativeyouth.net/?p=594 http://negativeyouth.net/?p=5940 http://negativeyouth.net/?p=595 http://negativeyouth.net/?p=5956 http://negativeyouth.net/?p=596 http://negativeyouth.net/?p=5960 http://negativeyouth.net/?p=597 http://negativeyouth.net/?p=598 http://negativeyouth.net/?p=5987 http://negativeyouth.net/?p=599 http://negativeyouth.net/?p=600 http://negativeyouth.net/?p=6006 http://negativeyouth.net/?p=601 http://negativeyouth.net/?p=6011 http://negativeyouth.net/?p=602 http://negativeyouth.net/?p=6026 http://negativeyouth.net/?p=6033 http://negativeyouth.net/?p=6046 http://negativeyouth.net/?p=6050 http://negativeyouth.net/?p=606 http://negativeyouth.net/?p=6061 http://negativeyouth.net/?p=607 http://negativeyouth.net/?p=6075 http://negativeyouth.net/?p=608 http://negativeyouth.net/?p=6083 http://negativeyouth.net/?p=609 http://negativeyouth.net/?p=6094 http://negativeyouth.net/?p=610 http://negativeyouth.net/?p=611 http://negativeyouth.net/?p=6112 http://negativeyouth.net/?p=6119 http://negativeyouth.net/?p=612 http://negativeyouth.net/?p=6122 http://negativeyouth.net/?p=6123 http://negativeyouth.net/?p=613 http://negativeyouth.net/?p=6145 http://negativeyouth.net/?p=6163 http://negativeyouth.net/?p=6173 http://negativeyouth.net/?p=6177 http://negativeyouth.net/?p=6180 http://negativeyouth.net/?p=6181 http://negativeyouth.net/?p=6192 http://negativeyouth.net/?p=6203 http://negativeyouth.net/?p=6207 http://negativeyouth.net/?p=6211 http://negativeyouth.net/?p=6223 http://negativeyouth.net/?p=6230 http://negativeyouth.net/?p=6241 http://negativeyouth.net/?p=6250 http://negativeyouth.net/?p=6257 http://negativeyouth.net/?p=6266 http://negativeyouth.net/?p=6269 http://negativeyouth.net/?p=6276 http://negativeyouth.net/?p=6287 http://negativeyouth.net/?p=6290 http://negativeyouth.net/?p=6294 http://negativeyouth.net/?p=6297 http://negativeyouth.net/?p=6303 http://negativeyouth.net/?p=6323 http://negativeyouth.net/?p=6337 http://negativeyouth.net/?p=6341 http://negativeyouth.net/?p=6343 http://negativeyouth.net/?p=6367 http://negativeyouth.net/?p=6372 http://negativeyouth.net/?p=6374 http://negativeyouth.net/?p=6383 http://negativeyouth.net/?p=6402 http://negativeyouth.net/?p=6408 http://negativeyouth.net/?p=6430 http://negativeyouth.net/?p=6443 http://negativeyouth.net/?p=6449 http://negativeyouth.net/?p=6471 http://negativeyouth.net/?p=6514 http://negativeyouth.net/?p=6524 http://negativeyouth.net/?p=6552 http://negativeyouth.net/?p=6561 http://negativeyouth.net/?p=6573 http://negativeyouth.net/?p=6578 http://negativeyouth.net/?p=6584 http://negativeyouth.net/?p=6592 http://negativeyouth.net/?p=6599 http://negativeyouth.net/?p=6614 http://negativeyouth.net/?p=6622 http://negativeyouth.net/?p=6627 http://negativeyouth.net/?p=6677 http://negativeyouth.net/?p=6687 http://negativeyouth.net/?p=6692 http://negativeyouth.net/?p=6698 http://negativeyouth.net/?p=6719 http://negativeyouth.net/?p=6726 http://negativeyouth.net/?p=6728 http://negativeyouth.net/?p=6739 http://negativeyouth.net/?p=6744 http://negativeyouth.net/?p=6761 http://negativeyouth.net/?p=6767 http://negativeyouth.net/?p=6777 http://negativeyouth.net/?p=6782 http://negativeyouth.net/?p=6793 http://negativeyouth.net/?p=6817 http://negativeyouth.net/?p=6822 http://negativeyouth.net/?p=6833 http://negativeyouth.net/?p=6839 http://negativeyouth.net/?p=6869 http://negativeyouth.net/?p=6884 http://negativeyouth.net/?p=6895 http://negativeyouth.net/?p=6925 http://negativeyouth.net/?p=6945 http://negativeyouth.net/?p=6951 http://negativeyouth.net/?p=6955 http://negativeyouth.net/?p=6987 http://negativeyouth.net/?p=7002 http://negativeyouth.net/?p=7021 http://negativeyouth.net/?p=7089 http://negativeyouth.net/?p=7090 http://negativeyouth.net/?p=7112 http://negativeyouth.net/?p=7150 http://negativeyouth.net/?p=7162 http://negativeyouth.net/?p=7188 http://negativeyouth.net/?p=7191 http://negativeyouth.net/?p=7196 http://negativeyouth.net/?p=7200 http://negativeyouth.net/?p=7203 http://negativeyouth.net/?p=7207 http://negativeyouth.net/?p=7222 http://negativeyouth.net/?p=7236 http://negativeyouth.net/?p=7247 http://negativeyouth.net/?p=7256 http://negativeyouth.net/?p=7258 http://negativeyouth.net/?p=7265 http://negativeyouth.net/?p=7272 http://negativeyouth.net/?p=7281 http://negativeyouth.net/?p=7342 http://negativeyouth.net/?p=7351 http://negativeyouth.net/?p=7359 http://negativeyouth.net/?p=7370 http://negativeyouth.net/?p=7382 http://negativeyouth.net/?p=7385 http://negativeyouth.net/?p=7420 http://negativeyouth.net/?p=7434 http://negativeyouth.net/?p=7451 http://negativeyouth.net/?p=7460 http://negativeyouth.net/?p=747 http://negativeyouth.net/?p=7485 http://negativeyouth.net/?p=7504 http://negativeyouth.net/?p=7524 http://negativeyouth.net/?p=7530 http://negativeyouth.net/?p=7538 http://negativeyouth.net/?p=7542 http://negativeyouth.net/?p=7547 http://negativeyouth.net/?p=7550 http://negativeyouth.net/?p=7555 http://negativeyouth.net/?p=7577 http://negativeyouth.net/?p=7582 http://negativeyouth.net/?p=7590 http://negativeyouth.net/?p=7593 http://negativeyouth.net/?p=7599 http://negativeyouth.net/?p=7610 http://negativeyouth.net/?p=7616 http://negativeyouth.net/?p=7628 http://negativeyouth.net/?p=7643 http://negativeyouth.net/?p=7660 http://negativeyouth.net/?p=7665 http://negativeyouth.net/?p=7671 http://negativeyouth.net/?p=7685 http://negativeyouth.net/?p=7714 http://negativeyouth.net/?p=7718 http://negativeyouth.net/?p=7720 http://negativeyouth.net/?p=7738 http://negativeyouth.net/?p=7744 http://negativeyouth.net/?p=7748 http://negativeyouth.net/?p=7765 http://negativeyouth.net/?p=7789 http://negativeyouth.net/?p=7790 http://negativeyouth.net/?p=7803 http://negativeyouth.net/?p=7806 http://negativeyouth.net/?p=7811 http://negativeyouth.net/?p=7819 http://negativeyouth.net/?p=7822 http://negativeyouth.net/?p=7829 http://negativeyouth.net/?p=7834 http://negativeyouth.net/?p=7845 http://negativeyouth.net/?p=7856 http://negativeyouth.net/?p=7871 http://negativeyouth.net/?p=7886 http://negativeyouth.net/?p=7891 http://negativeyouth.net/?p=7912 http://negativeyouth.net/?p=7915 http://negativeyouth.net/?p=7930 http://negativeyouth.net/?p=7935 http://negativeyouth.net/?p=7944 http://negativeyouth.net/?p=7954 http://negativeyouth.net/?p=7980 http://negativeyouth.net/?p=7983 http://negativeyouth.net/?p=7986 http://negativeyouth.net/?p=7989 http://negativeyouth.net/?p=8009 http://negativeyouth.net/?p=8012 http://negativeyouth.net/?p=8024 http://negativeyouth.net/?p=8031 http://negativeyouth.net/?p=8035 http://negativeyouth.net/?p=8039 http://negativeyouth.net/?p=8046 http://negativeyouth.net/?p=8049 http://negativeyouth.net/?p=8053 http://negativeyouth.net/?p=8076 http://negativeyouth.net/?p=8077 http://negativeyouth.net/?p=8083 http://negativeyouth.net/?p=8089 http://negativeyouth.net/?p=8093 http://negativeyouth.net/?p=8100 http://negativeyouth.net/?p=8103 http://negativeyouth.net/?p=8114 http://negativeyouth.net/?p=8117 http://negativeyouth.net/?p=8121 http://negativeyouth.net/?p=8125 http://negativeyouth.net/?p=8138 http://negativeyouth.net/?p=8149 http://negativeyouth.net/?p=8156 http://negativeyouth.net/?p=8165 http://negativeyouth.net/?p=8172 http://negativeyouth.net/?p=8177 http://negativeyouth.net/?p=8201 http://negativeyouth.net/?p=8205 http://negativeyouth.net/?p=8217 http://negativeyouth.net/?p=8221 http://negativeyouth.net/?p=8228 http://negativeyouth.net/?p=8236 http://negativeyouth.net/?p=8243 http://negativeyouth.net/?p=8248 http://negativeyouth.net/?p=8258 http://negativeyouth.net/?p=8262 http://negativeyouth.net/?p=8270 http://negativeyouth.net/?p=8274 http://negativeyouth.net/?p=8278 http://negativeyouth.net/?p=8289 http://negativeyouth.net/?p=8302 http://negativeyouth.net/?p=8303 http://negativeyouth.net/?p=8319 http://negativeyouth.net/?p=8322 http://negativeyouth.net/?p=8325 http://negativeyouth.net/?p=8333 http://negativeyouth.net/?p=8336 http://negativeyouth.net/?p=8339 http://negativeyouth.net/?p=8366 http://negativeyouth.net/?p=8367 http://negativeyouth.net/?p=8375 http://negativeyouth.net/?p=8379 http://negativeyouth.net/?p=8394 http://negativeyouth.net/?p=8396 http://negativeyouth.net/?p=8407 http://negativeyouth.net/?p=8411 http://negativeyouth.net/?p=8415 http://negativeyouth.net/?p=8437 http://negativeyouth.net/?p=8442 http://negativeyouth.net/?p=8445 http://negativeyouth.net/?p=8449 http://negativeyouth.net/?p=8470 http://negativeyouth.net/?p=8475 http://negativeyouth.net/?p=8486 http://negativeyouth.net/?p=8489 http://negativeyouth.net/?p=8504 http://negativeyouth.net/?p=8507 http://negativeyouth.net/?p=8509 http://negativeyouth.net/?p=8519 http://negativeyouth.net/?p=8523 http://negativeyouth.net/?p=8528 http://negativeyouth.net/?p=8548 http://negativeyouth.net/?p=8555 http://negativeyouth.net/?p=8562 http://negativeyouth.net/?p=8568 http://negativeyouth.net/?p=8571 http://negativeyouth.net/?p=8575 http://negativeyouth.net/?p=8587 http://negativeyouth.net/?p=8590 http://negativeyouth.net/?p=8618 http://negativeyouth.net/?p=862 http://negativeyouth.net/?p=8634 http://negativeyouth.net/?p=8647 http://negativeyouth.net/?p=8651 http://negativeyouth.net/?p=866 http://negativeyouth.net/?p=8661 http://negativeyouth.net/?p=8676 http://negativeyouth.net/?p=8678 http://negativeyouth.net/?p=8681 http://negativeyouth.net/?p=8684 http://negativeyouth.net/?p=8688 http://negativeyouth.net/?p=8695 http://negativeyouth.net/?p=8712 http://negativeyouth.net/?p=8718 http://negativeyouth.net/?p=8723 http://negativeyouth.net/?p=8737 http://negativeyouth.net/?p=8740 http://negativeyouth.net/?p=8743 http://negativeyouth.net/?p=8748 http://negativeyouth.net/?p=8752 http://negativeyouth.net/?p=8771 http://negativeyouth.net/?p=8778 http://negativeyouth.net/?p=8782 http://negativeyouth.net/?p=8792 http://negativeyouth.net/?p=8796 http://negativeyouth.net/?p=8799 http://negativeyouth.net/?p=8807 http://negativeyouth.net/?p=8812 http://negativeyouth.net/?p=8817 http://negativeyouth.net/?p=8820 http://negativeyouth.net/?p=8826 http://negativeyouth.net/?p=8829 http://negativeyouth.net/?p=8835 http://negativeyouth.net/?p=8842 http://negativeyouth.net/?p=8870 http://negativeyouth.net/?p=8876 http://negativeyouth.net/?p=8880 http://negativeyouth.net/?p=8881 http://negativeyouth.net/?p=8891 http://negativeyouth.net/?p=8895 http://negativeyouth.net/?p=8900 http://negativeyouth.net/?p=8908 http://negativeyouth.net/?p=8911 http://negativeyouth.net/?p=8914 http://negativeyouth.net/?p=8920 http://negativeyouth.net/?p=8927 http://negativeyouth.net/?p=8939 http://negativeyouth.net/?p=8952 http://negativeyouth.net/?p=8959 http://negativeyouth.net/?p=8968 http://negativeyouth.net/?p=8971 http://negativeyouth.net/?p=8978 http://negativeyouth.net/?p=8984 http://negativeyouth.net/?p=8989 http://negativeyouth.net/?p=8996 http://negativeyouth.net/?p=9000 http://negativeyouth.net/?p=9007 http://negativeyouth.net/?p=9018 http://negativeyouth.net/?p=9034 http://negativeyouth.net/?p=9039 http://negativeyouth.net/?p=9043 http://negativeyouth.net/?p=9098 http://negativeyouth.net/?p=9103 https://negativeyouth.net/
/%D0%BC%D0%B8%D1%88%D0%BA%D0%B0-the-guide-to-grave-wave-2/,post,20131126100658,text/html,34924,PEK452RVRAYAEGJILHLLAWVRC2A65UQ4,200,10,2011;2012;2013;2014,http://negativeyouth.net/%D0%BC%D0%B8%D1%88%D0%BA%D0%B0-the-guide-to-grave-wave-2/,http://negativeyouth.net/%d0%bc%d0%b8%d1%88%d0%ba%d0%b0-the-guide-to-grave-wave-2/
/%D0%BC%D0%B8%D1%88%D0%BA%D0%B0-the-guide-to-grave-wave-2/feed/,feed,20140109203908,text/xml,894,P4DNON5GPKSQHGBAKTQXWONWJUDH4IKH,200,1,2014,http://negativeyouth.net/%d0%bc%d0%b8%d1%88%d0%ba%d0%b0-the-guide-to-grave-wave-2/feed/,
/%E2%80%A0%E2%80%A0-the-coven-%E2%80%A0%E2%80%A0/,post,20131126093518,text/html,35756,YVCNF5YFFGZ6JX4DL7IKI7BU4QDWTDA4,200,6,2011;2012;2013;2014,http://negativeyouth.net/%E2%80%A0%E2%80%A0-the-coven-%E2%80%A0%E2%80%A0/,http://negativeyouth.net/%e2%80%a0%e2%80%a0-the-coven-%e2%80%a0%e2%80%a0/
/%E2%80%A0%E2%80%A0-the-coven-%E2%80%A0%E2%80%A0/feed/,feed,20140109204625,text/xml,848,DI3NBT3FANWIPZCG7OF7S3Z6IUPKINKI,200,1,2014,http://negativeyouth.net/%e2%80%a0%e2%80%a0-the-coven-%e2%80%a0%e2%80%a0/feed/,
/%E2%80%A0%E2%80%A1%E2%80%A0-halloween-2010-2/,post,20131126092020,text/html,34165,6K5LQW72IYEATDCSG5KMLG6KVRK4EL64,200,8,2011;2012;2013;2014,http://negativeyouth.net/%E2%80%A0%E2%80%A1%E2%80%A0-halloween-2010-2/,http://negativeyouth.net/%e2%80%a0%e2%80%a1%e2%80%a0-halloween-2010-2/
/%E2%80%A0%E2%80%A1%E2%80%A0-halloween-2010-2/feed/,feed,20140109194623,text/xml,856,KXHSD5TL743DU2LTO6GYJTTXDOKUMEHC,200,1,2014,http://negativeyouth.net/%e2%80%a0%e2%80%a1%e2%80%a0-halloween-2010-2/feed/,
/%E2%80%A0-de%E2%96%B2d-virgin-%C2%9D%E2%80%A0-2/,post,20131126094229,text/html,33972,2WGRPJNG5C75HSP632FWBKZVMQOGCIEE,200,7,2011;2013;2014,http://negativeyouth.net/%E2%80%A0-de%E2%96%B2d-virgin-%C2%9D%E2%80%A0-2/,http://negativeyouth.net/%e2%80%a0-de%e2%96%b2d-virgin-%c2%9d%e2%80%a0-2/
/%E2%80%A0-de%E2%96%B2d-virgin-%C2%9D%E2%80%A0-2/feed/,feed,20140109202611,text/xml,872,XFNCKHV37QHOK3EAR4YI2JHPAPZ725GF,200,1,2014,http://negativeyouth.net/%e2%80%a0-de%e2%96%b2d-virgin-%c2%9d%e2%80%a0-2/feed/,
/%E2%96%82%E2%96%85%E2%96%87%E2%96%88%E2%96%93%E2%96%91%E2%9C%8C%E2%9C%8C%E2%9C%8C%E2%96%91%E2%96%93%E2%96%88%E2%96%87%E2%96%85%E2%96%82-2/,post,20131126112900,text/html,33990,LRAUZDWX75LJ5DAFHOUIBZIVBDWJO3IN,200,8,2011;2012;2013;2014,http://negativeyouth.net/%E2%96%82%E2%96%85%E2%96%87%E2%96%88%E2%96%93%E2%96%91%E2%9C%8C%E2%9C%8C%E2%9C%8C%E2%96%91%E2%96%93%E2%96%88%E2%96%87%E2%96%85%E2%96%82-2/,http://negativeyouth.net/%e2%96%82%e2%96%85%e2%96%87%e2%96%88%e2%96%93%e2%96%91%e2%9c%8c%e2%9c%8c%e2%9c%8c%e2%96%91%e2%96%93%e2%96%88%e2%96%87%e2%96%85%e2%96%82-2/
/%E2%96%82%E2%96%85%E2%96%87%E2%96%88%E2%96%93%E2%96%91%E2%9C%8C%E2%9C%8C%E2%9C%8C%E2%96%91%E2%96%93%E2%96%88%E2%96%87%E2%96%85%E2%96%82-2/feed/,feed,20140110220218,text/xml,900,KKIPU7W5FDMLS3PIRAA5LN4WXZOSJJ25,200,1,2014,http://negativeyouth.net/%e2%96%82%e2%96%85%e2%96%87%e2%96%88%e2%96%93%e2%96%91%e2%9c%8c%e2%9c%8c%e2%9c%8c%e2%96%91%e2%96%93%e2%96%88%e2%96%87%e2%96%85%e2%96%82-2/feed/,
/%E2%96%B2%E2%80%A0%E2%96%B2-2/,post,20131126100825,text/html,34524,W5A3WIUYJV75EJHW755UFPZXV743T7KP,200,8,2011;2012;2013;2014,http://negativeyouth.net/%E2%96%B2%E2%80%A0%E2%96%B2-2/,http://negativeyouth.net/%e2%96%b2%e2%80%a0%e2%96%b2-2/
/%E2%96%B2%E2%80%A0%E2%96%B2-2/feed/,feed,20140109201658,text/xml,846,EPW6JMLA7ORSIJQCBXHWPSR4HIQKXSIS,200,1,2014,http://negativeyouth.net/%e2%96%b2%e2%80%a0%e2%96%b2-2/feed/,
/%E2%96%BC%E2%96%B2%E2%96%BC-vagina-vangi-2/,post,20131126091705,text/html,34180,4AZACVV7TAKYNGVIYFVP6ZHI633BI3UE,200,8,2011;2012;2013;2014,http://negativeyouth.net/%E2%96%BC%E2%96%B2%E2%96%BC-vagina-vangi-2/,http://negativeyouth.net/%e2%96%bc%e2%96%b2%e2%96%bc-vagina-vangi-2/
/%E2%96%BC%E2%96%B2%E2%96%BC-vagina-vangi-2/feed/,feed,20140109193853,text/xml,858,OBRUGOODTMNQWXNJ5KPLDJJVV6MGJG3W,200,1,2014,http://negativeyouth.net/%e2%96%bc%e2%96%b2%e2%96%bc-vagina-vangi-2/feed/,
/%E2%96%BC%E2%96%B2%E2%96%BC-vagina-vangi-orthodox-2/,post,20131126110213,text/html,34438,PFHIIMPWQ65EJTHVUK6LWQKRAUV7WU64,200,9,2011;2012;2013;2014,http://negativeyouth.net/%E2%96%BC%E2%96%B2%E2%96%BC-vagina-vangi-orthodox-2/,http://negativeyouth.net/%e2%96%bc%e2%96%b2%e2%96%bc-vagina-vangi-orthodox-2/
/%E2%96%BC%E2%96%B2%E2%96%BC-vagina-vangi-orthodox-2/feed/,feed,20140110213740,text/xml,882,JMGYHSJDM3ZKSTXLUMJY5ILL4MLWJBBR,200,1,2014,http://negativeyouth.net/%e2%96%bc%e2%96%b2%e2%96%bc-vagina-vangi-orthodox-2/feed/,
/%E2%97%95%E2%96%B2-%E2%99%A8-%E2%98%AF-hippie-new-year%E2%98%AF-%E2%99%A8-%E2%96%B2%E2%97%95/,post,20131126104252,text/html,34867,4CKOBIYPITGAU2ADVYC6GWONXUOJBOTM,200,4,2013;2014,http://negativeyouth.net/%E2%97%95%E2%96%B2-%E2%99%A8-%E2%98%AF-hippie-new-year%E2%98%AF-%E2%99%A8-%E2%96%B2%E2%97%95/,http://negativeyouth.net/%e2%97%95%e2%96%b2-%e2%99%a8-%e2%98%af-hippie-new-year%e2%98%af-%e2%99%a8-%e2%96%b2%e2%97%95/
/%E2%97%95%E2%96%B2-%E2%99%A8-%E2%98%AF-hippie-new-year%E2%98%AF-%E2%99%A8-%E2%96%B2%E2%97%95/feed/,feed,20140110212701,text/xml,1105,EDF47XQEIHZ4NR3QXHXLFSASPEJFO7MP,200,1,2014,http://negativeyouth.net/%e2%97%95%e2%96%b2-%e2%99%a8-%e2%98%af-hippie-new-year%e2%98%af-%e2%99%a8-%e2%96%b2%e2%97%95/feed/,
/%E3%81%8D%E3%82%83%E3%82%8A%E3%83%BC%E3%81%B1%E3%81%BF%E3%82%85%E3%81%B1%E3%81%BF%E3%82%85-%E3%81%A4%E3%81%91%E3%81%BE%E3%81%A4%E3%81%91%E3%82%8B/,post,20131126112727,text/html,34204,37HZS4IDWOM5FTZKO267AP5QBCAK2HTN,200,4,2012;2013;2014,http://negativeyouth.net/%E3%81%8D%E3%82%83%E3%82%8A%E3%83%BC%E3%81%B1%E3%81%BF%E3%82%85%E3%81%B1%E3%81%BF%E3%82%85-%E3%81%A4%E3%81%91%E3%81%BE%E3%81%A4%E3%81%91%E3%82%8B/,http://negativeyouth.net/%e3%81%8d%e3%82%83%e3%82%8a%e3%83%bc%e3%81%b1%e3%81%bf%e3%82%85%e3%81%b1%e3%81%bf%e3%82%85-%e3%81%a4%e3%81%91%e3%81%be%e3%81%a4%e3%81%91%e3%82%8b/
/%E3%81%8D%E3%82%83%E3%82%8A%E3%83%BC%E3%81%B1%E3%81%BF%E3%82%85%E3%81%B1%E3%81%BF%E3%82%85-%E3%81%A4%E3%81%91%E3%81%BE%E3%81%A4%E3%81%91%E3%82%8B/feed/,feed,20140110213226,text/xml,1180,DIQNOV64BQY3FR2QCNRLDJIXICN5HEVG,200,1,2014,http://negativeyouth.net/%e3%81%8d%e3%82%83%e3%82%8a%e3%83%bc%e3%81%b1%e3%81%bf%e3%82%85%e3%81%b1%e3%81%bf%e3%82%85-%e3%81%a4%e3%81%91%e3%81%be%e3%81%a4%e3%81%91%e3%82%8b/feed/,
/%E3%81%8D%E3%82%83%E3%82%8A%E3%83%BC%E3%81%B1%E3%81%BF%E3%82%85%E3%81%B1%E3%81%BF%E3%82%85-%E3%81%B5%E3%82%8A%E3%81%9D%E3%81%A7%E3%83%BC%E3%81%97%E3%82%87%E3%82%93/,post,20131126092306,text/html,33567,5RIU5M5NI624MBDM3EMSBZKS6QHOHUJ6,200,3,2013;2014,http://negativeyouth.net/%E3%81%8D%E3%82%83%E3%82%8A%E3%83%BC%E3%81%B1%E3%81%BF%E3%82%85%E3%81%B1%E3%81%BF%E3%82%85-%E3%81%B5%E3%82%8A%E3%81%9D%E3%81%A7%E3%83%BC%E3%81%97%E3%82%87%E3%82%93/,http://negativeyouth.net/%e3%81%8d%e3%82%83%e3%82%8a%e3%83%bc%e3%81%b1%e3%81%bf%e3%82%85%e3%81%b1%e3%81%bf%e3%82%85-%e3%81%b5%e3%82%8a%e3%81%9d%e3%81%a7%e3%83%bc%e3%81%97%e3%82%87%e3%82%93/
/%E3%81%8D%E3%82%83%E3%82%8A%E3%83%BC%E3%81%B1%E3%81%BF%E3%82%85%E3%81%B1%E3%81%BF%E3%82%85-%E3%81%B5%E3%82%8A%E3%81%9D%E3%81%A7%E3%83%BC%E3%81%97%E3%82%87%E3%82%93/feed/,feed,20140109200442,text/xml,936,BTISB7SPMYLFQAUIAVVWLUE6VTOSWEO2,200,1,2014,http://negativeyouth.net/%e3%81%8d%e3%82%83%e3%82%8a%e3%83%bc%e3%81%b1%e3%81%bf%e3%82%85%e3%81%b1%e3%81%bf%e3%82%85-%e3%81%b5%e3%82%8a%e3%81%9d%e3%81%a7%e3%83%bc%e3%81%97%e3%82%87%e3%82%93/feed/,
/%E3%81%8D%E3%82%83%E3%82%8A%E3%83%BC%E3%81%B1%E3%81%BF%E3%82%85%E3%81%B1%E3%81%BF%E3%82%85-%E3%82%A4%E3%83%B3%E3%83%99%E3%83%BC%E3%83%80%E3%83%BC%E3%82%A4%E3%83%B3%E3%83%99%E3%83%BC%E3%83%80/,post,20131126084058,text/html,33520,3FY4YN2GUDYCZPUCUZIWWF2NPJTF6BS3,200,2,2013;2014,http://negativeyouth.net/%e3%81%8d%e3%82%83%e3%82%8a%e3%83%bc%e3%81%b1%e3%81%bf%e3%82%85%e3%81%b1%e3%81%bf%e3%82%85-%e3%82%a4%e3%83%b3%e3%83%99%e3%83%bc%e3%83%80%e3%83%bc%e3%82%a4%e3%83%b3%e3%83%99%e3%83%bc%e3%83%80/,
/%E3%81%8D%E3%82%83%E3%82%8A%E3%83%BC%E3%81%B1%E3%81%BF%E3%82%85%E3%81%B1%E3%81%BF%E3%82%85-%E3%82%A4%E3%83%B3%E3%83%99%E3%83%BC%E3%83%80%E3%83%BC%E3%82%A4%E3%83%B3%E3%83%99%E3%83%BC%E3%83%80/feed/,feed,20140109194917,text/xml,934,CUYKCAHGX6TECG5RFXALXVL72GGXALZU,200,1,2014,http://negativeyouth.net/%e3%81%8d%e3%82%83%e3%82%8a%e3%83%bc%e3%81%b1%e3%81%bf%e3%82%85%e3%81%b1%e3%81%bf%e3%82%85-%e3%82%a4%e3%83%b3%e3%83%99%e3%83%bc%e3%83%80%e3%83%bc%e3%82%a4%e3%83%b3%e3%83%99%e3%83%bc%e3%83%80/feed/,
/%E3%81%8D%E3%82%83%E3%82%8A%E3%83%BC%E3%81%B1%E3%81%BF%E3%82%85%E3%81%B1%E3%81%BF%E3%82%85-%E3%83%95%E3%82%A1%E3%83%83%E3%82%B7%E3%83%A7%E3%83%B3%E3%83%A2%E3%83%B3%E3%82%B9%E3%82%BF%E3%83%BC/,post,20131126091825,text/html,33650,MECYZQHQIO3DQ7YOTG736ELN5AF73J37,200,4,2012;2013;2014,http://negativeyouth.net/%E3%81%8D%E3%82%83%E3%82%8A%E3%83%BC%E3%81%B1%E3%81%BF%E3%82%85%E3%81%B1%E3%81%BF%E3%82%85-%E3%83%95%E3%82%A1%E3%83%83%E3%82%B7%E3%83%A7%E3%83%B3%E3%83%A2%E3%83%B3%E3%82%B9%E3%82%BF%E3%83%BC/,http://negativeyouth.net/%e3%81%8d%e3%82%83%e3%82%8a%e3%83%bc%e3%81%b1%e3%81%bf%e3%82%85%e3%81%b1%e3%81%bf%e3%82%85-%e3%83%95%e3%82%a1%e3%83%83%e3%82%b7%e3%83%a7%e3%83%b3%e3%83%a2%e3%83%b3%e3%82%b9%e3%82%bf%e3%83%bc/
/%E3%81%8D%E3%82%83%E3%82%8A%E3%83%BC%E3%81%B1%E3%81%BF%E3%82%85%E3%81%B1%E3%81%BF%E3%82%85-%E3%83%95%E3%82%A1%E3%83%83%E3%82%B7%E3%83%A7%E3%83%B3%E3%83%A2%E3%83%B3%E3%82%B9%E3%82%BF%E3%83%BC/feed/,feed,20140109192543,text/xml,959,PBJNNLWWP5BXGXVU2YZ3L25YNV2ZWSHL,200,1,2014,http://negativeyouth.net/%e3%81%8d%e3%82%83%e3%82%8a%e3%83%bc%e3%81%b1%e3%81%bf%e3%82%85%e3%81%b1%e3%81%bf%e3%82%85-%e3%83%95%e3%82%a1%e3%83%83%e3%82%b7%e3%83%a7%e3%83%b3%e3%83%a2%e3%83%b3%e3%82%b9%e3%82%bf%e3%83%bc/feed/,
/%E3%81%8D%E3%82%83%E3%82%8A%E3%83%BC%E3%81%B1%E3%81%BF%E3%82%85%E3%81%B1%E3%81%BF%E3%82%85-candy-candy/,post,20131126084915,text/html,34064,RSU37WR4AK4XHH2QLACHX5YB52OE2M3W,200,4,2012;2013;2014,http://negativeyouth.net/%E3%81%8D%E3%82%83%E3%82%8A%E3%83%BC%E3%81%B1%E3%81%BF%E3%82%85%E3%81%B1%E3%81%BF%E3%82%85-candy-candy/,http://negativeyouth.net/%e3%81%8d%e3%82%83%e3%82%8a%e3%83%bc%e3%81%b1%e3%81%bf%e3%82%85%e3%81%b1%e3%81%bf%e3%82%85-candy-candy/
/%E3%81%8D%E3%82%83%E3%82%8A%E3%83%BC%E3%81%B1%E3%81%BF%E3%82%85%E3%81%B1%E3%81%BF%E3%82%85-candy-candy/feed/,feed,20140109191551,text/xml,896,X3R2BL2LLU5ERK73ZD63F7JADY3KRBM5,200,1,2014,http://negativeyouth.net/%e3%81%8d%e3%82%83%e3%82%8a%e3%83%bc%e3%81%b1%e3%81%bf%e3%82%85%e3%81%b1%e3%81%bf%e3%82%85-candy-candy/feed/,
/%E6%83%85%E5%A0%B1%E3%83%87%E3%82%B9%E3%82%AFvirtual/,post,20131126095619,text/html,34600,NBXSIBO7KZ4E55OKJ2A2YVMF7RJ3A6VS,200,4,2012;2013;2014,http://negativeyouth.net/%E6%83%85%E5%A0%B1%E3%83%87%E3%82%B9%E3%82%AFvirtual/,http://negativeyouth.net/%e6%83%85%e5%a0%b1%e3%83%87%e3%82%b9%e3%82%afvirtual/
/%E6%83%85%E5%A0%B1%E3%83%87%E3%82%B9%E3%82%AFvirtual/feed/,feed,20140109202329,text/xml,883,WXKVCRUPFDJFY4DMXOXLP3VJFCSW3UUJ,200,1,2014,http://negativeyouth.net/%e6%83%85%e5%a0%b1%e3%83%87%e3%82%b9%e3%82%afvirtual/feed/,
/%ED%8B%B0%EC%95%84%EB%9D%BC-n4-%EC%A0%84%EC%9B%90%EC%9D%BC%EA%B8%B0/,post,20140102150510,text/html,9707,6GOW4HWHLQ7SY3U777Q37FWVCTM4U6P6,200,1,2014,http://negativeyouth.net/%ED%8B%B0%EC%95%84%EB%9D%BC-n4-%EC%A0%84%EC%9B%90%EC%9D%BC%EA%B8%B0/,
/1-2/,post,20131126121721,text/html,33446,WC6DSMQW6OHUJGYPPJ3QKIP2FYQDTQSK,200,9,2011;2012;2013;2014,http://negativeyouth.net/1-2/,
/1-2/feed/,feed,20140110214218,text/xml,806,7TH76TKBO6UEZO2NP2CTGWMOZT6OLWQQ,200,1,2014,http://negativeyouth.net/1-2/feed/,
/18-ft-aids-3d-nectar/,post,20131126091617,text/html,33693,4XIQQ7RZDB3OQDJITE4IFRMSYT4K6YDL,200,4,2012;2013;2014,http://negativeyouth.net/18-ft-aids-3d-nectar/,
/18-ft-aids-3d-nectar/feed/,feed,20140109191055,text/xml,847,7U6KCZK4IIGQ7IL3XLWQ2GD57XMOR5MU,200,1,2014,http://negativeyouth.net/18-ft-aids-3d-nectar/feed/,
/18-mixtape/,post,20131126121842,text/html,33632,HGLTWZ7Z6VEA2E3EQ233WGSAREV4LGVO,200,5,2011;2012;2013;2014,http://negativeyouth.net/18-mixtape/,
/18-mixtape/feed/,feed,20140110215557,text/xml,820,JOD4TQJ3ZVP44FPRT5KEZSI3GY5X3DP2,200,1,2014,http://negativeyouth.net/18-mixtape/feed/,
/18/,post,20131126110328,text/html,33743,PVB4HE2V3KRCI6GRS2EYSX3BHL3OUGKK,200,8,2011;2012;2013;2014,http://negativeyouth.net/18/,
/18/feed/,feed,20140110213458,text/xml,806,BS5G4OB6WVUZRKNEWZYOAV76YSKRZOCE,200,1,2014,http://negativeyouth.net/18/feed/,
/2010/,date_archive,20131126102247,text/html,32702,IV6GSE37GUYUP6GFW57JOPWO6MAKGIYL,200,4,2011;2012;2013,http://negativeyouth.net/2010/,
/2010/10/,date_archive,20131126102305,text/html,32986,RF7X2R3DL75MKGUJLJSEF7H3LCPXFVOL,200,4,2011;2012;2013,http://negativeyouth.net/2010/10/,
/2010/11/,date_archive,20131126113020,text/html,32958,GW5XD3OBAYGLCCKVAOMZC4OEN6WHU5TD,200,4,2011;2012;2013,http://negativeyouth.net/2010/11/,
/2010/12/,date_archive,20131126112431,text/html,32658,Z5QSBJZMXRL6WBGEE3NZ47QXAFEXPEZC,200,4,2011;2012;2013,http://negativeyouth.net/2010/12/,
/2011-2/,post,20110718224613,text/html,14566,HPO3TNHH4TOW3MXV5RACG6CYVSPYYSTA,200,2,2011,http://negativeyouth.net/2011-2/,
/2011/,date_archive,20131126094828,text/html,33043,SYNLLVD5LHSF5UXWHSCPT4QAI2WBTXFS,200,4,2011;2012;2013,http://negativeyouth.net/2011/,
/2011/01/,date_archive,20131126112952,text/html,32997,GAVZNAYIIVZUFDOYWNQTNKKAK3TWYJHQ,200,4,2011;2012;2013,http://negativeyouth.net/2011/01/,
/2011/02/,date_archive,20131126113429,text/html,33226,ZK2CEA2PEQQT7IPUTW24KV32KBT552NF,200,4,2011;2012;2013,http://negativeyouth.net/2011/02/,
/2011/03/,date_archive,20131126122457,text/html,33156,AX4QIVMJHUBEMDY35AOZ3QBWTIVSSHIY,200,4,2011;2012;2013,http://negativeyouth.net/2011/03/,
/2011/04/,date_archive,20131126125543,text/html,33027,WUQDJ4KV26KYBPTYBDYYI6KOVJ42EHQW,200,4,2011;2012;2013,http://negativeyouth.net/2011/04/,
/2011/05/,date_archive,20131126101455,text/html,32957,EYJ7LHH2BTLKNLVZDMIO6L4A2MKMOMDV,200,4,2011;2012;2013,http://negativeyouth.net/2011/05/,
/2011/06/,date_archive,20131126112943,text/html,32927,I5P3YDSEZYNF5N2QEJZRBDNO6AYQITBZ,200,4,2011;2012;2013,http://negativeyouth.net/2011/06/,
/2011/07/,date_archive,20131126090317,text/html,33162,MUHKC2IAMG6RMGFO7BJ5JDRAX3PMOCW6,200,4,2011;2012;2013,http://negativeyouth.net/2011/07/,
/2011/08/,date_archive,20131126110043,text/html,33277,E5HO2DDH4Z7TBNKURRX27SCN4Q7WFHEE,200,4,2011;2012;2013,http://negativeyouth.net/2011/08/,
/2011/09/,date_archive,20131126090258,text/html,33299,T7FS6RXOLXQZ4VS67UFGZ6YZ5BSUCD7V,200,4,2011;2012;2013,http://negativeyouth.net/2011/09/,
/2011/10/,date_archive,20131126113006,text/html,33208,R6F3DTGIT45OZMQLOFOYQSXLQFXFOMBM,200,4,2011;2012;2013,http://negativeyouth.net/2011/10/,
/2011/11/,date_archive,20131126091852,text/html,33014,DPBSEKAZ5HB7WF6OB5UDETZGZEFX3MI6,200,4,2011;2012;2013,http://negativeyouth.net/2011/11/,
/2011/12/,date_archive,20131126110850,text/html,33042,JB762DRGIT7HHJIXGUWGK6WKII4ZM2RZ,200,3,2012;2013,http://negativeyouth.net/2011/12/,
/2012/,date_archive,20131126082938,text/html,32923,4XPLNA6PIXKRWQKUKB2HDRFT5LU56T3N,200,3,2012;2013,http://negativeyouth.net/2012/,
/2012/01/,date_archive,20131126125916,text/html,33328,ME22KKTKMECEBRDOMXWKR2JT3P5CXS7J,200,3,2012;2013,http://negativeyouth.net/2012/01/,
/2012/02/,date_archive,20131126092407,text/html,33212,GGL7VIC26NELETQHXD22ZGAPMMNMFSIS,200,3,2012;2013,http://negativeyouth.net/2012/02/,
/2012/03/,date_archive,20131126084513,text/html,32936,NSRPDAYFXEF36M3T53PKYMMBK74AIRFV,200,3,2012;2013,http://negativeyouth.net/2012/03/,
/2012/04/,date_archive,20131126090044,text/html,32940,5XM37DZFKUNQQ3KIRBBWAJ2JEKUH5S2F,200,3,2012;2013,http://negativeyouth.net/2012/04/,
/2012/05/,date_archive,20131126082518,text/html,33231,RT6H3DWBNEOE25JFXJRTGN3RROIK6ME7,200,3,2012;2013,http://negativeyouth.net/2012/05/,
/2012/06/,date_archive,20131126105934,text/html,33084,WPLRGLC447P6YSKAQMTJCPL2MBF7ZBHE,200,3,2012;2013,http://negativeyouth.net/2012/06/,
/2012/07/,date_archive,20131126093423,text/html,33232,DJMJHXZUJRXT2ZTZQMRG2WECO6ECZF3P,200,3,2012;2013,http://negativeyouth.net/2012/07/,
/2012/08/,date_archive,20131126105916,text/html,32960,HYJWQWOKQ6G2B7DWFPFQ6GTPNACKHPT5,200,3,2012;2013,http://negativeyouth.net/2012/08/,
/2012/09/,date_archive,20131126093308,text/html,33069,JRHFAZNY3TA6VMMHK7RS4SMXH5C7FWWE,200,3,2012;2013,http://negativeyouth.net/2012/09/,
/2012/10/,date_archive,20131126083105,text/html,33002,USQMSKYOCXRRHKV3Y7QNROS7VT6TS256,200,3,2012;2013,http://negativeyouth.net/2012/10/,
/2012/11/,date_archive,20131126093704,text/html,33103,IX4GF6L76HU7ZVLRCYZSESYTVFVQBRIP,200,3,2012;2013,http://negativeyouth.net/2012/11/,
/2012/12/,date_archive,20131126095600,text/html,32892,GJ6HHFMQCKUEED4RPSDDVLJRXELYIWFA,200,2,2013,http://negativeyouth.net/2012/12/,
/2013-1/,post,20131126091742,text/html,34638,QS5BQVUA3XA65OYAGKQDTERV37T3UQAE,200,3,2013;2014,http://negativeyouth.net/2013-1/,
/2013-1/feed/,feed,20140109191859,text/xml,1102,S4EBGWGYSDARR445G7COOWJHEQLQPGBS,200,1,2014,http://negativeyouth.net/2013-1/feed/,
/2013/,date_archive,20131126090219,text/html,32290,2Y26MRS4M2VSQ5O7PQDDM3U7SETLJ5A7,200,3,2013,http://negativeyouth.net/2013/,
/2013/01/,date_archive,20131126084753,text/html,32658,VR5QICESBHYHP672RWWCC7ANPMOMYDWU,200,2,2013,http://negativeyouth.net/2013/01/,
/2013/02/,date_archive,20131126090030,text/html,32293,Z2T6XFXHXFVUOJBIZ3OGM5ZAIUZ2NVOW,200,2,2013,http://negativeyouth.net/2013/02/,
/2013/03/,date_archive,20131126082454,text/html,32376,OX6FEKZADTJDNJZMIQ3CDUJL7VLL6DDB,200,2,2013,http://negativeyouth.net/2013/03/,
/2013/04/,date_archive,20131126082508,text/html,33119,TL7WS5LN23XXXKEEQJVND6ASIITZOJWP,200,2,2013,http://negativeyouth.net/2013/04/,
/2013/05/,date_archive,20131126084534,text/html,32572,BRKJ7WWTFAS3URUW7ZBILVB5RFTPIGJW,200,1,2013,http://negativeyouth.net/2013/05/,
/2013/06/,date_archive,20131126093301,text/html,32352,FUILJA63IMKAV4I3BLQHUNTOEJNT25AF,200,1,2013,http://negativeyouth.net/2013/06/,
/21st-century-screw-2/,post,20131126091832,text/html,33799,3G2NFZ7YX2Z4H72LTQRQTVQTIC63WUJF,200,9,2011;2012;2013;2014,http://negativeyouth.net/21st-century-screw-2/,
/21st-century-screw-2/feed/,feed,20140109194328,text/xml,832,KREEN3CANFMXHX2DN2NO464NBMF7O5ZB,200,1,2014,http://negativeyouth.net/21st-century-screw-2/feed/,
/3d-slut-iii/,post,20131126091541,text/html,33841,QEQ22PVQMIZB55LKQT6JPAMKQI74OB6H,200,5,2011;2012;2013;2014,http://negativeyouth.net/3d-slut-iii/,
/3d-slut-iii/feed/,feed,20140109195200,text/xml,819,JRDDOWQFTLR6EQ6Q4CRPE7TCD5IL57VK,200,1,2014,http://negativeyouth.net/3d-slut-iii/feed/,
/4-minute-ready-go/,post,20131126112949,text/html,33604,EKBMK5SQNL5T6PJSRCXZLSEZI7OSLDWE,200,5,2011;2012;2013;2014,http://negativeyouth.net/4-minute-ready-go/,
/4-minute-ready-go/feed/,feed,20140110214402,text/xml,841,33XDQ7HOR3R4MVOWR5ZS2MQFTRKUEPHU,200,1,2014,http://negativeyouth.net/4-minute-ready-go/feed/,
/6-foot-7-foot-2/,post,20110718222537,text/html,14854,ARZSPTSSRA72NUC7L4YG5N2ZUJIFNYXZ,200,2,2011,http://negativeyouth.net/6-foot-7-foot-2/,
/6-foot-7-foot/,post,20131126112355,text/html,33837,YVJO4MRCVEHXH5XE54TGFOMHJIRNUTQC,200,5,2011;2012;2013;2014,http://negativeyouth.net/6-foot-7-foot/,
/6-foot-7-foot/feed/,feed,20140110212126,text/xml,817,NG6VU3LK34YTBVNSHJ3XLTSVOXESC2SA,200,1,2014,http://negativeyouth.net/6-foot-7-foot/feed/,
/_host/cas.negativeyouth.net/robots.txt,exclude,20170127214609,text/plain,574,EU3CP6WDJEGMWQXTBODU75HXRBT66EAZ,200,5,2016;2017,http://cas.negativeyouth.net/robots.txt,
/_host/cas.negativeyouth.net/tb/style.css,css,20160208083348,text/css,2325,UWVUM64JFXOBF7J4UUB653BB6L2VOIIK,200,2,2016,http://cas.negativeyouth.net/tb/style.css,
/_host/maligna.negativeyouth.net/favicon.ico,image,20131104094138,image/vnd.microsoft.icon,548,NTLPUTE4ZOAAETKXOINDSFHPDAQG7WSM,200,1,2013,http://maligna.negativeyouth.net/favicon.ico,
/_host/maligna.negativeyouth.net/robots.txt,exclude,20170130124029,text/plain,576,EU3CP6WDJEGMWQXTBODU75HXRBT66EAZ,200,5,2013;2014;2017,http://maligna.negativeyouth.net/robots.txt,
/_host/maligna.negativeyouth.net/wp-content/uploads/2013/09/LINKIN-PARK-ART-900.jpg,image,20131103231841,image/jpeg,728698,HNPPZ2ST22I6SKEMX2OFINTSUAN5HFI3,200,2,2013;2014,http://maligna.negativeyouth.net/wp-content/uploads/2013/09/LINKIN-PARK-ART-900.jpg,
/_host/maligna.negativeyouth.net/wp-content/uploads/2013/09/hdxd.jpg,image,20131103232705,image/jpeg,197859,6QIYE6NDQIKFK6AN2AMR7X4KOXZ4NIZO,200,1,2013,http://maligna.negativeyouth.net/wp-content/uploads/2013/09/hdxd.jpg,
/_host/maligna.negativeyouth.net/wp-content/uploads/2013/09/maligna-2.jpg,image,20131103232316,image/jpeg,248533,XC6KALGIMVZTVOZF5IS6AMMMOKQ6SMRX,200,1,2013,http://maligna.negativeyouth.net/wp-content/uploads/2013/09/maligna-2.jpg,
/_host/www.negativeyouth.net/robots.txt,exclude,20140601065919,text/plain,446,4JATDZGQWECZ3XNVVBVH6IXOJRHJFYEW,200,22,2012;2013;2014;2016;2017,http://www.negativeyouth.net/robots.txt,
/a-tooth-for-an-eye/,post,20131126100927,text/html,33341,SLFG7UJAQPPM4GCSPCROKTKRJM2ORWRS,200,3,2013;2014,http://negativeyouth.net/a-tooth-for-an-eye/,
/a-tooth-for-an-eye/feed/,feed,20140109202059,text/xml,830,G3VBOYZNK3YSKP3P2CB2374JDA3EYKSV,200,1,2014,http://negativeyouth.net/a-tooth-for-an-eye/feed/,
/a-tribe-called-red/,post,20131126090038,text/html,34208,SSXPVLDCMQDNE3MQGK23A7BLZGV4M3AC,200,4,2012;2013;2014,http://negativeyouth.net/a-tribe-called-red/,
/a-tribe-called-red/feed/,feed,20140109193325,text/xml,829,TRXSE76JJCFPQ5PDXVF6RM6K3MHJWGVU,200,1,2014,http://negativeyouth.net/a-tribe-called-red/feed/,
/aap-rocky-brand-new-guy/,post,20131126093413,text/html,33622,HESCDKVI6R3WMDEJ6TGVQEIO2MT4NVF6,200,4,2012;2013;2014,http://negativeyouth.net/aap-rocky-brand-new-guy/,
/aap-rocky-brand-new-guy/feed/,feed,20140109200631,text/xml,852,RLSOPCHVBJO7AJVZMENNHM5SL3ZDLYAX,200,1,2014,http://negativeyouth.net/aap-rocky-brand-new-guy/feed/,
/aap-rocky-goldie/,post,20131126082813,text/html,34087,GFYTXQQP5B4HCRWH6RRVWVMPEXRDFPHN,200,4,2012;2013;2014,http://negativeyouth.net/aap-rocky-goldie/,
/aap-rocky-goldie/feed/,feed,20140109190204,text/xml,841,MARWUEM2RMPSRZVZJ3I34NOU5LSXZAFO,200,1,2014,http://negativeyouth.net/aap-rocky-goldie/feed/,
/aaron-spectre-lion-mix/,post,20131126094907,text/html,33539,BEGNWH77QDB6ZEN5UVFD6CCCTTEHYW26,200,3,2013;2014,http://negativeyouth.net/aaron-spectre-lion-mix/,
/aaron-spectre-lion-mix/feed/,feed,20140109195957,text/xml,839,34DA3BU5VRNZWC7RHAWAMNON7543X2RW,200,1,2014,http://negativeyouth.net/aaron-spectre-lion-mix/feed/,
/about,page,20110207073038,text/html,6388,VUDXTSXQCWCO7HINHLLHVDQPOPIWRGVW,200,12,2011;2012;2013;2014;2025,http://negativeyouth.net/about,https://negativeyouth.net/about
/about/,page,20140317064132,text/html,7855,347PDNWDUHUACNFWZSJDJVUILOSCJGDK,200,9,2012;2013;2014;2025,http://negativeyouth.net/about/,https://negativeyouth.net/about/
/active-child-how-to-dress-well/,post,20131126100627,text/html,33505,QPLC7U6ESACZNYXUXWAP2JMVCT4QQJYY,200,5,2011;2012;2013;2014,http://negativeyouth.net/active-child-how-to-dress-well/,
/active-child-how-to-dress-well/feed/,feed,20140109203933,text/xml,849,UITNDPAELY26DU6ZTIZCL2HQ53JERAYH,200,1,2014,http://negativeyouth.net/active-child-how-to-dress-well/feed/,
/actually-huizenga-live-softrock-1-3/,post,20131126082512,text/html,35130,OKQ4IXRC7S7A7DW7AA6QKI5QOF6KNVMR,200,5,2012;2013;2014,http://negativeyouth.net/actually-huizenga-live-softrock-1-3/,
/actually-huizenga-live-softrock-1-3/feed/,feed,20140109184728,text/xml,862,2JDXT4TGC4LYBMUMFM5MNGALBITNVJOQ,200,1,2014,http://negativeyouth.net/actually-huizenga-live-softrock-1-3/feed/,
/actually/,post,20131126111139,text/html,33955,6HGLOVH2T5XRIRHBM43Q4ZAVS3YIVQ45,200,8,2011;2012;2013;2014,http://negativeyouth.net/actually/,
/actually/feed/,feed,20140110212336,text/xml,1100,GG4WNDR4AIZAKJILIBQAH5UPUVNEWCTZ,200,1,2014,http://negativeyouth.net/actually/feed/,
/adeptus-from-the-valley/,post,20131126092146,text/html,34895,ZGIG2WMX6QY6J7WZMZ65PKFMH7CE2RAN,200,4,2012;2013;2014,http://negativeyouth.net/adeptus-from-the-valley/,
/adeptus-from-the-valley/feed/,feed,20140109191854,text/xml,851,4OMQ3XWKHVD6CHVWLP7BZJ3CU3TOUDTC,200,1,2014,http://negativeyouth.net/adeptus-from-the-valley/feed/,
/adeptus/,post,20131126105813,text/html,33799,IFYUJI7ASJXKXN2W62YMXFVCJWDIGDJB,200,4,2012;2013;2014,http://negativeyouth.net/adeptus/,
/adeptus/feed/,feed,20140110213207,text/xml,814,IFRH23SXYULPTOISCLSENU4UK6SWKVKE,200,1,2014,http://negativeyouth.net/adeptus/feed/,
/affection/,post,20131126082840,text/html,33410,OHJU266DX3EUZNCIU7OONXBIZMBBSIEI,200,2,2013;2014,http://negativeyouth.net/affection/,
/affection/feed/,feed,20140109182720,text/xml,816,ILI37UBAACU4EJGGMJBJ76FB7CSUSBAS,200,1,2014,http://negativeyouth.net/affection/feed/,
/aftermath-negative-youth-presenta-pictureplane-df/,post,20131126094904,text/html,36340,AVFJ5TPN6EXOAHNQ2GE6WGP7O5GYKGZA,200,8,2011;2012;2013;2014,http://negativeyouth.net/aftermath-negative-youth-presenta-pictureplane-df/,
/aftermath-negative-youth-presenta-pictureplane-df/feed/,feed,20140109201104,text/xml,2016,OOU5VKZVOAG2SLFTZ24TOMN2674AKLNX,200,1,2014,http://negativeyouth.net/aftermath-negative-youth-presenta-pictureplane-df/feed/,
/alexico-aranas/,post,20131126084647,text/html,35922,4UYV7WC7SCCB6JYSHQTXP7VBPWGIT4CF,200,4,2012;2013;2014,http://negativeyouth.net/alexico-aranas/,
/alexico-aranas/feed/,feed,20140109191812,text/xml,843,6H4YCGGCQR2VR745JIGZ5CEEOUQMV75O,200,1,2014,http://negativeyouth.net/alexico-aranas/feed/,
/alexico-el-nombre-del-perro/,post,20131126102239,text/html,33955,4HEHJDWTARWR6GLB6YR7X2AN3IKJDZRZ,200,4,2012;2013;2014,http://negativeyouth.net/alexico-el-nombre-del-perro/,
/alexico-el-nombre-del-perro/feed/,feed,20140110211312,text/xml,859,JFD536CIJYHG64QUDYZNVBU74QFYNHNR,200,1,2014,http://negativeyouth.net/alexico-el-nombre-del-perro/feed/,
/alexico-gordo-grande-y-marica-2/,post,20110718230627,text/html,14547,XYMCD3M5DITLHFC7V3QQBXXLM5ZBFKQ4,200,2,2011,http://negativeyouth.net/alexico-gordo-grande-y-marica-2/,
/alexico-gordo-grande-y-marica/,post,20131126085841,text/html,33582,NQ7SN5GWD5EPUY4GFZU47T3D2GPU4CWM,200,5,2011;2012;2013;2014,http://negativeyouth.net/alexico-gordo-grande-y-marica/,
/alexico-gordo-grande-y-marica/feed/,feed,20140109191338,text/xml,848,APKZ65QGIPHPZLYI2VEQ7SZYNODKN2Y5,200,1,2014,http://negativeyouth.net/alexico-gordo-grande-y-marica/feed/,
/alexico-se-pone-bilet-con-vegan-cannibal/,post,20131126090417,text/html,34299,IHWGFHOPDCE6VTJUDAPNYQMMXZ5YDMVI,200,7,2011;2012;2013;2014,http://negativeyouth.net/alexico-se-pone-bilet-con-vegan-cannibal/,
/alexico-se-pone-bilet-con-vegan-cannibal/feed/,feed,20140109192555,text/xml,1138,AKSDNQDZ344MJCGGHCCELAF3J4EO3ZQC,200,1,2014,http://negativeyouth.net/alexico-se-pone-bilet-con-vegan-cannibal/feed/,
/alien-amv/,post,20131126100919,text/html,33316,RC47NL5UECLMBLIFUGLKL4ZAQM5U6H5X,200,3,2013;2014,http://negativeyouth.net/alien-amv/,
/alien-amv/feed/,feed,20140109203722,text/xml,820,GBOYDXHYECMCLVLEEZROK4ZG3ME5ONIS,200,1,2014,http://negativeyouth.net/alien-amv/feed/,
/all-american-orgy-2/,post,20110718225848,text/html,14743,KVVGQLYWOMA4GC7ME53JRQL7UJ727YPO,200,2,2011,http://negativeyouth.net/all-american-orgy-2/,
/all-your-gifs-are-belong-to-us/,post,20131126083035,text/html,36228,D6O5VLYNECZXYGMJYAE6W6KKAYASJZRL,200,3,2013;2014,http://negativeyouth.net/all-your-gifs-are-belong-to-us/,
/all-your-gifs-are-belong-to-us/feed/,feed,20140109184156,text/xml,1025,TBULADKXIDY4UHYT4CPF4VK4YYIXHN2C,200,1,2014,http://negativeyouth.net/all-your-gifs-are-belong-to-us/feed/,
/alternative-ulster-sub-rosa/,post,20130729084740,text/html,36614,F3CK24VZKA4FIVPVOXHPZPGTVTMHP6RP,200,8,2011;2012;2013;2014,http://negativeyouth.net/alternative-ulster-sub-rosa/,
/alternative-ulster-sub-rosa/feed/,feed,20131214022837,text/xml,842,TLGLQRARTNVPQTYSS7UY5VXCCPW2HXET,200,1,2013,http://negativeyouth.net/alternative-ulster-sub-rosa/feed/,
/amanda-palmer-map-of-tasmania-2/,post,20110718230935,text/html,14837,C4VOOD7EQI2XJZL5F2O7ZWJJYYDQJNXZ,200,2,2011,http://negativeyouth.net/amanda-palmer-map-of-tasmania-2/,
/ambalance/,post,20131126122419,text/html,34007,AAEYRSH4YBHAETYSUXCTISJN6FFH3UH4,200,4,2012;2013;2014,http://negativeyouth.net/ambalance/,
/ambalance/feed/,feed,20140110221919,text/xml,817,4N4RILAQLN5PAWEGRCZQ2A57V4PDONEL,200,1,2014,http://negativeyouth.net/ambalance/feed/,
/ambassadeurs-m-o-p-e/,post,20131126125553,text/html,33738,U7UZJBRNY4Z55O3OX5ZTSSV37Q5N5JSW,200,4,2012;2013;2014,http://negativeyouth.net/ambassadeurs-m-o-p-e/,
/ambassadeurs-m-o-p-e/feed/,feed,20140110221130,text/xml,846,JSSVCMD4J7MEVSYBGEDZVTG2BJTLRFVA,200,1,2014,http://negativeyouth.net/ambassadeurs-m-o-p-e/feed/,
/amber-ibarreche-kewl-girl/,post,20131126093419,text/html,34319,AOD56ZIICYBVTSE6ZJYFCFSZ7ZBA5A36,200,4,2012;2013;2014,http://negativeyouth.net/amber-ibarreche-kewl-girl/,
/amber-ibarreche-kewl-girl/feed/,feed,20140109204602,text/xml,1178,ITWKLKYO4JOC5ONHXNY542I4HQCSXVD3,200,1,2014,http://negativeyouth.net/amber-ibarreche-kewl-girl/feed/,
/amber-ibarreche-she-dont-no-me/,post,20131126084824,text/html,33781,HZPROR7I3FX2B6NMJYTAM5SWZ35KSWYC,200,4,2012;2013;2014,http://negativeyouth.net/amber-ibarreche-she-dont-no-me/,
/amber-ibarreche-she-dont-no-me/feed/,feed,20140109191717,text/xml,860,RK62IIGP5PY7JSSEO3YO6G42BIETWSZO,200,1,2014,http://negativeyouth.net/amber-ibarreche-she-dont-no-me/feed/,
/american-juggalo/,post,20131126113132,text/html,33985,3FMQNGG64DBGXV752CLFLF3R5VVP5LCT,200,5,2011;2012;2013;2014,http://negativeyouth.net/american-juggalo/,
/american-juggalo/feed/,feed,20140111005032,text/xml,831,PWGB3PKHUC5BCLRSQXSNQWUAJQWVNXYB,200,1,2014,http://negativeyouth.net/american-juggalo/feed/,
/american-noise/,post,20131126085158,text/html,33859,4HVNVWXJTSSH3A3NXCPYXUIXO72EITAD,200,3,2013;2014,http://negativeyouth.net/american-noise/,
/american-noise/feed/,feed,20140109192045,text/xml,827,W6F45DTL5VHBPFPGJJTXS5U7LFD77PKO,200,1,2014,http://negativeyouth.net/american-noise/feed/,
/ana-caprix-yours-feat-taylor-swift/,post,20131104003753,text/html,33623,T67MN6PA5OWCDTDZ6IBRMA63EJTSXYW2,200,6,2012;2013;2014,http://negativeyouth.net/ana-caprix-yours-feat-taylor-swift/,
/ana-caprix-yours-feat-taylor-swift/feed/,feed,20140109191001,text/xml,872,TEPTQN7JCAUWDXYYZSYIZ3YLKFTNAYX5,200,2,2013;2014,http://negativeyouth.net/ana-caprix-yours-feat-taylor-swift/feed/,
/ana-caprix/,post,20131126085906,text/html,34074,A2BS55FNIWSGTGIPQNKQBJLVQIHF2IBN,200,4,2012;2013;2014,http://negativeyouth.net/ana-caprix/,
/ana-caprix/feed/,feed,20140109193113,text/xml,820,VPENXGYJZDOYFBB6NZYVT4FVZLXYUNI4,200,1,2014,http://negativeyouth.net/ana-caprix/feed/,
/angelina-pivarnick-im-hot-2/,post,20110718224014,text/html,14909,DGXK5AVRBFOI7G5J6T5BNFVQIK5ZWOBI,200,2,2011,http://negativeyouth.net/angelina-pivarnick-im-hot-2/,
/angelina-pivarnick-im-hot/,post,20131126103603,text/html,33844,PFP3RLYPMRP7TT6G5BUXWYUO7TL33PFJ,200,5,2011;2012;2013;2014,http://negativeyouth.net/angelina-pivarnick-im-hot/,
/angelina-pivarnick-im-hot/feed/,feed,20140110213755,text/xml,860,AA2LSUSUV7D6KV4W4CJGKWQFEUG5NVEW,200,1,2014,http://negativeyouth.net/angelina-pivarnick-im-hot/feed/,
/antes-de-que-nos-olviden-3/,post,20131126112347,text/html,35530,SVAHSGWDXUHRL6RYAMCLQYPLOVLFE5GW,200,8,2011;2012;2013;2014,http://negativeyouth.net/antes-de-que-nos-olviden-3/,
/antes-de-que-nos-olviden-3/feed/,feed,20140110213129,text/xml,845,N5DBALKJFIUAL2VL2JHYF2R7XCJRNLF4,200,1,2014,http://negativeyouth.net/antes-de-que-nos-olviden-3/feed/,
/antes-de-que-nos-olviden-4/,post,20131126112339,text/html,34739,FKIEYVFYYIFRUVMWMX6BIQXXTX33QNAK,200,9,2011;2012;2013;2014,http://negativeyouth.net/antes-de-que-nos-olviden-4/,
/antes-de-que-nos-olviden-4/feed/,feed,20140110213801,text/xml,845,VNQUGTSGDL7OXE7I5KBKBC6I3ILT2VOG,200,1,2014,http://negativeyouth.net/antes-de-que-nos-olviden-4/feed/,
/antwon-living-everydream-prod-pictureplane/,post,20131126093439,text/html,34160,X4NCVEO4FAE43SHWCOL6PDLBSWZRY4GM,200,4,2012;2013;2014,http://negativeyouth.net/antwon-living-everydream-prod-pictureplane/,
/antwon-living-everydream-prod-pictureplane/feed/,feed,20140109202215,text/xml,888,PSCHZIDHPTCBM46MBU2CNF32H6JWN73A,200,1,2014,http://negativeyouth.net/antwon-living-everydream-prod-pictureplane/feed/,
/apache-warrior/,post,20131126121716,text/html,34901,KPE5I2576UPW2OHVSXG63ZQYF3GOA7IX,200,10,2011;2012;2013;2014,http://negativeyouth.net/apache-warrior/,
/apache-warrior/feed/,feed,20140110214214,text/xml,825,ZKOWAIX2WOLVKV73IKMV4TQAK7BUQADN,200,1,2014,http://negativeyouth.net/apache-warrior/feed/,
/apart/,post,20131126094120,text/html,33557,N6PODYMMFOWIYUJAKQGYC674YJN5I3CT,200,7,2011;2012;2013;2014,http://negativeyouth.net/apart/,
/apart/feed/,feed,20140109202954,text/xml,811,N3SWTEA2BVZXN7FSHZOGT3PHOTC4PTZC,200,1,2014,http://negativeyouth.net/apart/feed/,
/apes/,post,20131126095320,text/html,33842,ZTPVIV7UV3JUI53LQNNWUY5Y22FF7JRQ,200,3,2013;2014,http://negativeyouth.net/apes/,
/apes/feed/,feed,20140109202256,text/xml,810,SU5ZDW7QLGAGXSQIQCYN3D6DMEU4SRCB,200,1,2014,http://negativeyouth.net/apes/feed/,
/apocalyptic-bote-shaking/,post,20131126085648,text/html,34029,WKFQTBJAOXRNC3HP4XO6PVQIYIDK5HGL,200,7,2011;2012;2013;2014,http://negativeyouth.net/apocalyptic-bote-shaking/,
/apocalyptic-bote-shaking/feed/,feed,20140109193839,text/xml,842,SRXECTTHUZTFNM7I4EIBKHF5GCD5E7BD,200,1,2014,http://negativeyouth.net/apocalyptic-bote-shaking/feed/,
/araab-weekend-2/,post,20131126105743,text/html,33888,P34YQHO24LI4VYZQBOA4BS7X6FQCCY3J,200,4,2012;2013;2014,http://negativeyouth.net/araab-weekend-2/,
/araab-weekend-2/feed/,feed,20140110212644,text/xml,831,P2JHRSVCJ4Q362VWZSYKVONHA2JZEYF4,200,1,2014,http://negativeyouth.net/araab-weekend-2/feed/,
/araab-weekend/,post,20131126105807,text/html,34077,QHXE2HFQWHA5CSIRNQVDGCOOTQYPX5E2,200,4,2012;2013;2014,http://negativeyouth.net/araab-weekend/,
/araab-weekend/feed/,feed,20140111005454,text/xml,825,CKAQDMDNRO5C5WZHYNTZ5B2B66N6NA7R,200,1,2014,http://negativeyouth.net/araab-weekend/feed/,
/araabmuzik/,post,20131126112506,text/html,34014,GWZ6RZHHZEX4WRE2F5KG6NZ46OF6VB37,200,7,2011;2012;2013;2014,http://negativeyouth.net/araabmuzik/,
/araabmuzik/feed/,feed,20140110212507,text/xml,852,JL6WUQ6ELYUPV5QQM2EOYG2CXULEDUBQ,200,1,2014,http://negativeyouth.net/araabmuzik/feed/,
/arca-stretch-1-ep/,post,20131126093508,text/html,33786,ARGBYPIQNLFJLVQRLTMB2HHUARQ6TZ7A,200,4,2012;2013;2014,http://negativeyouth.net/arca-stretch-1-ep/,
/arca-stretch-1-ep/feed/,feed,20140109200237,text/xml,842,OULZYIHSQIM4DYJKOECZYBHD6A4MSFLS,200,1,2014,http://negativeyouth.net/arca-stretch-1-ep/feed/,
/archival-dirge-mix/,post,20131126085130,text/html,33579,DRWJGTPXKDE3XJOQ3MKDZB6JBSZGXFLD,200,3,2013;2014,http://negativeyouth.net/archival-dirge-mix/,
/archival-dirge-mix/feed/,feed,20140109193902,text/xml,834,FBBVHJG55HELG7JW6YLR3SKR6ETBFPP4,200,1,2014,http://negativeyouth.net/archival-dirge-mix/feed/,
/archive,page,20110207072924,text/html,13843,22LF5Q5IWFHCZN5S6NDTKKD5OPGRX6SX,200,1,2011,http://negativeyouth.net/archive,
/arena/,post,20131126084234,text/html,33640,7IQOL7R3IP33QF3BA73745JVCO5WDM7C,200,3,2013;2014,http://negativeyouth.net/arena/,
/arena/feed/,feed,20140109184312,text/xml,811,6GZJURZ4WECAJNSVWWW6TDE65WE7FJSL,200,1,2014,http://negativeyouth.net/arena/feed/,
/armin-van-buuren-i-dont-own-you-white-ring-pikachu-remix/,post,20131126090242,text/html,33724,MMV7MY5LICQTZU5XG2L6VB4GGB4NSBHV,200,4,2012;2013;2014,http://negativeyouth.net/armin-van-buuren-i-dont-own-you-white-ring-pikachu-remix/,
/armin-van-buuren-i-dont-own-you-white-ring-pikachu-remix/feed/,feed,20140109191658,text/xml,910,64FZNHMLF32KIQFUPBINRSRY25I73ZGG,200,1,2014,http://negativeyouth.net/armin-van-buuren-i-dont-own-you-white-ring-pikachu-remix/feed/,
/art-of-wor-blood-will-have-blood/,post,20131126090628,text/html,33843,DRIE36TFUVFA4BFISCOCV7YGBA4FWD5U,200,4,2012;2013;2014,http://negativeyouth.net/art-of-wor-blood-will-have-blood/,
/art-of-wor-blood-will-have-blood/feed/,feed,20140109194646,text/xml,859,SUNU6ODRCFNCS5UMOEHQY5COCFJTOW4Y,200,1,2014,http://negativeyouth.net/art-of-wor-blood-will-have-blood/feed/,
/art-thoughtz/,post,20131126093657,text/html,33836,XYRPXRN7JJMOP3TSMJCHAYSCDBPBWL35,200,3,2013;2014,http://negativeyouth.net/art-thoughtz/,
/art-thoughtz/feed/,feed,20140109203135,text/xml,825,XCLLKLEHBQJSJPFK5PWZCSANW4JEJVGJ,200,1,2014,http://negativeyouth.net/art-thoughtz/feed/,
/ask,page,20110207072333,text/html,5936,E6OJVSBHHNE224Z2NW4OY42Z5WGU5B2U,200,1,2011,http://negativeyouth.net/ask,
/aura-team-rockit/,post,20131126084646,text/html,33450,WTJG3NFQMUKXED5FH6UJNQOXZBNXHSTT,200,4,2013;2014;2025,http://negativeyouth.net/aura-team-rockit/,https://negativeyouth.net/aura-team-rockit/
/aura-team-rockit/feed/,feed,20140109195236,text/xml,832,66S5LIW6LFSBGS3L6WSCUVJPJWE6EVJ2,200,1,2014,http://negativeyouth.net/aura-team-rockit/feed/,
/author/cas/,author,20131126093255,text/html,32619,JD5MMIPSI3GOT5HQ5ZBXKLDJPOHUHHZX,200,1,2013,http://negativeyouth.net/author/cas/,
/author/daniela-quant/,author,20140319144918,text/html,7928,5HKD5XQS6M3EHLKA5WJ5FR6FKR7NCSAA,200,1,2014,http://negativeyouth.net/author/daniela-quant/,
/author/eduardo-caudilio/,author,20130410221924,text/html,31856,7XNXD7PN3R5ZKIQA24STI2VLGYLKEMZJ,200,2,2013;2014,http://negativeyouth.net/author/eduardo-caudilio/,
/author/eduardo-caudillo/,author,20110718225904,text/html,14473,VYC5NERLDIL2LZLXPOMNXN2IFFKWSMAT,200,1,2011,http://negativeyouth.net/author/eduardo-caudillo/,
/author/el-carlos/,author,20131126082545,text/html,32559,B7YBBRMYLLGUJ5NSNCBIZRDHYJB5RU4H,200,1,2013,http://negativeyouth.net/author/el-carlos/,
/author/ella/,author,20140315231953,text/html,9437,DSVKU5SCETIIWZGX456AKZAJ3XZJAL7H,200,1,2014,http://negativeyouth.net/author/ella/,
/author/jc/,author,20131126112938,text/html,32529,NTBSBZP7FTB7HSMTYO6XIZIGB2EZTJYA,200,10,2011;2012;2013;2014;2015,http://negativeyouth.net/author/jc/,
/author/victor/,author,20140319145010,text/html,9253,LAWDI4VL2YX7BLFQPBAMNFNXZMWR4WQA,200,1,2014,http://negativeyouth.net/author/victor/,
/avalanche-slow/,post,20140404044259,text/html,9583,X3RH3A7R24S6K2RSJ6IF7KHNZHFB4ECN,200,2,2014,http://negativeyouth.net/avalanche-slow/,
/baby-sloth-spirit/,post,20131126112853,text/html,34276,OMTH2GNB7ULVJP4UPPDJDC7FCA2AQBMZ,200,5,2011;2012;2013;2014,http://negativeyouth.net/baby-sloth-spirit/,
/baby-sloth-spirit/feed/,feed,20140110213532,text/xml,831,2SK5UDWAELS2Y6NPS4UIJMYENOIBNFJR,200,1,2014,http://negativeyouth.net/baby-sloth-spirit/feed/,
/badd/,post,20131126125745,text/html,33761,7CGFOITKQIJO6EZZZIMRPQLQERKQN7UR,200,5,2011;2012;2013;2014,http://negativeyouth.net/badd/,
/badd/feed/,feed,20140110221004,text/xml,811,BYTDX2ZCYXO2437HPVBWXXJF7LWLXXIM,200,1,2014,http://negativeyouth.net/badd/feed/,
/balam-acab-oh-why/,post,20131126100803,text/html,33734,IBSEDCAAYAAAWEB66QZNJCWFI7Q6FATP,200,7,2011;2012;2013;2014,http://negativeyouth.net/balam-acab-oh-why/,
/balam-acab-oh-why/feed/,feed,20140109200401,text/xml,841,ZQMPHYNINXDHVXAGORHJJKF4LFLRZRT3,200,1,2014,http://negativeyouth.net/balam-acab-oh-why/feed/,
/banned-from-mtv/,post,20131126093029,text/html,33794,5QV75AHXKPZZNYG5ICTGWUHM4ZI7LZTI,200,4,2012;2013;2014,http://negativeyouth.net/banned-from-mtv/,
/banned-from-mtv/feed/,feed,20140109203014,text/xml,829,XNNLWHYLXAUHDH3FEHLPRBWT7YBSTCCJ,200,1,2014,http://negativeyouth.net/banned-from-mtv/feed/,
/basketball/,post,20131126084359,text/html,33956,35SE3RJ2BSR5AIIZ6X7U33HCTGS5KATJ,200,4,2012;2013;2014,http://negativeyouth.net/basketball/,
/basketball/feed/,feed,20140109194952,text/xml,820,4O6EJC5DERJJ2QEEPOYVRZAQXMMWLK3K,200,1,2014,http://negativeyouth.net/basketball/feed/,
/bb-pinkblue/,post,20131126094840,text/html,34140,QJ2SKUBNYWA6WVC2QBNGIK6FCC6JN52J,200,3,2013;2014,http://negativeyouth.net/bb-pinkblue/,
/bb-pinkblue/feed/,feed,20140109202604,text/xml,823,37CKWJYGP2Z4I2TYR4JRIPZ6D5QIP3NU,200,1,2014,http://negativeyouth.net/bb-pinkblue/feed/,
/beach-bum-im-go%E2%80%A0hsta-2/,post,20131126111129,text/html,33827,YT5JB5JIDUICPGLRQU46JC63LXFKRYJF,200,9,2011;2012;2013;2014,http://negativeyouth.net/beach-bum-im-go%E2%80%A0hsta-2/,http://negativeyouth.net/beach-bum-im-go%e2%80%a0hsta-2/
/beach-bum-im-go%E2%80%A0hsta-2/feed/,feed,20140110212613,text/xml,869,RVTLEYRKOPPMJ26BXYCBPYYXQUT6A4XV,200,1,2014,http://negativeyouth.net/beach-bum-im-go%e2%80%a0hsta-2/feed/,
/bebetune/,post,20131126092051,text/html,33969,E2KK3TV3PDUYSNZQCPVZ2ZKDHRNJMEKR,200,5,2012;2013;2014,http://negativeyouth.net/bebetune/,
/bebetune/feed/,feed,20140109192827,text/xml,1116,YF7JBJASVFLVOJU7SSOI2DC7JB4HFGZS,200,1,2014,http://negativeyouth.net/bebetune/feed/,
/bend-my-dick-to-my-ass/,post,20131126090221,text/html,33431,OB5GMXWDE2JE6N2HGBYMMAKAEIKTH2BA,200,3,2013;2014,http://negativeyouth.net/bend-my-dick-to-my-ass/,
/bend-my-dick-to-my-ass/feed/,feed,20140109192355,text/xml,838,V26BZCHK5VU2WA63ZVJIXI7TVBCZVM47,200,1,2014,http://negativeyouth.net/bend-my-dick-to-my-ass/feed/,
/best-coast-%E2%99%A5-wavves-2/,post,20110718224024,text/html,14790,YKM6P3JKBGM2PQHDGG5VSBF7FK7Z35Q2,200,2,2011,http://negativeyouth.net/best-coast-%E2%99%A5-wavves-2/,
/best-coast-%E2%99%A5-wavves/,post,20131126094609,text/html,33813,CK7N3IL4KELQPFVMGB7ORW2WKPRSESKU,200,5,2011;2012;2013;2014,http://negativeyouth.net/best-coast-%E2%99%A5-wavves/,http://negativeyouth.net/best-coast-%e2%99%a5-wavves/
/best-coast-%E2%99%A5-wavves/feed/,feed,20140109203829,text/xml,851,G4DERBYYKW3NCGANYYMHVXFJMZW4V2Z4,200,1,2014,http://negativeyouth.net/best-coast-%e2%99%a5-wavves/feed/,
/beta-frontiers/,post,20131126125734,text/html,34447,OF37FKUPQ64PCZCZTPQN47PSU7G3624E,200,4,2012;2013;2014,http://negativeyouth.net/beta-frontiers/,
/beta-frontiers/feed/,feed,20140110222436,text/xml,1250,6Q7PK5JO6PFMLQ4QLVEESN3PFCI6JCC3,200,1,2014,http://negativeyouth.net/beta-frontiers/feed/,
/better-off-alone/,post,20131126091712,text/html,33721,RIGIPRJBHXNZYB7XPZVK7HYJAOJYWASQ,200,5,2011;2012;2013;2014,http://negativeyouth.net/better-off-alone/,
/better-off-alone/feed/,feed,20140109191520,text/xml,830,HC2AXHWQ7XWILQP5W74OMHHQECF7KFXQ,200,1,2014,http://negativeyouth.net/better-off-alone/feed/,
/big-magick-hustlas-2/,post,20131126112832,text/html,34387,5O34GNXTYH3JNOBDUQVO7CG7C4N6D5XB,200,8,2011;2012;2013;2014,http://negativeyouth.net/big-magick-hustlas-2/,
/big-magick-hustlas-2/feed/,feed,20140110214547,text/xml,835,XY533QDMK2XAGX374G7LUA6ZA2T54LL4,200,1,2014,http://negativeyouth.net/big-magick-hustlas-2/feed/,
/bl%C2%A7%C2%A7d-%C3%B8u%E2%80%A0-%C2%A7pnnr%C2%A7-2/,post,20110718230940,text/html,15162,LL3QWCKE7IPDRXORVUAEYW6MVHKGVMDI,200,2,2011,http://negativeyouth.net/bl%C2%A7%C2%A7d-%C3%B8u%E2%80%A0-%C2%A7pnnr%C2%A7-2/,
/bl%C2%A7%C2%A7d-ou%E2%80%A0-%C2%A7pnnr%C2%A7/,post,20131126111159,text/html,34260,6CBGGTU4WSNZUXMFMNBWJ4HHPPEYGHRK,200,6,2011;2012;2013;2014,http://negativeyouth.net/bl%C2%A7%C2%A7d-ou%E2%80%A0-%C2%A7pnnr%C2%A7/,http://negativeyouth.net/bl%c2%a7%c2%a7d-ou%e2%80%a0-%c2%a7pnnr%c2%a7/
/bl%C2%A7%C2%A7d-ou%E2%80%A0-%C2%A7pnnr%C2%A7/feed/,feed,20140110212710,text/xml,877,MDGHLN5KT5AUSFHLOZJ4YRPURRKHI6Z2,200,1,2014,http://negativeyouth.net/bl%c2%a7%c2%a7d-ou%e2%80%a0-%c2%a7pnnr%c2%a7/feed/,
/black-metal-kids-2/,post,20131126113353,text/html,33731,DSEAWCJCRPSW63HRV7YEPO3OXSPMYNEV,200,8,2011;2012;2013;2014,http://negativeyouth.net/black-metal-kids-2/,
/black-metal-kids-2/feed/,feed,20140110215325,text/xml,830,Z5B3UT2DCGZU3ILSGRTDD47O3VKK7XCK,200,1,2014,http://negativeyouth.net/black-metal-kids-2/feed/,
/black-nails/,post,20131126112740,text/html,33535,FLVJ7TOVC332LQ6GCPSEW3QJIKBXXISF,200,5,2011;2012;2013;2014,http://negativeyouth.net/black-nails/,
/black-nails/feed/,feed,20140110213528,text/xml,822,OXRBEL3U2ESVXPL4FILXRHAW3ZRIO5PD,200,1,2014,http://negativeyouth.net/black-nails/feed/,
/black-skinhead/,post,20131126082828,text/html,33577,CT4QDID4L7SY47BJDHX77NCREWGHLPLU,200,2,2013;2014,http://negativeyouth.net/black-skinhead/,
/black-skinhead/feed/,feed,20140109184512,text/xml,827,FNVYDZ27S6LA42L3EP4RNJAFNGVINK5R,200,1,2014,http://negativeyouth.net/black-skinhead/feed/,
/black-yellow-vs-green-yellow-2/,post,20110718224623,text/html,14999,UUYARMN2MJGTUJPEIMLIVLRG3NP7X343,200,2,2011,http://negativeyouth.net/black-yellow-vs-green-yellow-2/,
/black-yellow-vs-green-yellow/,post,20131126091733,text/html,34024,DL7ZZ7J5MM4WKKJR32XWO4P2HVPNCZ2Q,200,5,2011;2012;2013;2014,http://negativeyouth.net/black-yellow-vs-green-yellow/,
/black-yellow-vs-green-yellow/feed/,feed,20140109200455,text/xml,852,YHUK2D5VUNSZJSASBKEMKZIHKFYF3DUH,200,1,2014,http://negativeyouth.net/black-yellow-vs-green-yellow/feed/,
/blackmilk/,post,20131126091630,text/html,34419,VHUN6SFA5XHWA5J5GW76T4ZUH6YSWKK4,200,7,2011;2012;2013;2014,http://negativeyouth.net/blackmilk/,
/blackmilk/feed/,feed,20140109191650,text/xml,819,LVIGO6NRKNKMEIYI5GHTXPYBZGCJH2II,200,1,2014,http://negativeyouth.net/blackmilk/feed/,
/blissed-out-drones-ritualz-remix/,post,20131126110153,text/html,33880,4Q6EQME2BKM2XRYUEGGPHJ7W2AXVZNIW,200,5,2011;2012;2013;2014,http://negativeyouth.net/blissed-out-drones-ritualz-remix/,
/blissed-out-drones-ritualz-remix/feed/,feed,20140110212222,text/xml,868,63MMQKBCVACA6IQ2FS5AZQ2LVT6TKCMK,200,1,2014,http://negativeyouth.net/blissed-out-drones-ritualz-remix/feed/,
/blood-blood-blood/,post,20131126092110,text/html,33505,EK6UCCWQJNDRLWV7AM26PQ6XAKYPND2U,200,3,2013;2014,http://negativeyouth.net/blood-blood-blood/,
/blood-blood-blood/feed/,feed,20140109191826,text/xml,818,IF46JC6Y5BXA3HOZRPF7VQQIWXLT4TYY,200,1,2014,http://negativeyouth.net/blood-blood-blood/feed/,
/blood-flow/,post,20131126084745,text/html,33522,VSBQHZO3Z6EQZVU2IBVR5MXSFXPIBUKK,200,3,2013;2014,http://negativeyouth.net/blood-flow/,
/blood-flow/feed/,feed,20140109192318,text/xml,820,STVKM5Y3WNP75U55B6ZGVLH2SQGVKJWI,200,1,2014,http://negativeyouth.net/blood-flow/feed/,
/blood-orange-champagne-coast/,post,20131126090201,text/html,34043,ROUCFBESOGYQFYOFXHUWH4DDKZ64C53Y,200,5,2012;2013;2014,http://negativeyouth.net/blood-orange-champagne-coast/,
/blood-orange-champagne-coast/feed/,feed,20140109194552,text/xml,859,2R5MUF5BK3SDDQIXC53XJNQWTI7GCCUK,200,1,2014,http://negativeyouth.net/blood-orange-champagne-coast/feed/,
/blood-orange-neptune-ft-starchild/,post,20131126092339,text/html,34363,7XKKFX2BJL6TQWNZHWBAPE3AFZDRHQWS,200,3,2013;2014,http://negativeyouth.net/blood-orange-neptune-ft-starchild/,
/blood-orange-neptune-ft-starchild/feed/,feed,20140109193236,text/xml,1300,BQFITPXBNGPSZVOX3SLSU7D7EVIPMHXC,200,1,2014,http://negativeyouth.net/blood-orange-neptune-ft-starchild/feed/,
/bloody-knives/,post,20131126090231,text/html,33538,ZYEYICL5SLDZFFYZPNLWWRGENVYT6JWQ,200,5,2013;2014,http://negativeyouth.net/bloody-knives/,http://negativeyouth.net/bloody-knives/?
/bloody-knives/feed/,feed,20140109194215,text/xml,825,S66JUSOFFBLYRIHFD7IMCOKSF25EN226,200,1,2014,http://negativeyouth.net/bloody-knives/feed/,
/boan/,post,20131126085150,text/html,34326,YMPTORCZLPFLA6HU7TNHXQQKKT6ZWKI3,200,3,2013;2014,http://negativeyouth.net/boan/,
/boan/feed/,feed,20140109193851,text/xml,1005,OPITEFVGN32H7CVO2K7UC5KADDVQJWXD,200,1,2014,http://negativeyouth.net/boan/feed/,
/bodyguard-sex-with-axe-on/,post,20131126082938,text/html,33677,5AGDGYPBZ73X5TBTIYAOSTOFMCZKJILM,200,6,2012;2013;2014,http://negativeyouth.net/bodyguard-sex-with-axe-on/,
/bodyguard-sex-with-axe-on/feed/,feed,20140109182641,text/xml,865,EBYFRFPH3G2UF32PUWGRJIHEOFZEKRWD,200,1,2014,http://negativeyouth.net/bodyguard-sex-with-axe-on/feed/,
/bodyguard/,post,20131126113120,text/html,34200,4CXRZGHSBITF7DK6N4MKK5TIVYMWIM66,200,5,2012;2013;2014,http://negativeyouth.net/bodyguard/,
/bodyguard/feed/,feed,20140110214813,text/xml,1069,DVWAMS4HZJ4IWCBATYOZ6LCGPPGJWETO,200,2,2012;2014,http://negativeyouth.net/bodyguard/feed/,
/bonsai-babies/,post,20131126102952,text/html,34080,IU2PEGZ3YI2V2LBOVITLNQQMWTQDHJXK,200,5,2011;2012;2013;2014,http://negativeyouth.net/bonsai-babies/,
/bonsai-babies/feed/,feed,20140110213448,text/xml,824,6XH3IYNIBXUEHCF5ENO2UBAVHIMLYW7K,200,1,2014,http://negativeyouth.net/bonsai-babies/feed/,
/bored-this-way-2/,post,20131126094207,text/html,35265,UXBEEJPXZD2CZGB7JUUDG6Q5XTS74PLX,200,7,2011;2012;2013;2014,http://negativeyouth.net/bored-this-way-2/,
/bored-this-way-2/feed/,feed,20140109203925,text/xml,829,AYJ653AJMN2Z6ZCJHNZSV4D6SMUCRX4J,200,1,2014,http://negativeyouth.net/bored-this-way-2/feed/,
/born-this-way-2/,post,20110718225908,text/html,15219,KVMVZASDBRHYWEAKUL6O3J6YT4BNUVEZ,200,2,2011,http://negativeyouth.net/born-this-way-2/,
/born-this-way/,post,20131126104638,text/html,34282,6XRNQT22NWD674MLG6ZUFTGRW3QDVUYE,200,5,2011;2012;2013;2014,http://negativeyouth.net/born-this-way/,
/born-this-way/feed/,feed,20140110212517,text/xml,825,AOX2LSZXGH37BHZZBUEKXATWEXA3RTUH,200,1,2014,http://negativeyouth.net/born-this-way/feed/,
/boy-friend-2/,post,20110718224731,text/html,15091,MJUUML4YBD7IHVBT43ENDAAIUWHGFAC4,200,2,2011,http://negativeyouth.net/boy-friend-2/,
/boy-friend/,post,20131126125849,text/html,34093,SWJEQS6H4Y4U5BXAFT34KZ4JSOMSNCGR,200,5,2011;2012;2013;2014,http://negativeyouth.net/boy-friend/,
/boy-friend/feed/,feed,20140110222353,text/xml,819,T3FVXUN6TSQIHWUFFKGPBFWRIQMOPUOM,200,1,2014,http://negativeyouth.net/boy-friend/feed/,
/boy-ruins-lives/,post,20131126082500,text/html,33685,CBYSK5ABQXUSC52QZIRH6QKN75N6ZBRU,200,3,2013;2014,http://negativeyouth.net/boy-ruins-lives/,
/boy-ruins-lives/feed/,feed,20140109190359,text/xml,829,ZCZPD7P4LRMHIU6CP76KOBNX56A6FFHJ,200,1,2014,http://negativeyouth.net/boy-ruins-lives/feed/,
/boyfriend-x-zebra-katz/,post,20131126091630,text/html,33866,RUDHKEIG7UQIKIIJKZP22ZUCCYP32IX4,200,4,2012;2013;2014,http://negativeyouth.net/boyfriend-x-zebra-katz/,
/boyfriend-x-zebra-katz/feed/,feed,20140109193649,text/xml,842,7XPT5DMQ7MTHB4BDJOR77ENKQC65L2NQ,200,1,2014,http://negativeyouth.net/boyfriend-x-zebra-katz/feed/,
/brenmar-taking-it-down/,post,20131126110749,text/html,33592,52KHTR44OIQNLCL52QMWLB7S7OVJQ63H,200,7,2011;2012;2013;2014,http://negativeyouth.net/brenmar-taking-it-down/,
/brenmar-taking-it-down/feed/,feed,20140110213236,text/xml,849,KEY3JUT47TMCUK3I4L6GAXH6AGJYRAP6,200,1,2014,http://negativeyouth.net/brenmar-taking-it-down/feed/,
/brenmar-x-rihanna/,post,20131126093022,text/html,33628,I5RM3KOALXDUAL54BLULKTP3EOONRKXG,200,3,2013;2014,http://negativeyouth.net/brenmar-x-rihanna/,
/brenmar-x-rihanna/feed/,feed,20140109203655,text/xml,830,IWRUF62UMWMZGPSTT6U52F6LZJA4GSGD,200,1,2014,http://negativeyouth.net/brenmar-x-rihanna/feed/,
/brite-aid-sour-ep-mal004/,post,20131126084427,text/html,34490,A76HJSANBA3ESWN6YA2B5F6AOFEU4ACX,200,3,2013;2014,http://negativeyouth.net/brite-aid-sour-ep-mal004/,
/brite-aid-sour-ep-mal004/feed/,feed,20140109184334,text/xml,1009,GSHS7T7KS7RBCQREZSE2N4WH6Q2CEQUF,200,1,2014,http://negativeyouth.net/brite-aid-sour-ep-mal004/feed/,
/broken/,post,20131126104338,text/html,33752,2I752JNIREQVF4QMGU2ULGNVBVCTZSTR,200,2,2013;2014,http://negativeyouth.net/broken/,
/broken/feed/,feed,20140110212537,text/xml,813,A7JUIBJG2LF7EM4PS65O3DWOYPAU7VVV,200,1,2014,http://negativeyouth.net/broken/feed/,
/brujjas-deejay-feat-hanna-shinohara/,post,20131126090431,text/html,34316,4BGRQN2ESSGOC4WV6K3BNTNH5A7WBMMO,200,4,2012;2013;2014,http://negativeyouth.net/brujjas-deejay-feat-hanna-shinohara/,
/brujjas-deejay-feat-hanna-shinohara/feed/,feed,20140109194658,text/xml,848,EWGHUKBSTM7MTRGLDA7MGKASM6B5IO32,200,1,2014,http://negativeyouth.net/brujjas-deejay-feat-hanna-shinohara/feed/,
/bruxa/,post,20131126105833,text/html,34154,RQWIWGDHKZDOKJIW6J4NJFJ72BGUJON7,200,4,2012;2013;2014,http://negativeyouth.net/bruxa/,
/bruxa/feed/,feed,20140110213922,text/xml,812,N4WKSUWTFRGQ4OHNU7FH6QTGU5SYAWHY,200,1,2014,http://negativeyouth.net/bruxa/feed/,
/butterclock-hustling-feat-ooooo/,post,20131126095844,text/html,34064,V5PN7JZGHB4SOUCKG6BUR4QKXYNYUGQZ,200,5,2011;2012;2013;2014,http://negativeyouth.net/butterclock-hustling-feat-ooooo/,
/butterclock-hustling-feat-ooooo/feed/,feed,20140109204511,text/xml,1102,P3FCWSZ7ZVOAWIEXDSGQJ5V4Q7RWJPRE,200,1,2014,http://negativeyouth.net/butterclock-hustling-feat-ooooo/feed/,
/c-e-o-shadow-msg-mordor-mixtape/,post,20131126110705,text/html,33903,4MVWPY2F7BVGLPHZOYLXB2K3TVN2VBKM,200,5,2012;2013;2014,http://negativeyouth.net/c-e-o-shadow-msg-mordor-mixtape/,
/c-e-o-shadow-msg-mordor-mixtape/feed/,feed,20140110213212,text/xml,867,NOJKTBAEOVKEZXASI2PZVXMXQITWZQUB,200,1,2014,http://negativeyouth.net/c-e-o-shadow-msg-mordor-mixtape/feed/,
/call-her/,post,20131126084908,text/html,33590,5JCETBAXO3VMNBHYTHOULCH2ACS6TOVD,200,3,2013;2014,http://negativeyouth.net/call-her/,
/call-her/feed/,feed,20140109191214,text/xml,816,UWZEVBIBZXCGVXPLXAEFDGYXPV6LB5TF,200,1,2014,http://negativeyouth.net/call-her/feed/,
/campana-malignaritualz-en-indiegogo/,post,20131126093615,text/html,34477,HDPCKGBOHMNE5QRQ7AL2WLIZJA4JGUH3,200,2,2013;2014,http://negativeyouth.net/campana-malignaritualz-en-indiegogo/,
/campana-malignaritualz-en-indiegogo/feed/,feed,20140109202250,text/xml,871,ET4MZXHDLZMP7GLGHF6YQC3YOVEIU353,200,1,2014,http://negativeyouth.net/campana-malignaritualz-en-indiegogo/feed/,
/cape-cod/,post,20131126084220,text/html,34185,S6YZEW3LKXGZHQK4LYA4YVRQOU3HJK3I,200,4,2012;2013;2014,http://negativeyouth.net/cape-cod/,
/cape-cod/feed/,feed,20140109191615,text/xml,816,NYD6ADD5WZKS5NYL354RIJODLIRPU4OO,200,1,2014,http://negativeyouth.net/cape-cod/feed/,
/car-windows/,post,20131126112935,text/html,33353,AJD2UYBHDC4ZMWGGF67FLIISERXNOA6D,200,4,2012;2013;2014,http://negativeyouth.net/car-windows/,
/car-windows/feed/,feed,20140110213130,text/xml,821,BLGGRWWBUBBWROL5S3J44DRJXIQE2A2A,200,1,2014,http://negativeyouth.net/car-windows/feed/,
/casi-xiu-xiu-casi-deerhoof-2/,post,20131126110119,text/html,34305,SFYGBLQM7IW6EP5EUT4AGVKK4RMMNNEI,200,8,2011;2012;2013;2014,http://negativeyouth.net/casi-xiu-xiu-casi-deerhoof-2/,
/casi-xiu-xiu-casi-deerhoof-2/feed/,feed,20140110212913,text/xml,840,TDC2WGOKZZ5YZS357ZRXHFOAMARFXEH3,200,1,2014,http://negativeyouth.net/casi-xiu-xiu-casi-deerhoof-2/feed/,
/cassie-king-of-hearts/,post,20131126102115,text/html,34012,JXFMKTVN6UQXAFRE23WFGELOSMH5LDFJ,200,4,2012;2013;2014,http://negativeyouth.net/cassie-king-of-hearts/,
/cassie-king-of-hearts/feed/,feed,20140110194948,text/xml,849,DYOUKTYE4NGYQZSHCNDTEKJYWFJHSZ7B,200,1,2014,http://negativeyouth.net/cassie-king-of-hearts/feed/,
/cassie-trilogy/,post,20131126084855,text/html,33861,SAUXSR6ELCVCXIK6KQBO4CTQEQY2TNRB,200,3,2013;2014,http://negativeyouth.net/cassie-trilogy/,
/cassie-trilogy/feed/,feed,20140109195139,text/xml,827,TKUFLIIEXQCXW255QKRQ33X66UTXX7JJ,200,1,2014,http://negativeyouth.net/cassie-trilogy/feed/,
/catamaran/,post,20131126084722,text/html,34510,TY4P7FN36J4VWKZQ7DFS62EAVN6YWBAF,200,3,2013;2014,http://negativeyouth.net/catamaran/,
/catamaran/feed/,feed,20140109194036,text/xml,1016,TKODHGBTZMMSYRMPCNNTT5DXJFSSZQV6,200,1,2014,http://negativeyouth.net/catamaran/feed/,
/category/articulos/,category,20131126104723,text/html,35943,SZMGZFSKLAJOQGRHBR2HYY7RHY27EWKE,200,9,2012;2013;2014;2015,http://negativeyouth.net/category/articulos/,
/category/entrevistas/,category,20131126093547,text/html,36267,JDB6MVYOCPNRQTLGP5DJQXGNILSEKLYS,200,11,2011;2012;2013;2014,http://negativeyouth.net/category/entrevistas/,
/category/eventos/,category,20131126102418,text/html,35544,NLT2CX3ZO5Q3WBPEPBZSS344VTK3JFUH,200,12,2011;2012;2013;2014;2015,http://negativeyouth.net/category/eventos/,
/category/mixtapes/,category,20131126104715,text/html,33621,244EYLYILNCVVV73P5HJM2KVM7QOC2F6,200,13,2011;2012;2013;2014;2015,http://negativeyouth.net/category/mixtapes/,
/category/moda/,category,20131126100435,text/html,34062,2VOXQUZJWGNAUJO3NST6ROHGFG57V7K3,200,10,2011;2012;2013;2014;2015,http://negativeyouth.net/category/moda/,
/category/moda/page/2/,category,20140318110741,text/html,11290,4OIHOEZE5HJOLBRHA2DBWJEUOQ6SD5VP,200,2,2014,http://negativeyouth.net/category/moda/page/2/,
/category/musica/,category,20131126093541,text/html,32581,2BGWDA7OQLS35MVY6MYYAEUXBEJWOHQK,200,14,2011;2012;2013;2014;2015,http://negativeyouth.net/category/musica/,
/category/musica/page/2/,category,20130407175544,text/html,30930,JNZK3NU54M2MED7GY2ITQZMOO67GZFX2,200,1,2013,http://negativeyouth.net/category/musica/page/2/,
/category/resenas/,category,20111222193026,text/html,20480,JVAZXT4L4YQTI6VOYNMMYX324RUW236Q,200,1,2011,http://negativeyouth.net/category/resenas/,
/category/uncategorized/,category,20110517222126,text/html,14266,STC2KJKTGBI4J2QEB2V7FL7H5CZZW2FI,200,1,2011,http://negativeyouth.net/category/uncategorized/,
/category/video/,category,20131126130051,text/html,32291,DZAJQTBXQALJCALI2HLKUYBGNMS6Z6GN,200,15,2011;2012;2013;2014;2015,http://negativeyouth.net/category/video/,
/category/video/page/2/,category,20140103043412,text/html,8160,CP2ICOZ4LM5PD57VW5E53WMCM7ZNYEYT,200,1,2014,http://negativeyouth.net/category/video/page/2/,
/catnapp/,post,20131126094235,text/html,34139,P4FJEIIS3F7TVWHZ3NWQWDDLJRFIOKIP,200,4,2012;2013;2014,http://negativeyouth.net/catnapp/,
/catnapp/feed/,feed,20140109200510,text/xml,814,56THIGHHRAUJS3ZMWGP6OKXQ32D77P5Q,200,1,2014,http://negativeyouth.net/catnapp/feed/,
/cel/,post,20131126092333,text/html,33404,5QHRIKDTCGWOJAQZMMF5JQ56PCMD5MB4,200,3,2013;2014,http://negativeyouth.net/cel/,
/cel/feed/,feed,20140109195141,text/xml,808,RKWDOV6OD5IB5ZPCVYNQDTXVKQ3GGGVT,200,1,2014,http://negativeyouth.net/cel/feed/,
/chainless/,post,20131126084217,text/html,33737,RTZVZ3CZSPWL4ZQHGKNJEGEOGBLNLDXJ,200,3,2013;2014,http://negativeyouth.net/chainless/,
/chainless/feed/,feed,20140109191434,text/xml,818,7BY3RHN5EHKGLHI7C4PH3ON46P2WNAUC,200,1,2014,http://negativeyouth.net/chainless/feed/,
/charli-xcx-so-far-away-princes-video-remix/,post,20131126104059,text/html,33521,6SF5EPPZF7HKKSG677KWAVWJYMSORSTQ,200,5,2012;2013;2014,http://negativeyouth.net/charli-xcx-so-far-away-princes-video-remix/,
/charli-xcx-so-far-away-princes-video-remix/feed/,feed,20140110213622,text/xml,887,KAMKU3TJXYCGOZN3GZSX34A5RSKQGEQT,200,1,2014,http://negativeyouth.net/charli-xcx-so-far-away-princes-video-remix/feed/,
/charli-xcx-stay-away-salems-angel-remix/,post,20131126112555,text/html,33939,DHNPOWZEDJM3KWQP3HWXZTUJEJLSAFUG,200,8,2011;2012;2013;2014,http://negativeyouth.net/charli-xcx-stay-away-salems-angel-remix/,
/charli-xcx-stay-away-salems-angel-remix/feed/,feed,20140110212513,text/xml,884,I7IHJBUTCT3TAC7FP3F2SQ5TLFMZKGLK,200,1,2014,http://negativeyouth.net/charli-xcx-stay-away-salems-angel-remix/feed/,
/charli-xcx-youre-the-one/,post,20131126091623,text/html,33946,2FWF6WKIGA66XREIQUGT2QJ2IRFAHRN6,200,4,2012;2013;2014,http://negativeyouth.net/charli-xcx-youre-the-one/,
/charli-xcx-youre-the-one/feed/,feed,20140109194625,text/xml,855,X4CFXBRONKX7VUAL7NW7FDH5YPA7FQFR,200,1,2014,http://negativeyouth.net/charli-xcx-youre-the-one/feed/,
/chillwave-checklist-2/,post,20110718224034,text/html,15120,XZSNDIP2JELP76XTOZNWBFQZ34X4XX44,200,2,2011,http://negativeyouth.net/chillwave-checklist-2/,
/chillwave-checklist/,post,20131126102231,text/html,34145,3ZOJHYCWUA6BBEDYY23OZADOEGQLQHG6,200,7,2011;2012;2013;2014,http://negativeyouth.net/chillwave-checklist/,
/chillwave-checklist/feed/,feed,20140111004849,text/xml,834,W7GBGWQRMKXDBWFSCKIO4JU3VKYA3AZG,200,1,2014,http://negativeyouth.net/chillwave-checklist/feed/,
/chvrches/,post,20131126084241,text/html,33499,AVBFFC3XJBOUJD7WULBWDCJDLL4I333U,200,4,2013;2014,http://negativeyouth.net/chvrches/,
/chvrches/feed/,feed,20140109183446,text/xml,819,2OZJ4GJOT5ELHVF4L3JHDGIYIDOELFWX,200,1,2014,http://negativeyouth.net/chvrches/feed/,
/clams-casino-im-god-instrumental/,post,20131126094158,text/html,34457,B7UN24UKGOLYAOQ6CNDEIBCLAIJPOZR4,200,8,2011;2012;2013;2014,http://negativeyouth.net/clams-casino-im-god-instrumental/,
/clams-casino-im-god-instrumental/feed/,feed,20140109202608,text/xml,874,LFUNC73B72AD73PD2Y3ZEXOYMFWQOEDG,200,1,2014,http://negativeyouth.net/clams-casino-im-god-instrumental/feed/,
/classified/,post,20131126092300,text/html,33709,7WQYSZDZENDBQI5A6RGWJOA56C5XHCOK,200,3,2013;2014,http://negativeyouth.net/classified/,
/classified/feed/,feed,20140109200439,text/xml,818,RRHJRO5BNXEG4A3ZANSC6672GOLHEFND,200,1,2014,http://negativeyouth.net/classified/feed/,
/cloud-aura/,post,20131126092346,text/html,33519,SIQP4KI7WZI33764XB7JUXJGNTG53I6S,200,3,2013;2014,http://negativeyouth.net/cloud-aura/,
/cloud-aura/feed/,feed,20140109193103,text/xml,820,2RJMORBTRZD6NHRCQRGKP2UQVZY5YI5E,200,1,2014,http://negativeyouth.net/cloud-aura/feed/,
/coins/,post,20131126104315,text/html,33846,ONNFHPEC3HGG5YM2N2RVESRKWWNI62TG,200,3,2013;2014,http://negativeyouth.net/coins/,
/coins/feed/,feed,20140110212726,text/xml,814,5HSJYPWW2KYBL7Z6ZYTRZ3I6Y3NDXNSL,200,1,2014,http://negativeyouth.net/coins/feed/,
/cold-nites-koreless-remix/,post,20131126094541,text/html,33718,XEIKXVILSAI27Q42HRU3OCPTIYVNNO2J,200,4,2012;2013;2014,http://negativeyouth.net/cold-nites-koreless-remix/,
/cold-nites-koreless-remix/feed/,feed,20140109202246,text/xml,850,PDCYPCPUDBD4I3QC7RKNW67VZVSPBIN4,200,1,2014,http://negativeyouth.net/cold-nites-koreless-remix/feed/,
/cold-nites/,post,20131126095233,text/html,33690,QUPW4MXUQEPHPHCOHUUWZWBOOYVGARB6,200,4,2012;2013;2014,http://negativeyouth.net/cold-nites/,
/cold-nites/feed/,feed,20140109203141,text/xml,820,NUEFFPHWADU6HGWLSG6AQQBS2SASTPED,200,1,2014,http://negativeyouth.net/cold-nites/feed/,
/come-clean-mallinali-rubalcaba-yautepec-2/,post,20131126110431,text/html,34382,EPQCHL4SIPW24I4K6SMCVBDWCJ4ZLOFM,200,9,2011;2012;2013;2014,http://negativeyouth.net/come-clean-mallinali-rubalcaba-yautepec-2/,
/come-clean-mallinali-rubalcaba-yautepec-2/feed/,feed,20140110213751,text/xml,884,4PQIK64DPSG77HA4R2S7HYYAFC3Z3H6D,200,1,2014,http://negativeyouth.net/come-clean-mallinali-rubalcaba-yautepec-2/feed/,
/comma-ruttus/,post,20131126105826,text/html,33703,UQY7AJQBUEMJ3UY5QMTEV66C4MHAE5KC,200,3,2013;2014,http://negativeyouth.net/comma-ruttus/,
/comma-ruttus/feed/,feed,20140110213844,text/xml,822,R4BCTXTC2JVJTL63TBLK66ZGMM533BRD,200,1,2014,http://negativeyouth.net/comma-ruttus/feed/,
/comments/feed/,feed,20140210081941,text/xml,2902,KQMFWVJA5IPSGLBXPTKA5ZQMDY2IKK6N,200,20,2011;2012;2013;2014;2025,http://negativeyouth.net/comments/feed/,https://negativeyouth.net/comments/feed/
/corona-capitalismo/,post,20131126092159,text/html,36629,SHFD45VFHTXZRXEADFJIHWSZCTGAMAER,200,5,2012;2013;2014,http://negativeyouth.net/corona-capitalismo/,
/corona-capitalismo/feed/,feed,20140109192834,text/xml,995,77DRB7OEJLUKNMATARA3P5JYW56KUQ6G,200,1,2014,http://negativeyouth.net/corona-capitalismo/feed/,
/corpcore-kingdom-remix/,post,20131126104116,text/html,34386,ACUSC4LIF32ZZRYATVO6JYXODXEBLTO3,200,4,2012;2013;2014,http://negativeyouth.net/corpcore-kingdom-remix/,
/corpcore-kingdom-remix/feed/,feed,20140110212325,text/xml,1116,V4ZMQHWZCLXFEWF7EWHIFX4ODB2WRUWW,200,1,2014,http://negativeyouth.net/corpcore-kingdom-remix/feed/,
/cosmic-angel-the-illuminati-princess/,post,20131126082659,text/html,34081,46UP56H53KR7FYCLMFLJBDVGFK7TTYR2,200,4,2012;2013;2014,http://negativeyouth.net/cosmic-angel-the-illuminati-princess/,
/cosmic-angel-the-illuminati-princess/feed/,feed,20140109190215,text/xml,865,ZSDQTXJGW5O7KAPCMHHQ5SUWOGWPIUPC,200,1,2014,http://negativeyouth.net/cosmic-angel-the-illuminati-princess/feed/,
/coyote/,post,20131126084254,text/html,33811,U2C57NRV7CY3T7QRURFX6GNF6YQA7UMT,200,2,2013;2014,http://negativeyouth.net/coyote/,
/coyote/feed/,feed,20140109190627,text/xml,813,CFOAKRO2SVXLOAY5OIDJWZEEVOVUXSKD,200,1,2014,http://negativeyouth.net/coyote/feed/,
/crackbusting-angels-remixes-2/,post,20110718230951,text/html,15935,ZUBYJ5C34ELVG5RXTLHNUYV5DIDKIC6Q,200,2,2011,http://negativeyouth.net/crackbusting-angels-remixes-2/,
/craxxxmurf-r-i-p/,post,20131205043421,text/html,33667,5OXICYQPNSUV4IBYOIGBJMIPO65YCXXY,200,5,2012;2013;2014,http://negativeyouth.net/craxxxmurf-r-i-p/,
/craxxxmurf-r-i-p/feed/,feed,20140109183355,text/xml,841,SBFDONNGDW5W2M72FL5LJLGBSBNPC3L2,200,2,2013;2014,http://negativeyouth.net/craxxxmurf-r-i-p/feed/,
/craxxxmurf/,post,20131126085918,text/html,34039,BENTATH3H2H3QAWOSEIMFVFUXUL6SS76,200,4,2012;2013;2014,http://negativeyouth.net/craxxxmurf/,
/craxxxmurf/feed/,feed,20140109192246,text/xml,822,GMDUEJM7UTYQKA4YF3WSAM5VXXR3K3MW,200,1,2014,http://negativeyouth.net/craxxxmurf/feed/,
/creep-animals-feat-holly-miranda/,post,20131126125830,text/html,34109,I6QMTBE66PEPPO7RFNM4OSEOQQG32BSF,200,4,2012;2013;2014,http://negativeyouth.net/creep-animals-feat-holly-miranda/,
/creep-animals-feat-holly-miranda/feed/,feed,20140110220252,text/xml,1048,VAE7KBNOZWE2HLQYOBHOED5R3PI4V476,200,1,2014,http://negativeyouth.net/creep-animals-feat-holly-miranda/feed/,
/creep-days-2/,post,20131126112929,text/html,33994,BRGYB25GLZH63M6MMWMILLFEFSLSM7FC,200,8,2011;2012;2013;2014,http://negativeyouth.net/creep-days-2/,
/creep-days-2/feed/,feed,20140110212723,text/xml,831,ROCZ7SXNI64FGWUZF7TTD2CTAJAXXGU3,200,1,2014,http://negativeyouth.net/creep-days-2/feed/,
/creep-feat-nina-sky-you-2/,post,20110718224045,text/html,15015,7PLJYHJRVHY4Y3TBO3PG6Y7UP75SDPOE,200,2,2011,http://negativeyouth.net/creep-feat-nina-sky-you-2/,
/creep-feat-nina-sky-you/,post,20131126110533,text/html,34069,XO2K652HMLC7DXAS77643W4TGNJSOCN3,200,5,2011;2012;2013;2014,http://negativeyouth.net/creep-feat-nina-sky-you/,
/creep-feat-nina-sky-you/feed/,feed,20140110212532,text/xml,850,ZR3G7PT4YMVYWX34FC7G3TZDHCOXKY4M,200,1,2014,http://negativeyouth.net/creep-feat-nina-sky-you/feed/,
/creep-nina-sky/,post,20131126110245,text/html,34040,ZAPOPBUZQA5O7IGZUC4D3WSHJR3F7YDJ,200,7,2011;2012;2013;2014,http://negativeyouth.net/creep-nina-sky/,
/creep-nina-sky/feed/,feed,20140110213311,text/xml,1175,JIABHDBLBFP3W2QZP3O7AMLY52BOIZNG,200,1,2014,http://negativeyouth.net/creep-nina-sky/feed/,
/crime-fetish/,post,20131126094955,text/html,33845,OC4QPKJWJRXNNJY56WFJNTOULQVR7Q4V,200,3,2013;2014,http://negativeyouth.net/crime-fetish/,
/crime-fetish/feed/,feed,20140109203438,text/xml,825,QUJ7DIVOZNEPXDSBBQRWYM5ZBWQ7CIUS,200,1,2014,http://negativeyouth.net/crime-fetish/feed/,
/crossover-how-could-i-2/,post,20110718222609,text/html,14755,WGPMTOJT5ITHD22HJLPGBJ5EUIAVPOHA,200,2,2011,http://negativeyouth.net/crossover-how-could-i-2/,
/crystal-casltes-affection/,post,20131126100825,text/html,34117,UZ5W575FBIHGO6KYC66JSL3CJN77NHNT,200,4,2012;2013;2014,http://negativeyouth.net/crystal-casltes-affection/,
/crystal-casltes-affection/feed/,feed,20140109203158,text/xml,1046,Q7YPV2WJLHYPKSFARG5KVZ3GTC2GHHX4,200,1,2014,http://negativeyouth.net/crystal-casltes-affection/feed/,
/crystal-castles-iii/,post,20131126084309,text/html,33771,XOJJJHYSYWJO4KRKVFFUZGGW6647R56C,200,4,2012;2013;2014,http://negativeyouth.net/crystal-castles-iii/,
/crystal-castles-iii/feed/,feed,20140109182447,text/xml,836,CJQDGSRD2UQC4VKWK6Z2ATPRDGWWE6BE,200,1,2014,http://negativeyouth.net/crystal-castles-iii/feed/,
/crystal-castles-plague/,post,20131126083815,text/html,33889,62KOEPWJCG7IGGTR6TZB5HO6OSUBDLR2,200,4,2012;2013;2014,http://negativeyouth.net/crystal-castles-plague/,
/crystal-castles-plague/feed/,feed,20140109183113,text/xml,848,TEQUDAP6XJZDYO2ATOWXWLQ4SJ6KO5VT,200,1,2014,http://negativeyouth.net/crystal-castles-plague/feed/,
/crystal-castles-robert-smith-2/,post,20110718224742,text/html,14895,GV3JQEH26TCMLA7Y5JJSY762YBVZC6CM,200,2,2011,http://negativeyouth.net/crystal-castles-robert-smith-2/,
/curse/,post,20131126104156,text/html,34041,LOU42JRPSGJURDDWZQVLKJCSWUPBYC5L,200,3,2013;2014,http://negativeyouth.net/curse/,
/curse/feed/,feed,20140111004853,text/xml,814,IXCSV7WCQLZ7MRPO6LCQ33MTBWDVM6PH,200,1,2014,http://negativeyouth.net/curse/feed/,
/cvlt-classics-hun-came/,post,20131126113220,text/html,33798,DWSG4X4IAH24XFXBOAUGRZIDQEEIPY22,200,5,2011;2012;2013;2014,http://negativeyouth.net/cvlt-classics-hun-came/,
/cvlt-classics-hun-came/feed/,feed,20140110214628,text/xml,849,24OKJSHUTOEOX3I33IGRTDZAU2U3NQTT,200,1,2014,http://negativeyouth.net/cvlt-classics-hun-came/feed/,
/d-medley/,post,20131126082926,text/html,33683,LTICCI4QH2GQYCZE44HPIKFOYVDQMBUL,200,4,2012;2013;2014,http://negativeyouth.net/d-medley/,
/d-medley/feed/,feed,20140109183653,text/xml,816,P4LA2PLVZLI5UPOM4VEPKKL2GBEN3CJW,200,1,2014,http://negativeyouth.net/d-medley/feed/,
/damian-marley-nas-patience-2/,post,20110718225918,text/html,14830,FTOKHGEOBFUYZDX64PBRFBNKIGAJ6VJL,200,2,2011,http://negativeyouth.net/damian-marley-nas-patience-2/,
/damian-marley-nas-patience/,post,20131126085343,text/html,33879,VEOKR35QYRBQVVLQLG3BWWNSHBDDEGED,200,5,2011;2012;2013;2014,http://negativeyouth.net/damian-marley-nas-patience/,
/damian-marley-nas-patience/feed/,feed,20140109193250,text/xml,858,2DPUMNESAW4A4X5FQPVBMO7DYEXT63L4,200,1,2014,http://negativeyouth.net/damian-marley-nas-patience/feed/,
/dancing-anymore/,post,20131126101014,text/html,33476,4OGMKEZGWI24TSIXPKPI3PQQAWGZVG6X,200,2,2013;2014,http://negativeyouth.net/dancing-anymore/,
/dancing-anymore/feed/,feed,20140109203547,text/xml,831,DLUAVG6RH7DB7L3YMR7OPOZGXSRIJLJ5,200,1,2014,http://negativeyouth.net/dancing-anymore/feed/,
/dangerous-boys-club/,post,20131126083043,text/html,33387,DI7ZPN26YWZSCTHF2Z2D2ISKFLAFDIBT,200,2,2013;2014,http://negativeyouth.net/dangerous-boys-club/,
/dangerous-boys-club/feed/,feed,20140109191816,text/xml,838,YGSOBXCFIEIDKKBPUAIR7IVBJLXIOCC3,200,1,2014,http://negativeyouth.net/dangerous-boys-club/feed/,
/dani-shivers-graves/,post,20131126113309,text/html,34053,4CDLCASOV66EBHIBS5I2LAVBEDXHLM2K,200,6,2012;2013;2014,http://negativeyouth.net/dani-shivers-graves/,
/dani-shivers-graves/feed/,feed,20140110214903,text/xml,844,NCDOJU2UAY4VG2PBIBNWPDD5HYANMK5A,200,1,2014,http://negativeyouth.net/dani-shivers-graves/feed/,
/dani-shivers-up/,post,20131126102459,text/html,34473,W55EQKIJ7BMI5CNLHK2YT5MVY7LWNZ7K,200,4,2012;2013;2014,http://negativeyouth.net/dani-shivers-up/,
/dani-shivers-up/feed/,feed,20140110202740,text/xml,1264,J75FNKHROFDTMJXDNOCQPF7V6XJ4Z5CQ,200,1,2014,http://negativeyouth.net/dani-shivers-up/feed/,
/dani-shivers-witch/,post,20131126105145,text/html,34178,QCRN464TDAI2OFHUNBH36KTKKZ2W2QLS,200,6,2011;2012;2013;2014,http://negativeyouth.net/dani-shivers-witch/,
/dani-shivers-witch/feed/,feed,20140110213349,text/xml,1150,2HNR6ZRRWBXUX23A7GZQJPA3VHJ5ZIE2,200,1,2014,http://negativeyouth.net/dani-shivers-witch/feed/,
/dark-killer-dance-night/,post,20131126122150,text/html,35226,F3JWJULFC763STPBKNCYRDP4QCWUIMUL,200,5,2011;2012;2013;2014,http://negativeyouth.net/dark-killer-dance-night/,
/dark-killer-dance-night/feed/,feed,20140110214145,text/xml,1081,YSV46WZF5ZJFYGYAYW3TLANENOQ2CUIW,200,1,2014,http://negativeyouth.net/dark-killer-dance-night/feed/,
/dark-sister/,post,20131126104552,text/html,33910,A3RJS626JATF3V5LSIS56YQ5BBT74K54,200,4,2012;2013;2014,http://negativeyouth.net/dark-sister/,
/dark-sister/feed/,feed,20140110212801,text/xml,821,EZXUIN7SD2NLXYKLNIM3CIWBRLI2NDAK,200,1,2014,http://negativeyouth.net/dark-sister/feed/,
/dark-york/,post,20131126091856,text/html,34486,DAV4TGBQXVACTISBKIDCQSM2V3TGKE55,200,7,2012;2013;2014,http://negativeyouth.net/dark-york/,
/dark-york/feed/,feed,20140109191010,text/xml,1289,L6A34PSTFS4XWLREV2RLJYD4D55NBMRH,200,2,2013;2014,http://negativeyouth.net/dark-york/feed/,
/darkbloom/,post,20131126125757,text/html,33885,4RFEJS2LATKRGK4J5HC2V7KGNPDJRB7C,200,8,2011;2012;2013;2014,http://negativeyouth.net/darkbloom/,
/darkbloom/feed/,feed,20140110222846,text/xml,817,GA5F2U2VUCIOVW2B5R3XHXSS3NAQMES4,200,1,2014,http://negativeyouth.net/darkbloom/feed/,
/das-racist-michael-jackson/,post,20131126112817,text/html,33820,NDOIQATKBM43NQJ4JWRSYGQETGQ3BGEE,200,5,2011;2012;2013;2014,http://negativeyouth.net/das-racist-michael-jackson/,
/das-racist-michael-jackson/feed/,feed,20140110213122,text/xml,857,KKZ5ITVM5P3IMKX67I3F3JB4BMYXARJB,200,1,2014,http://negativeyouth.net/das-racist-michael-jackson/feed/,
/david-lynch-good-day-todayi-know-2/,post,20131126091905,text/html,33789,P2P2GH4KVE4LXKVY2MSRVZF3RQH4KF2D,200,8,2011;2012;2013;2014,http://negativeyouth.net/david-lynch-good-day-todayi-know-2/,
/david-lynch-good-day-todayi-know-2/feed/,feed,20140109191822,text/xml,868,AUBXPWANL5ADAMJ7N7PMCSRXHEYTW3LN,200,1,2014,http://negativeyouth.net/david-lynch-good-day-todayi-know-2/feed/,
/de-la-cabeza/,post,20131126090210,text/html,34335,GCNLY5CDWYTNOF2ASN2JY2KRWFNRPE2T,200,4,2012;2013;2014,http://negativeyouth.net/de-la-cabeza/,
/de-la-cabeza/feed/,feed,20140109192231,text/xml,825,KXOYLMRJG6BBIMPX7JJOU5FLVFEVTKWJ,200,1,2014,http://negativeyouth.net/de-la-cabeza/feed/,
/deeeep-2/,post,20110718225303,text/html,14567,T2VNUE77FYFDRL4HQ2CXWVN2YHV4YQJH,200,2,2011,http://negativeyouth.net/deeeep-2/,
/deeeep/,post,20131126112418,text/html,33596,ESPLEICMFOXDWWQ5UO4BSH4LFCYOUNH3,200,5,2011;2012;2013;2014,http://negativeyouth.net/deeeep/,
/deeeep/feed/,feed,20140110213312,text/xml,812,TECQ62TQQJY7DXDTB7TLSEPEFG4OCSDR,200,1,2014,http://negativeyouth.net/deeeep/feed/,
/deon-al-qiyamah/,post,20131126092514,text/html,33758,USO7T4YYCGSUXHRKYBIHBGBXB7PJX22P,200,5,2012;2013;2014,http://negativeyouth.net/deon-al-qiyamah/,
/deon-al-qiyamah/feed/,feed,20140109192321,text/xml,844,5JTPQMQXHNZZ624DN3HMD6V6K2YQUVCJ,200,1,2014,http://negativeyouth.net/deon-al-qiyamah/feed/,
/deon-feat-marie-jane-kiss-me/,post,20131126112733,text/html,33893,ZJ5MMXD6FR23CXQB33UPDQSI753UBRZE,200,5,2011;2012;2013;2014,http://negativeyouth.net/deon-feat-marie-jane-kiss-me/,
/deon-feat-marie-jane-kiss-me/feed/,feed,20140111004857,text/xml,861,TC52GBNC6DCEF64SXE77SSZNNMLPV4ZC,200,1,2014,http://negativeyouth.net/deon-feat-marie-jane-kiss-me/feed/,
/deon-music-for-keyboards-vol1/,post,20131126102109,text/html,34059,5YSOS3X222JNKFBZFI55LDOEFUJDZ3SQ,200,3,2013;2014,http://negativeyouth.net/deon-music-for-keyboards-vol1/,
/deon-music-for-keyboards-vol1/feed/,feed,20140110183354,text/xml,869,AAN4FUX36RWFKK4ERAP7KEZGMF6CKLHR,200,1,2014,http://negativeyouth.net/deon-music-for-keyboards-vol1/feed/,
/deon-transparency-how-to-dress-well-rework/,post,20131126120101,text/html,33923,THJX3SXC36ZNS43RKLFKD4HIQO5FSJMX,200,7,2011;2012;2013;2014,http://negativeyouth.net/deon-transparency-how-to-dress-well-rework/,
/deon-transparency-how-to-dress-well-rework/feed/,feed,20140110215306,text/xml,888,YC5M6XW366LK5SOSYXWGJKNQKNZBL6US,200,1,2014,http://negativeyouth.net/deon-transparency-how-to-dress-well-rework/feed/,
/desert-strike-ep-stream/,post,20131126084548,text/html,33789,M34EHC74FD24U2PTMINUD7M4IK3UGHO3,200,5,2012;2013;2014,http://negativeyouth.net/desert-strike-ep-stream/,
/desert-strike-ep-stream/feed/,feed,20140109185615,text/xml,844,SEFDARHWBKFHV47YONMTDBHOV57P6U7O,200,1,2014,http://negativeyouth.net/desert-strike-ep-stream/feed/,
/destroyer-remix/,post,20131126090320,text/html,34395,K4JZILLZIXC54SSC6K26PP7O7TCEZAT5,200,4,2012;2013;2014,http://negativeyouth.net/destroyer-remix/,
/destroyer-remix/feed/,feed,20140109194545,text/xml,831,PXQKGCVSO3ERGWGMMIEX36YQ3J32V7W7,200,1,2014,http://negativeyouth.net/destroyer-remix/feed/,
/die-antwoord-rich-bitch-2/,post,20110718225928,text/html,14711,TTR4OQKRLFFYYVOKI7PYXPAMQ2Z7BPHK,200,2,2011,http://negativeyouth.net/die-antwoord-rich-bitch-2/,
/die-antwoord-rich-bitch/,post,20131126095726,text/html,33700,WEYQJKEIRMVYER53OYN5JZITDLDDKXZU,200,5,2011;2012;2013;2014,http://negativeyouth.net/die-antwoord-rich-bitch/,
/die-antwoord-rich-bitch/feed/,feed,20140109201500,text/xml,846,L6GTMVFVMHLHDER3W3MMKD56MGDK2TJA,200,1,2014,http://negativeyouth.net/die-antwoord-rich-bitch/feed/,
/digital-latex-pattern-recognition-mal008/,post,20131126090209,text/html,33734,HVYTFJGLNR63UBD3OYOUZP7DBW5FHVZI,200,3,2013;2014,http://negativeyouth.net/digital-latex-pattern-recognition-mal008/,
/digital-latex-pattern-recognition-mal008/feed/,feed,20140109192253,text/xml,884,LFM4UABB7CBAFCGQKJKNDUZBP6FC3QL3,200,1,2014,http://negativeyouth.net/digital-latex-pattern-recognition-mal008/feed/,
/dipset-trance-party-2/,post,20110517222437,text/html,12897,6YAPNTBFZ6JFI6RQZMPKQJUEBNG2AQ5D,200,1,2011,http://negativeyouth.net/dipset-trance-party-2/,
/dipset-trance-party/,post,20131126085312,text/html,34207,MBX4DKGN53JN4RLRVFSMDDQAAC625BVB,200,7,2011;2012;2013;2014,http://negativeyouth.net/dipset-trance-party/,
/dipset-trance-party/feed/,feed,20140109192153,text/xml,1171,7GOJJGNIPWD5IT2KZRECISJCEQTXWLDS,200,1,2014,http://negativeyouth.net/dipset-trance-party/feed/,
/disaro-o-f-f/,post,20131126094653,text/html,34821,5W7SFAIV5CH65MUSPXYXLWFJKZUWEPKU,200,7,2011;2012;2013;2014,http://negativeyouth.net/disaro-o-f-f/,
/disaro-o-f-f/feed/,feed,20140109202751,text/xml,1055,6L2QA65IKYOVWYS5O3UBLT5ZOVDFF3GX,200,1,2014,http://negativeyouth.net/disaro-o-f-f/feed/,
/dj-hoodcore/,post,20131126090035,text/html,33954,2JXFFLMK574DI47SXRNJBHYFCA7BR624,200,4,2012;2013;2014,http://negativeyouth.net/dj-hoodcore/,
/dj-hoodcore/feed/,feed,20140109191625,text/xml,820,XGKC7C7KS5WZQNLYHU7QNEMYRARQ7YZT,200,1,2014,http://negativeyouth.net/dj-hoodcore/feed/,
/dj-javier-estrada-adicta-fuck-you/,post,20131126094948,text/html,34349,BNIPAAGUI6LQ6UV225POE6ISISG32HV3,200,5,2011;2012;2013;2014,http://negativeyouth.net/dj-javier-estrada-adicta-fuck-you/,
/dj-javier-estrada-adicta-fuck-you/feed/,feed,20140109203403,text/xml,870,P42KRYDFVPHSZUMLQF6FHOLBNFLPDBXZ,200,1,2014,http://negativeyouth.net/dj-javier-estrada-adicta-fuck-you/feed/,
/dj-maquina-de-muerte-sangree/,post,20131126112703,text/html,34792,KPR6FPSSO5WVOOVMH5EK5267LXD27YOB,200,5,2011;2012;2013;2014,http://negativeyouth.net/dj-maquina-de-muerte-sangree/,
/dj-maquina-de-muerte-sangree/feed/,feed,20140111004932,text/xml,1134,45CGV3PKYYAQITWFYJOUIEYY5N3GIVCY,200,1,2014,http://negativeyouth.net/dj-maquina-de-muerte-sangree/feed/,
/dj-one-destiny-100back2school200-mix/,post,20131126110721,text/html,34263,TWOPLTD6O6UJHR6YDIOLKFBF6KRS6TVJ,200,5,2012;2013;2014,http://negativeyouth.net/dj-one-destiny-100back2school200-mix/,
/dj-one-destiny-100back2school200-mix/feed/,feed,20140111005012,text/xml,872,YEUVU7WE4HIJD4FCAH32SZW4NKACVRK5,200,1,2014,http://negativeyouth.net/dj-one-destiny-100back2school200-mix/feed/,
/dj-pablito-mix-moombathon-live-set-vol-1/,post,20131126093220,text/html,34685,MNFTBMDQQENWBPUH7MDV6OSZC2PX6UE5,200,4,2012;2013;2014,http://negativeyouth.net/dj-pablito-mix-moombathon-live-set-vol-1/,
/dj-pablito-mix-moombathon-live-set-vol-1/feed/,feed,20140109202643,text/xml,1222,LTJKAADPJJROKGYDVWMNAPYOO7HAJVO6,200,1,2014,http://negativeyouth.net/dj-pablito-mix-moombathon-live-set-vol-1/feed/,
/dj-smurphy-nightwaves/,post,20131126110027,text/html,33931,6VEXGQGFYEY2MP5K2MBJOOV6PEKP2KBN,200,4,2012;2013;2014,http://negativeyouth.net/dj-smurphy-nightwaves/,
/dj-smurphy-nightwaves/feed/,feed,20140110212147,text/xml,849,ENS6JRHHJKQHTDIS6NDJBYWPOYVUUFIO,200,1,2014,http://negativeyouth.net/dj-smurphy-nightwaves/feed/,
/dj-smurphy-smurphwave-mal006/,post,20131126090342,text/html,34711,L5BINUICEDVS3LDUOKEU7COUH64NLWKF,200,3,2013;2014,http://negativeyouth.net/dj-smurphy-smurphwave-mal006/,
/dj-smurphy-smurphwave-mal006/feed/,feed,20140109192656,text/xml,1331,6T22TQGP6R677VQX6G7X6IENQGQZ6NY5,200,1,2014,http://negativeyouth.net/dj-smurphy-smurphwave-mal006/feed/,
/dj-smurphy-troll-romance/,post,20131126084704,text/html,33854,75G7IFTKKFZI5DNBRBNRPLKRRGBYGGAE,200,4,2012;2013;2014,http://negativeyouth.net/dj-smurphy-troll-romance/,
/dj-smurphy-troll-romance/feed/,feed,20140109193328,text/xml,853,OW3NNCZLAFCG5WPY3XAKPSOBRYBHLOSM,200,1,2014,http://negativeyouth.net/dj-smurphy-troll-romance/feed/,
/dj-symbiotix/,post,20131126085736,text/html,38204,LKHAIZTNQIEZZQFEKZRVDLZZZLZYATKO,200,4,2012;2013;2014,http://negativeyouth.net/dj-symbiotix/,
/dj-symbiotix/feed/,feed,20140109192613,text/xml,825,BNFE2H66GQXF3KYPM5Q5KIJ6PTWJB44M,200,1,2014,http://negativeyouth.net/dj-symbiotix/feed/,
/dntel-enya-mixes/,post,20131126094923,text/html,33604,OTAPN2J6ZW3D7LJ2RSPFS4SC5X5K4MDK,200,4,2012;2013;2014,http://negativeyouth.net/dntel-enya-mixes/,
/dntel-enya-mixes/feed/,feed,20140109200831,text/xml,838,EM4T3D7XZTAYE5536WRRFDDA6IX7HLC3,200,1,2014,http://negativeyouth.net/dntel-enya-mixes/feed/,
/do-it/,post,20131126093247,text/html,33730,HUANPIG7PMQD2BDKX5OQPAVGY4U3MC3G,200,3,2013;2014,http://negativeyouth.net/do-it/,
/do-it/feed/,feed,20140109200451,text/xml,811,DWCYQBXSAG427PXTRHKXHJM2GEN66V6C,200,1,2014,http://negativeyouth.net/do-it/feed/,
/dont/,post,20131126083424,text/html,33656,NQOVJBY22EUNXWI6EQ6OOH7WJPUFPMRQ,200,3,2013;2014,http://negativeyouth.net/dont/,
/dont/feed/,feed,20140109190931,text/xml,818,M5ECKBXF3RPFZK667IOSXGPNYRJVZQD7,200,1,2014,http://negativeyouth.net/dont/feed/,
/dream-affair/,post,20131126084903,text/html,33607,2XU7YQXZLDKXNMD2H5A3JPVJWDLPY2U2,200,4,2013;2014;2015,http://negativeyouth.net/dream-affair/,
/dream-affair/feed/,feed,20140109195105,text/xml,824,AUV47OSKBDNXXQBKGORAHT63WPLJFPRO,200,1,2014,http://negativeyouth.net/dream-affair/feed/,
/dresden-dresses/,post,20131126084737,text/html,33654,6SWTBNV3MFJ5FYOJSJOCZ6TUZAGKTU46,200,3,2013;2014,http://negativeyouth.net/dresden-dresses/,
/dresden-dresses/feed/,feed,20140109190932,text/xml,824,GZKIFAECTPFGTDRDGMXUH5A5CPHMLWGW,200,1,2014,http://negativeyouth.net/dresden-dresses/feed/,
/dressed-for-space/,post,20131126090605,text/html,33522,MFCB64SZD4FSMBRIL4AK66XGPSK7XNJK,200,5,2012;2013;2014,http://negativeyouth.net/dressed-for-space/,
/dressed-for-space/feed/,feed,20140109191635,text/xml,831,HIASZQBZQJAK5JWHPJF6RLJDD5YHGFMF,200,1,2014,http://negativeyouth.net/dressed-for-space/feed/,
/drift-kings/,post,20131126090346,text/html,33712,CUGUYG3ZYXBGQ2YGLMY2IQWZ6KJDN3TD,200,3,2013;2014,http://negativeyouth.net/drift-kings/,
/drift-kings/feed/,feed,20140109190659,text/xml,822,R2MBGGTNS2ZCDNQXYKQSNTVKZLGWLHSN,200,1,2014,http://negativeyouth.net/drift-kings/feed/,
/drones/,post,20131126094956,text/html,33880,7TK6LUI33D6ALKDYX6PBLYMNHEK723BD,200,7,2011;2012;2013;2014,http://negativeyouth.net/drones/,
/drones/feed/,feed,20140109195623,text/xml,1114,PGTNQXH6X2B3BS7MP6BNPJFCYZYNOULQ,200,1,2014,http://negativeyouth.net/drones/feed/,
/drugs-for-drunks-6-cassettes-2/,post,20110718230638,text/html,14963,WPF4MIK3IJGIDNY36AYBRYT52UKXLXRE,200,2,2011,http://negativeyouth.net/drugs-for-drunks-6-cassettes-2/,
/drugs-for-drunks-6-cassettes/,post,20131126111049,text/html,33944,LVAEI5JGPA53CB2FZEP5WG45M55RB4KX,200,4,2011;2013;2014,http://negativeyouth.net/drugs-for-drunks-6-cassettes/,
/drugs-for-drunks-6-cassettes/feed/,feed,20140110213452,text/xml,854,BQMD5O3IR56KUL4UC7OIAL25RJ2BLOMZ,200,1,2014,http://negativeyouth.net/drugs-for-drunks-6-cassettes/feed/,
/drumcorps/,post,20131126090101,text/html,33961,RCZFQCVPPO3GYSY6KPOA2XPRIAYLRXN7,200,3,2013;2014,http://negativeyouth.net/drumcorps/,
/drumcorps/feed/,feed,20140109192542,text/xml,820,HAFGFWNZFRS2OY7XRWDQ63HHW3KI2R2I,200,1,2014,http://negativeyouth.net/drumcorps/feed/,
/dstvv/,post,20131126082823,text/html,33434,B6DSY4LBI2JZ6YQBHCLBOJLBV2MM6AO3,200,2,2013;2014,http://negativeyouth.net/dstvv/,
/dstvv/feed/,feed,20140109182528,text/xml,809,YBRZQT5NRHSFESRWNCL2KNASQY4LSGCH,200,1,2014,http://negativeyouth.net/dstvv/feed/,
/dum-dum-girls-coverea-a-the-smiths-2/,post,20110718223513,text/html,15015,U32GSLE4XF4K6V4HHAHMFLFYWIV6BYEE,200,2,2011,http://negativeyouth.net/dum-dum-girls-coverea-a-the-smiths-2/,
/dum-dum-girls-coverea-a-the-smiths/,post,20131126110100,text/html,34096,EIJD2UKDNJZNN2RVQ4QM6LHXBTPNVIZD,200,5,2011;2012;2013;2014,http://negativeyouth.net/dum-dum-girls-coverea-a-the-smiths/,
/dum-dum-girls-coverea-a-the-smiths/feed/,feed,20140110212540,text/xml,859,TPLLNYOCIWQTB2CY5SYMMQFAUXBPARQY,200,1,2014,http://negativeyouth.net/dum-dum-girls-coverea-a-the-smiths/feed/,
/ecstasy-motherfuckers/,post,20131126121942,text/html,34004,MFRISMKTGP3EHIPA4G3UQKBXCUVCI5UP,200,5,2011;2012;2013;2014,http://negativeyouth.net/ecstasy-motherfuckers/,
/ecstasy-motherfuckers/feed/,feed,20140110220904,text/xml,837,O6WVCCIVTC5VGM6L2VIYTI2GHBX672H2,200,1,2014,http://negativeyouth.net/ecstasy-motherfuckers/feed/,
/edges-of-vortex/,post,20131126084346,text/html,33625,LO3MKXVVZJ7DNG4Q3LP23K5OEQJI5DST,200,2,2013;2014,http://negativeyouth.net/edges-of-vortex/,
/edges-of-vortex/feed/,feed,20140109194315,text/xml,828,LUWDTQ6VBGWW2SIJOAGXVOGKADZHGTR7,200,1,2014,http://negativeyouth.net/edges-of-vortex/feed/,
/egyptian-wrinkle/,post,20131126095852,text/html,33742,5C5WZBKBGGGNORBDJR7N7QTSSCPPUVD6,200,5,2011;2012;2013;2014,http://negativeyouth.net/egyptian-wrinkle/,
/egyptian-wrinkle/feed/,feed,20140109200912,text/xml,830,W3NDF4QLPHIGMC3PQLTRXP33BY44B34S,200,1,2014,http://negativeyouth.net/egyptian-wrinkle/feed/,
/egyptrixx-start-from-the-beginning-2/,post,20110718223518,text/html,14554,AD7GRYC5HBJMCV57QXVJQL3UIC7VVWZU,200,2,2011,http://negativeyouth.net/egyptrixx-start-from-the-beginning-2/,
/egyptrixx-start-from-the-beginning/,post,20131126110145,text/html,33541,WG7SV22MTPHFN6HQPMYNRKHLHZKPAX6Z,200,5,2011;2012;2013;2014,http://negativeyouth.net/egyptrixx-start-from-the-beginning/,
/egyptrixx-start-from-the-beginning/feed/,feed,20140110212232,text/xml,871,CTUV7BTXGXTRHS7WOQ6QTTZTHEEJF4NR,200,1,2014,http://negativeyouth.net/egyptrixx-start-from-the-beginning/feed/,
/el-trance-de-la-tia-nunia/,post,20131126095305,text/html,33786,7QJBHNKTBZC4VG3NNCSYP5AZ3P2AR4NJ,200,3,2013;2014,http://negativeyouth.net/el-trance-de-la-tia-nunia/,
/el-trance-de-la-tia-nunia/feed/,feed,20140109201024,text/xml,844,EWG5TG2SRRUFU4RGCBSRY3RUBS2EJWV5,200,1,2014,http://negativeyouth.net/el-trance-de-la-tia-nunia/feed/,
/electric-set-everything-in-your-power-mal009/,post,20131126083415,text/html,33989,QXB63Z7LWJ4DWHV6UXYIZCUUASJISH7G,200,2,2013;2014,http://negativeyouth.net/electric-set-everything-in-your-power-mal009/,
/electric-set-everything-in-your-power-mal009/feed/,feed,20140109183759,text/xml,885,6ET6UID37JYO33YDRRY2BYSUNVCW64UZ,200,1,2014,http://negativeyouth.net/electric-set-everything-in-your-power-mal009/feed/,
/elite-gymnastics-lifetrap/,post,20131126084439,text/html,33660,S7ON76J36S2ZZYVSPFDKS2RVRJJRGEST,200,4,2012;2013;2014,http://negativeyouth.net/elite-gymnastics-lifetrap/,
/elite-gymnastics-lifetrap/feed/,feed,20140109195144,text/xml,856,WLTCXMOAZXEGYL46TAACKYHNBWQZVIKA,200,1,2014,http://negativeyouth.net/elite-gymnastics-lifetrap/feed/,
/elite-gymnastics/,post,20131126102150,text/html,38110,NH62VTECWMC3VTXEM5OSD556HUPZCQ2K,200,5,2011;2012;2013;2014,http://negativeyouth.net/elite-gymnastics/,
/elite-gymnastics/feed/,feed,20140110193649,text/xml,829,T4AJQ4PL7C44JFKNHTGUWGIEE4YFPZUE,200,1,2014,http://negativeyouth.net/elite-gymnastics/feed/,
/ella-y-el-muerto/,post,20131126092059,text/html,33975,7WFNGQP6LELV4OTNXFNB32JZGWOWRT2I,200,4,2012;2013;2014,http://negativeyouth.net/ella-y-el-muerto/,
/ella-y-el-muerto/feed/,feed,20140109191912,text/xml,830,5MSYZQR6GF7OKJWNIFQQTXD7YHJQR2QJ,200,1,2014,http://negativeyouth.net/ella-y-el-muerto/feed/,
/emotional-physical/,post,20131126085107,text/html,33904,BF7CEIUUT3DO75ODXMJC5GFMAWBCCWAG,200,3,2013;2014,http://negativeyouth.net/emotional-physical/,
/emotional-physical/feed/,feed,20140109195245,text/xml,834,QFUSAYRZ5BB7BYCGNKZ2XHQRQ376ESKU,200,1,2014,http://negativeyouth.net/emotional-physical/feed/,
/ener-y-deci/,post,20131126113139,text/html,33976,IYXELV56GQRK3BIIU5DAOOCQVF6ZGYJB,200,5,2011;2012;2013;2014,http://negativeyouth.net/ener-y-deci/,
/ener-y-deci/feed/,feed,20140110214255,text/xml,819,OYCR2FXGUE5VC5CHM2J2TUZTXVKNBEKJ,200,1,2014,http://negativeyouth.net/ener-y-deci/feed/,
/entrevista-bl%C2%A7%C2%A7d-%C3%B8u%E2%80%A0-2/,post,20110718225314,text/html,19027,YJHOBYXQ35XI6K5SITOQSILTB66DXRXH,200,2,2011,http://negativeyouth.net/entrevista-bl%C2%A7%C2%A7d-%C3%B8u%E2%80%A0-2/,
/entrevista-blissed-out/,post,20131126125718,text/html,38264,U2XZA5TOUZU2YUV2HLMMFSE2LXPYAQPA,200,5,2011;2012;2013;2014,http://negativeyouth.net/entrevista-blissed-out/,
/entrevista-blissed-out/feed/,feed,20140110220329,text/xml,857,4UJY7XKSVVVD3ZBZCEHX2W7NR7RIWDMH,200,1,2014,http://negativeyouth.net/entrevista-blissed-out/feed/,
/entrevista-con-jewels-of-the-nile-mp3s-2/,post,20110718231000,text/html,18621,EPTSRRCUKNA4LJCMWGC2OCPEENXZ37YV,200,2,2011,http://negativeyouth.net/entrevista-con-jewels-of-the-nile-mp3s-2/,
/entrevista-con-jewels-of-the-nile-mp3s/,post,20131126113459,text/html,37706,MSA2YEDLT4NHCLCCGD2AOQHE6NACFLRQ,200,5,2011;2012;2013;2014,http://negativeyouth.net/entrevista-con-jewels-of-the-nile-mp3s/,
/entrevista-con-jewels-of-the-nile-mp3s/feed/,feed,20140110214622,text/xml,866,RZZKVSILYCU2TSUXOFCZP5KXZSDTGLBC,200,1,2014,http://negativeyouth.net/entrevista-con-jewels-of-the-nile-mp3s/feed/,
/entrevista-grimes-deon-parte-1-2/,post,20131126122216,text/html,37785,V74UGML3H74RYTHGSC5HSCBZWIJTDQ6W,200,8,2011;2012;2013;2014,http://negativeyouth.net/entrevista-grimes-deon-parte-1-2/,
/entrevista-grimes-deon-parte-1-2/feed/,feed,20140110214418,text/xml,1083,NUKMGXITHUK3RHLWXX3YHO3BIL2BBDRF,200,1,2014,http://negativeyouth.net/entrevista-grimes-deon-parte-1-2/feed/,
/entrevista-grimes-deon-parte-2-2/,post,20131126102934,text/html,39188,3DNI3VABWSJU3YTD6JTKTFEOK6BC5YRX,200,8,2011;2012;2013;2014,http://negativeyouth.net/entrevista-grimes-deon-parte-2-2/,
/entrevista-grimes-deon-parte-2-2/feed/,feed,20140110213906,text/xml,1218,MA5EZUJK3PEUI6XY5ITWBTEI24P5ZGDD,200,1,2014,http://negativeyouth.net/entrevista-grimes-deon-parte-2-2/feed/,
/entrevista-nicolas/,post,20131126082840,text/html,36546,475AGQTNJMCBGHFNAIUAVML6MZOIF7ND,200,4,2012;2013;2014,http://negativeyouth.net/entrevista-nicolas/,
/entrevista-nicolas/feed/,feed,20140109185509,text/xml,836,VQ3JMYWHHGLT6MYH22YLAEJOQ5DIEB7D,200,1,2014,http://negativeyouth.net/entrevista-nicolas/feed/,
/ep-n/,post,20131126100932,text/html,33689,4KOP3RXI5SGTRKZPBVVULLRVTZAI7EN7,200,3,2013;2014,http://negativeyouth.net/ep-n/,
/ep-n/feed/,feed,20140109195746,text/xml,826,NSLML43LAHLU5RD6UTIZV4ZWLLQD2LPL,200,1,2014,http://negativeyouth.net/ep-n/feed/,
/estrategias-exitosas-de-estilos-de-vida-para-el-fin-del-mundo/,post,20131126084307,text/html,34544,6LPPXU5SL52ZQV2NH223A5QMYWLQIQIG,200,4,2013;2014,http://negativeyouth.net/estrategias-exitosas-de-estilos-de-vida-para-el-fin-del-mundo/,
/estrategias-exitosas-de-estilos-de-vida-para-el-fin-del-mundo/feed/,feed,20140109183853,text/xml,894,3EPAY22VAXPFZVRSTSN5HRLUKXESYKIC,200,1,2014,http://negativeyouth.net/estrategias-exitosas-de-estilos-de-vida-para-el-fin-del-mundo/feed/,
/eternity-zone/,post,20131126094035,text/html,34818,6LJXERBRR6BJHJENDRRVTIPJV2UDCWER,200,8,2011;2012;2013;2014,http://negativeyouth.net/eternity-zone/,
/eternity-zone/feed/,feed,20140109204109,text/xml,1168,H7PZCPUDIR6WTBSJFMFKFKFKLWLOVEMU,200,1,2014,http://negativeyouth.net/eternity-zone/feed/,
/eva-cherie/,post,20131126084412,text/html,34250,7QAUPFQU6E4LAR4BRRXD4QMU3M44GDIJ,200,4,2012;2013;2014,http://negativeyouth.net/eva-cherie/,
/eva-cherie/feed/,feed,20140109182606,text/xml,1250,MAY2G2HYZNR3M5MYQZCABRU2X4JVOJWR,200,1,2014,http://negativeyouth.net/eva-cherie/feed/,
/everyone-not-everyone/,post,20131126082519,text/html,34298,XHQJ2DUKGSIB7OVNEB5WD7QNER27VY2K,200,4,2012;2013;2014,http://negativeyouth.net/everyone-not-everyone/,
/everyone-not-everyone/feed/,feed,20140109182438,text/xml,1174,TXW6HTG24GXSVZBLCEVIVTRDOX5MXYYW,200,1,2014,http://negativeyouth.net/everyone-not-everyone/feed/,
/everything-demo-ep/,post,20131126112926,text/html,34476,5YIWCOMQTNU6TLN77DLVHF2MAEAGJY55,200,5,2011;2012;2013;2014,http://negativeyouth.net/everything-demo-ep/,
/everything-demo-ep/feed/,feed,20140110220857,text/xml,1172,ITRYXQH5C5FG26SQKBC4YZCZ6LPPIINS,200,1,2014,http://negativeyouth.net/everything-demo-ep/feed/,
/everything-is-embarrassing-twin-shadow-remix/,post,20131126091908,text/html,33762,KCASIUJZCVPGXOUOXX6O7QVSWTKHLSWK,200,3,2013;2014,http://negativeyouth.net/everything-is-embarrassing-twin-shadow-remix/,
/everything-is-embarrassing-twin-shadow-remix/feed/,feed,20140109193300,text/xml,878,BYMSMMKRN4J5WJX5BT3SBS2OKJGI6RKB,200,1,2014,http://negativeyouth.net/everything-is-embarrassing-twin-shadow-remix/feed/,
/everything-is-embarrassing-video/,post,20131126084125,text/html,34224,HDHL6VKZNBGFVYGT6OVSJ3ZCPDHGWM7Y,200,5,2012;2013;2014,http://negativeyouth.net/everything-is-embarrassing-video/,
/everything-is-embarrassing-video/feed/,feed,20140109193426,text/xml,1334,V4GBG6PQ4CP3HFCYAQI6I7LYGONE4EFZ,200,1,2014,http://negativeyouth.net/everything-is-embarrassing-video/feed/,
/evian-christ-no-experiences/,post,20131126083001,text/html,34081,LW5WQA4BDWD5UKLNV26EW342J7TBNLHB,200,4,2012;2013;2014,http://negativeyouth.net/evian-christ-no-experiences/,
/evian-christ-no-experiences/feed/,feed,20140109184719,text/xml,858,EI4G5BUMMF2IY6ANBA46K2JWTQ2SGX2X,200,1,2014,http://negativeyouth.net/evian-christ-no-experiences/feed/,
/eww/,post,20131126091647,text/html,33881,6MLLMM4RKX7WPXQPZJKPEM52AOKE6XLR,200,3,2013;2014,http://negativeyouth.net/eww/,
/eww/feed/,feed,20140109194428,text/xml,806,77WBYEYAYMZ3PRPDXLWKHFGL3AB7DZE7,200,1,2014,http://negativeyouth.net/eww/feed/,
/exo-game/,post,20131126084248,text/html,33667,4JVFJPZWWCWEUWZHZ7ERW77W6HEDZOFH,200,3,2013;2014,http://negativeyouth.net/exo-game/,
/exo-game/feed/,feed,20140109182653,text/xml,812,T3UKZ23LEV4ESEKWGZOGQ5S5OKHIGGDX,200,1,2014,http://negativeyouth.net/exo-game/feed/,
/exo/,post,20131126084542,text/html,33850,DHLTLKCJ76MFGELWQZEMUA4PLER6BBDM,200,4,2012;2013;2014,http://negativeyouth.net/exo/,
/exo/feed/,feed,20140109193347,text/xml,809,6QT4MDTYI4ZOOWWADSOSYX6TOIMDS3LW,200,1,2014,http://negativeyouth.net/exo/feed/,
/ez-does-it/,post,20131126092048,text/html,33559,PFO4FNAXI5H4CKDVN5Y74WERCMK46M3H,200,4,2012;2013;2014,http://negativeyouth.net/ez-does-it/,
/ez-does-it/feed/,feed,20140109192249,text/xml,833,LVREIQFWH3U4XC7EKBVPEGYGWYSB3APS,200,1,2014,http://negativeyouth.net/ez-does-it/feed/,
/f-m-sushi/,post,20131126084337,text/html,33507,XCZLHINVAFIL3Q2QISOAIL3PT2P7FJSF,200,3,2013;2014,http://negativeyouth.net/f-m-sushi/,
/f-m-sushi/feed/,feed,20140109192143,text/xml,818,QUTHDVGPCID63SS6BYPYSJRMCMG4OT5T,200,1,2014,http://negativeyouth.net/f-m-sushi/feed/,
/facebook-suicide-watch-2/,post,20131126104532,text/html,33437,WACOMZ7EYAQKYMBXLP2OP4UJZGQOI7RR,200,8,2011;2012;2013;2014,http://negativeyouth.net/facebook-suicide-watch-2/,
/facebook-suicide-watch-2/feed/,feed,20140110212638,text/xml,841,KV7LVBMDYSZXHY6GQSLE7QO6HGEEZ4AX,200,1,2014,http://negativeyouth.net/facebook-suicide-watch-2/feed/,
/fam-lay-look-into-my-eyes-lilinternet-killam-ave-remix/,post,20131126084747,text/html,33688,WJ3GD7J6AGCJHYQIAC5XJMC2KBILND62,200,4,2012;2013;2014,http://negativeyouth.net/fam-lay-look-into-my-eyes-lilinternet-killam-ave-remix/,
/fam-lay-look-into-my-eyes-lilinternet-killam-ave-remix/feed/,feed,20140109194557,text/xml,905,EIKS27BI2ALBY7GG2RQYXAISR4XPN6YH,200,1,2014,http://negativeyouth.net/fam-lay-look-into-my-eyes-lilinternet-killam-ave-remix/feed/,
/fan-art-bedroom/,post,20131126112824,text/html,33545,GP3OKBP6BW3WZL5E5OQWBZHJ7GZ6TWLX,200,4,2012;2013;2014,http://negativeyouth.net/fan-art-bedroom/,
/fan-art-bedroom/feed/,feed,20140110212238,text/xml,830,ZA24NK56DGKR4LVCMDIJZUDF7NCZMYZS,200,1,2014,http://negativeyouth.net/fan-art-bedroom/feed/,
/fantorama-drama-plus/,post,20131126113330,text/html,33547,KLACW3UKCCLM5QUMDP77CTIQ73N62F6J,200,8,2011;2012;2013;2014,http://negativeyouth.net/fantorama-drama-plus/,
/fantorama-drama-plus/feed/,feed,20140110220137,text/xml,835,EJ5NO3Y56RW3ZKFQTHLAW4EUHVLBFXQR,200,1,2014,http://negativeyouth.net/fantorama-drama-plus/feed/,
/fart-face-mix/,post,20131126084159,text/html,34024,VTZX5BZHXYAJGCNWNJTDJZ3HVMPPTK2G,200,3,2013;2014,http://negativeyouth.net/fart-face-mix/,
/fart-face-mix/feed/,feed,20140109182111,text/xml,825,ZFWRYZFWYJ52ZUX26MPDDZ6HO7ZU3WBQ,200,1,2014,http://negativeyouth.net/fart-face-mix/feed/,
/fatima-al-qadiri-desert-strike-ep/,post,20131126083023,text/html,33612,IBZCV3MPI4YHKUIMZIPSE4MDRR3IOKIJ,200,4,2012;2013;2014,http://negativeyouth.net/fatima-al-qadiri-desert-strike-ep/,
/fatima-al-qadiri-desert-strike-ep/feed/,feed,20140109190433,text/xml,869,TY6NVXCPJJHCLT2BVS5O5SLMSC4TXE7J,200,1,2014,http://negativeyouth.net/fatima-al-qadiri-desert-strike-ep/feed/,
/fatima-al-qadiri-how-can-i-resist-u/,post,20131126085620,text/html,34369,BEEIL4BS75PWPF4GMABTLI4NZHSAZPAB,200,4,2012;2013;2014,http://negativeyouth.net/fatima-al-qadiri-how-can-i-resist-u/,
/fatima-al-qadiri-how-can-i-resist-u/feed/,feed,20140109195012,text/xml,871,5H3TYZCNDSVTSVYM4RDNGXYETB2DYCEW,200,1,2014,http://negativeyouth.net/fatima-al-qadiri-how-can-i-resist-u/feed/,
/fatima-al-qadiri-vatican-vibes/,post,20131126101515,text/html,35014,MU4JX2VL3HDIHNX3QUVDZPEA7YQYFMP4,200,5,2011;2012;2013;2014,http://negativeyouth.net/fatima-al-qadiri-vatican-vibes/,
/fatima-al-qadiri-vatican-vibes/feed/,feed,20140110211523,text/xml,1283,T4272Y5E7WAMNY3LW6MNXMSYOR4KBWCB,200,1,2014,http://negativeyouth.net/fatima-al-qadiri-vatican-vibes/feed/,
/fauna-negative-youth-mix-2013-1/,post,20131126084719,text/html,34746,IE66NK6CL6A6GYGXUPWKTDVK5ERQ4XVU,200,5,2013;2014,http://negativeyouth.net/fauna-negative-youth-mix-2013-1/,
/fauna-negative-youth-mix-2013-1/feed/,feed,20140109192719,text/xml,1083,KYGOER6RPSSZLAOHBALU6OY5Y27HDHEU,200,1,2014,http://negativeyouth.net/fauna-negative-youth-mix-2013-1/feed/,
/fauna/,post,20131126082701,text/html,33777,S45D3DLYU7TUHM7ZHC2V6DCYRSMLDGVQ,200,4,2012;2013;2014,http://negativeyouth.net/fauna/,
/fauna/feed/,feed,20140109184915,text/xml,811,55OYQSU7L7VFGTCJLEUEQKNOQ3PJ64DT,200,1,2014,http://negativeyouth.net/fauna/feed/,
/favicon.ico,image,20130113201903,image/vnd.microsoft.icon,569,NTLPUTE4ZOAAETKXOINDSFHPDAQG7WSM,200,22,2011;2013;2014;2015;2016;2025,http://negativeyouth.net/favicon.ico,https://negativeyouth.net/favicon.ico
/feathers/,post,20131126093721,text/html,33429,VQ7KPZXQIMJMD4KUVML3A7YKWFIZA2NB,200,3,2013;2014,http://negativeyouth.net/feathers/,
/feathers/feed/,feed,20140109203414,text/xml,815,MK5R6EJPL3JBWNTK3VN2QLRPFJ6CKI2O,200,1,2014,http://negativeyouth.net/feathers/feed/,
/featureless-ghost/,post,20131126084245,text/html,34290,X625G6D4RQTCEOERPQ2V6CY25UNRUZKC,200,4,2012;2013;2014,http://negativeyouth.net/featureless-ghost/,
/featureless-ghost/feed/,feed,20140109182308,text/xml,829,EZOJJLYUHH46E3IFOPV5ZFXQ7SS5NNDR,200,1,2014,http://negativeyouth.net/featureless-ghost/feed/,
/feed/,feed,20110517221747,text/xml,5790,56WWA4ORKMDNYYKXTFM2WSQL6Y6W7VX7,200,21,2011;2012;2013;2014;2025,http://negativeyouth.net/feed/,https://negativeyouth.net/feed/
/feel-so-real/,post,20131126082911,text/html,33438,YXKXSH25NZZI7CSDGT6EOOXDPOZUK6N7,200,4,2012;2013;2014,http://negativeyouth.net/feel-so-real/,
/feel-so-real/feed/,feed,20140109183528,text/xml,822,2MMEQJUDNLO4DTQV4Q7PP7ISPNFEOSZT,200,1,2014,http://negativeyouth.net/feel-so-real/feed/,
/feelings/,post,20131126093504,text/html,34062,NOMUXRBTB7IKAXA5I4CV54YSDSSENAZ6,200,4,2012;2013;2014,http://negativeyouth.net/feelings/,
/feelings/feed/,feed,20140109202615,text/xml,816,PI43W24YX3RFSKVHMM3FNXRK2ZXNBV3E,200,1,2014,http://negativeyouth.net/feelings/feed/,
/festival-nrmal-2011-2/,post,20110718224105,text/html,15780,RFDLCG6NW53ZNYNBUIHUZLQETNUWWQ5U,200,2,2011,http://negativeyouth.net/festival-nrmal-2011-2/,
/festival-nrmal-2011/,post,20131126105908,text/html,34799,NILF6ZQHLOUGDGZD6VSVR5ZAGF6SZLR5,200,5,2011;2012;2013;2014,http://negativeyouth.net/festival-nrmal-2011/,
/festival-nrmal-2011/feed/,feed,20140110213218,text/xml,827,GZMRARLYDZKCTY2OFOKIG2DAANLFRO3E,200,1,2014,http://negativeyouth.net/festival-nrmal-2011/feed/,
/festival-nrmal-2012/,post,20131126125949,text/html,35765,PPU2AE5VCX5Y24T6C2XIJ6TYQSSBIOUN,200,5,2012;2013;2014,http://negativeyouth.net/festival-nrmal-2012/,
/festival-nrmal-2012/feed/,feed,20140110220459,text/xml,1802,TYHHFLJNNU52FK7QKESP44BBQPT3LJ7Y,200,1,2014,http://negativeyouth.net/festival-nrmal-2012/feed/,
/festival-revolver-2da-edicion/,post,20131126101033,text/html,34363,IIB53KZIUF3RPLNMEACTDOZHHEYOCN75,200,3,2013;2014,http://negativeyouth.net/festival-revolver-2da-edicion/,
/festival-revolver-2da-edicion/feed/,feed,20140109202938,text/xml,1271,7VT74PGH6WPC4APVFHVMQG5KY2KNNK2D,200,1,2014,http://negativeyouth.net/festival-revolver-2da-edicion/feed/,
/fever-ray-the-wolf-2/,post,20131126085327,text/html,33901,3OFMVQJZKV4HJ2UEAQDUPMQGGYJTAVJY,200,9,2011;2012;2013;2014,http://negativeyouth.net/fever-ray-the-wolf-2/,
/fever-ray-the-wolf-2/feed/,feed,20140109190636,text/xml,844,O57NMXR4XDLJ7MKKR5GKSI6M22AM3Q3Q,200,1,2014,http://negativeyouth.net/fever-ray-the-wolf-2/feed/,
/ff-pictureplane/,post,20131126104706,text/html,34045,HL7YQEJA23FIAVGP7CWM6E5BXPD764XP,200,7,2011;2012;2013;2014,http://negativeyouth.net/ff-pictureplane/,
/ff-pictureplane/feed/,feed,20140110212451,text/xml,1269,BLD2IHVXLT6W3RB5LX3667BDEGVUPUUI,200,1,2014,http://negativeyouth.net/ff-pictureplane/feed/,
/fiebre-rey-2/,post,20131126085848,text/html,34553,6OIFI4YRKO4TX6DRTXA2Q6KH765LJ4GR,200,8,2011;2012;2013;2014,http://negativeyouth.net/fiebre-rey-2/,
/fiebre-rey-2/feed/,feed,20140109194847,text/xml,821,KCSNDIOLBIKRTVNDY4TN4LPFXB3R7I23,200,1,2014,http://negativeyouth.net/fiebre-rey-2/feed/,
/fifty-grand-exceptional/,post,20131126085252,text/html,33896,MOKZTGZ6QORBLBYTS4GSYFU4KGZROSPL,200,5,2012;2013;2014,http://negativeyouth.net/fifty-grand-exceptional/,
/fifty-grand-exceptional/feed/,feed,20140109192652,text/xml,851,AACE2QURLSDHPVPOMUL2ARWSAKQ46PWU,200,1,2014,http://negativeyouth.net/fifty-grand-exceptional/feed/,
/fifty-grand/,post,20131126084303,text/html,34356,HSSAQPUC6LHFLSLP7MZZBO6RMHMTLI63,200,6,2012;2013;2014,http://negativeyouth.net/fifty-grand/,
/fifty-grand/feed/,feed,20140109184628,text/xml,818,6TTB5NIKDK6DZ2G2AMGW4BYZYCBYB7EK,200,1,2014,http://negativeyouth.net/fifty-grand/feed/,
/fin-de-ano-mixtape-2010-2/,post,20110718224748,text/html,14713,EZFQ3PCCQKPDCYL7OJZW5W36RSIB4YCG,200,2,2011,http://negativeyouth.net/fin-de-ano-mixtape-2010-2/,
/fin-de-ano-mixtape-2010/,post,20131126122333,text/html,33908,H5O4IUHDS45FWULVCDIUBMHMITA7KS3Z,200,6,2011;2012;2013;2014,http://negativeyouth.net/fin-de-ano-mixtape-2010/,
/fin-de-ano-mixtape-2010/feed/,feed,20140110221455,text/xml,846,DSLTKETLGB7WAH4SWDPLHSHVB4KSONUH,200,1,2014,http://negativeyouth.net/fin-de-ano-mixtape-2010/feed/,
/finally-boys/,post,20131126102410,text/html,34067,NBF5M2OLOBFCDGSLL5ZBOQO5UB2IXC3S,200,5,2011;2012;2013;2014,http://negativeyouth.net/finally-boys/,
/first-prom/,post,20131126095609,text/html,33421,EJUO4W7TBPO3GOEDRXTZXS3K4HCSQG6T,200,2,2013;2014,http://negativeyouth.net/first-prom/,
/first-prom/feed/,feed,20140109204302,text/xml,820,3CTSRI43WZKYGHAZL5O3Q6SGGD72FZPM,200,1,2014,http://negativeyouth.net/first-prom/feed/,
/flosstradamus-total-recall/,post,20131126101334,text/html,34243,BUQMMPDXNSALBJKH6JBIIDNTIZCJXPD6,200,4,2012;2013;2014,http://negativeyouth.net/flosstradamus-total-recall/,
/flosstradamus-total-recall/feed/,feed,20140109200927,text/xml,1055,Y6F5KGGS527AVA6TAAMZLS45AKLIYBG2,200,1,2014,http://negativeyouth.net/flosstradamus-total-recall/feed/,
/forever-ballin/,post,20131126084104,text/html,33577,OU52IQG4LU2Z6JBD564BYXTO3Z4MNSR6,200,3,2013;2014,http://negativeyouth.net/forever-ballin/,
/forever-ballin/feed/,feed,20140109182853,text/xml,828,QB7IIVJ6FSZHFRA7EHZGON6RMA2PLRDO,200,1,2014,http://negativeyouth.net/forever-ballin/feed/,
/fostercare-altered-creature/,post,20131126094858,text/html,34374,BL7KQNGVU4ZOZD6XDUYKJKV5VBSU6EQZ,200,5,2012;2013;2014,http://negativeyouth.net/fostercare-altered-creature/,
/fostercare-altered-creature/feed/,feed,20140109202311,text/xml,1150,NFB5X3EGJSXVEHDBHLYI5W7V3RMSGXUW,200,1,2014,http://negativeyouth.net/fostercare-altered-creature/feed/,
/fostercare-b-sides/,post,20131126100834,text/html,33715,O64ASQTBM4PRGT2D52V5CBF4I6P74VEX,200,2,2013;2014,http://negativeyouth.net/fostercare-b-sides/,
/fostercare-b-sides/feed/,feed,20140109200658,text/xml,832,TSMFFXIIEHIIYNONG26HFBCCJDAMZBFN,200,1,2014,http://negativeyouth.net/fostercare-b-sides/feed/,
/fostercare-long-clothing-mixtape/,post,20131126094817,text/html,34310,KTSZPOBRNZWJH6F2KU7P5QDY3FAGFDDT,200,4,2012;2013;2014,http://negativeyouth.net/fostercare-long-clothing-mixtape/,
/fostercare-long-clothing-mixtape/feed/,feed,20140109201543,text/xml,867,5PQ7LEYUCQ5NLMDBSSXAMJGWXKVJOQUQ,200,1,2014,http://negativeyouth.net/fostercare-long-clothing-mixtape/feed/,
/fostercare-remixes-01/,post,20131126093734,text/html,34024,YQVF3ESOEM7AIFQ4Q4JORV526WKA4A5O,200,6,2011;2012;2013;2014,http://negativeyouth.net/fostercare-remixes-01/,
/fostercare-remixes-01/feed/,feed,20140109195805,text/xml,848,KWLI7CCLUFG2FDCWLBJOVQV6LEHXF657,200,1,2014,http://negativeyouth.net/fostercare-remixes-01/feed/,
/fostercare-sleepless/,post,20131126122017,text/html,33730,UGQIJV4CV27EMYJHGLEE3MJPBYG6IS25,200,4,2012;2013;2014,http://negativeyouth.net/fostercare-sleepless/,
/fostercare-sleepless/feed/,feed,20140110220908,text/xml,844,5NGTJYDB7BGMIL6VZKKE2ECT3ID3OH2Q,200,1,2014,http://negativeyouth.net/fostercare-sleepless/feed/,
/fostercare-sunfreeze-blown-out-refix-2/,post,20110718223538,text/html,14562,6Z3JXBGYUWADZ4ODO7RZXWMVUJFL7BGB,200,2,2011,http://negativeyouth.net/fostercare-sunfreeze-blown-out-refix-2/,
/fostercare-sunfreeze-blown-out-refix/,post,20131126110949,text/html,33586,7AXPHSXPQEVACEVTHFVDTPHAPUK5WFYG,200,5,2011;2012;2013;2014,http://negativeyouth.net/fostercare-sunfreeze-blown-out-refix/,
/fostercare-sunfreeze-blown-out-refix/feed/,feed,20140110213720,text/xml,875,JKYQHKQUTAO6VSMX27UWOLRYZ6DMI6MZ,200,1,2014,http://negativeyouth.net/fostercare-sunfreeze-blown-out-refix/feed/,
/fostercare-the-empire-will-drain-u/,post,20131126121926,text/html,33631,3QSKDS4CMR2CPH6WGO4DYDQPNUJS3DU4,200,4,2012;2013;2014,http://negativeyouth.net/fostercare-the-empire-will-drain-u/,
/fostercare-the-empire-will-drain-u/feed/,feed,20140110220920,text/xml,870,4DVQFJQ224G2N45M3UPZ75VVGOL527L5,200,1,2014,http://negativeyouth.net/fostercare-the-empire-will-drain-u/feed/,
/fotos-big-magick-hustlas-2/,post,20131126104603,text/html,33543,TIRL74YKXMZY7YM5FP7JM6BG3WVHBMCY,200,8,2011;2012;2013;2014,http://negativeyouth.net/fotos-big-magick-hustlas-2/,
/fotos-big-magick-hustlas-2/feed/,feed,20140110212651,text/xml,847,KWIYZG4YLJOTRCADSHMI6EB7DXPIE6IM,200,1,2014,http://negativeyouth.net/fotos-big-magick-hustlas-2/feed/,
/fotos-gatekeeper-irhell-2/,post,20131126094622,text/html,33599,4UQSEWFFPVONSDJRNKJNHIEATYBNLZPM,200,8,2011;2012;2013;2014,http://negativeyouth.net/fotos-gatekeeper-irhell-2/,
/fotos-gatekeeper-irhell-2/feed/,feed,20140109202418,text/xml,846,2ITQRM7NIWTO52WE5XLZ57KQPLROWRYW,200,1,2014,http://negativeyouth.net/fotos-gatekeeper-irhell-2/feed/,
/fotos-negative-%E2%80%A0-babes-2/,post,20131126125607,text/html,34418,JTIQEF3BHVAFK7RJVFH3YP3FMOMGKBT7,200,9,2011;2012;2013;2014,http://negativeyouth.net/fotos-negative-%E2%80%A0-babes-2/,http://negativeyouth.net/fotos-negative-%e2%80%a0-babes-2/
/fotos-negative-%E2%80%A0-babes-2/feed/,feed,20140911101112,text/xml,852,7ABWOXDDIUGYDXPQOZT2VWFMQKARHJQI,200,2,2014,http://negativeyouth.net/fotos-negative-%e2%80%a0-babes-2/feed/,
/fotos-negative-%E2%80%A0-youth-2/,post,20131126120148,text/html,33638,BTPS5H3XVSQY4LJBZJRNDPDJT7DGWU2V,200,8,2011;2012;2013;2014,http://negativeyouth.net/fotos-negative-%E2%80%A0-youth-2/,http://negativeyouth.net/fotos-negative-%e2%80%a0-youth-2/
/fotos-negative-%E2%80%A0-youth-2/feed/,feed,20140110214141,text/xml,844,ME6A2YFXXECSIBCWGE3BLRWJKEIP6CA4,200,1,2014,http://negativeyouth.net/fotos-negative-%e2%80%a0-youth-2/feed/,
/fotos-nrmal-2013/,post,20131126092000,text/html,33416,SUPYX7DRNG3M2NNDY44GRYAY2VEJ4PLF,200,3,2013;2014,http://negativeyouth.net/fotos-nrmal-2013/,
/fotos-nrmal-2013/feed/,feed,20140109192427,text/xml,829,FJBMJGAEAKKVGEOZ7DZ6E5NGAY7GWMRH,200,1,2014,http://negativeyouth.net/fotos-nrmal-2013/feed/,
/freak-out-2/,post,20131126110713,text/html,32958,B3AS4INJ6GGHPA6ULSSUZFICFFPWYNGD,200,4,2012;2013;2014,http://negativeyouth.net/freak-out-2/,
/freak-out/,post,20131126104543,text/html,34391,EXOFDPMVNOQOSHAGK5EMMVL3WFTT5YL4,200,5,2011;2012;2013;2014,http://negativeyouth.net/freak-out/,
/freak-out/feed/,feed,20140110213557,text/xml,1116,44FXUCYFEKNOU7CLPLKNDQBHURNMQCK7,200,1,2014,http://negativeyouth.net/freak-out/feed/,
/freeblissedout-2/,post,20131126094720,text/html,34714,ZYMXAAXSFNLIYUWJNPV5YCNEQSVDIAQL,200,8,2011;2012;2013;2014,http://negativeyouth.net/freeblissedout-2/,
/freeblissedout-2/feed/,feed,20140109204325,text/xml,1138,CZQVAAODK4BNAIIXJCSJCKA43YXGNR4S,200,1,2014,http://negativeyouth.net/freeblissedout-2/feed/,
/fri-13th-mix/,post,20131126082623,text/html,34046,NMEVRKAFBE33DW2JBZIG6SIUIHAPFHV3,200,4,2012;2013;2014,http://negativeyouth.net/fri-13th-mix/,
/fri-13th-mix/feed/,feed,20140109183319,text/xml,824,ZVKWJWZUPELPOBJLLURN7JQ74WB5GG5Y,200,1,2014,http://negativeyouth.net/fri-13th-mix/feed/,
/full-hearts/,post,20131126082716,text/html,33795,HIBOBEWYEW7TY255EAOI7TECKQQFAXQT,200,3,2013;2014,http://negativeyouth.net/full-hearts/,
/full-hearts/feed/,feed,20140109190123,text/xml,1031,YCEV5C7VWPZKIWE5R3H5IUSATLOZ53QR,200,1,2014,http://negativeyouth.net/full-hearts/feed/,
/full-of-fire/,post,20131126084446,text/html,33683,Y22MWMOQEVQH64NAXCFN2GWBDNCDEODQ,200,4,2013;2014,http://negativeyouth.net/full-of-fire/,
/full-of-fire/feed/,feed,20140109182732,text/xml,824,I5WXEO3PC2RP2XKYH3EBH7PC6LZMLJMO,200,1,2014,http://negativeyouth.net/full-of-fire/feed/,
/funerals-marae/,post,20131126085703,text/html,33787,4BUXM6OSMYUC7A7XWZUOQHVN74MMJZRI,200,8,2011;2012;2013;2014,http://negativeyouth.net/funerals-marae/,
/funerals-marae/feed/,feed,20140109194457,text/xml,837,SMMVSJIXALW2G2SMJOW7UKK4RSNWYPZ7,200,1,2014,http://negativeyouth.net/funerals-marae/feed/,
/futuro-tropical-2/,post,20131126102332,text/html,35731,S4ZUWN6PJEF2M74QWVF6ZDEJHKAZIUEQ,200,8,2011;2012;2013;2014,http://negativeyouth.net/futuro-tropical-2/,
/futuro-tropical-2/feed/,feed,20140110203644,text/xml,1143,ECCSJO4KJLJH4BRMM7DOMBQ2AGZLV6U7,200,1,2014,http://negativeyouth.net/futuro-tropical-2/feed/,
/games-strawberry-skies-feat-laurel-halo-2/,post,20110718231015,text/html,15234,OQM3VFQFSAC7L5Q6KAOJPSCYUJWSOI3C,200,2,2011,http://negativeyouth.net/games-strawberry-skies-feat-laurel-halo-2/,
/games-strawberry-skies-feat-laurel-halo/,post,20131126091751,text/html,34330,ZPH277MUE5W5L77RMBZZWFQ2AAZS7LZS,200,5,2011;2012;2013;2014,http://negativeyouth.net/games-strawberry-skies-feat-laurel-halo/,
/games-strawberry-skies-feat-laurel-halo/feed/,feed,20140109194045,text/xml,882,KMHYAM255KRCTUSURH74E3NM6ARR7XQY,200,1,2014,http://negativeyouth.net/games-strawberry-skies-feat-laurel-halo/feed/,
/gang-gang-dance-glass-jar-2/,post,20131126112622,text/html,33986,3VU3TXV75K4MPTQWZYXAS32O6IAUMYPF,200,11,2011;2012;2013;2014;2025,http://negativeyouth.net/gang-gang-dance-glass-jar-2/,https://negativeyouth.net/gang-gang-dance-glass-jar-2/
/gang-gang-dance-glass-jar-2/feed/,feed,20140110213525,text/xml,852,Z25VOHYZZ2QHZWDJ3VJD3SSUSOVDNVHT,200,1,2014,http://negativeyouth.net/gang-gang-dance-glass-jar-2/feed/,
/gary-war-born-of-the-light/,post,20131126100537,text/html,34028,EHHMJ75DJKDD6ARZWZPUUXEEH5NQTPWP,200,4,2012;2013;2014,http://negativeyouth.net/gary-war-born-of-the-light/,
/gary-war-born-of-the-light/feed/,feed,20140109200625,text/xml,856,QUDSLBUQ6642TDFJPGVHLZYWUV55UTMQ,200,1,2014,http://negativeyouth.net/gary-war-born-of-the-light/feed/,
/gauntlet-hair-top-bunk/,post,20131126095909,text/html,33461,CLJO34FMSO7SNARCQGGAXTHGKQ2E6LF5,200,4,2012;2013;2014,http://negativeyouth.net/gauntlet-hair-top-bunk/,
/gauntlet-hair-top-bunk/feed/,feed,20140109203338,text/xml,849,EDOINTTRRJTASHOJ5JHX5U5QBWALNSI7,200,1,2014,http://negativeyouth.net/gauntlet-hair-top-bunk/feed/,
/genesis/,post,20131126092009,text/html,33378,GB27XCXMNBC7VQ2OYF7XUCXL3LQLJU3F,200,4,2012;2013;2014,http://negativeyouth.net/genesis/,
/genesis/feed/,feed,20140109193622,text/xml,813,KLU3G4PNXK5JJPAVG7H6V5XCBHFBM72G,200,1,2014,http://negativeyouth.net/genesis/feed/,
/geneva-jacuzzi-bad-moods-2/,post,20110718222624,text/html,14715,5XJRNS24ANBX6QR6BBL6RNORJ7QEQIU5,200,2,2011,http://negativeyouth.net/geneva-jacuzzi-bad-moods-2/,
/geneva-jacuzzi-bad-moods/,post,20131126094044,text/html,33701,WPHWIOYR523RNQN2CZPGR7PJAMO5ALYM,200,5,2011;2012;2013;2014,http://negativeyouth.net/geneva-jacuzzi-bad-moods/,
/geneva-jacuzzi-bad-moods/feed/,feed,20140109200240,text/xml,854,3LF4SCHBQQM7I75KC5CT22P4FOZK2YD4,200,1,2014,http://negativeyouth.net/geneva-jacuzzi-bad-moods/feed/,
/geneva-jacuzzi-do-i-sad/,post,20131126125525,text/html,33756,BBLAD6FHKP5E5MEIK4JBVJW4HNSYZ6RE,200,5,2012;2013;2014,http://negativeyouth.net/geneva-jacuzzi-do-i-sad/,
/geneva-jacuzzi-do-i-sad/feed/,feed,20140110222135,text/xml,853,LQVKUISVUFEKEAOEN6EEWGZII75UN6Q4,200,1,2014,http://negativeyouth.net/geneva-jacuzzi-do-i-sad/feed/,
/gesaffelstein-pursuit/,post,20131126095056,text/html,33354,XPNNSC7V46YV4LDC7E5NSKWSE7SQY7IU,200,3,2013;2014,http://negativeyouth.net/gesaffelstein-pursuit/,
/gesaffelstein-pursuit/feed/,feed,20140109203330,text/xml,850,ZUFJJUET7BDRUAYF577KVRUOGN5QXHFC,200,1,2014,http://negativeyouth.net/gesaffelstein-pursuit/feed/,
/ghost-raid/,post,20131126084705,text/html,33563,ITX4HCLHBYNDG4S4D4OQUIM4TDPPWEXU,200,3,2013;2014,http://negativeyouth.net/ghost-raid/,
/ghost-raid/feed/,feed,20140109192641,text/xml,820,OBQDLLX7BFNMBTTGW6G7OGR6HZWL44MI,200,1,2014,http://negativeyouth.net/ghost-raid/feed/,
/gif-mashup-2/,post,20110718224121,text/html,14500,VP7PV7EAZYI73Y4MKHCJONM7CROPSW5J,200,2,2011,http://negativeyouth.net/gif-mashup-2/,
/gif-mashup/,post,20131126100427,text/html,33519,BYDVZVTL23VBPEMY3NLGG7EI22R35TYR,200,5,2011;2012;2013;2014,http://negativeyouth.net/gif-mashup/,
/gif-mashup/feed/,feed,20140109195836,text/xml,819,KNUDWOPPDKFIZN2TMR6VDHNSBDTAELQD,200,1,2014,http://negativeyouth.net/gif-mashup/feed/,
/gimme-gimme-gimme/,post,20131126121906,text/html,33903,UKXUCREWFW3FUZ2L4CTRTSGX4SSI2E3R,200,5,2011;2012;2013;2014,http://negativeyouth.net/gimme-gimme-gimme/,
/gimme-gimme-gimme/feed/,feed,20140110220901,text/xml,820,7HCHKUDHXYCTQE63EAJJMKJO5KVB6NUP,200,1,2014,http://negativeyouth.net/gimme-gimme-gimme/feed/,
/giza-gatekeeper-thunder-horse-2/,post,20131126094216,text/html,34281,I5VWJK7Y55KQJOFZ74N5QY7W2J6FGQCY,200,8,2011;2012;2013;2014,http://negativeyouth.net/giza-gatekeeper-thunder-horse-2/,
/giza-gatekeeper-thunder-horse-2/feed/,feed,20140109201118,text/xml,852,SPI34JKUG3X2ZICYRJSJOAM4F5SIDMI4,200,1,2014,http://negativeyouth.net/giza-gatekeeper-thunder-horse-2/feed/,
/glass-popcorn-2011-2012-entrevista/,post,20131126085325,text/html,37495,4RRHGHDJMUZDWHXTPRII7UYYBV7CH5QN,200,4,2012;2013;2014,http://negativeyouth.net/glass-popcorn-2011-2012-entrevista/,
/glass-popcorn-2011-2012-entrevista/feed/,feed,20140109194832,text/xml,864,E5OACZEIJYTRFXXRSMWDQKRYZ5DK7V5I,200,1,2014,http://negativeyouth.net/glass-popcorn-2011-2012-entrevista/feed/,
/glass-popcorn-goin-hamburger/,post,20131126095656,text/html,33604,BXHKF5KTQ3P6BDAOPGBEY4ZM54RW5OXC,200,4,2012;2013;2014,http://negativeyouth.net/glass-popcorn-goin-hamburger/,
/glass-popcorn-goin-hamburger/feed/,feed,20140109203527,text/xml,863,TRRKI37KGEKVJM6JKSKFECD6RZOESO6V,200,1,2014,http://negativeyouth.net/glass-popcorn-goin-hamburger/feed/,
/glass-popcorn-twitter-bxtches/,post,20131126094301,text/html,34210,VBZQJAZAMHPCCWWEX433EQD7QIOQW4YR,200,4,2012;2013;2014,http://negativeyouth.net/glass-popcorn-twitter-bxtches/,
/glass-popcorn-twitter-bxtches/feed/,feed,20140109203631,text/xml,862,XJL6UQCSXW34BJ2S5RSA5JF6ZZW3O42C,200,1,2014,http://negativeyouth.net/glass-popcorn-twitter-bxtches/feed/,
/glass-popcorn-vs-rebecca-black-2/,post,20110718225331,text/html,15146,2PYV6BYTWPQRZ5UQJLIIRPWYYQTBOBLB,200,2,2011,http://negativeyouth.net/glass-popcorn-vs-rebecca-black-2/,
/glass-teeth-x-funerals/,post,20131126090326,text/html,33653,OCADVFWY7N2BJCZPSNXKRVV3VMUIWF63,200,3,2013;2014,http://negativeyouth.net/glass-teeth-x-funerals/,
/glass-teeth-x-funerals/feed/,feed,20140109195042,text/xml,837,KHTQ6T6KYCZGWMCUBH6N3I5WJ7V34WRR,200,1,2014,http://negativeyouth.net/glass-teeth-x-funerals/feed/,
/glossata/,post,20131126100836,text/html,34000,NT364RWBES636PEEORCNDLHXCW6JW4ZD,200,3,2013;2014,http://negativeyouth.net/glossata/,
/glossata/feed/,feed,20140109203915,text/xml,814,D4INMAQLWDUEMRGIUKG5ZF2HB4J2EEV4,200,1,2014,http://negativeyouth.net/glossata/feed/,
/gn-ep/,post,20131126102533,text/html,34143,DIRYEBBWAESPHCEGUJHMXREGMS366OCP,200,4,2012;2013;2014,http://negativeyouth.net/gn-ep/,
/gn-ep/feed/,feed,20140110203550,text/xml,814,65JACXMBAPQPD72MLL46SIROD2WZ4UJN,200,1,2014,http://negativeyouth.net/gn-ep/feed/,
/god-created-the-beat/,post,20131126084209,text/html,34194,SE2BNOJAQE3XHKZEMELMGLJLLTIEY726,200,3,2013;2014,http://negativeyouth.net/god-created-the-beat/,
/god-created-the-beat/feed/,feed,20140109185607,text/xml,1033,SJYSDIUUOX75MMQG6RYZQ7Z4TOIXJFVJ,200,1,2014,http://negativeyouth.net/god-created-the-beat/feed/,
/good-amount-orange-pack-glass-popcorn-remix/,post,20131126110422,text/html,34518,2FV3NNKOT7PEDBHVG6MRFKESUB2VMENB,200,6,2011;2012;2013;2014,http://negativeyouth.net/good-amount-orange-pack-glass-popcorn-remix/,
/good-amount-orange-pack-glass-popcorn-remix/feed/,feed,20140110212430,text/xml,1159,X7T4BGNM4ENMLIEFAXTS7LX5L23HRHVJ,200,1,2014,http://negativeyouth.net/good-amount-orange-pack-glass-popcorn-remix/feed/,
/grimes-2/,post,20131126110352,text/html,33952,WX5G6JZRNKWLV6ZYKLO3PUE6JFT6VSQ3,200,10,2011;2012;2013;2014;2015,http://negativeyouth.net/grimes-2/,
/grimes-2/feed/,feed,20140110213751,text/xml,814,ACATC5TYVN57OPP6APMLYMHTM7FNLRXI,200,1,2014,http://negativeyouth.net/grimes-2/feed/,
/grimes-genesis/,post,20131126122450,text/html,33679,2EGXYZ5DKH64FWG2XLGEDKJFKTHP2D43,200,4,2012;2013;2014,http://negativeyouth.net/grimes-genesis/,
/grimes-genesis/feed/,feed,20140110220334,text/xml,838,LAZNX3A7PKASMXKP2IDKOUOJNCVF2UE7,200,1,2014,http://negativeyouth.net/grimes-genesis/feed/,
/grimes-nightmusic/,post,20131126100911,text/html,33434,JWKREQQ4KSURPRTZQ5YBHXIXBFSJQRMI,200,4,2012;2013;2014,http://negativeyouth.net/grimes-nightmusic/,
/grimes-nightmusic/feed/,feed,20140109201933,text/xml,869,HFHTJJQHBTGIM3AHEFJATQCKQWIMBCIN,200,1,2014,http://negativeyouth.net/grimes-nightmusic/feed/,
/grimes-oblivion/,post,20131126110806,text/html,33895,WO5MLDQP44QV6Y4T7WSF3X5UUCIL6FTT,200,5,2011;2012;2013;2014,http://negativeyouth.net/grimes-oblivion/,
/grimes-oblivion/feed/,feed,20140110213435,text/xml,839,ES5FYUMSTYYSB77SQHV2INJ3CBEVH55X,200,1,2014,http://negativeyouth.net/grimes-oblivion/feed/,
/grimes-vanessa-2/,post,20131126093602,text/html,33929,DKZHEXQONYOFYRI2N6XF5WA3MPP6LYPG,200,8,2011;2012;2013;2014,http://negativeyouth.net/grimes-vanessa-2/,
/grimes-vanessa-2/feed/,feed,20140109200228,text/xml,837,DWGMMVXMAQC2BABD7ZBLBVWSWVUAFY74,200,1,2014,http://negativeyouth.net/grimes-vanessa-2/feed/,
/gsx-remixes/,post,20131126092139,text/html,33772,FBPI67A4PAGTFB4EGZ3CN54EHII5IL3E,200,4,2012;2013;2014,http://negativeyouth.net/gsx-remixes/,
/gsx-remixes/feed/,feed,20140109192734,text/xml,822,BGN4IN2FMDBF2ZBDER4EHFIXY2VGPWE7,200,1,2014,http://negativeyouth.net/gsx-remixes/feed/,
/gucci-guilty-2/,post,20110718223548,text/html,15096,GPKRNBSG2SZUXJJJYODH2AWJU7SXQ3QW,200,2,2011,http://negativeyouth.net/gucci-guilty-2/,
/guess-tiesto-nyt-lyf-collection/,post,20131126100854,text/html,34471,WUUZ4V3B7UV2KCMMSVGQXHEL7V2WSV5J,200,4,2013;2014,http://negativeyouth.net/guess-tiesto-nyt-lyf-collection/,
/guess-tiesto-nyt-lyf-collection/feed/,feed,20140109202623,text/xml,858,JT5NP4H2VTFTEPOZ7LG7MJY2F6JBIH6V,200,1,2014,http://negativeyouth.net/guess-tiesto-nyt-lyf-collection/feed/,
/guia-ny-a-nrmal-2013/,post,20131126102513,text/html,37380,I45DPWQIMMNSTDQ26EUOP65IUTZWXD6U,200,3,2013;2014,http://negativeyouth.net/guia-ny-a-nrmal-2013/,
/guia-ny-a-nrmal-2013/feed/,feed,20140110202832,text/xml,839,S5ZYY2ZSNCLTUDD365A2LQJZBIRHC6ZI,200,1,2014,http://negativeyouth.net/guia-ny-a-nrmal-2013/feed/,
/gun/,post,20131126084503,text/html,33432,ABJDVOASSH2M5HWF2OWJPI4X5CKFHCIW,200,3,2013;2014,http://negativeyouth.net/gun/,
/gun/feed/,feed,20140109184601,text/xml,809,WOVPKD3BZEKSNRPKSQBNMPBVFFU2CD2V,200,1,2014,http://negativeyouth.net/gun/feed/,
/gvcci-hvcci-coyote-gang-2/,post,20131126090433,text/html,34143,MK322I2K22UOKRBPHML2SDSHEFQWLTSG,200,8,2011;2012;2013;2014,http://negativeyouth.net/gvcci-hvcci-coyote-gang-2/,
/gvcci-hvcci-coyote-gang-2/feed/,feed,20140109194600,text/xml,838,EY6J6VOO6MR4M4YFEJAQUJAQZOJZR32Q,200,1,2014,http://negativeyouth.net/gvcci-hvcci-coyote-gang-2/feed/,
/gvcci-hvcci-crack-the-whip/,post,20131126102055,text/html,34033,VD3F3YGEYFQM3MTG4C2XP2C6M44SJYMS,200,4,2012;2013;2014,http://negativeyouth.net/gvcci-hvcci-crack-the-whip/,
/gvcci-hvcci-crack-the-whip/feed/,feed,20140110211236,text/xml,1144,PBZ2IUCXYPRY5SRV7H4Y2SM44MQKSLLW,200,1,2014,http://negativeyouth.net/gvcci-hvcci-crack-the-whip/feed/,
/h%E2%80%A2a%E2%80%A2m-2/,post,20110718224753,text/html,14746,TEXOY53BLMMVL5GPPPJSS52DCZA6KBLS,200,2,2011,http://negativeyouth.net/h%E2%80%A2a%E2%80%A2m-2/,
/haleek-maul-88/,post,20131126082544,text/html,33504,INJHZNPJPTZDJUKUJKIBAT3TMYSKNOTZ,200,4,2012;2013;2014,http://negativeyouth.net/haleek-maul-88/,
/haleek-maul-88/feed/,feed,20140109184405,text/xml,837,ZX4DTSHOJKQGKGLXVEFUXZXD52RXCRHM,200,1,2014,http://negativeyouth.net/haleek-maul-88/feed/,
/haleek-maul-supreme-cuts/,post,20131126083002,text/html,34072,M43SDTQUYMQLVKQ55J3GXXVHHDBNKX24,200,4,2012;2013;2014,http://negativeyouth.net/haleek-maul-supreme-cuts/,
/haleek-maul-supreme-cuts/feed/,feed,20140109182524,text/xml,850,SJSX76NBR75NAO522LTKYLLUY27YTFWI,200,1,2014,http://negativeyouth.net/haleek-maul-supreme-cuts/feed/,
/haleek-maul/,post,20131126082526,text/html,34552,JO6R6NHGOML3LFAD654ZQOWGDEFESCGZ,200,4,2012;2013;2014,http://negativeyouth.net/haleek-maul/,
/haleek-maul/feed/,feed,20140109185650,text/xml,1320,QG3NU3LFY7GIXRPJ7ATZ4XEH57DIA4XA,200,1,2014,http://negativeyouth.net/haleek-maul/feed/,
/ham/,post,20131126110858,text/html,33757,26T3YZRBQSMOFTWBAALRXYAQGRY6OJXR,200,6,2011;2012;2013;2014,http://negativeyouth.net/ham/,
/ham/feed/,feed,20140110212245,text/xml,818,2KS7PNKNIZNUM46Z2D2NLDYIYRWQZSLZ,200,1,2014,http://negativeyouth.net/ham/feed/,
/hard-as-a-motherfucker-2/,post,20110718223556,text/html,14933,FYE2SNGP2CNPFSPTL6RYQ5CZMSZRQXJL,200,2,2011,http://negativeyouth.net/hard-as-a-motherfucker-2/,
/hard-as-a-motherfucker/,post,20131126112901,text/html,34024,4Y6NEHHWCNUBB25VVSEPXKBBDU2QZ7GS,200,6,2011;2012;2013;2014,http://negativeyouth.net/hard-as-a-motherfucker/,
/hard-as-a-motherfucker/feed/,feed,20140110212453,text/xml,839,FFJXHIOQOB2YVE6X2IY72TZOKULTERO6,200,1,2014,http://negativeyouth.net/hard-as-a-motherfucker/feed/,
/hard-destiny-live-mixtape/,post,20131126112914,text/html,34110,O5JB3KTUBUYRIWSA573JRUVWYOVE4ISN,200,7,2011;2012;2013;2014,http://negativeyouth.net/hard-destiny-live-mixtape/,
/hard-destiny-live-mixtape/feed/,feed,20140110212442,text/xml,843,JDUYM4CKOAA2L6NSIWHHF7ZWCUY5S4AD,200,1,2014,http://negativeyouth.net/hard-destiny-live-mixtape/feed/,
/hd-boyz-torrent-leak/,post,20131126121856,text/html,33694,77IPX5TFNRTTZPNRXB5XH44W6XZJLJU3,200,6,2011;2012;2013;2014;2025,http://negativeyouth.net/hd-boyz-torrent-leak/,https://negativeyouth.net/hd-boyz-torrent-leak/
/hd-boyz-torrent-leak/feed/,feed,20140110214822,text/xml,840,VJUJ6DDNRO4IASOKOGFQWFAC2HSNETSP,200,1,2014,http://negativeyouth.net/hd-boyz-torrent-leak/feed/,
/hd-boyz-unzip/,post,20131126094615,text/html,34296,KXF76WUBE7DEIQNYR5LW6SWKWMAGV5JW,200,5,2011;2012;2013;2014,http://negativeyouth.net/hd-boyz-unzip/,
/hd-boyz-unzip/feed/,feed,20140109203711,text/xml,839,GJVNXKT5NTDYLZH3CNFEENBTFUM4QSG3,200,1,2014,http://negativeyouth.net/hd-boyz-unzip/feed/,
/hdxd-demoticon-mal010/,post,20131126084406,text/html,33612,WWI5VFK45BYMM2TU5Q5JB4IAOK6TKTK7,200,2,2013;2014,http://negativeyouth.net/hdxd-demoticon-mal010/,
/hdxd-demoticon-mal010/feed/,feed,20140109195107,text/xml,852,UF355HV3POMHMFGJWGBKRLX5ARBGJI2G,200,1,2014,http://negativeyouth.net/hdxd-demoticon-mal010/feed/,
/health-australia-2/,post,20110718225938,text/html,14571,D5JNOPF46MD6IENJBAI56HJLB4G54MYT,200,2,2011,http://negativeyouth.net/health-australia-2/,
/health-australia/,post,20131126120127,text/html,33619,NEVETNXIKHYZUZEYWL5YFGQBYXBXTSW2,200,5,2011;2012;2013;2014,http://negativeyouth.net/health-australia/,
/health-australia/feed/,feed,20140110215929,text/xml,829,RZP32UWTK52TT7R5HZJ3QQ2XMV7FO7YG,200,1,2014,http://negativeyouth.net/health-australia/feed/,
/health-en-mexico-2/,post,20131126102350,text/html,34128,MPDOZWG25RQCTHFXZAGSMWOHMIDHF7N2,200,8,2011;2012;2013;2014,http://negativeyouth.net/health-en-mexico-2/,
/health-en-mexico-2/feed/,feed,20140110191718,text/xml,831,S3R3NYHXNHSRNBJ7THM25OARHC5KZRW7,200,1,2014,http://negativeyouth.net/health-en-mexico-2/feed/,
/health-goth-star-pictureplane-cover/,post,20131126110735,text/html,34637,NP6LG6FKQQRI2NSI4GSWUHPSKNG76RRO,200,5,2011;2012;2013;2014,http://negativeyouth.net/health-goth-star-pictureplane-cover/,
/health-goth-star-pictureplane-cover/feed/,feed,20140110212242,text/xml,1095,QUTR6ZDDIMBGC5AQDDPZEAMC3K77YXLD,200,1,2014,http://negativeyouth.net/health-goth-star-pictureplane-cover/feed/,
/health-tears-video/,post,20131126085333,text/html,33822,YY6DZYTT3MPSRGPMPATD6VYY6DVCI2NF,200,5,2012;2013;2014,http://negativeyouth.net/health-tears-video/,
/health-tears-video/feed/,feed,20140109191831,text/xml,846,UYO6NT7J6L2JXEQI5LDBXFY6PIAL5J2G,200,2,2012;2014,http://negativeyouth.net/health-tears-video/feed/,
/health-tears/,post,20131126084157,text/html,34124,D34YYWS6N6N4ZGCETFRZR5DZ2C5IXJ3W,200,4,2012;2013;2014,http://negativeyouth.net/health-tears/,
/health-tears/feed/,feed,20140109192714,text/xml,1133,KSK2QVKLTEOIMMCREIB65AWLQF7FT7IZ,200,1,2014,http://negativeyouth.net/health-tears/feed/,
/heat/,post,20131126091950,text/html,33703,7SM2YRMG72XFSN4GRIB6HCKWMBWX5R76,200,7,2011;2012;2013;2014,http://negativeyouth.net/heat/,
/heat/feed/,feed,20140109192813,text/xml,809,QO4PRH6RRLIWVFMO2V5OXIFFL55X7OBS,200,1,2014,http://negativeyouth.net/heat/feed/,
/heaven/,post,20131126085839,text/html,33643,YMPOVISMEZNLJ57BZDB3FF4AI73FWBWB,200,3,2013;2014,http://negativeyouth.net/heaven/,
/heaven/feed/,feed,20140109193046,text/xml,812,JMC5GZ2NFZIUFWLDSQZP5UJ3GOXFI5DP,200,1,2014,http://negativeyouth.net/heaven/feed/,
/held-tim-hecker-remix/,post,20131126090357,text/html,33863,BAEFNYVHQ6PTRCTAJ6S2R63Z7WM7GB2O,200,4,2012;2013;2014,http://negativeyouth.net/held-tim-hecker-remix/,
/held-tim-hecker-remix/feed/,feed,20140109194609,text/xml,842,VAJTB6DIVAF5PGOCK47DMQGPXWFLHFFY,200,1,2014,http://negativeyouth.net/held-tim-hecker-remix/feed/,
/hideous-men-sirens-2/,post,20131126113148,text/html,34045,DH5JYA2XJKS6SJKARHHGLBQ3WELGJGYN,200,9,2011;2012;2013;2014,http://negativeyouth.net/hideous-men-sirens-2/,
/hideous-men-sirens-2/feed/,feed,20140110213043,text/xml,846,IMINMXYNDCXPT4DC6X2OQAZFPKFUZH5D,200,1,2014,http://negativeyouth.net/hideous-men-sirens-2/feed/,
/high-places-sophia/,post,20131126121803,text/html,33755,RWJEEHMSABKDUF4UGRQL7KJTAIYNC4BN,200,5,2011;2012;2013;2014,http://negativeyouth.net/high-places-sophia/,
/high-places-sophia/feed/,feed,20140110215718,text/xml,843,D6PQSBJN274A5JXWESP6VDDG4ZZRQVU7,200,1,2014,http://negativeyouth.net/high-places-sophia/feed/,
/high-places-year-off/,post,20131126112817,text/html,33765,RDDHMTXHPAZMKKSLVESEQTEMYZV7PADG,200,5,2011;2012;2013;2014,http://negativeyouth.net/high-places-year-off/,
/high-places-year-off/feed/,feed,20140110215820,text/xml,847,J2VHECQD4QF7IO7BCSU2QSQ4JTVGIRZY,200,1,2014,http://negativeyouth.net/high-places-year-off/feed/,
/hmmmmmmexico/,post,20131126084657,text/html,40211,OEO3URBR6RXCXDYOYWRUZWKCI2AJW7HI,200,6,2012;2013;2014,http://negativeyouth.net/hmmmmmmexico/,
/hmmmmmmexico/feed/,feed,20140109194742,text/xml,1798,SSC6GKB7Y7XV3T7W73Q2CPJ7P5MJ56XQ,200,1,2014,http://negativeyouth.net/hmmmmmmexico/feed/,
/hola-2011/,post,20131126100742,text/html,33507,MXCYZMOTMSG3NSXQY2BFBP6ZSFEGTMOB,200,5,2011;2012;2013;2014,http://negativeyouth.net/hola-2011/,
/hola-2011/feed/,feed,20140109204529,text/xml,815,NXRGQLS54KEODM5STDWQOGYDV53UBLIK,200,1,2014,http://negativeyouth.net/hola-2011/feed/,
/hold-it-against-me-2/,post,20110718223601,text/html,14856,D5WOPRG2JE6SXA7WMRAEFEKLP2IXWTWT,200,2,2011,http://negativeyouth.net/hold-it-against-me-2/,
/hold-it-against-me-nike7up-help-i%E2%80%99m-trapped-in-a-body-remix-2/,post,20110718230705,text/html,14721,57KK2PH33XO3OQZE7QVWWIIKOXYY24AD,200,2,2011,http://negativeyouth.net/hold-it-against-me-nike7up-help-i%E2%80%99m-trapped-in-a-body-remix-2/,
/hold-it-against-me-nike7up-help-i%E2%80%99m-trapped-in-a-body-remix/,post,20131126110908,text/html,33892,GKBGA2WMAH3N2PXVAXBKEYT2ONLDSW54,200,7,2011;2012;2013;2014;2025,http://negativeyouth.net/hold-it-against-me-nike7up-help-i%E2%80%99m-trapped-in-a-body-remix/,http://negativeyouth.net/hold-it-against-me-nike7up-help-i%e2%80%99m-trapped-in-a-body-remix/ https://negativeyouth.net/hold-it-against-me-nike7up-help-i%E2%80%99m-trapped-in-a-body-remix/
/hold-it-against-me-nike7up-help-i%E2%80%99m-trapped-in-a-body-remix/feed/,feed,20140111005508,text/xml,919,ACO42CYRM7QMSFBMP73JXQINQTCCHPI7,200,1,2014,http://negativeyouth.net/hold-it-against-me-nike7up-help-i%e2%80%99m-trapped-in-a-body-remix/feed/,
/hold-it-against-me/,post,20131126102203,text/html,33895,XGDUUKZWUFHP2YEHALUSWTNOTYMMLVUS,200,5,2011;2012;2013;2014,http://negativeyouth.net/hold-it-against-me/,
/hold-it-against-me/feed/,feed,20140110200121,text/xml,830,MMXSDKRDE3KLFNBEYH5IG62EVN3UETH2,200,1,2014,http://negativeyouth.net/hold-it-against-me/feed/,
/hollagramz-galactic-leash-ep/,post,20131126092433,text/html,33913,BYXGMDYBR2ETAZKNE3FGNDSSQVOODUQS,200,5,2011;2012;2013;2014,http://negativeyouth.net/hollagramz-galactic-leash-ep/,
/hollagramz-galactic-leash-ep/feed/,feed,20140109193400,text/xml,860,2QTUPH7OBOPWDBOEGLU4HL7L3RTWXQS5,200,1,2014,http://negativeyouth.net/hollagramz-galactic-leash-ep/feed/,
/hollagramz-vs-blissed-out/,post,20131126125729,text/html,33734,VZEMEEIHF3BLYL32BA44QJP6C4GOQ3BX,200,8,2011;2012;2013;2014,http://negativeyouth.net/hollagramz-vs-blissed-out/,
/hollagramz-vs-blissed-out/feed/,feed,20140110220951,text/xml,846,BRQ3FD4X6LJLX2ETK6B52DQD3PO23DHM,200,1,2014,http://negativeyouth.net/hollagramz-vs-blissed-out/feed/,
/holograms/,post,20131126090055,text/html,33346,FCJLTTGGPQJOBXHVASQEINIX5YDN2OKQ,200,2,2013;2014,http://negativeyouth.net/holograms/,
/holograms/feed/,feed,20140109191516,text/xml,819,TMBE44P47TXRF4RDNEWH7GPBMNEX56JP,200,1,2014,http://negativeyouth.net/holograms/feed/,
/holy-other-held/,post,20131126084040,text/html,33746,HHAQGKU3TV2WRDDKKQE5ZPXHSPLNASNP,200,4,2012;2013;2014,http://negativeyouth.net/holy-other-held/,
/holy-other-held/feed/,feed,20140109184134,text/xml,839,FRTF7XDW4IRPTMQAFC57ZUSXHMH23R2S,200,1,2014,http://negativeyouth.net/holy-other-held/feed/,
/holy-other-love-some1-teengirl-fantasy-remix-featuring-kelela/,post,20131126090422,text/html,33821,WJ5YMWCEYZBT2WFHUHWBBBJHZVQ7S3MP,200,4,2012;2013;2014,http://negativeyouth.net/holy-other-love-some1-teengirl-fantasy-remix-featuring-kelela/,
/holy-other-love-some1-teengirl-fantasy-remix-featuring-kelela/feed/,feed,20140109191252,text/xml,917,7GDE5NWGVLAVSRZEOBKFKL2H3ABACWSH,200,1,2014,http://negativeyouth.net/holy-other-love-some1-teengirl-fantasy-remix-featuring-kelela/feed/,
/holy-other-touch-2/,post,20110718225949,text/html,15047,MXRQC6NG5HWKFZGEFVWQXHA2YXQELLPP,200,2,2011,http://negativeyouth.net/holy-other-touch-2/,
/holy-other-touch/,post,20131126102144,text/html,34648,ROXSP5W2OY2BLDFEHUAYDPGPQCCQ77PT,200,5,2011;2012;2013;2014,http://negativeyouth.net/holy-other-touch/,
/holy-other-touch/feed/,feed,20140110185507,text/xml,1369,YXQHILZSY2LUPFYPCP6BLLAD2GDQP3FC,200,1,2014,http://negativeyouth.net/holy-other-touch/feed/,
/horse-macgyver-en-vivo-en-un-coche-2/,post,20131126121933,text/html,33547,IHG4LQNI6YK6LB4SXG6RGK7DMWYIHSFP,200,9,2011;2012;2013;2014,http://negativeyouth.net/horse-macgyver-en-vivo-en-un-coche-2/,
/horse-macgyver-en-vivo-en-un-coche-2/feed/,feed,20140110215726,text/xml,863,L7LBYQWHR56IS4FBOFPIWDV5SCYAVZWQ,200,2,2014,http://negativeyouth.net/horse-macgyver-en-vivo-en-un-coche-2/feed/,
/house-of-comments/,post,20131126091700,text/html,33417,RPIPASQEJIWDZLTRFP3ZAWZKIXCQQKKJ,200,3,2013;2014,http://negativeyouth.net/house-of-comments/,
/house-of-comments/feed/,feed,20140109193711,text/xml,832,7GV6N2TALVP2V7RX5UKFJ5DYNM3O5IAD,200,1,2014,http://negativeyouth.net/house-of-comments/feed/,
/house-of-ladosha-2/,post,20131126112842,text/html,34072,XS45K7JZOXYCRWP7AO7T4VP5PBQGGBDX,200,8,2011;2012;2013;2014,http://negativeyouth.net/house-of-ladosha-2/,
/house-of-ladosha-2/feed/,feed,20140110212357,text/xml,831,2JF3VFLJWFQHQPVAYNNIK2CTE4F77EKU,200,1,2014,http://negativeyouth.net/house-of-ladosha-2/feed/,
/house-of-ladosha-perched-rollin/,post,20131126105731,text/html,33705,2EIIK33AQKZ7KFVWYI5ILAOBGYI6XTXJ,200,4,2012;2013;2014,http://negativeyouth.net/house-of-ladosha-perched-rollin/,
/house-of-ladosha-perched-rollin/feed/,feed,20140110213237,text/xml,877,OWHP6QG4RPJELXIYINKWH6DW45MB7YFA,200,1,2014,http://negativeyouth.net/house-of-ladosha-perched-rollin/feed/,
/house-of-ladosha-this-is-your-brain/,post,20131126110110,text/html,34099,TUY4GP3EY4HF7Q53MQ2ZDJWOLV6HV7NM,200,5,2011;2012;2013;2014,http://negativeyouth.net/house-of-ladosha-this-is-your-brain/,
/house-of-ladosha-this-is-your-brain/feed/,feed,20140110213102,text/xml,869,H7HQMLLQTQEAOHZ75T3ZBOUQXYZSD4DB,200,1,2014,http://negativeyouth.net/house-of-ladosha-this-is-your-brain/feed/,
/how-to-dress-well-change-yourself/,post,20131126110938,text/html,34109,S3KOTCDXAU7FPKF5YMGRXF2IFUBMUF47,200,5,2011;2012;2013;2014,http://negativeyouth.net/how-to-dress-well-change-yourself/,
/how-to-dress-well-change-yourself/feed/,feed,20140110212513,text/xml,863,KPJM6JP33EBQEROEPPCU4IFAMW3U7ZDV,200,1,2014,http://negativeyouth.net/how-to-dress-well-change-yourself/feed/,
/httpe-m-bed-ded/,post,20131126100534,text/html,33765,WMXKPYTXM2DNKWNSXMONYECZMTYHLHS4,200,4,2012;2013;2014,http://negativeyouth.net/httpe-m-bed-ded/,
/httpe-m-bed-ded/feed/,feed,20140109203042,text/xml,827,BPD6EUQAAIYEXX7OMNIFNFBQM7T5523E,200,1,2014,http://negativeyouth.net/httpe-m-bed-ded/feed/,
/hustling/,post,20131126104110,text/html,33524,W2IZ7DHT6E6WQ6NRFBLM4AUKDCVZ3ECQ,200,4,2012;2013;2014,http://negativeyouth.net/hustling/,
/hustling/feed/,feed,20140110213017,text/xml,817,I2WVEML6PVUXYREBV7AEEG6FXVMTHQDN,200,1,2014,http://negativeyouth.net/hustling/feed/,
/hyper-reality/,post,20131126090258,text/html,33446,JMD5QWRLCEECVQSKND77GVEQZJTNJV7Y,200,2,2013;2014,http://negativeyouth.net/hyper-reality/,
/hyper-reality/feed/,feed,20140109195233,text/xml,825,YIGF43EOOV6HQF3A2Z6ROVTTHRTHIZCF,200,1,2014,http://negativeyouth.net/hyper-reality/feed/,
/hypermotion-xb/,post,20131126105737,text/html,34411,MXV6J7GT4VVLW4BBPXRZ3YMXSSYSAI3S,200,4,2012;2013;2014,http://negativeyouth.net/hypermotion-xb/,
/hypermotion-xb/feed/,feed,20140110212834,text/xml,1131,PZIRB3N25LNF6EG7NS2HCA22ORTN3Z7S,200,1,2014,http://negativeyouth.net/hypermotion-xb/feed/,
/i-come-with-knives/,post,20131126084648,text/html,33312,6SKXBAHRO6OPBREQOJ5D7R4OAEYLTWEJ,200,5,2013;2014,http://negativeyouth.net/i-come-with-knives/,
/i-come-with-knives/feed/,feed,20140109191709,text/xml,834,RRETZWDMESBLTNZ6YXFMGYS53U4PPSWM,200,1,2014,http://negativeyouth.net/i-come-with-knives/feed/,
/icepunk-2-compilation/,post,20131126093714,text/html,35029,G2PKS5TXBXBCF2XR25ZMXBJYBLKODVAT,200,4,2012;2013;2014,http://negativeyouth.net/icepunk-2-compilation/,
/icepunk-2-compilation/feed/,feed,20140109204126,text/xml,1192,6AEMZ6RCPP56MPTRELCPMCMRP4DTRBS7,200,1,2014,http://negativeyouth.net/icepunk-2-compilation/feed/,
/in-and-out/,post,20131126084507,text/html,33998,LDSOVPF3RCYGWFABA67W2PP4KX27NQWD,200,5,2012;2013;2014,http://negativeyouth.net/in-and-out/,
/in-and-out/feed/,feed,20140109183625,text/xml,817,X3VTGAKQNOEK5DXLK7MT22VOAPTW5DA2,200,1,2014,http://negativeyouth.net/in-and-out/feed/,
/inc-the-place/,post,20131126095225,text/html,33907,O6CRD2YFKOPT3AQ4VCJKIZQ7TWU2WNWQ,200,4,2012;2013;2014,http://negativeyouth.net/inc-the-place/,
/inc-the-place/feed/,feed,20140109200257,text/xml,832,EMVPCTNENAMD25WA6UGUDEXQUIVYBUJF,200,1,2014,http://negativeyouth.net/inc-the-place/feed/,
/inca-gold-2/,post,20110718223606,text/html,14734,DDJGNIR4CUO2NEW2T2UF6TWTUO2PVWZ2,200,2,2011,http://negativeyouth.net/inca-gold-2/,
/indian-jewelry-see-forever/,post,20131126094132,text/html,34220,AUFRAO5LUFQEUNXRT25XRA7WT2L7IQXG,200,5,2012;2013;2014,http://negativeyouth.net/indian-jewelry-see-forever/,
/indian-jewelry-see-forever/feed/,feed,20140109201643,text/xml,851,EBLXSZIZQGYTWLRSYMZCXCK7DWFUER2L,200,1,2014,http://negativeyouth.net/indian-jewelry-see-forever/feed/,
/innergaze/,post,20131126095739,text/html,33984,CKFL4EUSJZIUYZIVHZGVK73F5LACOLBQ,200,8,2011;2012;2013;2014,http://negativeyouth.net/innergaze/,
/innergaze/feed/,feed,20140109201738,text/xml,820,5USF7DX3LJMF3DSBQDNYZSOMGEO7LYSJ,200,1,2014,http://negativeyouth.net/innergaze/feed/,
/innocentia-obscura/,post,20131126085711,text/html,33810,T3TYTKKZXCMDKOBNWS76XGBMTY4SHBGO,200,4,2013;2014,http://negativeyouth.net/innocentia-obscura/,
/innocentia-obscura/feed/,feed,20140109191319,text/xml,834,64FK6NB27CQ2EE3WACHHIKRM77L5RYP5,200,1,2014,http://negativeyouth.net/innocentia-obscura/feed/,
/ionika/,post,20131126082639,text/html,33627,W5ES7SGOJCSKUDXBLI5UFLB5RCKRES3M,200,2,2013;2014,http://negativeyouth.net/ionika/,
/ionika/feed/,feed,20140109191454,text/xml,812,T5VOZPRKTNSQY2YAU5Q5OYPOGKTRF3GB,200,1,2014,http://negativeyouth.net/ionika/feed/,
/ipc/,post,20131126094029,text/html,34033,JFFE4QDDVWHKBBWB4K3UCIUCE4XLKHSW,200,4,2012;2013;2014,http://negativeyouth.net/ipc/,
/ipc/feed/,feed,20140109202545,text/xml,808,ULWN6ETRPG6I5S64K7AYRHILZYO47LDM,200,1,2014,http://negativeyouth.net/ipc/feed/,
/irhell-2/,post,20131126125600,text/html,34615,G7PZK5YASUZHK7DJECOWABLBYMSPYJPY,200,9,2011;2012;2013;2014;2015,http://negativeyouth.net/irhell-2/,
/irhell-2/feed/,feed,20140110220924,text/xml,1193,XV5BE527Y7JAYYAIQBO7EJSWHCJHQ5DO,200,1,2014,http://negativeyouth.net/irhell-2/feed/,
/irl/,post,20131126101007,text/html,33829,OG5I7HXGYQJAAJDQLEPEPEKURFBN75HK,200,3,2013;2014,http://negativeyouth.net/irl/,
/irl/feed/,feed,20140109195858,text/xml,808,KR6RZFBDH2RZF4CULR3ZLXSG77MUJK64,200,1,2014,http://negativeyouth.net/irl/feed/,
/it-was-u-doss-remix/,post,20131126083034,text/html,33803,VETSWQPSAIQP5ZEHAFAMVSXUSZGRECDH,200,4,2013;2014,http://negativeyouth.net/it-was-u-doss-remix/,
/it-was-u-doss-remix/feed/,feed,20140109184216,text/xml,847,XXEWHKBNTMZYRVTHLIK75JPSPITKCIQI,200,1,2014,http://negativeyouth.net/it-was-u-doss-remix/feed/,
/its-dangerous-to-go-alone-take-this/,post,20131126092042,text/html,34317,NVSRDYKSQA77IZBYJRZJKO7KRTPNWU3N,200,4,2012;2013;2014,http://negativeyouth.net/its-dangerous-to-go-alone-take-this/,
/its-dangerous-to-go-alone-take-this/feed/,feed,20140109191820,text/xml,873,5KJQ76KAMUFHVWF7GXXFE5RZ5Y25ULXA,200,1,2014,http://negativeyouth.net/its-dangerous-to-go-alone-take-this/feed/,
/jack-ie-lo-gimme_m%C2%A5_drug/,post,20131126090316,text/html,33931,ZHKGZ4I3DDUSZQXASIZNNCK3F5KCUEUZ,200,5,2012;2013;2014,http://negativeyouth.net/jack-ie-lo-gimme_m%C2%A5_drug/,http://negativeyouth.net/jack-ie-lo-gimme_m%c2%a5_drug/
/jack-ie-lo-gimme_m%C2%A5_drug/feed/,feed,20140109193112,text/xml,874,D6NDXSEQEGMPWMLCV5P4UBCYLQ7KODDW,200,1,2014,http://negativeyouth.net/jack-ie-lo-gimme_m%c2%a5_drug/feed/,
/jack-ie-lo-memorandum-colosio/,post,20131126104210,text/html,34074,4U66XZCVOGEDSR75TAJKXMVSOMCEXMJT,200,4,2012;2013;2014,http://negativeyouth.net/jack-ie-lo-memorandum-colosio/,
/jack-ie-lo-memorandum-colosio/feed/,feed,20140111004945,text/xml,867,XVTE2CB7GR3B6LG2WYSQW72R6NND5R3T,200,1,2014,http://negativeyouth.net/jack-ie-lo-memorandum-colosio/feed/,
/james-ferraro-condom/,post,20131126090334,text/html,33639,AFBHQBKHEVAOCPUPZ5MOFRB5TM4E4WCF,200,3,2013;2014,http://negativeyouth.net/james-ferraro-condom/,
/james-ferraro-condom/feed/,feed,20140109191018,text/xml,846,T2C6ZMAM2XJPUV6NGDZHSFICDE3BMT2D,200,1,2014,http://negativeyouth.net/james-ferraro-condom/feed/,
/james-ferraro-sushi/,post,20131126082723,text/html,33905,7LKB5E5ZBODRSQ6OYVWXNHXWT5BYZQAA,200,4,2012;2013;2014,http://negativeyouth.net/james-ferraro-sushi/,
/james-ferraro-sushi/feed/,feed,20140109183822,text/xml,846,UGCKX5IL2ERR7SKOPEU7EDXAATRT5CRP,200,1,2014,http://negativeyouth.net/james-ferraro-sushi/feed/,
/jay-z-99-problems-the-prodigy-remix-2/,post,20131126100518,text/html,33829,RJTLTOQYC4FMIELPPKJ7TAWYUDYJC433,200,8,2011;2012;2013;2014,http://negativeyouth.net/jay-z-99-problems-the-prodigy-remix-2/,
/jay-z-99-problems-the-prodigy-remix-2/feed/,feed,20140109202458,text/xml,874,6YZMMWBT6552H5H3ACDGPWGIXQQHM4H5,200,1,2014,http://negativeyouth.net/jay-z-99-problems-the-prodigy-remix-2/feed/,
/jhene-aiko-stranger-nguzunguzu-rmx/,post,20131126105254,text/html,33540,FWXHH7N3HZS5RUATLFC54HS4PA6OXZA6,200,8,2011;2012;2013;2014,http://negativeyouth.net/jhene-aiko-stranger-nguzunguzu-rmx/,
/jhene-aiko-stranger-nguzunguzu-rmx/feed/,feed,20140110212902,text/xml,874,SSEC3S4U4MVABRAONQHSCIVS4OQTRZAF,200,1,2014,http://negativeyouth.net/jhene-aiko-stranger-nguzunguzu-rmx/feed/,
/jj-2/,post,20110718225959,text/html,15122,H2UM3YMJ5NZICQHJ4TDZI6IASTDLYVWS,200,2,2011,http://negativeyouth.net/jj-2/,
/jj-brine/,post,20131126090357,text/html,34066,NAUWRS32O5RKVKOJUFU5U3SPGYKCIXWT,200,4,2012;2013;2014,http://negativeyouth.net/jj-brine/,
/jj-brine/feed/,feed,20140109191752,text/xml,817,JGCAELXEU2EEEQAF7LMIKLGLE6IAAUJJ,200,1,2014,http://negativeyouth.net/jj-brine/feed/,
/jj-kills-2/,post,20131126112845,text/html,34113,3VVVDQVDXML4QVAK6QPO2XKI7DHMCPZV,200,8,2011;2012;2013;2014,http://negativeyouth.net/jj-kills-2/,
/jj-kills-2/feed/,feed,20140110212918,text/xml,1116,IJIHQXXTL6KM3JTRZN6S2QZZSVRIC4RT,200,1,2014,http://negativeyouth.net/jj-kills-2/feed/,
/jj/,post,20131126110016,text/html,34122,3XD5DN2JYWPCWDEO3TIEOBYAN5DWOQQS,200,5,2011;2012;2013;2014,http://negativeyouth.net/jj/,
/jj/feed/,feed,20140110213249,text/xml,807,THQNNV6WLX4UYKSMA2MV3PGYYENMZPJU,200,1,2014,http://negativeyouth.net/jj/feed/,
/julia-holter-nite-jewel-what-we-see/,post,20131126084640,text/html,33636,FG5MAVRGK27SMOLRJ2FSQQK2UCAJC7VB,200,4,2012;2013;2014,http://negativeyouth.net/julia-holter-nite-jewel-what-we-see/,
/julia-holter-nite-jewel-what-we-see/feed/,feed,20140109194035,text/xml,879,3IYDVTG7YDUZXRJUHQSLAYOUQZLUSHCD,200,1,2014,http://negativeyouth.net/julia-holter-nite-jewel-what-we-see/feed/,
/jummy/,post,20131126095545,text/html,33741,NBLDPF6E66PCCF5NLCPKELVD3PO6IPYX,200,3,2013;2014,http://negativeyouth.net/jummy/,
/jummy/feed/,feed,20140109200920,text/xml,813,XU6TE5ASMXG7A3JX2IMGHIHBMP5D74P5,200,1,2014,http://negativeyouth.net/jummy/feed/,
/june/,post,20131126084434,text/html,33502,QNKKCINIKKUGPEZ7YAMZW2EU5HY2WBKO,200,2,2013;2014,http://negativeyouth.net/june/,
/june/feed/,feed,20140109190728,text/xml,809,D4X7YFFFWIQPJG5LZQ5PTEUZB65YGUCG,200,1,2014,http://negativeyouth.net/june/feed/,
/just-for-hits-richard-dawkins/,post,20150220145453,text/html,9600,PBIPKTFBRRSKOMM3I3Q2RN5J7VF6F53R,200,2,2014;2015,http://negativeyouth.net/just-for-hits-richard-dawkins/,
/k1llrgvp/,post,20131126094105,text/html,33918,VAVQBXPC22X5BMD7GMKMKTHBWR5HW2YX,200,4,2012;2013;2014,http://negativeyouth.net/k1llrgvp/,
/k1llrgvp/feed/,feed,20140109195642,text/xml,818,EHFQB3RUIXDYUEYSAIRGXUL3T46H7FY7,200,1,2014,http://negativeyouth.net/k1llrgvp/feed/,
/kallisti-kali/,post,20131126082848,text/html,34020,3CNV6ULSXL2RTFJCXSGCZ6ZKG6G2R57I,200,4,2012;2013;2014,http://negativeyouth.net/kallisti-kali/,
/kallisti-kali/feed/,feed,20140109183326,text/xml,1030,WRN34QTX3PEMVZDGU3HFNJHPKEOVHCT5,200,1,2014,http://negativeyouth.net/kallisti-kali/feed/,
/kara-step/,post,20131126091745,text/html,33486,TV6S5GM52ZAXFGUWQBLYGLOBQPLSWZNA,200,4,2012;2013;2014,http://negativeyouth.net/kara-step/,
/kara-step/feed/,feed,20140109195211,text/xml,831,KINLIZRPSWZZUVXYCXKQUF7A5ICSWLVG,200,1,2014,http://negativeyouth.net/kara-step/feed/,
/katie-got-bandz-i-need-a-hitta-ludgehammer-blackened-drillwave-bootleg/,post,20131126101024,text/html,33855,4UTAFKR6YTH3XGLK6L4NZ5TYVGBCMOKI,200,3,2013;2014,http://negativeyouth.net/katie-got-bandz-i-need-a-hitta-ludgehammer-blackened-drillwave-bootleg/,
/katie-got-bandz-i-need-a-hitta-ludgehammer-blackened-drillwave-bootleg/feed/,feed,20140109201617,text/xml,931,NGBRANXD34AQ2SHVG7OLVRUKI2G2L6KL,200,1,2014,http://negativeyouth.net/katie-got-bandz-i-need-a-hitta-ludgehammer-blackened-drillwave-bootleg/feed/,
/katie-katie-katie/,post,20131126112655,text/html,33959,6GEOH6DVTPDHXWVA6A565G4T5ZZBBP4I,200,7,2011;2012;2013;2014,http://negativeyouth.net/katie-katie-katie/,
/katie-katie-katie/feed/,feed,20140110212839,text/xml,816,PJWDKJP63WQSZS6BVDKIDROZZUGOKKBX,200,1,2014,http://negativeyouth.net/katie-katie-katie/feed/,
/kid-sister-kiss-kiss-kiss-mixtape-2/,post,20110718230710,text/html,14682,FKEH56XD6FO6D7VRKAWPHRQID2GDMVRL,200,2,2011,http://negativeyouth.net/kid-sister-kiss-kiss-kiss-mixtape-2/,
/kid-sister-kiss-kiss-kiss-mixtape/,post,20131126112358,text/html,33775,IMSZJ6AUX6AYV5XRC7BTSASX4O5EE3J2,200,5,2011;2012;2013;2014,http://negativeyouth.net/kid-sister-kiss-kiss-kiss-mixtape/,
/kid-sister-kiss-kiss-kiss-mixtape/feed/,feed,20140111004936,text/xml,856,WQ5CYSHDOZ5Y6BVHJ37IUHFMVC4TVPQW,200,1,2014,http://negativeyouth.net/kid-sister-kiss-kiss-kiss-mixtape/feed/,
/kidcity/,post,20131126111525,text/html,33868,L6UGP2DDV6CFF3MGH45KRKMA2BGV4SSZ,200,8,2011;2012;2013;2014,http://negativeyouth.net/kidcity/,
/kidcity/feed/,feed,20140110213941,text/xml,816,MZ3TANZMWOFMIGATFZS37FQXS24R5KWX,200,1,2014,http://negativeyouth.net/kidcity/feed/,
/kidnap-kid/,post,20131126083135,text/html,33817,CHSDTAHTVJQDSH6KOWFBMMF3QBBAQNQT,200,6,2012;2013;2014,http://negativeyouth.net/kidnap-kid/,
/kidnap-kid/feed/,feed,20140109183825,text/xml,819,GG2PF2547GO2XYNAC64VSBJRSSMIEDJU,200,1,2014,http://negativeyouth.net/kidnap-kid/feed/,
/kill-them-2/,post,20131126094835,text/html,33525,5PPTBTPBY65OXN66U25OS47J3IQGATNU,200,8,2011;2012;2013;2014,http://negativeyouth.net/kill-them-2/,
/kill-them-2/feed/,feed,20140109201425,text/xml,820,Z5TQ3V6YNY7CNO75PWAWZ6W5DFOD7BOX,200,1,2014,http://negativeyouth.net/kill-them-2/feed/,
/king-night-rotterdam-terror-corps-remix/,post,20131126084344,text/html,33717,WYBTLYCHD5DSFXO55ZPRZ3IIBN5ZTNHN,200,4,2012;2013;2014,http://negativeyouth.net/king-night-rotterdam-terror-corps-remix/,
/king-night-rotterdam-terror-corps-remix/feed/,feed,20140109190918,text/xml,871,2OH5LOYZCWFLA3SZZYMAR2TNTZWBTGBN,200,1,2014,http://negativeyouth.net/king-night-rotterdam-terror-corps-remix/feed/,
/king-of-the-weed-2/,post,20110718224821,text/html,14699,D5RGWSP6LR6VMME2OGCLN4IVZIM7JINF,200,2,2011,http://negativeyouth.net/king-of-the-weed-2/,
/king-of-the-weed/,post,20131126100749,text/html,33741,KXF76WA4XX65L44ETZUZE7TPRHIY54LE,200,5,2011;2012;2013;2014,http://negativeyouth.net/king-of-the-weed/,
/king-of-the-weed/feed/,feed,20140109203928,text/xml,826,GHD6JPA25LCYW4BSUQO5WWUCPPWGGMR4,200,1,2014,http://negativeyouth.net/king-of-the-weed/feed/,
/kingdom-vip-edition/,post,20131126085101,text/html,33664,LGELXHYX5FHRSHKE5YSC35YINWOZSUEC,200,3,2013;2014,http://negativeyouth.net/kingdom-vip-edition/,
/kingdom-vip-edition/feed/,feed,20140109192452,text/xml,833,VWODMGAHALMNDDU2AYWLEWLE3QMN52KD,200,1,2014,http://negativeyouth.net/kingdom-vip-edition/feed/,
/kingpinning/,post,20131126082604,text/html,33807,WY7JN5PUER5MEPVITEX6OT6P4YRGC73K,200,3,2013;2014,http://negativeyouth.net/kingpinning/,
/kingpinning/feed/,feed,20140109185049,text/xml,820,I3AIZB5MNUTYIZ36PIEK2DIV25FQ2W2I,200,1,2014,http://negativeyouth.net/kingpinning/feed/,
/konnichiwa-2/,post,20110718224827,text/html,15207,5QHV4MSTLIWIHAFXFXFP5J54HPR5A7H7,200,2,2011,http://negativeyouth.net/konnichiwa-2/,
/konnichiwa/,post,20131126113235,text/html,34372,OLTR4IL7H22UXJQV2DVYBE4RD56VQWJF,200,6,2011;2012;2013;2014,http://negativeyouth.net/konnichiwa/,
/konnichiwa/feed/,feed,20140110214817,text/xml,821,QSGCCUS5VESV6DNBR6OADF3RVDCVKBVH,200,1,2014,http://negativeyouth.net/konnichiwa/feed/,
/kontravoid/,post,20131126091809,text/html,33447,CHDS63NGOFRKD5FWZUZP64ONZHJIV5LM,200,5,2013;2014;2015,http://negativeyouth.net/kontravoid/,
/kontravoid/feed/,feed,20140109193443,text/xml,820,7MNBMU6OUNU563HPU2HEHNH3NXOKGLCL,200,1,2014,http://negativeyouth.net/kontravoid/feed/,
/korallreven-sa-sa-samoa-elite-gymnastics-remix/,post,20131126112518,text/html,34304,NL4ZVGEAUWQ6GMMJ2J2DBTZQTON2UU3W,200,4,2012;2013;2014,http://negativeyouth.net/korallreven-sa-sa-samoa-elite-gymnastics-remix/,
/korallreven-sa-sa-samoa-elite-gymnastics-remix/feed/,feed,20140110213428,text/xml,1163,NGY4XBTZXP5LPQW6L5Z57DY5QUT3TH5F,200,1,2014,http://negativeyouth.net/korallreven-sa-sa-samoa-elite-gymnastics-remix/feed/,
/korn-skrillex/,post,20131126113451,text/html,34391,T4QGTQ4IF47TI4M3L523OAOYSAK4QIFN,200,7,2011;2012;2013;2014,http://negativeyouth.net/korn-skrillex/,
/korn-skrillex/feed/,feed,20140110220858,text/xml,1286,D2JZSNBZG6CU2BHQZHSZ5SD2E5K6GTX2,200,1,2014,http://negativeyouth.net/korn-skrillex/feed/,
/kreayshawn/,post,20131126100810,text/html,33552,LQLGQNPO7H7HEAYHCYSUKRCHES2PG65V,200,7,2011;2012;2013;2014,http://negativeyouth.net/kreayshawn/,
/kreayshawn/feed/,feed,20140109203045,text/xml,819,NEFIRF5ABYK3PKKIML5CKXRTIWBSZ5PI,200,1,2014,http://negativeyouth.net/kreayshawn/feed/,
/krenshaw/,post,20131126100912,text/html,33721,OUIA6GTXFFSO2PMCAKDDIWNRXV2KV2QM,200,4,2013;2014,http://negativeyouth.net/krenshaw/,
/krenshaw/feed/,feed,20140109201539,text/xml,816,JTIVTRLFHAC6TOGFZVJ3LZATZYGGCHBE,200,1,2014,http://negativeyouth.net/krenshaw/feed/,
/krusaders-be-my-guest-lilinternet-refix/,post,20131126094153,text/html,33837,3ZCENKBCGGDJFFNOMI4MACA6YO5XGO4F,200,4,2012;2013;2014,http://negativeyouth.net/krusaders-be-my-guest-lilinternet-refix/,
/krusaders-be-my-guest-lilinternet-refix/feed/,feed,20140109201421,text/xml,884,VYG4VZ37BXIU3MJKEOELEFYVXPESA4R3,200,1,2014,http://negativeyouth.net/krusaders-be-my-guest-lilinternet-refix/feed/,
/kuchibiru-network-3/,post,20131126093522,text/html,33693,RRQKPTS6WUDCBR6D3UCJAF4Z5N6OPACG,200,3,2013;2014,http://negativeyouth.net/kuchibiru-network-3/,
/kuchibiru-network-3/feed/,feed,20140109204105,text/xml,837,X22C6PDIRTDECVB7ZPCVZPKG6LZA2ZV7,200,1,2014,http://negativeyouth.net/kuchibiru-network-3/feed/,
/la-fuerza-aerea/,post,20131126105134,text/html,33850,Z5RLEOYXZFWCG6LIBPSOH37Y2O7PA6PW,200,6,2012;2013;2014,http://negativeyouth.net/la-fuerza-aerea/,
/la-fuerza-aerea/feed/,feed,20140110213309,text/xml,835,QLB2RI2JKUMAV2Q3I5FI4TUJHEU3GSMP,200,1,2014,http://negativeyouth.net/la-fuerza-aerea/feed/,
/la-mejor-costa-2/,post,20110718224126,text/html,15108,27TVQS5UQ36YDX4BPWGYMWCVULHYVHSG,200,2,2011,http://negativeyouth.net/la-mejor-costa-2/,
/la-mejor-costa/,post,20131126101445,text/html,34679,U7VXWG7NQGNOOORJYWRFDH63CVIZVHE3,200,5,2011;2012;2013;2014,http://negativeyouth.net/la-mejor-costa/,
/la-mejor-costa/feed/,feed,20140110204812,text/xml,1087,46ZDXVVEZ5TEG4Z26GJNTCBPJHXNGWDG,200,1,2014,http://negativeyouth.net/la-mejor-costa/feed/,
/la-minitk-del-miedo/,post,20131126082719,text/html,33494,JGXZN2E6MAZH3RHUQQH5RDU7XQAR4WFT,200,4,2013;2014,http://negativeyouth.net/la-minitk-del-miedo/,
/la-minitk-del-miedo/feed/,feed,20140109184238,text/xml,835,QMJ2KQNA5YLA7CUHYZNDWKUXCS4SQGA7,200,1,2014,http://negativeyouth.net/la-minitk-del-miedo/feed/,
/la-petite-mort/,post,20131126085828,text/html,33370,662QKL7AIPEINR2R2AHNNCXQY2ESP46D,200,3,2013;2014,http://negativeyouth.net/la-petite-mort/,
/la-petite-mort/feed/,feed,20140109200506,text/xml,825,4ZIU7RWNZTJJ4B7KTM7JEWAHOWO6WRHN,200,1,2014,http://negativeyouth.net/la-petite-mort/feed/,
/la-ultima-fiesta-del-ano-2/,post,20110718222640,text/html,14889,QVGWYWOXN2ZZDCUCJW2CQZHLNBQ73TBY,200,2,2011,http://negativeyouth.net/la-ultima-fiesta-del-ano-2/,
/la-ultima-fiesta-del-ano/,post,20131126104614,text/html,34022,AMDTQCM3ZYAHVUHKHB5AIZ7GAM3QNDRB,200,5,2011;2012;2013;2014,http://negativeyouth.net/la-ultima-fiesta-del-ano/,
/la-ultima-fiesta-del-ano/feed/,feed,20140110212420,text/xml,850,MWC3VQONBN2HUEXU7SV53W5C56G5S2JH,200,1,2014,http://negativeyouth.net/la-ultima-fiesta-del-ano/feed/,
/la-vampires-x-maria-minerva/,post,20131126090214,text/html,34194,PDDBDPT3YBAEAOE2UBF6NHWPKXTZ6EPV,200,3,2013;2014,http://negativeyouth.net/la-vampires-x-maria-minerva/,
/la-vampires-x-maria-minerva/feed/,feed,20140109192857,text/xml,1039,ALZLD4SV3IJY367ZJLUXBQYKGY2NUSQ2,200,1,2014,http://negativeyouth.net/la-vampires-x-maria-minerva/feed/,
/ladatel/,post,20131126102521,text/html,34188,ZS6YDIMROYPIKZCKQ6IDZ7WYRWT6J4KF,200,3,2013;2014,http://negativeyouth.net/ladatel/,
/ladatel/feed/,feed,20140110192118,text/xml,815,MFPMA2SRVWXYQEUEFL74SIAPDNCONXMR,200,1,2014,http://negativeyouth.net/ladatel/feed/,
/ladytron-ace-of-hz-2/,post,20131126121825,text/html,33795,B4GLJ2MBTFIBTNDSDITMAUNMB4GGMUAA,200,8,2011;2012;2013;2014,http://negativeyouth.net/ladytron-ace-of-hz-2/,
/ladytron-ace-of-hz-2/feed/,feed,20140110220023,text/xml,846,4XSYYIJM33V25ERETCPMDYZP77KNXEHO,200,1,2014,http://negativeyouth.net/ladytron-ace-of-hz-2/feed/,
/ladytron-discovers-witch-house/,post,20131126085612,text/html,34556,XZA6YJOQDD5F56RSIWI2VJXURCGRUPBB,200,7,2011;2012;2013;2014,http://negativeyouth.net/ladytron-discovers-witch-house/,
/ladytron-discovers-witch-house/feed/,feed,20140109192519,text/xml,1258,XGFMDFRJ374SH4CFJVEXOBBCTNSGNYJW,200,1,2014,http://negativeyouth.net/ladytron-discovers-witch-house/feed/,
/las-brisas/,post,20131126091502,text/html,34441,MPZ2EU3IDDXFQQWCXOTDDPLESANEFYCB,200,5,2012;2013;2014,http://negativeyouth.net/las-brisas/,
/las-brisas/feed/,feed,20140109193330,text/xml,820,DXSDRHNDHWBMGN6TO6DHZ5GEVTXT32LX,200,1,2014,http://negativeyouth.net/las-brisas/feed/,
/laser-palace-2011-2/,post,20110718223630,text/html,15583,EKWY65RAJGXKFWHRHXQ3FKAIQ4WVH2NZ,200,2,2011,http://negativeyouth.net/laser-palace-2011-2/,
/laser-palace-2011/,post,20131126113343,text/html,34601,VRSEVIAV5BVOQWBXE766XXKFM3E32QNF,200,5,2011;2012;2013;2014,http://negativeyouth.net/laser-palace-2011/,
/laser-palace-2011/feed/,feed,20140110214710,text/xml,830,VNVFZO4MHLUCXU6IEAROHPOMZCWCJND3,200,1,2014,http://negativeyouth.net/laser-palace-2011/feed/,
/later-fags/,post,20140601013948,text/html,10085,ESDY3I2FETKKSQL4VW3YQJPSCFBIQLR2,200,4,2014;2015,http://negativeyouth.net/later-fags/,http://negativeyouth.net/later-fags/?utm_source=feedburner&utm_medium=feed&utm_campaign=Feed%3A+NegativeYouth+%28NEGATIVE+%E2%80%A0+YOUTH%29
/later-fags/feed/,feed,20140601045733,text/xml,820,XVFJTHYMZLMI33BH2HLCX35KHUCD5WMH,200,1,2014,http://negativeyouth.net/later-fags/feed/,
/laurel-halo-hour-logic/,post,20131126094803,text/html,33925,R4EFTONVVHHIAEXEZZ4BIFRH57HV66J6,200,7,2011;2012;2013;2014,http://negativeyouth.net/laurel-halo-hour-logic/,
/laurel-halo-hour-logic/feed/,feed,20140109204332,text/xml,849,AUDO2CK3QKIGCWEJUJPM7XQC4UZ2F4JP,200,1,2014,http://negativeyouth.net/laurel-halo-hour-logic/feed/,
/lauren-devine-just-a-little-ready/,post,20131126111536,text/html,34267,N3PAHSZI72MFJTGXSBCDMDRIN5CXTTPS,200,4,2012;2013;2014,http://negativeyouth.net/lauren-devine-just-a-little-ready/,
/lauren-devine-just-a-little-ready/feed/,feed,20140110214016,text/xml,871,MQMSRPLXB6J3FZYQBGFV6QNYCMGUAGJC,200,1,2014,http://negativeyouth.net/lauren-devine-just-a-little-ready/feed/,
/lauren-devine-this-is-how-we-do-dubai/,post,20131126090224,text/html,34367,7UBYQJGGID3WEKDYMVA3HCUOSUE36KI6,200,5,2012;2013;2014,http://negativeyouth.net/lauren-devine-this-is-how-we-do-dubai/,
/lauren-devine-this-is-how-we-do-dubai/feed/,feed,20140109191909,text/xml,1094,JRQCUPCXRZHVV4B2L55SDR67KNIXUFZI,200,1,2014,http://negativeyouth.net/lauren-devine-this-is-how-we-do-dubai/feed/,
/le1f-wut/,post,20131126082701,text/html,33506,WRE2EJVG7FAIB6LEQGYZL52WTS5JT2CM,200,5,2012;2013;2014,http://negativeyouth.net/le1f-wut/,
/le1f-wut/feed/,feed,20140109183639,text/xml,827,QPO4TWHRIP3JCNZZQ3DT3OEQ2GZJWG57,200,1,2014,http://negativeyouth.net/le1f-wut/feed/,
/le1f/,post,20131126111109,text/html,34098,P4TJGV4V5DTJ3GTDUFEXRLVHBBT5LYPD,200,7,2011;2012;2013;2014,http://negativeyouth.net/le1f/,
/le1f/feed/,feed,20140110212611,text/xml,809,J5OTM7SOYZ5EQE4KNGOW2HAPT6A6SJTY,200,1,2014,http://negativeyouth.net/le1f/feed/,
/leaving/,post,20131126095311,text/html,33626,ZNVSHSPPGXBF3TOVYNAR2F26YAMSO64Z,200,3,2013;2014,http://negativeyouth.net/leaving/,
/leaving/feed/,feed,20140109203202,text/xml,815,IGE6T2WLIZRD6WTSYLYIC4Q553CWIHL4,200,1,2014,http://negativeyouth.net/leaving/feed/,
/lemonade-diver/,post,20131126091937,text/html,34153,ETFIKAGZIYBH36GXDJCOLD7SPC4TSRWV,200,5,2012;2013;2014,http://negativeyouth.net/lemonade-diver/,
/lemonade-diver/feed/,feed,20140109191646,text/xml,1115,CCVSEVJTHRNLFCM7TH7FJMGPHQFP7XLF,200,1,2014,http://negativeyouth.net/lemonade-diver/feed/,
/lemonade-neptune/,post,20131126100847,text/html,33722,DHYMG565ABMMLGBNG2PTZRFL24S6TSQ3,200,4,2012;2013;2014,http://negativeyouth.net/lemonade-neptune/,
/lemonade-neptune/feed/,feed,20140109200725,text/xml,839,CORYOTMWA5U7CVP7FI5I56TRYZX5WQLI,200,1,2014,http://negativeyouth.net/lemonade-neptune/feed/,
/lemonade-remixes/,post,20131126084609,text/html,33981,PBWJYVHYJ7VPKADVQ3SW2GHS2OHVTSEN,200,3,2013;2014,http://negativeyouth.net/lemonade-remixes/,
/lemonade-remixes/feed/,feed,20140109194141,text/xml,830,YS5VAIOQUHHUVSOVAZ4NTLNY5O4SH5DE,200,1,2014,http://negativeyouth.net/lemonade-remixes/feed/,
/leonora-carrington/,post,20131126110513,text/html,33673,TTDFGPDBIPFT4DBFWO5HDQCGDTQXJIWN,200,7,2011;2012;2013;2014,http://negativeyouth.net/leonora-carrington/,
/leonora-carrington/feed/,feed,20140111005512,text/xml,830,W4PCHBLFOOKLGKQFNPTNWUBY5D355YYU,200,1,2014,http://negativeyouth.net/leonora-carrington/feed/,
/lesphinxx/,post,20131126100930,text/html,33573,AORAY53AKTD2UNZOGVLS7KVS46TYCW6Z,200,3,2013;2014,http://negativeyouth.net/lesphinxx/,
/lesphinxx/feed/,feed,20140109204233,text/xml,821,PIHW4FA4RMKQCDIBMKG55DDNCKFZDMJW,200,1,2014,http://negativeyouth.net/lesphinxx/feed/,
/levantate-diegors/,post,20140109200412,text/html,9790,FO2YXRXFAW3PYLWAAEN7IIZZXCQZRNHV,200,1,2014,http://negativeyouth.net/levantate-diegors/,
/liar-strange-love/,post,20131126084809,text/html,34131,DS3QEFGUQ4IRTJXN3D3OWTSRMVPJ7TSE,200,4,2012;2013;2014,http://negativeyouth.net/liar-strange-love/,
/liar-strange-love/feed/,feed,20140109191835,text/xml,848,UDSTBJ57ZWDMSFQA3OE35IB4XLDYXEZI,200,1,2014,http://negativeyouth.net/liar-strange-love/feed/,
/life-death/,post,20131126082735,text/html,33851,OMV5INS2CYIAN7PYYGFZTXEF7FY5XITS,200,3,2013;2014,http://negativeyouth.net/life-death/,
/life-death/feed/,feed,20140109184219,text/xml,828,FQEADYPPZ2OHRYX3JBFBSVFNVV5NPLDQ,200,1,2014,http://negativeyouth.net/life-death/feed/,
/light-asylum-12-horsemen-2/,post,20131126100642,text/html,33540,MMSN2U475DM3FGAKKMXJVMVADU3ENUPW,200,9,2011;2012;2013;2014,http://negativeyouth.net/light-asylum-12-horsemen-2/,
/light-asylum-12-horsemen-2/feed/,feed,20140109200427,text/xml,855,GWNBTP5UZZWOAPDJQEF2TOKVHXKBBBY7,200,1,2014,http://negativeyouth.net/light-asylum-12-horsemen-2/feed/,
/light-asylum-dark-allies/,post,20131126111012,text/html,33713,VEOMDXOOLHO2UPYRSKWLLWTLLCWKTKQZ,200,5,2011;2012;2013;2014,http://negativeyouth.net/light-asylum-dark-allies/,
/light-asylum-dark-allies/feed/,feed,20140110212734,text/xml,854,LRH5MG7I3ASRRV6P6CETQIHFBPK2PIDA,200,1,2014,http://negativeyouth.net/light-asylum-dark-allies/feed/,
/light-asylum-heart-of-dust/,post,20131126104309,text/html,33772,GRV3G2IOTOFE7YAMIRHKAYN7KDWJSSFH,200,4,2012;2013;2014,http://negativeyouth.net/light-asylum-heart-of-dust/,
/light-asylum-heart-of-dust/feed/,feed,20140110212655,text/xml,1070,VFSHZMQ2LVCWA6HPBJPX6SSKTHVD5DXB,200,1,2014,http://negativeyouth.net/light-asylum-heart-of-dust/feed/,
/light-asylum-lp/,post,20131126090550,text/html,33736,VQKJW4ODXEN7FW7YCYVS3QA5IXFQBJJY,200,5,2012;2013;2014,http://negativeyouth.net/light-asylum-lp/,
/light-asylum-lp/feed/,feed,20140109192119,text/xml,828,QSSY73TTH3ZQML3QW5EJ7A3I2ZPL5W6Z,200,1,2014,http://negativeyouth.net/light-asylum-lp/feed/,
/light-asylum-skull-fuct/,post,20131126112543,text/html,33772,R5JJJC6XUWW54PDWZ2XY3UU4O4YGM4QS,200,4,2012;2013;2014,http://negativeyouth.net/light-asylum-skull-fuct/,
/light-asylum-skull-fuct/feed/,feed,20140110212907,text/xml,853,QNXIWYSAEOUAVCCF2HTRVSBCUMIGIX74,200,1,2014,http://negativeyouth.net/light-asylum-skull-fuct/feed/,
/likuid-khrome-bala-fria-mix/,post,20131126084257,text/html,34194,CHJXLDXVZJF43NYWJRQUG4KFO5SFYLUU,200,4,2012;2013;2014,http://negativeyouth.net/likuid-khrome-bala-fria-mix/,
/likuid-khrome-bala-fria-mix/feed/,feed,20140109191905,text/xml,1131,JYGU5IQVFRXP5X7PRA4LD4UCHOBWCOOC,200,1,2014,http://negativeyouth.net/likuid-khrome-bala-fria-mix/feed/,
/lil-b-halloween-h20/,post,20131126102532,text/html,33700,EZTDJ5GENTPRK7JBFWCRT5WFUF4YJQ2A,200,4,2012;2013;2014,http://negativeyouth.net/lil-b-halloween-h20/,
/lil-b-halloween-h20/feed/,feed,20140110213055,text/xml,845,ULZ65JRWZYYEGZ5DJZRRH2TNXAG6MAKZ,200,1,2014,http://negativeyouth.net/lil-b-halloween-h20/feed/,
/lil-ugly-mane/,post,20131126093423,text/html,33856,DWYWXFFXWNV4ZDC4OK5MGXPSRPHVFGWU,200,4,2012;2013;2014,http://negativeyouth.net/lil-ugly-mane/,
/lil-ugly-mane/feed/,feed,20140109204603,text/xml,825,PMRX42E72RXBDFVVROF76K5DN5D3DLTB,200,1,2014,http://negativeyouth.net/lil-ugly-mane/feed/,
/litanic-mask-virgin-spring-video/,post,20131126093242,text/html,37653,L3FOKAHTHV3MJ3QGGKVD4RCWN6D65TXO,200,4,2012;2013;2014,http://negativeyouth.net/litanic-mask-virgin-spring-video/,
/litanic-mask-virgin-spring-video/feed/,feed,20140109203557,text/xml,1053,DJA5XIHYFB7IKYDP6EJS3ORGRED3AUGH,200,1,2014,http://negativeyouth.net/litanic-mask-virgin-spring-video/feed/,
/little-fetish/,post,20131126084553,text/html,33788,2RT7F267P6OU534WTPOVAVJXCSZ6BIXQ,200,2,2013;2014,http://negativeyouth.net/little-fetish/,
/little-fetish/feed/,feed,20140109193237,text/xml,826,WUMB3NYWNZEMSGYX3KSJXJVHU2ISOQ5J,200,1,2014,http://negativeyouth.net/little-fetish/feed/,
/liturgy-returner/,post,20131126105157,text/html,33529,VWALFF7UMXWNXNFXGC3DPQCL6NDQIXBM,200,7,2011;2012;2013;2014,http://negativeyouth.net/liturgy-returner/,
/liturgy-returner/feed/,feed,20140110213216,text/xml,838,76NFPGWNQOUCHTQFHRJGSLS53WKGYSGS,200,1,2014,http://negativeyouth.net/liturgy-returner/feed/,
/live-yourself-by-htdw/,post,20131126083050,text/html,34615,JXS5P6TN75DUGXUCLWFB4VAH56DIGMJR,200,4,2012;2013;2014,http://negativeyouth.net/live-yourself-by-htdw/,
/live-yourself-by-htdw/feed/,feed,20140109184419,text/xml,834,KV7ZRPBULOWSVKSEHCDDPJYD5XGDW6Z4,200,1,2014,http://negativeyouth.net/live-yourself-by-htdw/feed/,
/lo-mejor-del-2010-2/,post,20110718231051,text/html,16968,SUYVZTFNGLF5NT3BEG3NFYUXLFKA5KQH,200,2,2011,http://negativeyouth.net/lo-mejor-del-2010-2/,
/lo-mejor-del-2010/,post,20131126092002,text/html,35720,LTVLLYEHE4X36DXMIUQ6J4IICI5VHVF2,200,5,2011;2012;2013;2014,http://negativeyouth.net/lo-mejor-del-2010/,
/lo-mejor-del-2010/feed/,feed,20140109192022,text/xml,831,MCTOBVR77VT4NA7MFERPLBCRQJA2QQAN,200,1,2014,http://negativeyouth.net/lo-mejor-del-2010/feed/,
/lonely-boys/,post,20131126094923,text/html,33609,K4KQ7XUMXMOOAYXX44RKGONF7IBKQ6LZ,200,2,2013;2014,http://negativeyouth.net/lonely-boys/,
/lonely-boys/feed/,feed,20140109201737,text/xml,821,I3FM44TYR3QW2FYX6JWUIGI7JJ4NKBLI,200,1,2014,http://negativeyouth.net/lonely-boys/feed/,
/lorelle-meets-the-obsolete-these-days/,post,20131126085903,text/html,34226,73IG4F5JHZMV2KUYJB4AXCRGPZ3Y3VFD,200,6,2011;2012;2013;2014,http://negativeyouth.net/lorelle-meets-the-obsolete-these-days/,
/lorelle-meets-the-obsolete-these-days/feed/,feed,20140109193357,text/xml,1082,7ATKRN6ODZUKWWNUZVMHUJYDK4XY3VAD,200,1,2014,http://negativeyouth.net/lorelle-meets-the-obsolete-these-days/feed/,
/lorelle-meets-the-obsolete-vegan-cannibal-sangree-live-set/,post,20131126100909,text/html,34588,VHSJVDT7ZEXY2EE5C73FHKL2LY4CS5OQ,200,5,2011;2012;2013;2014,http://negativeyouth.net/lorelle-meets-the-obsolete-vegan-cannibal-sangree-live-set/,
/lorelle-meets-the-obsolete-vegan-cannibal-sangree-live-set/feed/,feed,20140109201940,text/xml,1349,4L6PKB6OAORK5WTOXMFONOH62MBUXDRT,200,1,2014,http://negativeyouth.net/lorelle-meets-the-obsolete-vegan-cannibal-sangree-live-set/feed/,
/los-angeles-en-asia/,post,20131126121709,text/html,33559,4VUYROVELIZLHM7YAT75DIHMZVO4TORA,200,8,2011;2012;2013;2014,http://negativeyouth.net/los-angeles-en-asia/,
/los-angeles-en-asia/feed/,feed,20140110214810,text/xml,832,S4CMWTBD666FXKKHPKQ2QHKKT36PZ2HR,200,1,2014,http://negativeyouth.net/los-angeles-en-asia/feed/,
/los-macuanos-afilan-el-cuchillo-a-dani-shivers/,post,20131126101350,text/html,34323,G2XY4F2F32MSXLGPWOPUEBUSS2KMHGWX,200,5,2011;2012;2013;2014,http://negativeyouth.net/los-macuanos-afilan-el-cuchillo-a-dani-shivers/,
/los-macuanos-afilan-el-cuchillo-a-dani-shivers/feed/,feed,20140109202144,text/xml,1128,XD4P5G542JD3NOPN6QW6DG4HPL7IHMYP,200,1,2014,http://negativeyouth.net/los-macuanos-afilan-el-cuchillo-a-dani-shivers/feed/,
/lost-in-my-bedroom/,post,20131126092327,text/html,33406,TV74RHNDGTBGOCFL626ZKBRQWM7QOIPK,200,3,2013;2014,http://negativeyouth.net/lost-in-my-bedroom/,
/lost-in-my-bedroom/feed/,feed,20140109191023,text/xml,833,PGCVXLW3X72V37IY57LIKXZ5XZ7FCEZ5,200,1,2014,http://negativeyouth.net/lost-in-my-bedroom/feed/,
/lost-in-the-game/,post,20131126085853,text/html,34136,4MATVMAP5ZIBBEOIDPVC2Z4D4SKQPSS3,200,4,2012;2013;2014,http://negativeyouth.net/lost-in-the-game/,
/lost-in-the-game/feed/,feed,20140109193913,text/xml,829,PI3DW7LCBI5MU57TA35UQLRDDDPTAH4X,200,1,2014,http://negativeyouth.net/lost-in-the-game/feed/,
/lost-planet/,post,20131126105122,text/html,34195,NNQAJGMAQNNREAD7Z5SSYLDGWSTQ5ASK,200,4,2012;2013;2014,http://negativeyouth.net/lost-planet/,
/lost-planet/feed/,feed,20140110213915,text/xml,821,K3BD3TMAUZLVMQJVY7CVKWBBX56SGG4U,200,1,2014,http://negativeyouth.net/lost-planet/feed/,
/love-fine-stoned-boys-live-in-kazan/,post,20131126091844,text/html,34223,UXA3DHAFLNWBNMXZECWBBJTUPAAVLVKH,200,7,2011;2012;2013;2014,http://negativeyouth.net/love-fine-stoned-boys-live-in-kazan/,
/love-fine-stoned-boys-live-in-kazan/feed/,feed,20140109195231,text/xml,868,3NSKW2XECY62ZOCWQ4SUXZUSKE5NRFC4,200,1,2014,http://negativeyouth.net/love-fine-stoned-boys-live-in-kazan/feed/,
/lunar-lovers/,post,20131126122342,text/html,33829,PYF5KBTYUBZJDNVA62473J4JLNUAWMX7,200,4,2012;2013;2014,http://negativeyouth.net/lunar-lovers/,
/lunar-lovers/feed/,feed,20140110221845,text/xml,823,DYPQC3RIUT7BXBGPAQUC6FTWNVRXNDK3,200,1,2014,http://negativeyouth.net/lunar-lovers/feed/,
/magic-fades/,post,20131126085312,text/html,34264,HJBVVBEXOMANRVAM3YB6K3T3PWHE5QWG,200,4,2012;2013;2014,http://negativeyouth.net/magic-fades/,
/magic-fades/feed/,feed,20140109192535,text/xml,1119,T7V2M2TDRAWWXXHUNGMGYUNBTZY4CEGV,200,1,2014,http://negativeyouth.net/magic-fades/feed/,
/majical-cloudz/,post,20131126095902,text/html,34080,PE6DO4MAHSWXMASPNBIGCNYPAT5HJKOI,200,5,2011;2012;2013;2014,http://negativeyouth.net/majical-cloudz/,
/majical-cloudz/feed/,feed,20140109200501,text/xml,828,E3SSC6KOHC4YK4Q4ZVMBT6K4VVJ6WFTB,200,1,2014,http://negativeyouth.net/majical-cloudz/feed/,
/mal001-negative-youth-mexico/,post,20131126083809,text/html,34946,5YIROOAEDZX2PFLFBIYAL65SBFLVF6O2,200,5,2012;2013;2014,http://negativeyouth.net/mal001-negative-youth-mexico/,
/mal001-negative-youth-mexico/feed/,feed,20140109190444,text/xml,1339,MFFLIOQBZT4HSHZNAYRB3NHRBHZACFAY,200,1,2014,http://negativeyouth.net/mal001-negative-youth-mexico/feed/,
/maligna-showcase/,post,20131126090241,text/html,34128,XUY2DPFB4KMXHRZUF4SHWO2KZ6WDCDHK,200,3,2013;2014,http://negativeyouth.net/maligna-showcase/,
/maligna-showcase/feed/,feed,20140109193214,text/xml,829,TR3R3E5YI3BGJU776FPEJJ22FF3WUYCN,200,1,2014,http://negativeyouth.net/maligna-showcase/feed/,
/maluca-hector-2/,post,20110517220234,text/html,12781,PQE7RNXT5VNSPROY5BBVON5HDW6OHKS3,200,1,2011,http://negativeyouth.net/maluca-hector-2/,
/maluca-hector/,post,20131126094704,text/html,33721,4JZ5ZBKVZQ7EJ7JLCY45VTGNKZQBKCBN,200,7,2011;2012;2013;2014,http://negativeyouth.net/maluca-hector/,
/maluca-hector/feed/,feed,20140109200940,text/xml,836,D3UVKAHJJBS34BZO5WV4F3YJRPM75NFF,200,1,2014,http://negativeyouth.net/maluca-hector/feed/,
/maniqui-lazer-negative-youth-mix-2013-2/,post,20131126082833,text/html,34033,6TGGWBKLYXZR6IFSV346NT5QFIOTTODX,200,3,2013;2014,http://negativeyouth.net/maniqui-lazer-negative-youth-mix-2013-2/,
/maniqui-lazer-negative-youth-mix-2013-2/feed/,feed,20140109182158,text/xml,865,VSWU3FWKKHWSSQH7BCZ6JIQ27K5FAXFN,200,1,2014,http://negativeyouth.net/maniqui-lazer-negative-youth-mix-2013-2/feed/,
/mar-de-protones/,post,20131126102617,text/html,33544,QUEC37AQVGB46XXAJ6LXXPUW6ROFBZ3V,200,4,2012;2013;2014,http://negativeyouth.net/mar-de-protones/,
/mar-de-protones/feed/,feed,20140110204741,text/xml,828,JCSFZTXQSLGBINEYA77VUQWS643FRFDK,200,1,2014,http://negativeyouth.net/mar-de-protones/feed/,
/marathon/,post,20131126084333,text/html,33591,5DADFPSMFBN2J4OGPEJXJVW5WFZLUD5Y,200,3,2013;2014,http://negativeyouth.net/marathon/,
/marathon/feed/,feed,20140109193245,text/xml,817,JPVGOKRQGC5I5MYWQI2HN45DD5ROTEIH,200,1,2014,http://negativeyouth.net/marathon/feed/,
/maria-minerva-fire-feat-chase-royal/,post,20131126104123,text/html,34105,P5DHHWQWMP4RUDJUHUADK4Z3BPJBCQPU,200,4,2012;2013;2014,http://negativeyouth.net/maria-minerva-fire-feat-chase-royal/,
/maria-minerva-fire-feat-chase-royal/feed/,feed,20140110212410,text/xml,878,YAINZ3VNOKSR5JE5JWRC3WTJUNBPUX7B,200,1,2014,http://negativeyouth.net/maria-minerva-fire-feat-chase-royal/feed/,
/maria-minerva-gloria/,post,20131126092509,text/html,34727,F2PKKAPJQ3TVH25MZMLMBSJSG4IJALA5,200,5,2011;2012;2013;2014,http://negativeyouth.net/maria-minerva-gloria/,
/maria-minerva-gloria/feed/,feed,20140109192800,text/xml,841,LYTPSKOOXJ6O5Y3KS4HMJKXZND4CTWVZ,200,1,2014,http://negativeyouth.net/maria-minerva-gloria/feed/,
/mas-nike7up-2/,post,20110718224837,text/html,14696,BZBGIE5VWM443A5DSET5R2C56IT5W3KH,200,2,2011,http://negativeyouth.net/mas-nike7up-2/,
/mas-nike7up/,post,20131126125615,text/html,33750,4B6HKZJ4BQGQLRI5F23VWGE4DS4IHCMX,200,5,2011;2012;2013;2014,http://negativeyouth.net/mas-nike7up/,
/mas-nike7up/feed/,feed,20140110222017,text/xml,828,P2ZJQ5A7H5DZQVOARE4C3AM4EDDKUFIZ,200,1,2014,http://negativeyouth.net/mas-nike7up/feed/,
/massacooramaan/,post,20131126090256,text/html,33870,3GI43HIB6HIU42JQLIFRBVDAW7Y3JKAK,200,4,2012;2013;2014,http://negativeyouth.net/massacooramaan/,
/massacooramaan/feed/,feed,20140109191630,text/xml,826,VJVOZPHTI6EY4ZMT3Q3XFC7EXLORW2DH,200,1,2014,http://negativeyouth.net/massacooramaan/feed/,
/master-of-none/,post,20131126110440,text/html,35126,WYXXX7XG3IWCINNVEVHRAM7UMBTXRYYB,200,6,2011;2012;2013;2014,http://negativeyouth.net/master-of-none/,
/master-of-none/feed/,feed,20140110212237,text/xml,826,QO2L7HK4AZNBBHNT5YOXL6USOG6N4B2U,200,1,2014,http://negativeyouth.net/master-of-none/feed/,
/mater-suspiria-vision-zombie-r4ve-2/,post,20110718222655,text/html,15060,DWGKJ6FRDQYTCNEVEZPZ2YYZJT33SYJD,200,2,2011,http://negativeyouth.net/mater-suspiria-vision-zombie-r4ve-2/,
/mathematique-ft-dresden-dresses/,post,20131126094937,text/html,33564,ZFI4KVZGUGNOBXSCRLD5RBEKNRSMKFGH,200,2,2013;2014,http://negativeyouth.net/mathematique-ft-dresden-dresses/,
/mathematique-ft-dresden-dresses/feed/,feed,20140109202321,text/xml,849,5DRJ6YS3LK7WKMSSDJVFCSQRIODQEICS,200,1,2014,http://negativeyouth.net/mathematique-ft-dresden-dresses/feed/,
/maussan/,post,20131126121746,text/html,33661,52GDODT63UX63OXL4M5PDNFRNNQCMT7D,200,4,2012;2013;2014,http://negativeyouth.net/maussan/,
/maussan/feed/,feed,20140110214729,text/xml,816,RQN4JEY4NGD6I3KPTUODEF23B6YBRJQH,200,1,2014,http://negativeyouth.net/maussan/feed/,
/maxwell-velocity/,post,20131126085244,text/html,36589,WBTBMUVQYZAFEX7XJRJJZR5WS5XOTI7F,200,4,2012;2013;2014,http://negativeyouth.net/maxwell-velocity/,
/maxwell-velocity/feed/,feed,20140109192910,text/xml,833,SR7NM6RSUPKEG4STYNQSWJTAPBWR7IYK,200,1,2014,http://negativeyouth.net/maxwell-velocity/feed/,
/megafortress-ep-videos/,post,20131126094647,text/html,34230,VXWDSNRAXRCAHK3NATGLRTEGFBGFKEDI,200,4,2012;2013;2014,http://negativeyouth.net/megafortress-ep-videos/,
/megafortress-ep-videos/feed/,feed,20140109201351,text/xml,844,57N4WD5VFJJAGSXNVBCYORTFKKICJSJT,200,1,2014,http://negativeyouth.net/megafortress-ep-videos/feed/,
/men-in-burka-warmagic/,post,20131126084629,text/html,34112,U5EYDBMACLGINCK4RNS4C3XAN56FO4W2,200,4,2012;2013;2014,http://negativeyouth.net/men-in-burka-warmagic/,
/men-in-burka-warmagic/feed/,feed,20140109193630,text/xml,850,Z5BHRVWYRICPIC5MBONI5XX3TK2WWRCP,200,1,2014,http://negativeyouth.net/men-in-burka-warmagic/feed/,
/men-in-burka/,post,20131126092009,text/html,33931,LXKZ2ZBP4FRSJA3TTK6MS7XINIWTFPIF,200,5,2012;2013;2014,http://negativeyouth.net/men-in-burka/,
/men-in-burka/feed/,feed,20140109195030,text/xml,824,MRLSELIOPNSDMC4CNTJX45TIKCIFWALU,200,1,2014,http://negativeyouth.net/men-in-burka/feed/,
/mentira-mentira-turnaway-2/,post,20110718224842,text/html,14736,CCERDK3YCS2MCK7Y3SQ4HIIHI6PX2ME7,200,2,2011,http://negativeyouth.net/mentira-mentira-turnaway-2/,
/mentira-mentira-turnaway/,post,20131126111038,text/html,33698,LMRJVOXXUK72KZY22J4OHLXTXYKAXYX7,200,5,2011;2012;2013;2014,http://negativeyouth.net/mentira-mentira-turnaway/,
/mentira-mentira-turnaway/feed/,feed,20140110213353,text/xml,844,V76RKMDEY2PRHHOV2XDJFQTMPA5XD3AW,200,1,2014,http://negativeyouth.net/mentira-mentira-turnaway/feed/,
/mexico-x-bonsai-babies/,post,20131126102526,text/html,34443,6L7KYWPGBE5CZSUOGDAFX64GEYFE7SRQ,200,4,2012;2013;2014,http://negativeyouth.net/mexico-x-bonsai-babies/,
/mexico-x-bonsai-babies/feed/,feed,20140110195944,text/xml,841,XNTM63BY6QNHS7DLTGHQPTN47UQWHSWN,200,1,2014,http://negativeyouth.net/mexico-x-bonsai-babies/feed/,
/mexico-x-javier-estrada/,post,20131126085301,text/html,34682,GS777RSXM3EIOBVEIORGTP3PIBKB2WFD,200,4,2012;2013;2014,http://negativeyouth.net/mexico-x-javier-estrada/,
/mexico-x-javier-estrada/feed/,feed,20140109191215,text/xml,1006,CHTPGTROWSV6MOC56MKSLJPELRKQ7KWX,200,1,2014,http://negativeyouth.net/mexico-x-javier-estrada/feed/,
/mexico-x-lao-dj-smurphy/,post,20131126102539,text/html,35081,QSRQU2UZPXA5C43UNXVBLFSFUPWGOHDR,200,4,2012;2013;2014,http://negativeyouth.net/mexico-x-lao-dj-smurphy/,
/mexico-x-lao-dj-smurphy/feed/,feed,20140110210608,text/xml,851,KWOOKHZV5ODMEHYM7JSARQO33G5V5EFA,200,1,2014,http://negativeyouth.net/mexico-x-lao-dj-smurphy/feed/,
/mexico-x-nicolas/,post,20131126084513,text/html,34704,2DKOF6LSIQVMHWC7VHT33PZJ3UFIO6HS,200,4,2012;2013;2014,http://negativeyouth.net/mexico-x-nicolas/,
/mexico-x-nicolas/feed/,feed,20140109183319,text/xml,837,QVKMMLJCV7GKOBXSNPO4UXRCEKSUMG4P,200,1,2014,http://negativeyouth.net/mexico-x-nicolas/feed/,
/mexico-x-occultdanse/,post,20131126084140,text/html,34217,YXCZX5Z2YBGTMQZUE6M7BXA3Z7YYKXYL,200,4,2012;2013;2014,http://negativeyouth.net/mexico-x-occultdanse/,
/mexico-x-occultdanse/feed/,feed,20140109192824,text/xml,853,HARN3PP6H4PEHA7KE5UAMKI7CI6QWTB6,200,1,2014,http://negativeyouth.net/mexico-x-occultdanse/feed/,
/mexico-x-peepr/,post,20131126093538,text/html,34391,TIX2PCLO223MTA6NYESQ4RDYD7GLIVUO,200,4,2012;2013;2014,http://negativeyouth.net/mexico-x-peepr/,
/mexico-x-peepr/feed/,feed,20140109202548,text/xml,829,WWYDTRYEXHRB3YWLQFWWWU2PFEQLSF4K,200,1,2014,http://negativeyouth.net/mexico-x-peepr/feed/,
/mexico-x-ritualz/,post,20131126084523,text/html,35028,SF5BXIXBPXROFHUPEFDZOR52ZECYWWYM,200,5,2012;2013;2014,http://negativeyouth.net/mexico-x-ritualz/,
/mexico-x-ritualz/feed/,feed,20140109190652,text/xml,837,ELEX75J4ASO2SAGPA5FVYAH6YSFPE25Z,200,1,2014,http://negativeyouth.net/mexico-x-ritualz/feed/,
/mexico-x-selma-oxor/,post,20131126090111,text/html,34534,HWYTDJOOGVVBOMUFF2JXLP7N6MPDOEXT,200,5,2012;2013;2014,http://negativeyouth.net/mexico-x-selma-oxor/,
/mexico-x-selma-oxor/feed/,feed,20140109192937,text/xml,840,CTNI24LTZE7GN52WUJS6BWYNMBNT4676,200,1,2014,http://negativeyouth.net/mexico-x-selma-oxor/feed/,
/mexico-x-teehn-bwitches/,post,20131126083044,text/html,34783,2T55ULGFFO4VHZP3VYEB22WQUYBU3XL6,200,4,2012;2013;2014,http://negativeyouth.net/mexico-x-teehn-bwitches/,
/mexico-x-teehn-bwitches/feed/,feed,20140109183615,text/xml,850,55OXTIHFBZ2AEIBFROFKGQSEDZEIPHNW,200,1,2014,http://negativeyouth.net/mexico-x-teehn-bwitches/feed/,
/mexico-x-tuareg-geeks/,post,20131126085844,text/html,34409,4LI2JHYXAOSN6EERT2BZT2LKFYOUCJ63,200,4,2012;2013;2014,http://negativeyouth.net/mexico-x-tuareg-geeks/,
/mexico-x-tuareg-geeks/feed/,feed,20140109191851,text/xml,843,VKTTGN2MHGHETJYQ7Y2ROS6M6OQHCWKG,200,1,2014,http://negativeyouth.net/mexico-x-tuareg-geeks/feed/,
/mexico-x-turbia/,post,20131126102637,text/html,34222,YQPKAFK67LIE57RRM2X4EYIGNI2HDDMW,200,4,2012;2013;2014,http://negativeyouth.net/mexico-x-turbia/,
/mexico-x-turbia/feed/,feed,20140110200624,text/xml,830,ZYWFSQQMMQOCVEQU4KUUC6X7OIEJ7AMI,200,1,2014,http://negativeyouth.net/mexico-x-turbia/feed/,
/mi-ami-time-of-love/,post,20131126104134,text/html,33810,QEHPTHA5LXDWBH63SKMWEVDZCEVQPXF2,200,4,2012;2013;2014,http://negativeyouth.net/mi-ami-time-of-love/,
/mi-ami-time-of-love/feed/,feed,20140110212451,text/xml,845,NA5KOPQ46YLMHZEG6JZMUBE4YU5PJ7AW,200,1,2014,http://negativeyouth.net/mi-ami-time-of-love/feed/,
/mindkilla-2/,post,20131126112854,text/html,33723,726OPQJT2RIZUUCNEMWHSGXS5J6G2FJR,200,8,2011;2012;2013;2014,http://negativeyouth.net/mindkilla-2/,
/mindkilla-2/feed/,feed,20140110215506,text/xml,821,2SL723Z6KTTXJMQC7SPD64BMNJFBGIW5,200,1,2014,http://negativeyouth.net/mindkilla-2/feed/,
/mixx-live-by-tamara-sky/,post,20131126094917,text/html,34129,HFTOHR4E2OSMJID3ADTCTPPREABNYKVC,200,4,2012;2013;2014,http://negativeyouth.net/mixx-live-by-tamara-sky/,
/mixx-live-by-tamara-sky/feed/,feed,20140109203837,text/xml,1035,2LGWXG2OVAGFTF5LZL5DTC62QZSIVNCF,200,1,2014,http://negativeyouth.net/mixx-live-by-tamara-sky/feed/,
/mobile,page,20110207073043,text/html,4010,TCZ3FG3C4EYO2JSXFIEX4H3ITC6VNEP7,200,1,2011,http://negativeyouth.net/mobile,
/modern-witch-hollywood-babylon-nine-inch-witch-mix-2/,post,20131126112711,text/html,33717,AA3ZUNSVTZHULLVFYEUVA25LTCTLKKQS,200,7,2011;2012;2013;2014,http://negativeyouth.net/modern-witch-hollywood-babylon-nine-inch-witch-mix-2/,
/modern-witch-hollywood-babylon-nine-inch-witch-mix-2/feed/,feed,20140110214000,text/xml,894,T3O4LSAPO46ODWQXDCGYXIRRHGDMTTVX,200,1,2014,http://negativeyouth.net/modern-witch-hollywood-babylon-nine-inch-witch-mix-2/feed/,
/mohenjo-daro/,post,20131126093513,text/html,33392,ZU4CRA6LAAW23HLW4VW3XELUUYCLJQVX,200,3,2013;2014,http://negativeyouth.net/mohenjo-daro/,
/mohenjo-daro/feed/,feed,20140109204142,text/xml,824,MZZCJ32N6BZ3L3QD7XI6YDMUGA6GGALW,200,1,2014,http://negativeyouth.net/mohenjo-daro/feed/,
/monocromo/,post,20131126104249,text/html,34002,7NJXEAIFZMSGHYKTXAPUA2HMT5BGKFHZ,200,3,2013;2014,http://negativeyouth.net/monocromo/,
/monocromo/feed/,feed,20140110213027,text/xml,820,POE6I4LJ2URWHQBJGZPPLMUKEZG7VVH4,200,1,2014,http://negativeyouth.net/monocromo/feed/,
/mos-deep-essentials/,post,20131126093621,text/html,33804,J2FRBCI2H2VJO53RCBWNCNVBKKM5ZGTP,200,3,2013;2014,http://negativeyouth.net/mos-deep-essentials/,
/mos-deep-essentials/feed/,feed,20140109202607,text/xml,827,4RLC7BUC6SNYCAA42WHTQPANK75QDQCS,200,1,2014,http://negativeyouth.net/mos-deep-essentials/feed/,
/move-for-me/,post,20131126082550,text/html,33668,TN3XZJJEQOT36A43FFKOG2M2AGQH4JHN,200,4,2012;2013;2014,http://negativeyouth.net/move-for-me/,
/move-for-me/feed/,feed,20140109183800,text/xml,823,ZAUNE3BKRSFBAOFXQ5XNCQ2IL3QNHFJK,200,1,2014,http://negativeyouth.net/move-for-me/feed/,
/mr-kitty-evaporating-sun/,post,20131126094028,text/html,33833,FYLFTEHC56KCRHYCO5KXXIIOKLQTDKDV,200,4,2012;2013;2014,http://negativeyouth.net/mr-kitty-evaporating-sun/,
/mr-kitty-evaporating-sun/feed/,feed,20140109202053,text/xml,851,NYHTGGDRSO3WWRSPPOQJ4YWJN7NW366D,200,1,2014,http://negativeyouth.net/mr-kitty-evaporating-sun/feed/,
/msi-kickstarter-ii/,post,20131126092254,text/html,33819,IGJ5X7BZFKKE556MEQQGWNX6YQ7SGPSG,200,3,2013;2014,http://negativeyouth.net/msi-kickstarter-ii/,
/msi-kickstarter-ii/feed/,feed,20140109193843,text/xml,834,OWXMWLVNTCWLMT7Q6HHHXR2V73Y3O6CH,200,1,2014,http://negativeyouth.net/msi-kickstarter-ii/feed/,
/msi-kickstarter/,post,20131126091917,text/html,33850,OJEXYPZTBAJELKZQGL42FM4BIS5DVAIW,200,3,2013;2014,http://negativeyouth.net/msi-kickstarter/,
/msi-kickstarter/feed/,feed,20140109190908,text/xml,830,VGBM5RYQ4YNPJXO2BIZ3OS56QUVWD4CP,200,1,2014,http://negativeyouth.net/msi-kickstarter/feed/,
/mushy-child-of-light-will-burn-2/,post,20110718230725,text/html,15001,UDZ3GRYBQAQEGMO7EFMJMAQW7OWVVW3K,200,2,2011,http://negativeyouth.net/mushy-child-of-light-will-burn-2/,
/mushy-too-far-crossover-satanic-ritual-abuse-2/,post,20110718225346,text/html,14762,OJ36LOHPKMSVKJTZ63TYDEYUKISUOKFK,200,2,2011,http://negativeyouth.net/mushy-too-far-crossover-satanic-ritual-abuse-2/,
/music-for-keyboards-vol-ii-iii/,post,20131126091636,text/html,34739,56HSIAKLTOQT2M6K44C5TDXCATHWWDLS,200,4,2012;2013;2014,http://negativeyouth.net/music-for-keyboards-vol-ii-iii/,
/music-for-keyboards-vol-ii-iii/feed/,feed,20140109191008,text/xml,861,ZA64V2QZBNP4RX5TPNK3ZFKPFYATC3A3,200,1,2014,http://negativeyouth.net/music-for-keyboards-vol-ii-iii/feed/,
/musica-para-clubs-clausurados/,post,20131126084533,text/html,33862,Y4L4YVPPFQ6KCQJZUWM65UC3QMCMUO6M,200,4,2012;2013;2014,http://negativeyouth.net/musica-para-clubs-clausurados/,
/musica-para-clubs-clausurados/feed/,feed,20140109183555,text/xml,856,2GZZML5Y2RDKB5Z462V2WQF4OUSOO7QI,200,1,2014,http://negativeyouth.net/musica-para-clubs-clausurados/feed/,
/my-circle/,post,20131126093528,text/html,33324,NYH3KANPSAJH2W4IZZDOVO2QIDGWV4QM,200,3,2013;2014,http://negativeyouth.net/my-circle/,
/my-circle/feed/,feed,20140109195626,text/xml,819,7SKSS6MNBG3M7HO3US5KVC7BDIDO5SSX,200,1,2014,http://negativeyouth.net/my-circle/feed/,
/my-love-grows-in-the-dark/,post,20131126100528,text/html,33859,RIG4QDFOOKXHSDFVNYRZKHHJQAPJLCJY,200,4,2012;2013;2014,http://negativeyouth.net/my-love-grows-in-the-dark/,
/my-love-grows-in-the-dark/feed/,feed,20140109203046,text/xml,847,YVWDZUGS6YQE7Q6VOXWIAS5RGBWIHS3G,200,1,2014,http://negativeyouth.net/my-love-grows-in-the-dark/feed/,
/mykki-blanco-cosmic-angel/,post,20131126110129,text/html,33435,3N5WA2GKIFUAQPP3JENQEB65T5KVYN3Q,200,4,2012;2013;2014,http://negativeyouth.net/mykki-blanco-cosmic-angel/,
/mykki-blanco-cosmic-angel/feed/,feed,20140110213244,text/xml,850,7RQC7DOP5AC44DSBPWFLZHTH6PNK5LXG,200,1,2014,http://negativeyouth.net/mykki-blanco-cosmic-angel/feed/,
/mykki-blanco-the-mutant-angels/,post,20131126084842,text/html,34536,ALFJPCHS6TYZNDX2K4DG3D7AXWLRV76I,200,3,2013;2014,http://negativeyouth.net/mykki-blanco-the-mutant-angels/,
/mykki-blanco-the-mutant-angels/feed/,feed,20140109192009,text/xml,1176,ZHND6MBJPKAW4BLIMAEX3QKAF2IJHKIS,200,1,2014,http://negativeyouth.net/mykki-blanco-the-mutant-angels/feed/,
/mykki-blanco-wavvy-video/,post,20131126091808,text/html,34079,MY2J5KRIGLV2HKAQVKOTQS6XLM56HDAQ,200,4,2012;2013;2014,http://negativeyouth.net/mykki-blanco-wavvy-video/,
/mykki-blanco-wavvy-video/feed/,feed,20140109194735,text/xml,1161,TK6MSSX3SUMIPOYCWF34DEBOKJMNSVFP,200,1,2014,http://negativeyouth.net/mykki-blanco-wavvy-video/feed/,
/mykki-blanco-wavvy/,post,20131205040328,text/html,34051,I42JCDYOD76M6VUNCVUOD6EEF5HDWK4M,200,5,2012;2013;2014,http://negativeyouth.net/mykki-blanco-wavvy/,
/mykki-blanco-wavvy/feed/,feed,20140109185258,text/xml,1176,ZCKNSIR7XWAOTTSHZ3VQPNH2W3XDSPL7,200,2,2013;2014,http://negativeyouth.net/mykki-blanco-wavvy/feed/,
/myr%E2%80%A0l3wyck%C3%B8ff-2/,post,20110718230730,text/html,14846,AUXGKNIKB4V2R6KNR3U3QGUXNVQLFQ2D,200,3,2011,http://negativeyouth.net/myr%E2%80%A0l3wyck%C3%B8ff-2/,
/myr%E2%80%A0l3wyckoff/,post,20131126092455,text/html,33939,G54FNXHBAP7A3VC3JYJWJJS7ISUMR5JV,200,5,2011;2012;2013;2014,http://negativeyouth.net/myr%E2%80%A0l3wyckoff/,http://negativeyouth.net/myr%e2%80%a0l3wyckoff/
/myr%E2%80%A0l3wyckoff/feed/,feed,20140109194633,text/xml,853,6GENBYC6Q6HVJKI5DAGN3PAQVWCJOVD5,200,1,2014,http://negativeyouth.net/myr%e2%80%a0l3wyckoff/feed/,
/n%E2%80%A0y-witch-night-2/,post,20131126085656,text/html,34058,HFUHQJKYTGRH7TJSCFQ7CKS4MDRJOYDS,200,8,2011;2012;2013;2014,http://negativeyouth.net/n%E2%80%A0y-witch-night-2/,http://negativeyouth.net/n%e2%80%a0y-witch-night-2/
/n%E2%80%A0y-witch-night-2/feed/,feed,20140109193206,text/xml,850,S52FD4E2UKLV5WHQ5D2UO7IMAMMTR57N,200,1,2014,http://negativeyouth.net/n%e2%80%a0y-witch-night-2/feed/,
/nachut-report-2/,post,20131126102326,text/html,33967,2WX4AWAOIXB32YJGYSMN62WUJZ74WUEN,200,11,2011;2012;2013;2014;2025,http://negativeyouth.net/nachut-report-2/,https://negativeyouth.net/nachut-report-2/
/nachut-report-2/feed/,feed,20140110193418,text/xml,827,QKXOC7LHLWZU6QFMABXQOKRFNGFNWCZZ,200,1,2014,http://negativeyouth.net/nachut-report-2/feed/,
/naka-naka-el-pequeno-edgar-ep/,post,20131126105151,text/html,35452,P6F5E24EYFHRRKNGSIDOQCOQCGBGUO47,200,5,2011;2012;2013;2014,http://negativeyouth.net/naka-naka-el-pequeno-edgar-ep/,
/naka-naka-el-pequeno-edgar-ep/feed/,feed,20140110213347,text/xml,1220,HWI7RCYD6X4ZJQOFMP2OATUPGLRDCQMT,200,1,2014,http://negativeyouth.net/naka-naka-el-pequeno-edgar-ep/feed/,
/naka-naka-el-pequeno-edgar-video/,post,20131126094915,text/html,34186,FI3GBQ6MFI4YA2DU7SOOUY7PGQGBF7BF,200,5,2011;2012;2013;2014,http://negativeyouth.net/naka-naka-el-pequeno-edgar-video/,
/naka-naka-el-pequeno-edgar-video/feed/,feed,20140109195841,text/xml,871,IDFYL2AFZDDTLQPFTYFZ5THV7VRHYUZP,200,1,2014,http://negativeyouth.net/naka-naka-el-pequeno-edgar-video/feed/,
/naka-naka-fantorama-drama-2/,post,20131126130042,text/html,33916,SVLWPR3RAHJSQE4QRV4VDZMG5C75YCT4,200,8,2011;2012;2013;2014,http://negativeyouth.net/naka-naka-fantorama-drama-2/,
/naka-naka-fantorama-drama-2/feed/,feed,20140110222329,text/xml,854,SUEQ4KBYV5QZTXOGW7NL25FEV2EFLUDW,200,1,2014,http://negativeyouth.net/naka-naka-fantorama-drama-2/feed/,
/naka-naka-opal-tape/,post,20131126085216,text/html,33674,WKSMUKDEG2O6TKBHS6A2GJT5VYGFBDT7,200,2,2013;2014,http://negativeyouth.net/naka-naka-opal-tape/,
/naka-naka-opal-tape/feed/,feed,20140109192259,text/xml,839,COCJRHE2Y7MKVL37DQFOITCD2QYZXIVX,200,1,2014,http://negativeyouth.net/naka-naka-opal-tape/feed/,
/naka-naka-telenovela-fantasmux-iii/,post,20131126092054,text/html,34175,Q5PYWNGT56GKBQD6XK7DH5PA55H5G6FJ,200,4,2012;2013;2014,http://negativeyouth.net/naka-naka-telenovela-fantasmux-iii/,
/naka-naka-telenovela-fantasmux-iii/feed/,feed,20140109193154,text/xml,874,CYQ5BHIKHHJA3C6FP6HVOURZBHQEHQRZ,200,1,2014,http://negativeyouth.net/naka-naka-telenovela-fantasmux-iii/feed/,
/naka-naka-vuh-live/,post,20131126105942,text/html,33510,Q24QYX4J4W6ES4UE5NDKUDROQ5C5WYD5,200,4,2012;2013;2014,http://negativeyouth.net/naka-naka-vuh-live/,
/naka-naka-vuh-live/feed/,feed,20140110213051,text/xml,859,P4BZFJXTM7FRFGOAM4CIZWYGL6P54X4V,200,1,2014,http://negativeyouth.net/naka-naka-vuh-live/feed/,
/naka-naka-vuh-video/,post,20131126082506,text/html,34065,6QPMRDG5JJB6FGQHYAT6KSAQUSUJV55V,200,4,2012;2013;2014,http://negativeyouth.net/naka-naka-vuh-video/,
/naka-naka-vuh-video/feed/,feed,20140109183011,text/xml,1046,WX3WRDF7VSRO7XOFTJZYYOZZNARVAH3G,200,1,2014,http://negativeyouth.net/naka-naka-vuh-video/feed/,
/naka-naka-vuh/,post,20131126091846,text/html,33939,YI7CAL5SECACKACBGPBMDK3P5IYKAFHV,200,4,2012;2013;2014,http://negativeyouth.net/naka-naka-vuh/,
/naka-naka-vuh/feed/,feed,20140109194311,text/xml,836,LFLTDVU5QM5PJEXAMX2OUR6EAW7NOKBI,200,1,2014,http://negativeyouth.net/naka-naka-vuh/feed/,
/naomi-elizabeth-god-sent-me-here-to-rock-you-2/,post,20131126110556,text/html,34205,XVMFZUQ32YWNYH2HZE6BXPY4P7ENQ4X7,200,9,2011;2012;2013;2014,http://negativeyouth.net/naomi-elizabeth-god-sent-me-here-to-rock-you-2/,
/naomi-elizabeth-god-sent-me-here-to-rock-you-2/feed/,feed,20140110212326,text/xml,889,VLQAC4MFDUBI3VOI4QH34ZARLTJZ2SQ5,200,1,2014,http://negativeyouth.net/naomi-elizabeth-god-sent-me-here-to-rock-you-2/feed/,
/naomi-elizabeth-id-hit-it/,post,20131126094307,text/html,33800,AVWFAXYE3LNTEOK4ITI5I3JKSFTZ2MXV,200,5,2012;2013;2014,http://negativeyouth.net/naomi-elizabeth-id-hit-it/,
/naomi-elizabeth-id-hit-it/feed/,feed,20140109203534,text/xml,861,LIK4FM2RINJ7GEXXQBAYXWLWJGMQE6XQ,200,1,2014,http://negativeyouth.net/naomi-elizabeth-id-hit-it/feed/,
/narcissistic-cannibal-ritualz-remix/,post,20131126085306,text/html,34369,EEQWHSN4BVSTLJYNDEAY3FESD2W4WI6J,200,4,2012;2013;2014,http://negativeyouth.net/narcissistic-cannibal-ritualz-remix/,
/narcissistic-cannibal-ritualz-remix/feed/,feed,20140109193354,text/xml,1072,KZGH7AK32K3Z4CZMQHVNKBMNK7FUGWCV,200,1,2014,http://negativeyouth.net/narcissistic-cannibal-ritualz-remix/feed/,
/nazir-mazhar-en-lfw-2/,post,20110718224141,text/html,15075,YDEMOTOKKHNNPJI2WBU5M4JRKLAHF3YF,200,2,2011,http://negativeyouth.net/nazir-mazhar-en-lfw-2/,
/nazir-mazhar-en-lfw/,post,20131126110006,text/html,34110,7BCLSRKVXU6J43GRXTHEESSBVRD7QCDA,200,6,2011;2012;2013;2014,http://negativeyouth.net/nazir-mazhar-en-lfw/,
/nazir-mazhar-en-lfw/feed/,feed,20140110212231,text/xml,836,7PY2EJFOOJ5OHUZJESMKSG35YAT3TNWT,200,1,2014,http://negativeyouth.net/nazir-mazhar-en-lfw/feed/,
/nc-guest-mix-63-indian-jewelry/,post,20131126090314,text/html,33857,AKSTH626P2BBQPBI2SH3OXXHINO5GAPH,200,4,2013;2014,http://negativeyouth.net/nc-guest-mix-63-indian-jewelry/,
/nc-guest-mix-63-indian-jewelry/feed/,feed,20140109194333,text/xml,858,QTCVZMD2CSCREWHWS7TASZD3IL3KAKBY,200,1,2014,http://negativeyouth.net/nc-guest-mix-63-indian-jewelry/feed/,
/negative-%E2%80%A0-youth-2-negative-%E2%80%A0-babes-2/,post,20131126114537,text/html,33812,R2IORL7MDV3CQHFNYXUUQ3VYQPC6D4DB,200,9,2011;2012;2013;2014,http://negativeyouth.net/negative-%E2%80%A0-youth-2-negative-%E2%80%A0-babes-2/,http://negativeyouth.net/negative-%e2%80%a0-youth-2-negative-%e2%80%a0-babes-2/
/negative-%E2%80%A0-youth-2-negative-%E2%80%A0-babes-2/feed/,feed,20140110215648,text/xml,854,7FRDKAMQEHZR47RLQ4O5ONHXLUB6SS4G,200,1,2014,http://negativeyouth.net/negative-%e2%80%a0-youth-2-negative-%e2%80%a0-babes-2/feed/,
/negative-youth-2012/,post,20131126110310,text/html,35163,QUITXND7LNVOGGTXZVWFINDUO3QY6AMU,200,5,2012;2013;2014,http://negativeyouth.net/negative-youth-2012/,
/negative-youth-2012/feed/,feed,20140110213547,text/xml,1428,RWEOGCDG3TJKHMV4SKMJ5X2UIYCJUS5R,200,1,2014,http://negativeyouth.net/negative-youth-2012/feed/,
/negative-youth-en-ensenada/,post,20131126102137,text/html,34478,CKUE4U4PP6LJ7W6LMBUXRW3Y2MCCWR6G,200,5,2011;2012;2013;2014,http://negativeyouth.net/negative-youth-en-ensenada/,
/negative-youth-en-ensenada/feed/,feed,20140110201840,text/xml,1026,6D762ESMSL54AIEYWQXYVKU5FRGQZXKQ,200,1,2014,http://negativeyouth.net/negative-youth-en-ensenada/feed/,
/neverland-video/,post,20131126084213,text/html,33832,MD5CBKDU42CR7OV6YGSWUTU7SEB4ARVO,200,2,2013;2014,http://negativeyouth.net/neverland-video/,
/neverland-video/feed/,feed,20140109194623,text/xml,833,I36BR5NM4ZHXWOOXIVI7JC2MTAXPOMYI,200,1,2014,http://negativeyouth.net/neverland-video/feed/,
/new-colony/,post,20131126093229,text/html,33725,ZQWWI3XKWX2NZKYR3VSE4X7J4DWG4H5L,200,3,2013;2014,http://negativeyouth.net/new-colony/,
/new-colony/feed/,feed,20140109204619,text/xml,820,7W7T6D46FFX3O2QCCUTEZMMNGF4WHBPN,200,1,2014,http://negativeyouth.net/new-colony/feed/,
/nguzunguzu-kingdom-total-freedom-en-mexico/,post,20131126112835,text/html,34151,N5RVTNVJ4I437OUMZ7E5LSMQJHOU456M,200,5,2011;2012;2013;2014,http://negativeyouth.net/nguzunguzu-kingdom-total-freedom-en-mexico/,
/nguzunguzu-kingdom-total-freedom-en-mexico/feed/,feed,20140110215647,text/xml,872,YM6QR4KIHTUCA4OAZYJH7OJXN4KXLMBN,200,1,2014,http://negativeyouth.net/nguzunguzu-kingdom-total-freedom-en-mexico/feed/,
/nguzunguzu-warm-pulse/,post,20131126090304,text/html,33860,4RSAUNH5PDG6TXJDPCYZVVA36KXLZVWR,200,5,2012;2013;2014,http://negativeyouth.net/nguzunguzu-warm-pulse/,
/nguzunguzu-warm-pulse/feed/,feed,20140109192655,text/xml,845,NBEYATC6KTTK7HAZT6VE6A7DGMR3NBUG,200,1,2014,http://negativeyouth.net/nguzunguzu-warm-pulse/feed/,
/night-bus-ii/,post,20131126112915,text/html,34313,3WH7JLJNTUASOL6ROAG5IHHRUIUNP5ZM,200,5,2011;2012;2013;2014,http://negativeyouth.net/night-bus-ii/,
/night-bus-ii/feed/,feed,20140110212347,text/xml,823,2DCZQ5QSPAZOOM4BDYEQ3VFVICZWFIXI,200,1,2014,http://negativeyouth.net/night-bus-ii/feed/,
/night-waves/,post,20131126082743,text/html,33519,I2VWDPA7GULKGC5DNXS6V3Q6OENAC3G2,200,4,2012;2013;2014,http://negativeyouth.net/night-waves/,
/night-waves/feed/,feed,20140109190350,text/xml,824,7EXOSINTC4BGPNLCKJLDGOAJPNUI5TJV,200,1,2014,http://negativeyouth.net/night-waves/feed/,
/nike7up-hand-in-my-pocket-nike7up-lost-generation-mix-2/,post,20110718230740,text/html,14473,N7OPKT5MLTWHEQRRSSNOIKM7SZJMEHET,200,2,2011,http://negativeyouth.net/nike7up-hand-in-my-pocket-nike7up-lost-generation-mix-2/,
/nike7up-hand-in-my-pocket-nike7up-lost-generation-mix/,post,20131126100851,text/html,33548,PFM3LMPNKJTTJN2YMYQHWM7XV7QLJFK3,200,5,2011;2012;2013;2014,http://negativeyouth.net/nike7up-hand-in-my-pocket-nike7up-lost-generation-mix/,
/nike7up-hand-in-my-pocket-nike7up-lost-generation-mix/feed/,feed,20140109202938,text/xml,884,CCXZBGHLICKT5PYF6AAWHAEUIC25NHEL,200,1,2014,http://negativeyouth.net/nike7up-hand-in-my-pocket-nike7up-lost-generation-mix/feed/,
/nike7up-i-%E2%99%A1-u-4ever-nike7up-no-distance-remix-2/,post,20131126093438,text/html,33410,75IYH257ALKONYB7BUAF6SRRSMYXRJDS,200,9,2011;2012;2013;2014,http://negativeyouth.net/nike7up-i-%E2%99%A1-u-4ever-nike7up-no-distance-remix-2/,http://negativeyouth.net/nike7up-i-%e2%99%a1-u-4ever-nike7up-no-distance-remix-2/
/nike7up-i-%E2%99%A1-u-4ever-nike7up-no-distance-remix-2/feed/,feed,20141011143800,text/xml,897,25UTJBX3RZLP2URE2AB3MYRBJUP3KOEE,200,2,2014,http://negativeyouth.net/nike7up-i-%e2%99%a1-u-4ever-nike7up-no-distance-remix-2/feed/,
/nike7up-mixtape-july-2011/,post,20131126112932,text/html,33640,P5DJKSZSIUBRBOYUXF632PR7UHLE6RSL,200,6,2011;2012;2013;2014,http://negativeyouth.net/nike7up-mixtape-july-2011/,
/nike7up-mixtape-july-2011/feed/,feed,20140110215302,text/xml,842,5X2PJ5NJXXEFLJEESITRWYLWFUUJUULZ,200,1,2014,http://negativeyouth.net/nike7up-mixtape-july-2011/feed/,
/nike7up-sin-parar-2/,post,20110718222705,text/html,14757,2XEGTESJXK5NYEH37RTAHKIHMR2E4K2H,200,2,2011,http://negativeyouth.net/nike7up-sin-parar-2/,
/nike7up-sin-parar/,post,20131126102157,text/html,33780,JCRXZ4JSLT5RLNXSS7NFSTGK33SZ4LLB,200,5,2011;2012;2013;2014,http://negativeyouth.net/nike7up-sin-parar/,
/nike7up-sin-parar/feed/,feed,20140110183552,text/xml,833,CYKZS4AFV45A5NUBLZYV344UZUBZBINR,200,1,2014,http://negativeyouth.net/nike7up-sin-parar/feed/,
/nin-x-david-lynch/,post,20140601045220,text/html,10109,7KIXTILWNT7TSQZKGO5ZKXSEESYKVPUS,200,4,2014;2015,http://negativeyouth.net/nin-x-david-lynch/,
/nin-x-david-lynch/feed/,feed,20140601070757,text/xml,833,CNM2A6UVRHQUXCVDQEIHIJVZKYVAUIQF,200,1,2014,http://negativeyouth.net/nin-x-david-lynch/feed/,
/nina-sky-daydreaming/,post,20131126100525,text/html,34021,QCOYOB7IY5KDXHNGI4DP6KQZRUJ2GVYG,200,4,2012;2013;2014,http://negativeyouth.net/nina-sky-daydreaming/,
/nina-sky-daydreaming/feed/,feed,20140109204101,text/xml,848,L2ZSJY5XOOMBLQ62NTN5N7S7YSZ3MSQI,200,1,2014,http://negativeyouth.net/nina-sky-daydreaming/feed/,
/nina-sky-nicole-natalie/,post,20131126091953,text/html,34052,PEIOUBY44TQJ4A33NQWUC5SFZ3UBPG4L,200,4,2012;2013;2014,http://negativeyouth.net/nina-sky-nicole-natalie/,
/nina-sky-nicole-natalie/feed/,feed,20140109191516,text/xml,855,5S4HP35OPCLBIECTLLRNB6DT26QVOS6S,200,1,2014,http://negativeyouth.net/nina-sky-nicole-natalie/feed/,
/nite-jewel-clive/,post,20131126094555,text/html,33675,AJRGCGTV5KJRUFEJJZPU2ETTQKOBM5VQ,200,5,2012;2013;2014,http://negativeyouth.net/nite-jewel-clive/,
/nite-jewel-clive/feed/,feed,20140109201925,text/xml,840,B4TPQNDKBMYGEQLIHZSSSE7OT2UKREYM,200,1,2014,http://negativeyouth.net/nite-jewel-clive/feed/,
/nite-jewel-nicholas-krgovich-thinking-about-you-frank-ocean-cover/,post,20131104003749,text/html,33914,GEZ5SUZW44JTXPJEPMTAH6WWSPEZXIFD,200,8,2012;2013;2014;2025,http://negativeyouth.net/nite-jewel-nicholas-krgovich-thinking-about-you-frank-ocean-cover/,https://negativeyouth.net/nite-jewel-nicholas-krgovich-thinking-about-you-frank-ocean-cover/
/nite-jewel-nicholas-krgovich-thinking-about-you-frank-ocean-cover/feed/,feed,20140109190047,text/xml,908,LWGQMNQA3B62KZWYJFKNTFMJPWHOSPI7,200,2,2013;2014,http://negativeyouth.net/nite-jewel-nicholas-krgovich-thinking-about-you-frank-ocean-cover/feed/,
/nite-jewel-one-second-of-love/,post,20131126112349,text/html,33897,RXZKA2KVLPRAWJV6P4YQUWNOPXFJ6XWB,200,4,2012;2013;2014,http://negativeyouth.net/nite-jewel-one-second-of-love/,
/nite-jewel-one-second-of-love/feed/,feed,20140110213654,text/xml,862,R6HD4AGU7PDAI34KDBCGNT3NG6A36ZKB,200,1,2014,http://negativeyouth.net/nite-jewel-one-second-of-love/feed/,
/no-bueno/,post,20131126100651,text/html,33901,XEAZ52FXFXJG7PHUH4HEPURCWOMQ6MAQ,200,7,2011;2012;2013;2014,http://negativeyouth.net/no-bueno/,
/no-bueno/feed/,feed,20140109202553,text/xml,816,BGXEUWBWM25PDX56ZAPZLWUWDESVUPVQ,200,1,2014,http://negativeyouth.net/no-bueno/feed/,
/nommo-ogo/,post,20140601065717,text/html,10061,LO2NI5NJRA3E5KGI5243OKRW6YOEUWZU,200,4,2014;2015,http://negativeyouth.net/nommo-ogo/,
/nordpolen-nar-mitt-blod-pumpar-i-dej/,post,20131126084544,text/html,34507,DQ3KMMIJQ4PRMSJJOOST3M4NQFRAYUF3,200,4,2012;2013;2014,http://negativeyouth.net/nordpolen-nar-mitt-blod-pumpar-i-dej/,
/nordpolen-nar-mitt-blod-pumpar-i-dej/feed/,feed,20140109193202,text/xml,1189,5VMRB3HID4RQGEMKOB2HTDXLDR3EDHOO,200,1,2014,http://negativeyouth.net/nordpolen-nar-mitt-blod-pumpar-i-dej/feed/,
/nosotros,page,20110207072357,text/html,6081,2W5IAKSOLJWFPRI7ME7OQIDLO32FPBZD,200,1,2011,http://negativeyouth.net/nosotros,
/not-in-love/,post,20131126105228,text/html,33508,P3NO52OMLT76XOHND72WS4EMVKGY2KQP,200,5,2011;2012;2013;2014,http://negativeyouth.net/not-in-love/,
/not-in-love/feed/,feed,20140110212556,text/xml,822,VJSBWXW2O3LSQBTZHUPYSAPRHZHWML74,200,1,2014,http://negativeyouth.net/not-in-love/feed/,
/not-the-same/,post,20131126094913,text/html,33472,GKXRDVVEEDCRZRAOF3CCMTFSXY2Q337O,200,3,2013;2014,http://negativeyouth.net/not-the-same/,
/not-the-same/feed/,feed,20140109200336,text/xml,826,PPVKGCIUYKTXCQDPQMQ724SNYVWTSKBA,200,1,2014,http://negativeyouth.net/not-the-same/feed/,
/nsfw-actually-huizenga/,post,20131126085138,text/html,34547,APCQBZW4IOTEUSE4ISL3XF3E5MNKZX6U,200,5,2012;2013;2014,http://negativeyouth.net/nsfw-actually-huizenga/,
/nsfw-actually-huizenga/feed/,feed,20140109192432,text/xml,842,FV5SENK5BQ5GAZRS2B5CQILQH2R3MX6K,200,1,2014,http://negativeyouth.net/nsfw-actually-huizenga/feed/,
/nuevo-material-de-drugs-for-drunks-2/,post,20110718230026,text/html,15635,ADKRNSAO4S4HXGMBFYXMZKGD6BMF6DYY,200,2,2011,http://negativeyouth.net/nuevo-material-de-drugs-for-drunks-2/,
/nuevo-video-de-physical-therapy-do-it-all/,post,20131126090622,text/html,33464,Z62PNXQDORYLYYU2FBZC5X33SDXWL22K,200,3,2013;2014,http://negativeyouth.net/nuevo-video-de-physical-therapy-do-it-all/,
/nuevo-video-de-physical-therapy-do-it-all/feed/,feed,20140109191456,text/xml,875,3OFJVJFDB5VJ5F4JYCC33BK4P3XZJMFD,200,1,2014,http://negativeyouth.net/nuevo-video-de-physical-therapy-do-it-all/feed/,
/nys-man-of-the-year-2012-ryder-ripps/,post,20131126090712,text/html,36875,GQMONHMMUAFZ5BOXZNIJR2F5TRC3FCGH,200,4,2013;2014,http://negativeyouth.net/nys-man-of-the-year-2012-ryder-ripps/,
/nys-man-of-the-year-2012-ryder-ripps/feed/,feed,20140109193537,text/xml,866,2NVJHU7KCCVAR6NVJYLPOPB25GLD5EVK,200,1,2014,http://negativeyouth.net/nys-man-of-the-year-2012-ryder-ripps/feed/,
/o-f-fgr%E2%80%A0llgr%E2%80%A0ll-emodancers-2/,post,20110718222710,text/html,14922,ICSFHFBBL6ULR4AS57WZMFO24ZJAWULY,200,2,2011,http://negativeyouth.net/o-f-fgr%E2%80%A0llgr%E2%80%A0ll-emodancers-2/,
/o-f-fgr%E2%80%A0llgr%E2%80%A0ll-emodancers/,post,20131126121740,text/html,33815,LLMTAKBZ2WR6UZ3KCI4W2VIJKFFRAYOT,200,5,2011;2012;2013;2014,http://negativeyouth.net/o-f-fgr%E2%80%A0llgr%E2%80%A0ll-emodancers/,http://negativeyouth.net/o-f-fgr%e2%80%a0llgr%e2%80%a0ll-emodancers/
/o-f-fgr%E2%80%A0llgr%E2%80%A0ll-emodancers/feed/,feed,20140110215903,text/xml,872,GJMXPIFEDIK6A2EBU367JEPQUAIKLJFD,200,1,2014,http://negativeyouth.net/o-f-fgr%e2%80%a0llgr%e2%80%a0ll-emodancers/feed/,
/o-f-fgr%E2%80%A0llgr%E2%80%A0ll-happy-face/,post,20131126094051,text/html,33696,QVELBKHXWAIFJKXZDXQWKHVNONQVBQBT,200,4,2012;2013;2014,http://negativeyouth.net/o-f-fgr%E2%80%A0llgr%E2%80%A0ll-happy-face/,http://negativeyouth.net/o-f-fgr%e2%80%a0llgr%e2%80%a0ll-happy-face/
/o-f-fgr%E2%80%A0llgr%E2%80%A0ll-happy-face/feed/,feed,20140109202920,text/xml,871,GYLBOQ3TMLJKTJ6QIIFQR2AW76BKKPXF,200,1,2014,http://negativeyouth.net/o-f-fgr%e2%80%a0llgr%e2%80%a0ll-happy-face/feed/,
/oblivion/,post,20131126122205,text/html,33765,QBNZXQWLSNI3CPYCFT4E4LDNJMSSSOWU,200,4,2012;2013;2014,http://negativeyouth.net/oblivion/,
/oblivion/feed/,feed,20140110215228,text/xml,814,4YGRJHZV7HSRPDGABPKB6PCVK6FONWL4,200,1,2014,http://negativeyouth.net/oblivion/feed/,
/obsession/,post,20131126092312,text/html,34364,J3GCQWF32KVMLV5HTHD5PVR2NMCL3CIS,200,3,2013;2014,http://negativeyouth.net/obsession/,
/obsession/feed/,feed,20140109194337,text/xml,820,VLMZXKEXTUP73AWZECIMYPTHFTFPJG5O,200,1,2014,http://negativeyouth.net/obsession/feed/,
/occultd%CE%BBn%CF%9F%CF%83-grimmers-dansers-mal005/,post,20131126084340,text/html,34317,TR7XGGPMYU3K35ERWBQB5CK4ONRH44ZY,200,3,2013;2014,http://negativeyouth.net/occultd%CE%BBn%CF%9F%CF%83-grimmers-dansers-mal005/,http://negativeyouth.net/occultd%ce%bbn%cf%9f%cf%83-grimmers-dansers-mal005/
/occultd%CE%BBn%CF%9F%CF%83-grimmers-dansers-mal005/feed/,feed,20140109193056,text/xml,1053,F7YS4RZ2BJCBABCL76TG3DUWP5P5LM2D,200,1,2014,http://negativeyouth.net/occultd%ce%bbn%cf%9f%cf%83-grimmers-dansers-mal005/feed/,
/occultd%CE%BBn%CF%9F%CF%83-ufo13-mix/,post,20131126105722,text/html,33969,4MTRFKETUCWCY5GEKN6SMC3RWT55YESE,200,4,2013;2014,http://negativeyouth.net/occultd%CE%BBn%CF%9F%CF%83-ufo13-mix/,http://negativeyouth.net/occultd%ce%bbn%cf%9f%cf%83-ufo13-mix/
/occultd%CE%BBn%CF%9F%CF%83-ufo13-mix/feed/,feed,20140110213643,text/xml,878,IHZALWVYWMONBKMNNYNQ4YPQUOFCYHW4,200,1,2014,http://negativeyouth.net/occultd%ce%bbn%cf%9f%cf%83-ufo13-mix/feed/,
/occultd%CE%BBn%CF%9F%CF%83-ufomania-negative-youth-2013-3/,post,20131126084732,text/html,33874,L6GJMT6JY6JIXEZ62BBBVHHBWWHOESOS,200,3,2013;2014,http://negativeyouth.net/occultd%CE%BBn%CF%9F%CF%83-ufomania-negative-youth-2013-3/,http://negativeyouth.net/occultd%ce%bbn%cf%9f%cf%83-ufomania-negative-youth-2013-3/
/occultd%CE%BBn%CF%9F%CF%83-ufomania-negative-youth-2013-3/feed/,feed,20140109192609,text/xml,894,HFTKG27ULMSSSJD4U4AUDUWCMB2X3H5L,200,1,2014,http://negativeyouth.net/occultd%ce%bbn%cf%9f%cf%83-ufomania-negative-youth-2013-3/feed/,
/ocean-floor-for-everything/,post,20131126082909,text/html,33666,QLPB6L2JAA5WOLGUCYROTU6RIX2GUK7Q,200,5,2012;2013;2014,http://negativeyouth.net/ocean-floor-for-everything/,
/ocean-floor-for-everything/feed/,feed,20140109182429,text/xml,843,AREVMKWSIKLG5ZQ4IZEQXJIKSAPWTFD6,200,1,2014,http://negativeyouth.net/ocean-floor-for-everything/feed/,
/ocultismo-pop-2/,post,20110718230750,text/html,15660,AHRJIKX54TOXIUKRBKITWIHQDOO6LL4Y,200,2,2011,http://negativeyouth.net/ocultismo-pop-2/,
/ocultismo-pop/,post,20131126100723,text/html,35152,2WHVGS7VTBXZEMM3SYB6KWXFGD5OPEXQ,200,5,2011;2012;2013;2014,http://negativeyouth.net/ocultismo-pop/,
/ocultismo-pop/feed/,feed,20140109203841,text/xml,1098,EMKU5L6J3CJJ57QQUGS6BAMRGXXY6P3N,200,1,2014,http://negativeyouth.net/ocultismo-pop/feed/,
/ohio-2/,post,20131126085259,text/html,34012,MFX7SGWEM5KH4WVKHT2D6X34LNZF7OOB,200,8,2011;2012;2013;2014,http://negativeyouth.net/ohio-2/,
/ohio-2/feed/,feed,20140109192950,text/xml,812,TM7YFTN52XYO7UP5PJ6JCUIPGWHHNCWI,200,1,2014,http://negativeyouth.net/ohio-2/feed/,
/olivia-bolles-2/,post,20110718224146,text/html,15227,CHKD7YY7PRP377MIFM5EXI2ICVPVH5TL,200,2,2011,http://negativeyouth.net/olivia-bolles-2/,
/olivia-bolles/,post,20131126091640,text/html,34362,MVZD4JTAXEVRT2G5KOGDZLT22WMU4ZWR,200,6,2011;2012;2013;2014,http://negativeyouth.net/olivia-bolles/,
/olivia-bolles/feed/,feed,20140109192545,text/xml,824,MPB3UMKV65I5DLEBUVET24XZFYKJIIN2,200,1,2014,http://negativeyouth.net/olivia-bolles/feed/,
/on-the-road-to-make-some-noise/,post,20131126104149,text/html,33532,BMBQAWXQULHPZZTVFB24AVX2VIVLLZ4V,200,3,2013;2014,http://negativeyouth.net/on-the-road-to-make-some-noise/,
/on-the-road-to-make-some-noise/feed/,feed,20140110212407,text/xml,855,7YTSPW3V7HFMMHWP4DQYSWNNTQFMQE5U,200,1,2014,http://negativeyouth.net/on-the-road-to-make-some-noise/feed/,
/one-direction/,post,20131126090158,text/html,33839,7P4PORHXTNYPZOAV3ZIZXYN6ELKUYGXG,200,3,2013;2014,http://negativeyouth.net/one-direction/,
/one-direction/feed/,feed,20140109194319,text/xml,824,KLIPFBODXFNRUPR2WEKWKAJ3ACKKK7ZL,200,1,2014,http://negativeyouth.net/one-direction/feed/,
/one-place/,post,20131126091833,text/html,33370,O6KX623EPAOCPQVJLPGIBRTSPXPK2TUT,200,2,2013;2014,http://negativeyouth.net/one-place/,
/one-place/feed/,feed,20140109192351,text/xml,820,LUZW7Z23ZISQUXFP22OIM5NOMBYIVLB2,200,1,2014,http://negativeyouth.net/one-place/feed/,
/one-video/,post,20131126084713,text/html,33724,QMRR2WGJL3BRATVDIUGFK5I26IXQ3RFP,200,3,2013;2014,http://negativeyouth.net/one-video/,
/one-video/feed/,feed,20140109193209,text/xml,981,PQOWBINMYZYVNMXNEHFQ7L2P4CYE2NMW,200,1,2014,http://negativeyouth.net/one-video/feed/,
/one/,post,20131126084544,text/html,33454,J5TPH4IMEVSE4OJ6XR7AA6NEYLICEZHE,200,3,2013;2014,http://negativeyouth.net/one/,
/one/feed/,feed,20140109190812,text/xml,807,MNDF3VSZQBUOIZFTOIG63BNK43KTZR4T,200,1,2014,http://negativeyouth.net/one/feed/,
/ooooo-coachbagg/,post,20131126092242,text/html,33483,M5WYCCTNNKXDUBJTTPFJKRTBK2XLSAXE,200,4,2012;2013;2014,http://negativeyouth.net/ooooo-coachbagg/,
/ooooo-coachbagg/feed/,feed,20140109192956,text/xml,838,GXEH3IZXZ6YKM55ZTTM2DLCE6Q3HYRBX,200,1,2014,http://negativeyouth.net/ooooo-coachbagg/feed/,
/opening-botiquin-by-petit-pistolette/,post,20131126100706,text/html,34038,66PEPTDLVVV7KKBDX2RSRP5PCOH2SWKY,200,7,2011;2012;2013;2014,http://negativeyouth.net/opening-botiquin-by-petit-pistolette/,
/opening-botiquin-by-petit-pistolette/feed/,feed,20140109202747,text/xml,870,P7A4QZ4JDSBI4N7MR6M2ZT6HP6ZEOERH,200,1,2014,http://negativeyouth.net/opening-botiquin-by-petit-pistolette/feed/,
/osama-bin-laden-is-dead/,post,20131126091519,text/html,33520,XTHYZQTDLEPHMHO5XYEC7ZWUJKXBCCYF,200,8,2011;2012;2013;2014,http://negativeyouth.net/osama-bin-laden-is-dead/,
/osama-bin-laden-is-dead/feed/,feed,20140109194947,text/xml,840,BQWKGULSZIVX235KHKZU472VFYJWAD4Q,200,1,2014,http://negativeyouth.net/osama-bin-laden-is-dead/feed/,
/out-of-body-m-t/,post,20131126100938,text/html,33896,LY7LMAN443OIQIWX5NOCMNQFERY26DEY,200,4,2012;2013;2014,http://negativeyouth.net/out-of-body-m-t/,
/out-of-body-m-t/feed/,feed,20140109203929,text/xml,826,SOR6PL6Z3LNZR56U2T3ZB2HPHQM4PWB4,200,1,2014,http://negativeyouth.net/out-of-body-m-t/feed/,
/outworld-music-ii/,post,20131126105928,text/html,33390,4KJT52FFGIVSY73V5I7T56GHXHZ2C4IY,200,3,2013;2014,http://negativeyouth.net/outworld-music-ii/,
/outworld-music-ii/feed/,feed,20140110212900,text/xml,828,ZAQMJLKLC3GKGTZ46STE2CFW3MIPIJ52,200,1,2014,http://negativeyouth.net/outworld-music-ii/feed/,
/page/2/,homepage,20131126101057,text/html,32613,YXNNQUCEP7XNVCLZXBR6EYYCPECVAU26,200,5,2013;2014;2015,http://negativeyouth.net/page/2/,
/parallax/,post,20131126084615,text/html,33611,WRDWCJ4EP7NNTKXZWA5JCIWCOYU5LAGO,200,4,2013;2014,http://negativeyouth.net/parallax/,
/parallax/feed/,feed,20140109191530,text/xml,819,GFPGIMJJBEIU3AGP7GBE3S4MUPYBILVY,200,1,2014,http://negativeyouth.net/parallax/feed/,
/patrick-wolf-esta-de-vuelta-2/,post,20110718231112,text/html,14948,M7WHEWFB3AVYSO42THVQCPJF7MNR5457,200,2,2011,http://negativeyouth.net/patrick-wolf-esta-de-vuelta-2/,
/peel-it-stream-it/,post,20131126095707,text/html,33664,IXDSMFQSKYRTWFKMCHIJO33PVQRAK4M4,200,3,2013;2014,http://negativeyouth.net/peel-it-stream-it/,
/peel-it-stream-it/feed/,feed,20140109202453,text/xml,831,WCE4EEEONUZAXGCFZNRMQOFO3MNQLSXJ,200,1,2014,http://negativeyouth.net/peel-it-stream-it/feed/,
/peepr-2/,post,20131126125817,text/html,34106,OECP47ZJFU5YWUQMJRRWFLUOIAQWCJLW,200,8,2011;2012;2013;2014,http://negativeyouth.net/peepr-2/,
/peepr-2/feed/,feed,20140110222936,text/xml,1134,FVK73K6TIN45YFLS52N22M5LZ6H7ASBS,200,1,2014,http://negativeyouth.net/peepr-2/feed/,
/peepr-el-descenso-mal002/,post,20131126100757,text/html,34204,TLMJYCDIR3V2JOD7GAIRGI3C345GVIHJ,200,4,2012;2013;2014,http://negativeyouth.net/peepr-el-descenso-mal002/,
/peepr-el-descenso-mal002/feed/,feed,20140109201127,text/xml,858,IUEKYIKNTJVCZKGUAWQSHUY6HFZOLTBU,200,1,2014,http://negativeyouth.net/peepr-el-descenso-mal002/feed/,
/peepr-foogarc-vlaxet/,post,20131126125514,text/html,33704,N32C6QO7VF5CLSIVVOBA5MWBWRDK6ACM,200,5,2011;2012;2013;2014,http://negativeyouth.net/peepr-foogarc-vlaxet/,
/peepr-foogarc-vlaxet/feed/,feed,20140110221404,text/xml,845,V3SKX3YORUAJ54BC3NDAX6464VI4ABW7,200,1,2014,http://negativeyouth.net/peepr-foogarc-vlaxet/feed/,
/perfect-blue/,post,20131126084643,text/html,33440,WCJSDRD5ACA65ES7LWPL6X45SRRUSXSU,200,2,2013;2014,http://negativeyouth.net/perfect-blue/,
/perfect-blue/feed/,feed,20140109194258,text/xml,825,VMVGYMZ5XBFYAIX2NWUVRJ7FUMTU3YQB,200,1,2014,http://negativeyouth.net/perfect-blue/feed/,
/perra-sucia/,post,20131126093712,text/html,33543,WIDD4DJSQ5GAFRUDU3ROIVZ33ZMPIT4F,200,3,2013;2014,http://negativeyouth.net/perra-sucia/,
/perra-sucia/feed/,feed,20140109200405,text/xml,822,VCNBFSOKGSKPDMFMFQZND54RY44ER4UW,200,1,2014,http://negativeyouth.net/perra-sucia/feed/,
/phone-sex-unicorn-kid-remix/,post,20131126084151,text/html,33864,HA7KUK2PA2WPXECPCEQIJA27IOYXTTQL,200,4,2012;2013;2014,http://negativeyouth.net/phone-sex-unicorn-kid-remix/,
/phone-sex-unicorn-kid-remix/feed/,feed,20140109182425,text/xml,854,NOBIZAG7YZO27UCOLSIVGLGQSEFE6IGM,200,1,2014,http://negativeyouth.net/phone-sex-unicorn-kid-remix/feed/,
/phone-sex/,post,20131126090204,text/html,33865,KMYPH3QREUIHRQNBIN2SST56DHIEA5WU,200,6,2012;2013;2014,http://negativeyouth.net/phone-sex/,
/phone-sex/feed/,feed,20140109192508,text/xml,849,W4NPZT2NGLRG73B5MRKMJ2Y3CA6547WE,200,1,2014,http://negativeyouth.net/phone-sex/feed/,
/photoshopped/,post,20131126094745,text/html,33556,FYWFDCQJPQRYDX6B7GLRPFKTEV24BBKM,200,5,2011;2012;2013;2014,http://negativeyouth.net/photoshopped/,
/photoshopped/feed/,feed,20140109203023,text/xml,825,WVAU6VGQC6Q3AUXXXLTHS7HUPL7KN5DR,200,1,2014,http://negativeyouth.net/photoshopped/feed/,
/physical-therapy-drone-on/,post,20131126091822,text/html,34071,5MTIJFPI47JX3ILICZPR26REGTAP6TZ2,200,4,2012;2013;2014,http://negativeyouth.net/physical-therapy-drone-on/,
/physical-therapy-drone-on/feed/,feed,20140109192219,text/xml,848,U6FOMQZKMP6RILKIZZRGO5SCQV6SORCN,200,1,2014,http://negativeyouth.net/physical-therapy-drone-on/feed/,
/physical-therapy-record-sales/,post,20131126105949,text/html,33556,HBN423KICATBBSTIOSWVPKM7ADXTZ4OD,200,4,2012;2013;2014,http://negativeyouth.net/physical-therapy-record-sales/,
/physical-therapy-record-sales/feed/,feed,20140110213454,text/xml,860,IB2OKRI2U4FMCABX3MPXQHAWNRO25GHY,200,1,2014,http://negativeyouth.net/physical-therapy-record-sales/feed/,
/pictureplane-dimensional-rip-6-2/,post,20131126112324,text/html,33423,YLMU3N5JXJZYEPF22LF2XZ6664ISQ6TZ,200,8,2011;2012;2013;2014,http://negativeyouth.net/pictureplane-dimensional-rip-6-2/,
/pictureplane-dimensional-rip-6-2/feed/,feed,20140110212929,text/xml,866,NODUCFSUTP37CF3YWJOEGE7YB4XZFW4Q,200,1,2014,http://negativeyouth.net/pictureplane-dimensional-rip-6-2/feed/,
/pictureplane-en-mexico-3/,post,20110718230031,text/html,15212,2JRAIBTSZBTVDPR4HMWMTIYOMU2DCVUC,200,3,2011,http://negativeyouth.net/pictureplane-en-mexico-3/,
/pictureplane-en-mexico-4/,post,20110718230800,text/html,15148,RD5KYNPJOD5S25X4KVVO42LJLLV3NJPN,200,2,2011,http://negativeyouth.net/pictureplane-en-mexico-4/,
/pictureplane-en-mexico/,post,20131126093459,text/html,34576,CIV2H4YBZZGTTLSXKJWL4OGU4T4GZHJR,200,6,2011;2012;2013;2014,http://negativeyouth.net/pictureplane-en-mexico/,
/pictureplane-en-mexico/feed/,feed,20140109203205,text/xml,1212,7AGCZ4BJG3SFFMGI3DYUWOLJPNRE3JBB,200,2,2011;2014,http://negativeyouth.net/pictureplane-en-mexico/feed/,
/pictureplane-mexico/,post,20131126112725,text/html,34251,6GGZD22KVOVAAE6XBS2OQ7OPZDVYRUVG,200,6,2011;2012;2013;2014,http://negativeyouth.net/pictureplane-mexico/,
/pictureplane-mexico/feed/,feed,20140110212539,text/xml,837,VNOGGLTTT2GMYIVYOMMOYNBDDQ456LXB,200,1,2014,http://negativeyouth.net/pictureplane-mexico/feed/,
/pictureplane-mix-para-mexico/,post,20131126095832,text/html,34523,SIX6S6K6LWMO6UT2BLEUNJ4UA2YXHQKB,200,8,2011;2012;2013;2014,http://negativeyouth.net/pictureplane-mix-para-mexico/,
/pictureplane-mix-para-mexico/feed/,feed,20140109201149,text/xml,1152,XLYJ74UFB6FBP2FS7W4TNLYTFI7G53QP,200,1,2014,http://negativeyouth.net/pictureplane-mix-para-mexico/feed/,
/pictureplane-negative-slave/,post,20131126091614,text/html,34325,A2WZCLOIEW35T4KDU2ZUJ6GQGJ6JJHAQ,200,5,2011;2012;2013;2014,http://negativeyouth.net/pictureplane-negative-slave/,
/pictureplane-negative-slave/feed/,feed,20140109192148,text/xml,848,MI4NA4TRQX4H7ZPSCGA5GB7TJ6WUQGXE,200,1,2014,http://negativeyouth.net/pictureplane-negative-slave/feed/,
/pictureplane-post-physical-physical-therapy-premix/,post,20131126112803,text/html,33640,YL5OTXXEXNYAHSRYLFWD5FJX4K6F5SSH,200,5,2011;2012;2013;2014,http://negativeyouth.net/pictureplane-post-physical-physical-therapy-premix/,
/pictureplane-post-physical-physical-therapy-premix/feed/,feed,20140110215245,text/xml,891,HS2E2WBUVYK7PDZ2K2GQUA6ET73K36Q7,200,1,2014,http://negativeyouth.net/pictureplane-post-physical-physical-therapy-premix/feed/,
/pictureplane-vs-creep-2/,post,20110718224151,text/html,14711,N2WHZU33TAFQVVCNNILQRZ4QD3Q3WOAK,200,2,2011,http://negativeyouth.net/pictureplane-vs-creep-2/,
/pictureplane-vs-creep/,post,20131126102343,text/html,33749,JSDYVLKUWQNZ544Y2VYDT3VLQCJ7UKC4,200,5,2011;2012;2013;2014,http://negativeyouth.net/pictureplane-vs-creep/,
/pictureplane-vs-creep/feed/,feed,20140110194431,text/xml,837,CRJP5L3GSDOT2UJXVF2UG3LEPPHI4BKT,200,1,2014,http://negativeyouth.net/pictureplane-vs-creep/feed/,
/pisces/,post,20131126082917,text/html,33413,ZC525GV4OWUWFEDIGG4M5ZGHZTQS3PQC,200,3,2013;2014,http://negativeyouth.net/pisces/,
/pisces/feed/,feed,20140109183036,text/xml,813,XFVYFA3ECLTPB5FL2477OBNUDDXWMVAM,200,1,2014,http://negativeyouth.net/pisces/feed/,
/planningtorock-the-knife-doorway-2/,post,20110718230807,text/html,14901,AS45DY5RUHLE3W63Z3Z35DYHJHRTSEEJ,200,2,2011,http://negativeyouth.net/planningtorock-the-knife-doorway-2/,
/planningtorock-the-knife/,post,20131126102123,text/html,33971,RPP52AY4IKWYRCF4VVI76YARCZAIQLNI,200,5,2011;2012;2013;2014,http://negativeyouth.net/planningtorock-the-knife/,
/planningtorock-the-knife/feed/,feed,20140110210937,text/xml,843,WMZNLTK5V6EDQS2WAIMSADO7RCW3VF27,200,1,2014,http://negativeyouth.net/planningtorock-the-knife/feed/,
/play-by-play/,post,20131126082905,text/html,33563,T6OCZCBGBQBUJOKNUI6WPBCF36VGDUPY,200,3,2013;2014,http://negativeyouth.net/play-by-play/,
/play-by-play/feed/,feed,20140109185146,text/xml,820,AN5NOVA3PJVEMXM6FTXHPQENJ2GVKCKH,200,1,2014,http://negativeyouth.net/play-by-play/feed/,
/pop-is-black-2/,post,20110718230038,text/html,14715,WJF5IAOY4EQ2DCRGNCKPALXNC2PYCN4N,200,2,2011,http://negativeyouth.net/pop-is-black-2/,
/pop-is-black/,post,20131126094812,text/html,33818,2I3BBVIBKB5354GYIOOJJDDBRS4TQK2Q,200,5,2011;2012;2013;2014,http://negativeyouth.net/pop-is-black/,
/pop-is-black/feed/,feed,20140109203857,text/xml,825,EJDNSFKFTWPH7BRCCMTGMSWVDCPNL3UL,200,1,2014,http://negativeyouth.net/pop-is-black/feed/,
/popcaan-only-man-she-want/,post,20131126093415,text/html,33894,PNSRIQOA4WGAZUNXB3M3QTY5TLX7BEDH,200,4,2012;2013;2014,http://negativeyouth.net/popcaan-only-man-she-want/,
/popcaan-only-man-she-want/feed/,feed,20140109202849,text/xml,855,6TUQBZ4X5WEHHXQJHOOYJVNDO2ISY2JL,200,1,2014,http://negativeyouth.net/popcaan-only-man-she-want/feed/,
/popcaan-system/,post,20131104102759,text/html,33660,TPAYW7J7FCKNFNTTECBFS665J7XIOFMF,200,5,2012;2013;2014,http://negativeyouth.net/popcaan-system/,
/popcaan-system/feed/,feed,20140109193543,text/xml,832,QLE7ZK7YS7ZWMOV2D4PYDYOWYAGNJHRC,200,1,2014,http://negativeyouth.net/popcaan-system/feed/,
/post-physical/,post,20131126112755,text/html,34048,OBZQPZD5DVCXLGKKQZW65QITZ2KVGMAO,200,6,2011;2012;2013;2014,http://negativeyouth.net/post-physical/,
/post-physical/feed/,feed,20140110213308,text/xml,832,O3EB4J2AX53MVQ6EBHQGGC3K5FYOVOIT,200,1,2014,http://negativeyouth.net/post-physical/feed/,
/post/2946548866/black-metal-kids,page,20110204205842,text/html,6548,HS5DSRN72P3BQWCRBPOKAOVRZBTT2V4Z,200,2,2011,http://negativeyouth.net/post/2946548866/black-metal-kids,
/post/3053617238/alexico-gordo-grande-y-marica,page,20110205125241,text/html,6816,HN7W23HPNEOD6UTGUAWPMFRAN23UWWP3,200,2,2011,http://negativeyouth.net/post/3053617238/alexico-gordo-grande-y-marica,
/powwoww/,post,20131126102646,text/html,33860,YL36C2SU3NINFZS6B5ZUXVFVEJA7YQC7,200,4,2012;2013;2014,http://negativeyouth.net/powwoww/,
/powwoww/feed/,feed,20140110205752,text/xml,813,QD7J5BK5ONUKNJSMLOKSLGKZADI2H25T,200,1,2014,http://negativeyouth.net/powwoww/feed/,
/pre-halloween-en-el-under/,post,20131126094937,text/html,34773,4GOA6Q2FTAU2UG6AUO5R2JKIMBWIZDLH,200,5,2011;2012;2013;2014,http://negativeyouth.net/pre-halloween-en-el-under/,
/pre-halloween-en-el-under/feed/,feed,20140109202618,text/xml,840,S7UPRU54ZZKTLWDJOG2QMYE74KTCQFFD,200,1,2014,http://negativeyouth.net/pre-halloween-en-el-under/feed/,
/pretty-young-thug/,post,20131126105910,text/html,33763,HBIXC2XGEFN4EIYF6ZZ2KKZNRHTU4LAP,200,3,2013;2014,http://negativeyouth.net/pretty-young-thug/,
/pretty-young-thug/feed/,feed,20140110212925,text/xml,832,AGFXFYCKKWDP6Q7WBK2PQWFM5LKVVS7X,200,1,2014,http://negativeyouth.net/pretty-young-thug/feed/,
/prince-rama/,post,20131126091456,text/html,34176,B6Z5OPBH3NZBA6HAEXPARJ6LVRRTGSY3,200,4,2012;2013;2014,http://negativeyouth.net/prince-rama/,
/prince-rama/feed/,feed,20140109191832,text/xml,824,JL22CUFRHKRHT2MN7LXES4675LJ4CSE6,200,1,2014,http://negativeyouth.net/prince-rama/feed/,
/profligate/,post,20131126084417,text/html,34123,Y67X67K6FSNCFTP7SWU356Y3OUJOUQON,200,4,2013;2014;2015,http://negativeyouth.net/profligate/,
/profligate/feed/,feed,20140109184938,text/xml,819,5HITD255VYEU5XERQGGYHCI5MBS4M7EE,200,1,2014,http://negativeyouth.net/profligate/feed/,
/promisee/,post,20131126084119,text/html,33810,DTJA7OGISKHVIKAXDZSGJBMXWD2ESTA5,200,4,2012;2013;2014,http://negativeyouth.net/promisee/,
/promisee/feed/,feed,20140109194519,text/xml,818,Q4URRNAJKJUKO3KRNRR3FYC6YXNSHJ4N,200,1,2014,http://negativeyouth.net/promisee/feed/,
/punish-me-for-fun/,post,20131126083028,text/html,34469,U4JQUDGZH2WKRYVBCATRSCTJZYZSI766,200,4,2012;2013;2014,http://negativeyouth.net/punish-me-for-fun/,
/punish-me-for-fun/feed/,feed,20140109183913,text/xml,1190,NA43YDZZC6XYF2NVT2SA26EMPXC3CAHP,200,1,2014,http://negativeyouth.net/punish-me-for-fun/feed/,
/pure-one-imports/,post,20131126094846,text/html,36240,L6VOCQUTSRUAOW6Y6JIKBOXOHN4MF5WV,200,5,2013;2014,http://negativeyouth.net/pure-one-imports/,
/pure-one-imports/feed/,feed,20140109201033,text/xml,830,JG3ZOVWIU4Y6KEF4YOM7HCMOBIW5BAU4,200,1,2014,http://negativeyouth.net/pure-one-imports/feed/,
/pure-war/,post,20131126090216,text/html,33534,Q2B62F4SPNV6NHULRGFYS3UD6WDSORYR,200,2,2013;2014,http://negativeyouth.net/pure-war/,
/pure-war/feed/,feed,20140109193447,text/xml,814,C53XGCKA3HGD3A4X224JOGPVKQLEQQ7F,200,1,2014,http://negativeyouth.net/pure-war/feed/,
/puro-instinct-2/,post,20110804231354,text/html,16182,AITQBF34RUZSLA6IALSIP73H2SA5BSPK,200,6,2011,http://negativeyouth.net/puro-instinct-2/,
/puro-instinct-2/feed/,feed,20110517212105,text/xml,702,RNGRKIPLTMZKXCFVGPMQ62TCMAKL6XLK,200,1,2011,http://negativeyouth.net/puro-instinct-2/feed/,
/puro-instinct-feat-ariel-pink-stilyagi-2/,post,20110718224158,text/html,15360,XFGJR27PMZVIB2BZDH3SWCFIC2Q62N7E,200,2,2011,http://negativeyouth.net/puro-instinct-feat-ariel-pink-stilyagi-2/,
/puro-instinct-feat-ariel-pink-stilyagi/,post,20131126110804,text/html,34349,TP2OFAYZV4MSV22BHVVJZSOG4FNIHRHK,200,5,2011;2012;2013;2014,http://negativeyouth.net/puro-instinct-feat-ariel-pink-stilyagi/,
/puro-instinct-feat-ariel-pink-stilyagi/feed/,feed,20140111004950,text/xml,874,M6MK7IEWRCICSRQE3RT43MSY5LL6NBMG,200,1,2014,http://negativeyouth.net/puro-instinct-feat-ariel-pink-stilyagi/feed/,
/puro-instinct/,post,20131126090230,text/html,34787,MKRSRUF7PL7HIWCLRTRXSO4ZDAXXSKPE,200,6,2011;2012;2013;2014,http://negativeyouth.net/puro-instinct/,
/puro-instinct/feed/,feed,20140109193933,text/xml,822,DKAJAIFSF4WM5G2KKFRMS6C7Q2OG3BFT,200,1,2014,http://negativeyouth.net/puro-instinct/feed/,
/que-que/,post,20131126105902,text/html,33995,4VH2PDCPIULFG6S5EWUVY4K7OESFDMM4,200,7,2011;2012;2013;2014,http://negativeyouth.net/que-que/,
/que-que/feed/,feed,20140110212229,text/xml,812,M6JDSSMGJXK6OEEQG6CJMOE2RVOPBB7H,200,1,2014,http://negativeyouth.net/que-que/feed/,
/rachel-haircut/,post,20131126084848,text/html,34215,POI5XCLE7A7VT5TBEQOSTYTBLCC6FW72,200,5,2012;2013;2014,http://negativeyouth.net/rachel-haircut/,
/rachel-haircut/feed/,feed,20140109190741,text/xml,828,US3MWZFT64B4EBUSJHRDC2ZKBG7HSNQM,200,1,2014,http://negativeyouth.net/rachel-haircut/feed/,
/rain/,post,20131126082903,text/html,33574,TW3WDPGOGSWE4NXMX5WKXHCRBXCRZ4UV,200,3,2013;2014,http://negativeyouth.net/rain/,
/rain/feed/,feed,20140109190159,text/xml,808,YNO4KOBVCPMTEOD4ZI6C2UJ7JSDJEN6K,200,1,2014,http://negativeyouth.net/rain/feed/,
/rave4evar/,post,20131126082648,text/html,33712,3C4NZGTSJIH2MUDFETWTR6IYTGIZLV7B,200,3,2013;2014,http://negativeyouth.net/rave4evar/,
/rave4evar/feed/,feed,20140109184327,text/xml,820,56R2F5HSCM4NBKRAJAJF62ERPYNO5S5V,200,1,2014,http://negativeyouth.net/rave4evar/feed/,
/raymondstock/,post,20131126101045,text/html,34503,4LB7BKL4OIUIFEQDBZEOQMVQMOZFLWAJ,200,2,2013;2014,http://negativeyouth.net/raymondstock/,
/raymondstock/feed/,feed,20140109203049,text/xml,824,35OMTEEPA4EWOO2IS2MBS4SPUK46IFNU,200,1,2014,http://negativeyouth.net/raymondstock/feed/,
/real-is-a-feeling-unicorn-kid-ecstasy-dream-mix/,post,20131126110812,text/html,34238,MHI3CH2PMZBIXZT47SLI7RLFJ6WDA7CN,200,5,2011;2012;2013;2014,http://negativeyouth.net/real-is-a-feeling-unicorn-kid-ecstasy-dream-mix/,
/real-is-a-feeling-unicorn-kid-ecstasy-dream-mix/feed/,feed,20140110214027,text/xml,883,YJ5WK2G2RVYT5VCW6R5OQNKWIMHNS7YI,200,1,2014,http://negativeyouth.net/real-is-a-feeling-unicorn-kid-ecstasy-dream-mix/feed/,
/real-is-a-feeling/,post,20131126091510,text/html,33381,7U7D2FD7CTM5PPR3TCEXY4ASTNU2SN2L,200,7,2011;2012;2013;2014,http://negativeyouth.net/real-is-a-feeling/,
/real-is-a-feeling/feed/,feed,20140109191756,text/xml,831,WQMMB3BI6ZRMEYJLLB7HLO7VIS5256A3,200,1,2014,http://negativeyouth.net/real-is-a-feeling/feed/,
/recordando-a-carl-crack/,post,20131126085900,text/html,33523,Y3E2TJPOVOUQEFBBTL26QEJR4UU6HSU7,200,4,2012;2013;2014,http://negativeyouth.net/recordando-a-carl-crack/,
/recordando-a-carl-crack/feed/,feed,20140109193750,text/xml,839,HSGZQA3K5CACWDSXYT5ETF7AHKVJKB6S,200,1,2014,http://negativeyouth.net/recordando-a-carl-crack/feed/,
/red-lips-elite-gymnastics-remix/,post,20131126100917,text/html,33717,SX3XIBTPKO7IBLHRL5JMRMUQGC2RGFSD,200,6,2012;2013;2014,http://negativeyouth.net/red-lips-elite-gymnastics-remix/,
/red-lips-elite-gymnastics-remix/feed/,feed,20140109204514,text/xml,860,7DSN5MF5V6X3PJO7L5FQEJ4ZFDQYOUFM,200,1,2014,http://negativeyouth.net/red-lips-elite-gymnastics-remix/feed/,
/red-velvet/,post,20131126113421,text/html,33349,JPLTAYZWZNZLJ54ACOGV2ODIF62HTLZ6,200,4,2012;2013;2014,http://negativeyouth.net/red-velvet/,
/red-velvet/feed/,feed,20140110214831,text/xml,820,BBBJLGAUTLVYZEEP2BUFLN354VZSQNH2,200,1,2014,http://negativeyouth.net/red-velvet/feed/,
/resena-blissed-out-i-ep/,post,20131126085931,text/html,34557,6TSCUM4JHOWSFLSEP6BD4JYUYCAKO73P,200,4,2012;2013;2014,http://negativeyouth.net/resena-blissed-out-i-ep/,
/resena-blissed-out-i-ep/feed/,feed,20140109192019,text/xml,854,NZLKUC7MJDHZPD4KJ7AZ3S22EAM77WRH,200,1,2014,http://negativeyouth.net/resena-blissed-out-i-ep/feed/,
/resena-health-y-%E2%80%A0%E2%80%A1%E2%80%A0-teatro-fru-fru-2/,post,20110718223031,text/html,15926,LL5G4N4OTLT26SVGHCRLES2SNPL5MTMG,200,2,2011,http://negativeyouth.net/resena-health-y-%E2%80%A0%E2%80%A1%E2%80%A0-teatro-fru-fru-2/,
/resena-health-y-%E2%80%A0%E2%80%A1%E2%80%A0-teatro-fru-fru/,post,20131126101319,text/html,34902,NSLRXFDLM3ECOMGTYPMUMVEAQTNIMLS7,200,5,2011;2012;2013;2014,http://negativeyouth.net/resena-health-y-%E2%80%A0%E2%80%A1%E2%80%A0-teatro-fru-fru/,http://negativeyouth.net/resena-health-y-%e2%80%a0%e2%80%a1%e2%80%a0-teatro-fru-fru/
/resena-health-y-%E2%80%A0%E2%80%A1%E2%80%A0-teatro-fru-fru/feed/,feed,20140109203852,text/xml,892,A6NEUGD7WUNMHMSGVHWU56VKYAURZYWN,200,1,2014,http://negativeyouth.net/resena-health-y-%e2%80%a0%e2%80%a1%e2%80%a0-teatro-fru-fru/feed/,
/resena-neon-indian-era-extrana/,post,20131126091449,text/html,36059,FEOB36YKCF6R6R6S7DWIAT3QZQ65SSL3,200,5,2011;2012;2013;2014,http://negativeyouth.net/resena-neon-indian-era-extrana/,
/resena-neon-indian-era-extrana/feed/,feed,20140109191739,text/xml,866,EPLAILX4S7V7J6HJZQ3RI3ND4JZQOR6I,200,1,2014,http://negativeyouth.net/resena-neon-indian-era-extrana/feed/,
/resena-sleep-%E2%88%9E-over-forever/,post,20131126102925,text/html,35100,QJKYAZJSROW362QDKLST5D4FPU3BETFO,200,5,2011;2012;2013;2014,http://negativeyouth.net/resena-sleep-%E2%88%9E-over-forever/,http://negativeyouth.net/resena-sleep-%e2%88%9e-over-forever/
/resena-sleep-%E2%88%9E-over-forever/feed/,feed,20140110212609,text/xml,878,IY5RNDRADKHDMST4IKIKIVTSZKODNUSA,200,1,2014,http://negativeyouth.net/resena-sleep-%e2%88%9e-over-forever/feed/,
/resena-teeth-whatever/,post,20131126114515,text/html,34878,UDNDOFDP6HWFK2NOWTG6LVZWIVGPJFGJ,200,4,2011;2013;2014,http://negativeyouth.net/resena-teeth-whatever/,
/resena-teeth-whatever/feed/,feed,20140110215910,text/xml,853,K26EJMOQYHR3Z7DTIQLNGVNGJ4W7RAIZ,200,1,2014,http://negativeyouth.net/resena-teeth-whatever/feed/,
/resena-unison-unison/,post,20131126122053,text/html,35617,HVIUJXWTAHC5R3RJFBQEFLDZ3JRUVAN4,200,7,2011;2012;2013;2014,http://negativeyouth.net/resena-unison-unison/,
/resena-unison-unison/feed/,feed,20140110220211,text/xml,1121,ZQ6YFA3UE472G4Y37WFHYPK4AVWYP3X2,200,1,2014,http://negativeyouth.net/resena-unison-unison/feed/,
/revengeance-mixtape/,post,20131126102551,text/html,33571,3CYFNETVWX22RRCIAC75L7K7HBYUT7YM,200,2,2013;2014,http://negativeyouth.net/revengeance-mixtape/,
/revolver/,post,20131126110729,text/html,34858,75RR6GPOMUQFICQE2O74YARUCWOHKTZ5,200,5,2011;2012;2013;2014,http://negativeyouth.net/revolver/,
/revolver/feed/,feed,20140110213128,text/xml,821,AH7WCTA66CJCSAEX3GNOZOHQHROCN2JN,200,1,2014,http://negativeyouth.net/revolver/feed/,
/rhinoceropolis-anthem/,post,20131126112412,text/html,33585,FS43OG4EKI7NEEY2XSCFPOX6A2PEO3VG,200,7,2011;2012;2013;2014,http://negativeyouth.net/rhinoceropolis-anthem/,
/rhinoceropolis-anthem/feed/,feed,20140110213604,text/xml,842,CGQCBDB4GMU4JBEC6SKLUINRVRIJUCAE,200,1,2014,http://negativeyouth.net/rhinoceropolis-anthem/feed/,
/rikslyd-entrevista-mp3-2/,post,20131126091658,text/html,36904,IY6FAKKA6E5A5HK2DKHN4WQCQERWM44S,200,8,2011;2012;2013;2014,http://negativeyouth.net/rikslyd-entrevista-mp3-2/,
/rikslyd-entrevista-mp3-2/feed/,feed,20140109191934,text/xml,1162,JFVMMFBRO3V2A55X5SO3TCFQWINUZKLQ,200,1,2014,http://negativeyouth.net/rikslyd-entrevista-mp3-2/feed/,
/rikslyd-feat-house-of-drama-obsexed/,post,20131126120157,text/html,34390,P566WO2VPJK6KL6ZLXYFFCFFGBYCZHDO,200,6,2011;2012;2013;2014,http://negativeyouth.net/rikslyd-feat-house-of-drama-obsexed/,
/rikslyd-feat-house-of-drama-obsexed/feed/,feed,20140110220114,text/xml,873,7RJN2GYD5MNXVIAFIHYNNP62FRWFMDYS,200,1,2014,http://negativeyouth.net/rikslyd-feat-house-of-drama-obsexed/feed/,
/rikslyd-techno-club/,post,20131126100806,text/html,33764,5GUVM5EZW2PZNQDIOF47HJ7HTPXYKEVL,200,6,2012;2013;2014,http://negativeyouth.net/rikslyd-techno-club/,
/rikslyd-techno-club/feed/,feed,20140109201946,text/xml,849,H6VSRUPAIZBDK5AD56RYXTBJUKSOBNDY,200,1,2014,http://negativeyouth.net/rikslyd-techno-club/feed/,
/rikslyd-the-heart-2/,post,20110718231118,text/html,14719,46EXO4AORQYTNDXCBII6STH5IX5UFA4C,200,2,2011,http://negativeyouth.net/rikslyd-the-heart-2/,
/rikslyd-the-heart/,post,20131126112425,text/html,33688,SKLFPDIZX24LPX4NSFN3P4ZCQLNFFOFX,200,5,2011;2012;2013;2014,http://negativeyouth.net/rikslyd-the-heart/,
/rikslyd-the-heart/feed/,feed,20140110213000,text/xml,841,3SWL57MPPAIKVVT55H6CNGB44UJCS2E6,200,1,2014,http://negativeyouth.net/rikslyd-the-heart/feed/,
/rimar/,post,20131209124755,text/html,34254,OUTYZI5BMBJFHIFZRTNYHU3BSRJZLGLR,200,5,2012;2013;2014,http://negativeyouth.net/rimar/,
/rimar/feed/,feed,20140109191913,text/xml,811,H3JQJARZW5SUCP4CM4FRWY4CTTO2EX4P,200,1,2014,http://negativeyouth.net/rimar/feed/,
/ringo-deathstarr/,post,20131126113413,text/html,34176,GTKTPTVWBXS2YGNFHXVDESOK2YJC7624,200,8,2011;2012;2013;2014,http://negativeyouth.net/ringo-deathstarr/,
/ringo-deathstarr/feed/,feed,20140110215029,text/xml,829,RF3VWV5IEORZACTUGEHUZGI5MPW7MALP,200,1,2014,http://negativeyouth.net/ringo-deathstarr/feed/,
/rip-trish-keenan-2/,post,20110718224201,text/html,14465,IF3U54XRUZBHV74Y5V77DG73KBHMQF4K,200,2,2011,http://negativeyouth.net/rip-trish-keenan-2/,
/rip-trish-keenan/,post,20131126105959,text/html,33459,7LDWJRMJEISJ3UDH63PEHGVVYQTYTUZ5,200,5,2011;2012;2013;2014,http://negativeyouth.net/rip-trish-keenan/,
/rip-trish-keenan/feed/,feed,20140110213157,text/xml,829,6OHT633LSW55BWB6VKF4C3VLBTBJZ2Y7,200,1,2014,http://negativeyouth.net/rip-trish-keenan/feed/,
/ritalin-24-7/,post,20131126091837,text/html,34345,PBESUDDLRQPPLITR64Q5GQIJOK5HWVIM,200,3,2013;2014,http://negativeyouth.net/ritalin-24-7/,
/ritalin-24-7/feed/,feed,20140109194727,text/xml,824,LWXLL7QOOLPCEEOOCPTACW42E3TXSIAI,200,1,2014,http://negativeyouth.net/ritalin-24-7/feed/,
/ritualz-2/,post,20131126102223,text/html,33994,RY2D3L55CQWNVLGMAOUDBVKB2CJAHFR5,200,8,2011;2012;2013;2014,http://negativeyouth.net/ritualz-2/,
/ritualz-2/feed/,feed,20140110195246,text/xml,817,3M6PQ2GWYS3JT4XCXPHTWNXXMIDKO3Q5,200,1,2014,http://negativeyouth.net/ritualz-2/feed/,
/ritualz-alien/,post,20131126084251,text/html,34163,6J6GX24Z4M4QB5UO3XZJGSZHU3HS6TP3,200,4,2012;2013;2014,http://negativeyouth.net/ritualz-alien/,
/ritualz-alien/feed/,feed,20140109191019,text/xml,996,DQYF3YH2VQSGPYE4YZCNXMBP6B5VCC7A,200,1,2014,http://negativeyouth.net/ritualz-alien/feed/,
/ritualz-ana-caprix-finally-boys-remix/,post,20131126084601,text/html,33765,TQHSZ7BUBYED2RYLXJM7Q2H7GJ7RDIQC,200,4,2012;2013;2014,http://negativeyouth.net/ritualz-ana-caprix-finally-boys-remix/,
/ritualz-ana-caprix-finally-boys-remix/feed/,feed,20140109193830,text/xml,878,BDBO5I7RMKOU6HKIZNSD7QUUBRNE3UXC,200,1,2014,http://negativeyouth.net/ritualz-ana-caprix-finally-boys-remix/feed/,
/ritualz-autumn-mix-4-future-perfect/,post,20131126084801,text/html,34069,6GSI4EWTLSKNI73FTISJVJB4BJQBKJMZ,200,4,2012;2013;2014,http://negativeyouth.net/ritualz-autumn-mix-4-future-perfect/,
/ritualz-autumn-mix-4-future-perfect/feed/,feed,20140109191824,text/xml,863,T6AV4PMS4I6SKXKKKZT7ZT7N3H52STJ4,200,1,2014,http://negativeyouth.net/ritualz-autumn-mix-4-future-perfect/feed/,
/ritualz-ghetto-ass-witch-2/,post,20110718225410,text/html,14851,H64IR224O747JTHX266HQ2GWZKNBMKGF,200,2,2011,http://negativeyouth.net/ritualz-ghetto-ass-witch-2/,
/ritualz-ghetto-ass-witch/,post,20131126090404,text/html,33952,N74YAJQZQMKSTVMDC4AATBJYU2FS3J6I,200,6,2011;2012;2013;2014,http://negativeyouth.net/ritualz-ghetto-ass-witch/,
/ritualz-ghetto-ass-witch/feed/,feed,20140109193654,text/xml,853,TAAXCWD4TVQB5EY2PECCPXDX5QLQQZCJ,200,1,2014,http://negativeyouth.net/ritualz-ghetto-ass-witch/feed/,
/ritualz-mix-4-logo/,post,20131126091900,text/html,33944,3OG6KKMVDKFV2TJIJWEPYU2EJKFLKLID,200,2,2013;2014,http://negativeyouth.net/ritualz-mix-4-logo/,
/ritualz-mix-4-logo/feed/,feed,20140109191909,text/xml,832,VI3R4DL4K7Z6MOURMBL4MY4UYUVF5JIS,200,1,2014,http://negativeyouth.net/ritualz-mix-4-logo/feed/,
/ritualz-negative-youth-summer-mix/,post,20131005002253,text/html,34939,HN4N5IOL7CGBYJYS34SERGOGBD24RQUX,200,10,2011;2012;2013;2014;2015,http://negativeyouth.net/ritualz-negative-youth-summer-mix/,
/ritualz-negative-youth-summer-mix/feed/,feed,20140110213557,text/xml,1734,W3JCGUSCNXV6CNSX7QAQ5D6PYVCGK6BT,200,1,2014,http://negativeyouth.net/ritualz-negative-youth-summer-mix/feed/,
/ritualz-outworld-music-i/,post,20131126093633,text/html,34079,SZ6AKR6XZ2DU7AJS463D4BWSHVY6JD73,200,4,2012;2013;2014,http://negativeyouth.net/ritualz-outworld-music-i/,
/ritualz-outworld-music-i/feed/,feed,20140109200200,text/xml,851,SC5FJILJI4YT7RVTML63P7GTW5RXUUSR,200,1,2014,http://negativeyouth.net/ritualz-outworld-music-i/feed/,
/ritualz-petit-pistolette-2/,post,20110718224208,text/html,14843,WH6WC5Y5DWHNMOTLDJYCNPLU476XFREZ,200,2,2011,http://negativeyouth.net/ritualz-petit-pistolette-2/,
/ritualz-petit-pistolette/,post,20131126120137,text/html,33810,66EW4DMXI2ZXETW6KJQ2V6E6AWYGJHGX,200,5,2011;2012;2013;2014,http://negativeyouth.net/ritualz-petit-pistolette/,
/ritualz-petit-pistolette/feed/,feed,20140110214531,text/xml,847,ISYCVXU43JORJAIFHRBKWDTQXHB7ICA7,200,1,2014,http://negativeyouth.net/ritualz-petit-pistolette/feed/,
/ritualz-remixed/,post,20131126102400,text/html,34310,WWAVDQMMDP247XTTTVKIO5ULP3AE344E,200,8,2011;2012;2013;2014,http://negativeyouth.net/ritualz-remixed/,
/ritualz-remixed/feed/,feed,20140110201516,text/xml,1113,7SNKWC6ZJD7W4NA3KTZXHOXOBRWNSBFK,200,1,2014,http://negativeyouth.net/ritualz-remixed/feed/,
/ritualz-rhythmic-release/,post,20131126095642,text/html,33830,4D4CHY7SKCVOT45E6YUSXIQ3DW7D7XJE,200,4,2012;2013;2014,http://negativeyouth.net/ritualz-rhythmic-release/,
/ritualz-rhythmic-release/feed/,feed,20140109204108,text/xml,856,HN64YMNHNZ2SVRKFVOXOABVDXYHUK3XQ,200,1,2014,http://negativeyouth.net/ritualz-rhythmic-release/feed/,
/ritualz-spring/,post,20131126082928,text/html,34255,RRGZURTE6BPW5ZCQPTU2HXQDT3EIUZGU,200,4,2012;2013;2014,http://negativeyouth.net/ritualz-spring/,
/ritualz-spring/feed/,feed,20140109183937,text/xml,1066,AORMBCGB4BMWS25BYCORWNEPYTPIR6DL,200,1,2014,http://negativeyouth.net/ritualz-spring/feed/,
/ritualz-the-end-of-summer-2k12-mix/,post,20131126090641,text/html,33876,XF6V6LY3ALV3X76GBEN23GBISZ24H5LW,200,4,2012;2013;2014,http://negativeyouth.net/ritualz-the-end-of-summer-2k12-mix/,
/ritualz-the-end-of-summer-2k12-mix/feed/,feed,20140109192632,text/xml,874,I2K2DLSYO4EIHKBWYQ45PT3BLQDGKY2U,200,1,2014,http://negativeyouth.net/ritualz-the-end-of-summer-2k12-mix/feed/,
/ritualz-winter-2k12-mix/,post,20131126103613,text/html,34549,KPM4BK47CAGWIKAIOD2NJOM3V2RYRW6F,200,4,2012;2013;2014,http://negativeyouth.net/ritualz-winter-2k12-mix/,
/ritualz-winter-2k12-mix/feed/,feed,20140110212428,text/xml,1104,XNDUEKPRO2OV2GPDHUL6U4KZDRYOFHYM,200,1,2014,http://negativeyouth.net/ritualz-winter-2k12-mix/feed/,
/rl-grime-trap-on-acid/,post,20131126090615,text/html,33836,4L2I6WGK2TBARACFGTPUAAIB5DSYU7HB,200,4,2012;2013;2014,http://negativeyouth.net/rl-grime-trap-on-acid/,
/rl-grime-trap-on-acid/feed/,feed,20140109191850,text/xml,848,KBIFN4YQIQ6WA5W3SQ7KJJR45JW65AWX,200,1,2014,http://negativeyouth.net/rl-grime-trap-on-acid/feed/,
/rl-grime/,post,20131126082839,text/html,34085,FH264KHWCVLNWIA6CEYQO4FNPD54O4JU,200,4,2012;2013;2014,http://negativeyouth.net/rl-grime/,
/rl-grime/feed/,feed,20140109184302,text/xml,1128,LJNSTSKSOTP5YFQTS4JVEMHMBZTMV6VH,200,1,2014,http://negativeyouth.net/rl-grime/feed/,
/roberto-sanchez/,post,20131126094757,text/html,34821,43GSDYNIZMG45JG6F6O5NN462RFB6S26,200,6,2011;2012;2013;2014,http://negativeyouth.net/roberto-sanchez/,
/roberto-sanchez/feed/,feed,20140109195723,text/xml,1070,MS33WMZJATI2XNTLUANL5IDZUEG5QQP4,200,1,2014,http://negativeyouth.net/roberto-sanchez/feed/,
/robots.txt,exclude,20170120194638,text/plain,569,EU3CP6WDJEGMWQXTBODU75HXRBT66EAZ,200,347,2011;2012;2013;2014;2015;2016;2017;2018;2019;2021;2022;2025,http://negativeyouth.net/robots.txt,https://negativeyouth.net/robots.txt
/robyn-indestructible-2/,post,20110718225415,text/html,14731,ZCVFKQNLBWXMJLW7JIGKBUIYNFFMWVMH,200,2,2011,http://negativeyouth.net/robyn-indestructible-2/,
/robyn-indestructible/,post,20131126120119,text/html,33754,SLQLCO7FUSQD5K7AH7GFWV7ARWFVQCXK,200,5,2011;2012;2013;2014,http://negativeyouth.net/robyn-indestructible/,
/robyn-indestructible/feed/,feed,20140110214130,text/xml,846,2PHQXQCX23IERMCPW64WHYSLEIIYCEQI,200,1,2014,http://negativeyouth.net/robyn-indestructible/feed/,
/romantic-streams-naka-nakas-rio-de-lava-mix/,post,20131126110202,text/html,34163,GFGXK5JL22PQKNXUX5VIJ7ASOXOE4IVP,200,5,2011;2012;2013;2014,http://negativeyouth.net/romantic-streams-naka-nakas-rio-de-lava-mix/,
/romantic-streams-naka-nakas-rio-de-lava-mix/feed/,feed,20140110212534,text/xml,890,AJOBFED32S4HHAOS72BLXDTEX6RGJGC5,200,1,2014,http://negativeyouth.net/romantic-streams-naka-nakas-rio-de-lava-mix/feed/,
/rooftop-i-want-to-be-alone/,post,20131126082747,text/html,33795,2ZSVLB6BOC7K5KNTIITGAKVZYJQLQ35D,200,3,2013;2014,http://negativeyouth.net/rooftop-i-want-to-be-alone/,
/rooftop-i-want-to-be-alone/feed/,feed,20140109182856,text/xml,847,SUWMDYPXCXOJLK2VACAMLQIERO5VTXIS,200,1,2014,http://negativeyouth.net/rooftop-i-want-to-be-alone/feed/,
/rumbo-al-2012/,post,20131126105216,text/html,33855,K3XSWCI74E42SCT2B7KHLXSMFZSLIXGX,200,5,2011;2012;2013;2014,http://negativeyouth.net/rumbo-al-2012/,
/rumbo-al-2012/feed/,feed,20140110212500,text/xml,1008,ODBUAEH7FDSMUNDGDCQVO7BOWL6DTJOY,200,1,2014,http://negativeyouth.net/rumbo-al-2012/feed/,
/s-u-r-v-i-v-e-lp/,post,20131126091754,text/html,34347,E36FW6GC5A2XTYFWFWNXGWN6KI5O6RNK,200,4,2012;2013;2014,http://negativeyouth.net/s-u-r-v-i-v-e-lp/,
/s-u-r-v-i-v-e-lp/feed/,feed,20140109194627,text/xml,1063,7RP6OAJBUKL4AY4PEFWX3IBO3XLEO7VZ,200,1,2014,http://negativeyouth.net/s-u-r-v-i-v-e-lp/feed/,
/s-u-r-v-i-v-e-tllt21/,post,20131126084724,text/html,33950,UN3N2JYA3Y7UZMUB6QEITW66DGWRWJEL,200,4,2012;2013;2014,http://negativeyouth.net/s-u-r-v-i-v-e-tllt21/,
/s-u-r-v-i-v-e-tllt21/feed/,feed,20140109192512,text/xml,1016,ITZI7ORXJOP45VMMTYSV26IVCQET5LAM,200,1,2014,http://negativeyouth.net/s-u-r-v-i-v-e-tllt21/feed/,
/s-u-r-v-i-v-e/,post,20131126091748,text/html,34103,QW4WH4LFBIV37YFRIXTZRUKWGECMIGDI,200,4,2012;2013;2014,http://negativeyouth.net/s-u-r-v-i-v-e/,
/s-u-r-v-i-v-e/feed/,feed,20140109192046,text/xml,822,JZY4QVGGNM3ITLFVE2CRZQCO4RQDOWAW,200,1,2014,http://negativeyouth.net/s-u-r-v-i-v-e/feed/,
/sa-sa-moa-elite-gymnastics-remix/,post,20131126112439,text/html,33693,AYKLJXMRZMPXNHFI7LOFLAF766EELFOB,200,5,2012;2013;2014,http://negativeyouth.net/sa-sa-moa-elite-gymnastics-remix/,
/sa-sa-moa-elite-gymnastics-remix/feed/,feed,20140110213812,text/xml,861,NJQSZYGOKY4HEAF6TADANBGKRC7S3DVV,200,1,2014,http://negativeyouth.net/sa-sa-moa-elite-gymnastics-remix/feed/,
/sad-eyes/,post,20131126083002,text/html,35065,OYFXZ47DPR7DW2DDJ3USCLR5YOJXBCGX,200,3,2013;2014,http://negativeyouth.net/sad-eyes/,
/sad-eyes/feed/,feed,20140109185942,text/xml,815,N4MFQNPMUMHLTON6F27WQSQXY2JGUL52,200,1,2014,http://negativeyouth.net/sad-eyes/feed/,
/safe-in-the-cells/,post,20131126094900,text/html,33813,E26E7NGHFY4MVZEYXU2HB6VXSQ6QCBNY,200,3,2013;2014,http://negativeyouth.net/safe-in-the-cells/,
/safe-in-the-cells/feed/,feed,20140109200900,text/xml,831,JAK4I26LT7M74QTIFDBW2N6OABPQPXTQ,200,1,2014,http://negativeyouth.net/safe-in-the-cells/feed/,
/salem-asia-jokers-of-the-scene-remix-2/,post,20131126112921,text/html,34010,TKGWIPPVPF6FERMFGKM3ICV6XK5J6VDQ,200,8,2011;2012;2013;2014,http://negativeyouth.net/salem-asia-jokers-of-the-scene-remix-2/,
/salem-asia-jokers-of-the-scene-remix-2/feed/,feed,20140110214724,text/xml,878,E57GBL47NQUMLRXKFB7P5N6WE75VZA65,200,1,2014,http://negativeyouth.net/salem-asia-jokers-of-the-scene-remix-2/feed/,
/salem-finna-2/,post,20131126111029,text/html,33594,3E73OPDQY4Y4SNKIDHLUYYOKA2PGF4BT,200,8,2011;2012;2013;2014,http://negativeyouth.net/salem-finna-2/,
/salem-finna-2/feed/,feed,20140110213756,text/xml,832,WGYFV3OOEYX6IUDKBDGZSSLLRSD3BYRV,200,1,2014,http://negativeyouth.net/salem-finna-2/feed/,
/salem-im-still-in-the-night/,post,20131126112747,text/html,33904,DCQ6DFDOVX3QD7RYMWV25RU2OM5RPMPF,200,5,2012;2013;2014,http://negativeyouth.net/salem-im-still-in-the-night/,
/salem-im-still-in-the-night/feed/,feed,20140110212815,text/xml,865,76NDLHJ6HHKAV72EZMIFXQJHRFKS3OWV,200,1,2014,http://negativeyouth.net/salem-im-still-in-the-night/feed/,
/salem-remixea-a-blonde-redhead/,post,20131126100634,text/html,33916,FNVZC5Q2B666UUDCYPJURAGEO46MRDAM,200,7,2011;2012;2013;2014,http://negativeyouth.net/salem-remixea-a-blonde-redhead/,
/salem-remixea-a-blonde-redhead/feed/,feed,20140109201833,text/xml,853,RUC4C3BMFOIYILPFEWKQJTBDXKGKOCBP,200,1,2014,http://negativeyouth.net/salem-remixea-a-blonde-redhead/feed/,
/salem-y-ooooo-remixean-a-him-2/,post,20131126111100,text/html,34041,AP33ZXBZPPOEL7ENDT2XHCP5R3ECDCBX,200,8,2011;2012;2013;2014,http://negativeyouth.net/salem-y-ooooo-remixean-a-him-2/,
/salem-y-ooooo-remixean-a-him-2/feed/,feed,20140110212429,text/xml,857,QCO5TCSMLQFY3WDWTXG75CMROW7NU5W4,200,1,2014,http://negativeyouth.net/salem-y-ooooo-remixean-a-him-2/feed/,
/schonwald-mercurial/,post,20131126104525,text/html,34037,VJQ6DKSHWYBCWFGORR67F345TWQC4DAX,200,5,2011;2012;2013;2014,http://negativeyouth.net/schonwald-mercurial/,
/schonwald-mercurial/feed/,feed,20140110212729,text/xml,846,5OFUPOQUPOUVU5OOV6OBLRMDO6XQL2T6,200,1,2014,http://negativeyouth.net/schonwald-mercurial/feed/,
/schonwald-moon/,post,20131126082604,text/html,33659,SWOVV7OVELAAINLXU6TNYMO2PH6ASAZQ,200,4,2012;2013;2014,http://negativeyouth.net/schonwald-moon/,
/schonwald-moon/feed/,feed,20140109185302,text/xml,837,T3UDE7K53AJEMJMFLELCMZMHWEHZEMZ6,200,1,2014,http://negativeyouth.net/schonwald-moon/feed/,
/screen-vinyl-image-2/,post,20110718223640,text/html,15060,K2LPOW4P3ES3Z6IU6J7OMOMFUOUUQB7H,200,4,2011;2014,http://negativeyouth.net/screen-vinyl-image-2/,
/screen-vinyl-image/,post,20131126122127,text/html,34406,ORL7GRIFH72AW6BVEHMAMUVWPVZNFXUF,200,7,2011;2012;2013;2014,http://negativeyouth.net/screen-vinyl-image/,
/screen-vinyl-image/feed/,feed,20140903194410,text/xml,1136,RA6EXLJHSVV3VNDDUUDSRSLDGXR3OQTE,200,2,2014,http://negativeyouth.net/screen-vinyl-image/feed/,
/secret-city/,post,20131126082556,text/html,33525,7X4WWYZSPEB5PWZ55ZLYK2LNYNMKQKD5,200,3,2013;2014,http://negativeyouth.net/secret-city/,
/secret-city/feed/,feed,20140109190208,text/xml,819,CMLP5CQE5234IMZYZ5OFX5EP35OTGDBY,200,1,2014,http://negativeyouth.net/secret-city/feed/,
/see-forever/,post,20131126105904,text/html,33852,MUI4FNGKKNJJYRR7PEO456MOPQ3YHOSI,200,5,2012;2013;2014,http://negativeyouth.net/see-forever/,
/see-forever/feed/,feed,20140110213732,text/xml,821,GDCWFUQPVHJ2CBIOH3NNZISO3HYTTAK7,200,1,2014,http://negativeyouth.net/see-forever/feed/,
/self-defense/,post,20131126094549,text/html,33556,FPIMG5ESVCHNQXJMUOTNGSGTEWWROJMN,200,4,2012;2013;2014,http://negativeyouth.net/self-defense/,
/self-defense/feed/,feed,20140109202707,text/xml,822,ZZWFRHUSWB62BXJFC23JCUXJ7ZK6WMNX,200,1,2014,http://negativeyouth.net/self-defense/feed/,
/selma-oxor-dotes-de-cocina-entrevista/,post,20131126113509,text/html,38636,J6FVEFEW34FHF4K3RYQJQQSVUTDSKDSB,200,13,2012;2013;2014;2015,http://negativeyouth.net/selma-oxor-dotes-de-cocina-entrevista/,
/selma-oxor-dotes-de-cocina-entrevista/feed/,feed,20140110220916,text/xml,1864,M3PXBY2EVC2WZ4AGL3ARAVUO7N2Z65G7,200,3,2013;2014,http://negativeyouth.net/selma-oxor-dotes-de-cocina-entrevista/feed/,
/selma-oxor-lo-que-quiero-video/,post,20131126082658,text/html,34210,C3FESD2AXZ3Z2WM6TQNJ2GVNOAY6T537,200,5,2012;2013;2014,http://negativeyouth.net/selma-oxor-lo-que-quiero-video/,
/selma-oxor-lo-que-quiero-video/feed/,feed,20140109190947,text/xml,1046,OAQ2XKKV2QGW62DIESXXANKWTSDGX2YE,200,1,2014,http://negativeyouth.net/selma-oxor-lo-que-quiero-video/feed/,
/selma-oxor-quiero-salir/,post,20131126090104,text/html,33956,NKAQWAVYXU77O6WD5NXAKTUCH3O4E4DY,200,4,2012;2013;2014,http://negativeyouth.net/selma-oxor-quiero-salir/,
/selma-oxor-quiero-salir/feed/,feed,20140109192446,text/xml,851,KHRK2QI7VUYHOA5SHKH52OB4RAMYZ4W6,200,1,2014,http://negativeyouth.net/selma-oxor-quiero-salir/feed/,
/selma-oxor-siempre-en-mi-mente/,post,20131126102316,text/html,34499,OO7PJUZTCR2DW7MWLT2FMRGS246BWMJW,200,6,2011;2012;2013;2014,http://negativeyouth.net/selma-oxor-siempre-en-mi-mente/,
/selma-oxor-siempre-en-mi-mente/feed/,feed,20140110210933,text/xml,861,WCHQ2MWAONVN42IQUAAPLYIK4LP72YUK,200,1,2014,http://negativeyouth.net/selma-oxor-siempre-en-mi-mente/feed/,
/serpent-remixes-2/,post,20110718230817,text/html,14848,Y2AW6T4AKWHPDKXZT6IMLTWFRERRLREA,200,2,2011,http://negativeyouth.net/serpent-remixes-2/,
/serpent-remixes/,post,20131126110320,text/html,33818,I7REITAHXZUBL3ABIYZJYNBVZQKAI4JZ,200,5,2011;2012;2013;2014,http://negativeyouth.net/serpent-remixes/,
/serpent-remixes/feed/,feed,20140110213100,text/xml,823,D665IYSRZ6IKIQDISNXKPQZ7XKQDIBH4,200,1,2014,http://negativeyouth.net/serpent-remixes/feed/,
/sewer-greats-volume-5/,post,20131126104346,text/html,34149,PUEJS6QLWVOBBBUMPCVHZRDQ3AF5QJK7,200,4,2012;2013;2014,http://negativeyouth.net/sewer-greats-volume-5/,
/sewer-greats-volume-5/feed/,feed,20140110212959,text/xml,841,OLOEEBQEJ52BCKDUNXDTT4SEIZQEWXG2,200,1,2014,http://negativeyouth.net/sewer-greats-volume-5/feed/,
/sexy-sweaters/,post,20131126110814,text/html,34693,UWJBRIYXAFLSIG6NYGWXVZINZFZCQEPL,200,5,2012;2013;2014,http://negativeyouth.net/sexy-sweaters/,
/sexy-sweaters/feed/,feed,20140110212706,text/xml,1320,5H5J442RTY5ILHP3GDFFEAONMC2RVD6M,200,1,2014,http://negativeyouth.net/sexy-sweaters/feed/,
/shades-lullaby/,post,20131126094640,text/html,33781,XETONV72CRRC75R2Y6MX6DCSYEPC6SD5,200,5,2012;2013;2014,http://negativeyouth.net/shades-lullaby/,
/shades-lullaby/feed/,feed,20140109201905,text/xml,836,EHLXAVTIPVQHMI2UOPTLIH6DYNWITZOZ,200,1,2014,http://negativeyouth.net/shades-lullaby/feed/,
/shades/,post,20131126110301,text/html,35421,HJR33EXGKIXRMG6COUXR5TQULBK36WMP,200,5,2011;2012;2013;2014,http://negativeyouth.net/shades/,
/shades/feed/,feed,20140110213642,text/xml,1160,3ISXTJ4TUPEK6NYD4L6YHMIB5PVEUSGA,200,1,2014,http://negativeyouth.net/shades/feed/,
/shades_web/fonts/vijaya-webfont.eot,font,20130113201900,application/vnd.ms-fontobject,28563,DA4DBZ2O6P6OGLPOHFBMSRSCVIGYAGRQ,200,2,2013,http://negativeyouth.net/shades_web/fonts/vijaya-webfont.eot,
/shades_web/fonts/vijaya-webfont.ttf,font,20130113201855,text/plain,32101,OS6QGA7DQSH6VLJPLO34CH3LAEBX6ZPE,200,2,2013,http://negativeyouth.net/shades_web/fonts/vijaya-webfont.ttf,
/shades_web/fonts/vijaya-webfont.woff,font,20130113201850,text/plain,32317,SI55NQEP55V6NDKYRC3PAXCDE2BLEO7V,200,2,2013,http://negativeyouth.net/shades_web/fonts/vijaya-webfont.woff,
/shady-blaze-feat-blissed-out-i-dont-care/,post,20131126105957,text/html,33858,EH32CA77LPAIDMJ5B477QYVJUQXDVKYE,200,4,2012;2013;2014,http://negativeyouth.net/shady-blaze-feat-blissed-out-i-dont-care/,
/shady-blaze-feat-blissed-out-i-dont-care/feed/,feed,20140111004925,text/xml,884,AASQ2CS6TZSO4MM3OAPKFYIINKVR77Y7,200,1,2014,http://negativeyouth.net/shady-blaze-feat-blissed-out-i-dont-care/feed/,
/shams-absolutely-dreams/,post,20131126102959,text/html,33560,5ZH5INTFOF2TASSTOXPYIWESO5FOHI63,200,4,2012;2013;2014,http://negativeyouth.net/shams-absolutely-dreams/,
/shams-absolutely-dreams/feed/,feed,20140110213137,text/xml,849,UDGTC22ZL5T657NINV32PC4U4MP4OYQJ,200,1,2014,http://negativeyouth.net/shams-absolutely-dreams/feed/,
/shams-and-dj-dog-dick-in-alaska/,post,20131126090252,text/html,33820,ILPYPKDBNLANJU6HOX6H4A44TM4CKL4Y,200,4,2012;2013;2014,http://negativeyouth.net/shams-and-dj-dog-dick-in-alaska/,
/shams-and-dj-dog-dick-in-alaska/feed/,feed,20140109194242,text/xml,856,NAM5TPXMGGHD7UZMZRP2Q3CXB5H6VXJ4,200,1,2014,http://negativeyouth.net/shams-and-dj-dog-dick-in-alaska/feed/,
/shams-morales/,post,20131126112602,text/html,33402,GTP7UMWNY37AWWUGSSNAJHUU2NVGDBZE,200,4,2012;2013;2014,http://negativeyouth.net/shams-morales/,
/shams-morales/feed/,feed,20140111005516,text/xml,833,WLSTWN7HRGORIRD7SXZMLTTOQXF2FALZ,200,1,2014,http://negativeyouth.net/shams-morales/feed/,
/sierra-city-center-diamond-club/,post,20131126102542,text/html,33419,GGENC3JGRYH2MJL5GCJXKXCXTVFH5BRL,200,5,2013;2014,http://negativeyouth.net/sierra-city-center-diamond-club/,
/sierra-city-center-diamond-club/feed/,feed,20140111004845,text/xml,859,QN3LSJKCNNYWBNPCODAKTHOR2WDXL4GK,200,1,2014,http://negativeyouth.net/sierra-city-center-diamond-club/feed/,
/six-feet-deep/,post,20131126084315,text/html,33580,M7ADK7G7LQLW7O4PDLDMSVFLUZBQKHZ5,200,4,2013;2014,http://negativeyouth.net/six-feet-deep/,
/six-feet-deep/feed/,feed,20140109191740,text/xml,825,Z2D3ZJHCQFSROHD4DGMKQL32Y25CTG2E,200,1,2014,http://negativeyouth.net/six-feet-deep/feed/,
/sky-ferreira-everything-is-embarrassing/,post,20131126094824,text/html,33744,4KTM62YK7WMHZQHLDTORU7XLFB3ZOSRX,200,4,2013;2014,http://negativeyouth.net/sky-ferreira-everything-is-embarrassing/,
/sky-ferreira-everything-is-embarrassing/feed/,feed,20140109203941,text/xml,861,Y6ODFIVLZMT3ZYVZXMICIRLNYUI2WPTB,200,1,2014,http://negativeyouth.net/sky-ferreira-everything-is-embarrassing/feed/,
/sky-ferreira-red-lips/,post,20131126093740,text/html,34111,IGJQRAYT44DG5H2LYIZBI2NR57E4V2U7,200,4,2012;2013;2014,http://negativeyouth.net/sky-ferreira-red-lips/,
/sky-ferreira-red-lips/feed/,feed,20140109201642,text/xml,1169,Z7I6GCLRCCIKFEBSKZUZD2JBRAPR4HCI,200,1,2014,http://negativeyouth.net/sky-ferreira-red-lips/feed/,
/sky-sky-sky/,post,20131126083115,text/html,34219,4OXQ2T7GMG44SN5UWPAEWWS43JQGEY3V,200,4,2012;2013;2014,http://negativeyouth.net/sky-sky-sky/,
/sky-sky-sky/feed/,feed,20140109190913,text/xml,814,2HRFYRPZSEW2NJQLPKWKXR5G57XZURTZ,200,1,2014,http://negativeyouth.net/sky-sky-sky/feed/,
/slayer-christmas-lightorama-2/,post,20110718231133,text/html,14650,RYVAM2TFOGAMKMMVSWHGB2JKFSCROPKK,200,2,2011,http://negativeyouth.net/slayer-christmas-lightorama-2/,
/slayer-christmas-lightorama/,post,20131126102942,text/html,33549,PZUG4SBPMP6B7SMGTBFBVISJHENS4D3P,200,5,2011;2012;2013;2014,http://negativeyouth.net/slayer-christmas-lightorama/,
/slayer-christmas-lightorama/feed/,feed,20140110212929,text/xml,849,D5A6LU4LKV5INFO5WYD2SGA363B4LU7C,200,1,2014,http://negativeyouth.net/slayer-christmas-lightorama/feed/,
/sleep-%E2%88%9E-over-casual-diamond-physical-therapy-remix/,post,20131126113403,text/html,34037,P4H6OH7UQ66YRKJLCGDWFBUHFPB5LZO3,200,8,2011;2012;2013;2014,http://negativeyouth.net/sleep-%E2%88%9E-over-casual-diamond-physical-therapy-remix/,http://negativeyouth.net/sleep-%e2%88%9e-over-casual-diamond-physical-therapy-remix/
/sleep-%E2%88%9E-over-casual-diamond-physical-therapy-remix/feed/,feed,20140110214117,text/xml,917,O6WCEOFGYEADUYZTGKMGCKMAKSHBXTHL,200,1,2014,http://negativeyouth.net/sleep-%e2%88%9e-over-casual-diamond-physical-therapy-remix/feed/,
/sleep-%E2%88%9E-over-regresa-2/,post,20131126121817,text/html,34192,DBMKDUKVOMTX5SZ4V3M5FENC6TJQP3LL,200,8,2011;2012;2013;2014,http://negativeyouth.net/sleep-%E2%88%9E-over-regresa-2/,http://negativeyouth.net/sleep-%e2%88%9e-over-regresa-2/
/sleep-%E2%88%9E-over-regresa-2/feed/,feed,20140110214723,text/xml,1191,7FN2QJPTDIYXJZ63P7PWCA4BV3RY6HA3,200,1,2014,http://negativeyouth.net/sleep-%e2%88%9e-over-regresa-2/feed/,
/sliders-2/,post,20131126121918,text/html,34530,VIVQ3BXWBUICJ37GARR2EXHEJNVTYAJZ,200,8,2011;2012;2013;2014,http://negativeyouth.net/sliders-2/,
/sliders-2/feed/,feed,20140110215223,text/xml,816,C3SS2MJ3I533RXBASHYBTKR3N5O7D7WG,200,1,2014,http://negativeyouth.net/sliders-2/feed/,
/sliders-a-digestible-video-retrospective-from-the-show-cave-archives-2/,post,20110718224909,text/html,15388,NMSWVFNXNGF6BBL7JCHLVY62NNSORXPJ,200,2,2011,http://negativeyouth.net/sliders-a-digestible-video-retrospective-from-the-show-cave-archives-2/,
/sliders-a-digestible-video-retrospective-from-the-show-cave-archives/,post,20131126091956,text/html,34462,VZSFBKOZZWCJTVS6ZKOAIMBYJTLJG477,200,5,2011;2012;2013;2014,http://negativeyouth.net/sliders-a-digestible-video-retrospective-from-the-show-cave-archives/,
/sliders-a-digestible-video-retrospective-from-the-show-cave-archives/feed/,feed,20140109194759,text/xml,904,CV6YAJP2FIMFKANE5IFFR4REGCBLORF7,200,1,2014,http://negativeyouth.net/sliders-a-digestible-video-retrospective-from-the-show-cave-archives/feed/,
/slush-fund/,post,20131126092226,text/html,33773,FAKJY7XR5FJHEVH2HKU3T64OXVGW7WIU,200,4,2013;2014,http://negativeyouth.net/slush-fund/,
/slush-fund/feed/,feed,20140109191458,text/xml,818,62TOVL7ITRHFTHVJR7WRBMPCWHEPJ753,200,1,2014,http://negativeyouth.net/slush-fund/feed/,
/smoke-alarm-%E2%88%86aimon-remix/,post,20131126091946,text/html,33772,JDP7QB6NHCXRIU736PGITGOWFB2VYOCR,200,4,2012;2013;2014,http://negativeyouth.net/smoke-alarm-%E2%88%86aimon-remix/,http://negativeyouth.net/smoke-alarm-%e2%88%86aimon-remix/
/smoke-alarm-%E2%88%86aimon-remix/feed/,feed,20140109195328,text/xml,868,NVGWGC3O7KGAYGLJ26SMOENG65N45LPO,200,1,2014,http://negativeyouth.net/smoke-alarm-%e2%88%86aimon-remix/feed/,
/snakes/,post,20131126100900,text/html,34112,27AT2Z7ZVYXLQ7ZOTSCKQXMOTVMKOZZ2,200,5,2011;2012;2013;2014,http://negativeyouth.net/snakes/,
/snakes/feed/,feed,20140109202853,text/xml,812,V6JVAXSOMPPB2JJAV6XATEIEJI2WD5SW,200,1,2014,http://negativeyouth.net/snakes/feed/,
/snow-crash/,post,20131126082955,text/html,33963,6NZYCPFZHPUDIG7CZXTIMG5WNTRHZG4P,200,3,2013;2014,http://negativeyouth.net/snow-crash/,
/snow-crash/feed/,feed,20140109182431,text/xml,818,ANWSAOQRQZRBST6Y2N64Z2B7XNGPYFNZ,200,1,2014,http://negativeyouth.net/snow-crash/feed/,
/so-close-to-paradise-physical-theraphy-remix/,post,20131126112719,text/html,34131,RYURS7TABJHA4RPSCI37IW6ROKUJAI2Y,200,5,2011;2012;2013;2014,http://negativeyouth.net/so-close-to-paradise-physical-theraphy-remix/,
/so-close-to-paradise-physical-theraphy-remix/feed/,feed,20140110212445,text/xml,877,YUTZUNMKWIRKM7MJAI6IKHBTIL3S2B2W,200,1,2014,http://negativeyouth.net/so-close-to-paradise-physical-theraphy-remix/feed/,
/soda/,post,20131126105839,text/html,33954,2GI3W64VZF6N6YU6RSEQAIFQOFV7DEUX,200,3,2013;2014,http://negativeyouth.net/soda/,
/soda/feed/,feed,20140110212207,text/xml,831,HF2S5246XTR4MPD75TP5JVTQLRBO7DTM,200,1,2014,http://negativeyouth.net/soda/feed/,
/soft-metals-voices/,post,20131126125805,text/html,33851,YFJCYOALJAYBAA77RGNWRGSDOBTERETP,200,5,2011;2012;2013;2014,http://negativeyouth.net/soft-metals-voices/,
/soft-metals-voices/feed/,feed,20140111005039,text/xml,840,Y7YTGQ35GED7XUYTUZSSESLZRYA63Z7F,200,1,2014,http://negativeyouth.net/soft-metals-voices/feed/,
/soft-metals/,post,20131126122301,text/html,33926,KFGW3PN7OQNMNOQ2W65IOUKVXTT66YCI,200,5,2011;2012;2013;2014,http://negativeyouth.net/soft-metals/,
/soft-metals/feed/,feed,20140110214343,text/xml,820,3PCFSN3IHSNUMDBVBFWY2X7YXCNYVLFF,200,1,2014,http://negativeyouth.net/soft-metals/feed/,
/soft/,post,20131126085207,text/html,33270,ZDR4GCGDJO22Z3XPYO3X3ITUL3SSS52S,200,2,2013;2014,http://negativeyouth.net/soft/,
/soft/feed/,feed,20140109191015,text/xml,810,ZCDKYXZUJ66NXQIW7BZZZH4GNHYCEP43,200,1,2014,http://negativeyouth.net/soft/feed/,
/solace/,post,20131126104141,text/html,33916,RE2MHYQ4FCQXACZTWTPLNWIIK5E2XESX,200,7,2012;2013;2014,http://negativeyouth.net/solace/,
/solace/feed/,feed,20140110213351,text/xml,813,6GGPB4O5ERUQ5BMILDBMANHV5MLOKKM2,200,1,2014,http://negativeyouth.net/solace/feed/,
/soledad-fe-ep/,post,20131126085936,text/html,34068,MVVCE7IKICIOHZHYX3RSQKFTN2VFOWRY,200,4,2012;2013;2014,http://negativeyouth.net/soledad-fe-ep/,
/soledad-fe-ep/feed/,feed,20140109192219,text/xml,835,SMUOVPFDRXTMH2K32AZB2F5TNAP5MNH2,200,1,2014,http://negativeyouth.net/soledad-fe-ep/feed/,
/soledad-invisible-video/,post,20131126105757,text/html,34250,3IQ5AHLI2MF3FI2PVEEXZTKOCW2AH6JV,200,4,2012;2013;2014,http://negativeyouth.net/soledad-invisible-video/,
/soledad-invisible-video/feed/,feed,20140110213503,text/xml,1059,6C4TH4KNJSL3GZZLAR6EY5KT6PBE7W2W,200,1,2014,http://negativeyouth.net/soledad-invisible-video/feed/,
/soledad-invisible/,post,20131126090659,text/html,34483,BSEXMKX4TWF6VLGL3CTBPBIZMQK52FOH,200,4,2012;2013;2014,http://negativeyouth.net/soledad-invisible/,
/soledad-invisible/feed/,feed,20140109194026,text/xml,1126,P67LNUFYVGY3CMJFVMMM2CI7QNLHJJBL,200,1,2014,http://negativeyouth.net/soledad-invisible/feed/,
/soledad-repetir-sombra/,post,20131126100531,text/html,33951,JQ2ZMBBRQ5IQ33YKMMSYDST3LUIE7CG2,200,4,2012;2013;2014,http://negativeyouth.net/soledad-repetir-sombra/,
/soledad-repetir-sombra/feed/,feed,20140109200707,text/xml,849,PG7JMFHNAENCW7XAZ7E4WIQP3EFDTGGM,200,1,2014,http://negativeyouth.net/soledad-repetir-sombra/feed/,
/sorry-hun/,post,20131126091818,text/html,33691,UGLCFY4MXBHHYH3S5QXTOV4I4LW7N72W,200,4,2012;2013;2014,http://negativeyouth.net/sorry-hun/,
/sorry-hun/feed/,feed,20140109192904,text/xml,820,LYWYVY6RWVNTYB5RWTLOJZ6ZRKOEWIER,200,1,2014,http://negativeyouth.net/sorry-hun/feed/,
/spaceghostpurrp/,post,20131126102505,text/html,34027,LUWL4TH7JPOA4WFOHQHWDJ6XJW2NAZNG,200,3,2013;2014,http://negativeyouth.net/spaceghostpurrp/,
/spaceghostpurrp/feed/,feed,20140110184513,text/xml,845,BSCI6KDEAD3ZXJSO22CO3IXSZKIJSY7Z,200,1,2014,http://negativeyouth.net/spaceghostpurrp/feed/,
/spc-eco/,post,20131126110448,text/html,34080,IZJWHV3YQOIAT2X5ADZ4AFPB4QSV6WEF,200,5,2011;2012;2013;2014,http://negativeyouth.net/spc-eco/,
/spc-eco/feed/,feed,20140110213752,text/xml,815,K3NUVJWW73TMLLN7NSHW2QQXF4PKHGOS,200,1,2014,http://negativeyouth.net/spc-eco/feed/,
/spoek-mathambo-control-2/,post,20131126094634,text/html,33882,B27ZES4QUIM54IC5AJGWIR2VBWOCC5BC,200,8,2011;2012;2013;2014,http://negativeyouth.net/spoek-mathambo-control-2/,
/spoek-mathambo-control-2/feed/,feed,20140109201115,text/xml,851,VELKBT2PQTJE3BZ6GKZGCPMC6BHHIIY4,200,1,2014,http://negativeyouth.net/spoek-mathambo-control-2/feed/,
/squarepusher-dark-steering/,post,20131126090706,text/html,34038,KYVA2ETSIFC4S2GLJA4MMWAXKJE2QGLR,200,4,2012;2013;2014,http://negativeyouth.net/squarepusher-dark-steering/,
/squarepusher-dark-steering/feed/,feed,20140109194618,text/xml,856,T2NOGAAQ7F7J7NPJD4TMKDGIO7IQQ7YO,200,1,2014,http://negativeyouth.net/squarepusher-dark-steering/feed/,
/ssion-earthquake/,post,20131126091830,text/html,34328,OA3PEIDLO3FVP7FBMJPTRNDJ34RGIRUL,200,4,2012;2013;2014,http://negativeyouth.net/ssion-earthquake/,
/ssion-earthquake/feed/,feed,20140109194118,text/xml,1080,TVRM4HYPXEDFFA2XN3JHDBAZHMG77YLF,200,1,2014,http://negativeyouth.net/ssion-earthquake/feed/,
/ssion-feel-good-4-evr/,post,20131126084815,text/html,33719,NUWNQGONXKXTYLBSUPBBH3WU2KEY6UJW,200,4,2012;2013;2014,http://negativeyouth.net/ssion-feel-good-4-evr/,
/ssion-feel-good-4-evr/feed/,feed,20140109190717,text/xml,849,JHJHX4MTQRSQDG6X7QDJF3TA6XPJSVAT,200,1,2014,http://negativeyouth.net/ssion-feel-good-4-evr/feed/,
/ssion-kim/,post,20131126091653,text/html,33491,32VHJWQVPASHVG2EJE6VCTROPUNGKSK5,200,4,2012;2013;2014,http://negativeyouth.net/ssion-kim/,
/ssion-kim/feed/,feed,20140109194901,text/xml,838,EVNBS673C6VZ4EK3RV5L4ALJFKN7Y6XG,200,1,2014,http://negativeyouth.net/ssion-kim/feed/,
/stargate/,post,20131126082645,text/html,33976,4PJXGIQFT36QQFIBIFCZ4CES7SHS3LWD,200,4,2012;2013;2014,http://negativeyouth.net/stargate/,
/stargate/feed/,feed,20140109191755,text/xml,815,37SQBLNDKE2IERDQ4I2EJ63YVXL36V6O,200,1,2014,http://negativeyouth.net/stargate/feed/,
/stay-dandelion/,post,20131126101431,text/html,34757,4HQHRFHF7UD2QGKPLOSOWTBL6OFOASRS,200,4,2012;2013;2014,http://negativeyouth.net/stay-dandelion/,
/stay-dandelion/feed/,feed,20140110192125,text/xml,1292,XS5F6HLG22OAOLRCSQSE3SR7ZZBFP6MM,200,1,2014,http://negativeyouth.net/stay-dandelion/feed/,
/stay-here/,post,20131126100939,text/html,33529,3ZBTTDGVYSP6PL44C3NXAQZUFRYOF7SJ,200,2,2013;2014,http://negativeyouth.net/stay-here/,
/stay-here/feed/,feed,20140109203132,text/xml,817,42EWE22BIQBGXRWU767WK3SJI2NKX3ZG,200,1,2014,http://negativeyouth.net/stay-here/feed/,
/stoned-boys-andromeda/,post,20131126084301,text/html,34348,NL6WQHYEAX4ZWRQ3GFHGKCYYYQ3JNBBN,200,4,2012;2013;2014,http://negativeyouth.net/stoned-boys-andromeda/,
/stoned-boys-andromeda/feed/,feed,20140109183559,text/xml,1114,LVGI5MHBYW5UMZLW54JMQBB4MI6JGFJF,200,1,2014,http://negativeyouth.net/stoned-boys-andromeda/feed/,
/stoned-boys-dangerous-skies/,post,20131126091622,text/html,34718,EOBA55J57SICXUBJIXWIAMQ4FMYBWFXF,200,4,2012;2013;2014,http://negativeyouth.net/stoned-boys-dangerous-skies/,
/stoned-boys-dangerous-skies/feed/,feed,20140109190957,text/xml,1180,JCJWJKTDZPYZMBDEHJ3PTFEFF4EZW5KB,200,1,2014,http://negativeyouth.net/stoned-boys-dangerous-skies/feed/,
/stoned-boys-dead-friends-2/,post,20110718230824,text/html,14595,P52NNQFLGD5X2HKU6HKDGALK3CA2JEVN,200,2,2011,http://negativeyouth.net/stoned-boys-dead-friends-2/,
/stoned-boys-dead-friends/,post,20131126094732,text/html,33527,JKC2EX7CVLOJYDSWPFTC4K6UWP55UK74,200,5,2011;2012;2013;2014,http://negativeyouth.net/stoned-boys-dead-friends/,
/stoned-boys-dead-friends/feed/,feed,20140109195536,text/xml,850,U7M7NV74R3VULXL45LLTGP2ZT4JJIM4Z,200,1,2014,http://negativeyouth.net/stoned-boys-dead-friends/feed/,
/stoned-boys-forever-2/,post,20110718230830,text/html,15279,UTJ6FID7IO366UWEJOVIMRNVPVCIWKO2,200,3,2011,http://negativeyouth.net/stoned-boys-forever-2/,
/stoned-boys-forever/,post,20131126112939,text/html,34951,EN6TDHI3DMQ7Y6SK2NUZS3HT4L24X2X2,200,5,2011;2012;2013;2014,http://negativeyouth.net/stoned-boys-forever/,
/stoned-boys-forever/feed/,feed,20140110220909,text/xml,1359,DZY25EEVAE4TN4EC5E3DMABPAY7ITCS5,200,1,2014,http://negativeyouth.net/stoned-boys-forever/feed/,
/strain/,post,20131126091908,text/html,33515,JQFCRLHIPQH4ECFVET7EBYQO4UPNO3TL,200,3,2013;2014,http://negativeyouth.net/strain/,
/strain/feed/,feed,20140109192338,text/xml,812,VP3Y2KERENCJB5UKIGVWCXQBXURVBACZ,200,1,2014,http://negativeyouth.net/strain/feed/,
/stranger%C2%A7-of-a-lst-art/,post,20131126083234,text/html,33518,WOOZ2MWWY5VOSYQU7ZCL2RXQNPOZNKYS,200,3,2013;2014,http://negativeyouth.net/stranger%C2%A7-of-a-lst-art/,http://negativeyouth.net/stranger%c2%a7-of-a-lst-art/
/stranger%C2%A7-of-a-lst-art/feed/,feed,20140109182506,text/xml,858,INIAJRQSRKFHSEHA2XU47ASREPCMVVN3,200,1,2014,http://negativeyouth.net/stranger%c2%a7-of-a-lst-art/feed/,
/suffocation-health-remix/,post,20131126112826,text/html,33885,6DZG5JU7Y4FDC7JDZGOL3SBTLZFQTQRV,200,4,2012;2013;2014,http://negativeyouth.net/suffocation-health-remix/,
/suffocation-health-remix/feed/,feed,20140111005457,text/xml,844,XIXPSLHRRM3UJRD2RCLKE7CIMNWIGIP4,200,1,2014,http://negativeyouth.net/suffocation-health-remix/feed/,
/suicide-dream-2-elite-gymnastics-baptism/,post,20131126110253,text/html,33968,6S2TD7I7PFMB4YNRPJAOEG7IS7BFGHX5,200,5,2011;2012;2013;2014,http://negativeyouth.net/suicide-dream-2-elite-gymnastics-baptism/,
/suicide-dream-2-elite-gymnastics-baptism/feed/,feed,20140110212646,text/xml,874,S33JYZZ5NSE6NESOZ722Y6LDH5OFKSRK,200,1,2014,http://negativeyouth.net/suicide-dream-2-elite-gymnastics-baptism/feed/,
/sulk-revolution-recording-piano-version/,post,20131126104242,text/html,33853,ATYA33W4H5KCW2UQCINS66TY3Q3G4TMM,200,3,2013;2014,http://negativeyouth.net/sulk-revolution-recording-piano-version/,
/sulk-revolution-recording-piano-version/feed/,feed,20140110212258,text/xml,1156,FYB5QMJN63DXI7BWUW72Q2V7DDBKSEUI,200,1,2014,http://negativeyouth.net/sulk-revolution-recording-piano-version/feed/,
/super-future/,post,20131126090647,text/html,33612,D4BHMBVJDIKFFDH3YFLGVDPBBSUT27CY,200,3,2013;2014,http://negativeyouth.net/super-future/,
/super-future/feed/,feed,20140109192708,text/xml,823,2T3D6ZY7RH7TPNUVEZUNZJRFQV4DNA5X,200,1,2014,http://negativeyouth.net/super-future/feed/,
/super-ultra-mixtape/,post,20131126094834,text/html,34257,JQJQ76P2HRBRDCSBNTPGINSARAMLISGU,200,4,2012;2013;2014,http://negativeyouth.net/super-ultra-mixtape/,
/super-ultra-mixtape/feed/,feed,20140109195952,text/xml,835,RCJOKN5X4PRRMYXYAEUZ3H4AXJG564EO,200,1,2014,http://negativeyouth.net/super-ultra-mixtape/feed/,
/supermad/,post,20131126092029,text/html,34584,XSGSTSNTHKOZICKNTTERYTOGU3KWUAOB,200,5,2011;2012;2013;2014,http://negativeyouth.net/supermad/,
/supermad/feed/,feed,20140109200446,text/xml,1154,QG3YXYN43NLVJGLH7VZYSWALBDVKZFTX,200,1,2014,http://negativeyouth.net/supermad/feed/,
/supreme-cuts-reanimated/,post,20131126090653,text/html,34324,V7P7VA7X6QAGO3H3LGCD3WBFZ6DB5HSR,200,4,2012;2013;2014,http://negativeyouth.net/supreme-cuts-reanimated/,
/supreme-cuts-reanimated/feed/,feed,20140109192528,text/xml,840,GFOO3PRKON4S2K3F6XVQCQHVH3JXQ4FT,200,1,2014,http://negativeyouth.net/supreme-cuts-reanimated/feed/,
/swag-slangin-yayo-2/,post,20131126111206,text/html,34273,QVLPMVIASWZSAPOGAYXQOUJOO43XAFSV,200,8,2011;2012;2013;2014,http://negativeyouth.net/swag-slangin-yayo-2/,
/swag-slangin-yayo-2/feed/,feed,20140110213716,text/xml,837,HL4Z4A3UHCQLXLSFQYJY5M2QV3BPYDIH,200,1,2014,http://negativeyouth.net/swag-slangin-yayo-2/feed/,
/synthetik/,post,20131126094820,text/html,33413,63IXYFBCDK2D7Z3S3L4SQT2PL3JS3JIL,200,5,2011;2012;2013;2014,http://negativeyouth.net/synthetik/,
/synthetik/feed/,feed,20140109202546,text/xml,819,GT7XVPHGBM7RFSCECO3AXAAAQTPHSXFG,200,1,2014,http://negativeyouth.net/synthetik/feed/,
/tag/%E2%80%A0%E2%80%A1%E2%80%A0/,tag,20130407074842,text/html,34754,B4MJIL5RYDDMWLXHH6TX34WLQ6KANVCX,200,6,2011;2012;2013,http://negativeyouth.net/tag/%E2%80%A0%E2%80%A1%E2%80%A0/,
/tag/4ad/,tag,20121125083609,text/html,29996,KIXSXH2KHOBABJVD52KW5XTSB5R35MMU,200,1,2012,http://negativeyouth.net/tag/4ad/,
/tag/adelle/,tag,20140404035926,text/html,8146,ORP7G4YJIE737EGBMHYYFDDIN3TBB5XW,200,3,2014;2015,http://negativeyouth.net/tag/adelle/,
/tag/alemania/,tag,20140103041607,text/html,8375,C55LLYHJWM66M7Z4BH6F57CF6Q57HGZV,200,1,2014,http://negativeyouth.net/tag/alemania/,
/tag/alexico/,tag,20110917085327,text/html,16866,L4TKVAWF5SAPUAAJQGMRIXV2G6HLNBDY,200,2,2011,http://negativeyouth.net/tag/alexico/,
/tag/anchorage/,tag,20150220180715,text/html,8261,DAA32RPM3QA6W7EMJPN3I3EHEBB5ZGDS,200,3,2014;2015,http://negativeyouth.net/tag/anchorage/,
/tag/arbustus/,tag,20110917085333,text/html,16905,MRM3K3UHEZPN6KWHP2YR547Y44AISYBJ,200,3,2011,http://negativeyouth.net/tag/arbustus/,
/tag/ariel-pink/,tag,20110604053611,text/html,12055,W75NKGA2ZQSPLSG7ICTZUEEQHOJWQOTU,200,1,2011,http://negativeyouth.net/tag/ariel-pink/,
/tag/arte/,tag,20131126122117,text/html,35710,NW6RJ73JYWU4LGZVWKE65PNRMATV42GF,200,11,2011;2012;2013;2014;2015,http://negativeyouth.net/tag/arte/,
/tag/asian-sex-goddess-hyuna-4-lyf/,tag,20131031083501,text/html,31827,VDESJP5L6FXQTQRRXWLWRD3Y74NGG3X3,200,3,2012;2013,http://negativeyouth.net/tag/asian-sex-goddess-hyuna-4-lyf/,
/tag/balam-acab/,tag,20110917085343,text/html,17194,IG6S6FFOWZVHXQI4MAVVZN4CMZBT2S4T,200,2,2011,http://negativeyouth.net/tag/balam-acab/,
/tag/bandcamp/,tag,20131126110741,text/html,36748,5UD3V3LYGHIAF4THCR4GCFCGRHCK25ZQ,200,7,2011;2013;2014;2015,http://negativeyouth.net/tag/bandcamp/,
/tag/bk-phillips/,tag,20140318110745,text/html,8367,GR3NPTQO3CPQW6T2QZP2YARI7KNU5GGB,200,1,2014,http://negativeyouth.net/tag/bk-phillips/,
/tag/bl%C2%A7%C2%A7d-%C3%B8u%E2%80%A0/,tag,20110718224214,text/html,19368,M6LQ4F32XWTFA26HLUYO2XJKMO3JKNVO,200,1,2011,http://negativeyouth.net/tag/bl%C2%A7%C2%A7d-%C3%B8u%E2%80%A0/,
/tag/blissed-out/,tag,20131126092439,text/html,35499,OHBQNOFEWF4JCXIXC5U35HV7NG3GRSBG,200,11,2011;2012;2013;2014;2015,http://negativeyouth.net/tag/blissed-out/,
/tag/boy-friend/,tag,20111223165723,text/html,20386,4QVPOK7WKZ62WZQ3KXJJZHSTCDEKVGMN,200,1,2011,http://negativeyouth.net/tag/boy-friend/,
/tag/breanna-box/,tag,20140318154211,text/html,8329,LXTENZB5KKAP5N5ORMLRYS3WOSPE3JBR,200,1,2014,http://negativeyouth.net/tag/breanna-box/,
/tag/brenmar/,tag,20131126125709,text/html,35214,DVSEXVCHM3TVRXFY6BH6HBOUGHWIK7T2,200,8,2012;2013;2014;2015,http://negativeyouth.net/tag/brenmar/,
/tag/butterclock/,tag,20130617200059,text/html,33602,LH647VM5V65A2VJZRBXXA2RSJGMUHGTY,200,1,2013,http://negativeyouth.net/tag/butterclock/,
/tag/casino-metropolitano/,tag,20120121082905,text/html,20084,3WEDNOGUML4IC4WYX3S33MDTAXYCY7AZ,200,3,2011;2012,http://negativeyouth.net/tag/casino-metropolitano/,
/tag/charlene-bagcal/,tag,20140317222653,text/html,8359,7OBZH4ZXQF2QR73AZDXZSU5WN2HU4XBR,200,1,2014,http://negativeyouth.net/tag/charlene-bagcal/,
/tag/chavvos-was-here/,tag,20150220203512,text/html,8224,IAGK2NM4NMGHP5LPDSEOQWQK7P5ROJFP,200,2,2014;2015,http://negativeyouth.net/tag/chavvos-was-here/,
/tag/chelsea-wolfe/,tag,20140318135657,text/html,8269,TE6AZXCFYA3JTSEWOX4STHZXLY7P5X4W,200,1,2014,http://negativeyouth.net/tag/chelsea-wolfe/,
/tag/claire-boucher/,tag,20120316033944,text/html,19087,FJVYZUVW34JIPMGWCZAN7MGREY7S5IV2,200,1,2012,http://negativeyouth.net/tag/claire-boucher/,
/tag/colombia/,tag,20131126100958,text/html,31827,XK6XOXVL4QRG3DADDVBCJDUTYQSXCF3K,200,1,2013,http://negativeyouth.net/tag/colombia/,
/tag/columbia-records/,tag,20150220195122,text/html,8222,7YMVOP7S33ZOUVWRDONPHGSUVVV6AX3K,200,3,2014;2015,http://negativeyouth.net/tag/columbia-records/,
/tag/concierto/,tag,20131126102055,text/html,37750,PCJAY4H3QIDV5OMKSLEVGUIX6UNUBXVQ,200,9,2011;2012;2013;2014,http://negativeyouth.net/tag/concierto/,
/tag/crackboy/,tag,20131126094949,text/html,32033,FURZMETGHDCHIRGW336YV2YKIQEXHWTN,200,1,2013,http://negativeyouth.net/tag/crackboy/,
/tag/creep/,tag,20111224052104,text/html,19907,HCIVLUY7OPFQO6P7T76BNKID7VUU4GDJ,200,4,2011,http://negativeyouth.net/tag/creep/,
/tag/dani-shivers/,tag,20121117065309,text/html,31244,BL4WCVMGYGJXFRLEOKNS44BU6AMSDZNV,200,3,2011;2012,http://negativeyouth.net/tag/dani-shivers/,
/tag/david-lynch/,tag,20150220223334,text/html,9114,MOVRUSCAUDL6EJSHA34F2CRP6ZREL2A3,200,3,2014;2015,http://negativeyouth.net/tag/david-lynch/,
/tag/death-to-posers/,tag,20140404040451,text/html,8232,WTK7UUAWKQT5MCOLLNMW4KWNBECQJCTE,200,2,2014;2015,http://negativeyouth.net/tag/death-to-posers/,
/tag/deon/,tag,20131126103009,text/html,35634,3YCHH6M6RRKHT3PQJ25W6KTINVY43NET,200,11,2011;2012;2013;2014;2015,http://negativeyouth.net/tag/deon/,
/tag/dis-magazine/,tag,20131126101530,text/html,35722,Y7QOZMHVM5LLQFLRVW5JDNQ7MY55YQWT,200,7,2012;2013;2014;2015,http://negativeyouth.net/tag/dis-magazine/,
/tag/disco-gratis/,tag,20131126113248,text/html,34587,FUBKSV5HQTTLEU4AAUKXF7BILLS2LSLM,200,11,2011;2012;2013;2014;2015,http://negativeyouth.net/tag/disco-gratis/,
/tag/dj-maquina-de-muerte/,tag,20131126102216,text/html,35589,HSYCPTBEPWW3GDWIS3RARPG6I2X5DOA3,200,7,2011;2013;2014;2015,http://negativeyouth.net/tag/dj-maquina-de-muerte/,
/tag/dj-smurphy/,tag,20131126101420,text/html,35533,TIZLUB3I42AJP7J3626JEEXNMASOMKLS,200,6,2013;2014;2015,http://negativeyouth.net/tag/dj-smurphy/,
/tag/download/,tag,20131126102448,text/html,33839,NVR7FK6T4TXPEFGEXZ27EY72CS5JTSMV,200,10,2011;2012;2013;2014,http://negativeyouth.net/tag/download/,
/tag/drugs-for-drunks/,tag,20131126094057,text/html,36984,DGFXQ3FBU2UI67MCMQ4BRVM7OF3TH236,200,11,2011;2012;2013;2014;2015,http://negativeyouth.net/tag/drugs-for-drunks/,
/tag/el-adios/,tag,20140404042058,text/html,8166,EUPKBFJ3W4ZQEI2YE7R2ERQNWWSIVGDF,200,2,2014;2015,http://negativeyouth.net/tag/el-adios/,
/tag/entrevista/,tag,20131126110228,text/html,37704,ZYDFADFSEPIEBYJLM5FFSFX7K6PFIEQM,200,11,2011;2012;2013;2014;2015,http://negativeyouth.net/tag/entrevista/,
/tag/ep/,tag,20121125124512,text/html,31746,BE6HJZTRMHVLJG7ZQVNQAHNN4J72HBSL,200,3,2011;2012,http://negativeyouth.net/tag/ep/,
/tag/eventos/,tag,20111223165741,text/html,21122,3JXMDCMIBZ24WP4SLRHOHGVQYXXWNC7W,200,1,2011,http://negativeyouth.net/tag/eventos/,
/tag/fiesta/,tag,20131126122247,text/html,36542,TGYNQ65VJLSRHXBWQ7VGL24UXP654LBP,200,10,2011;2012;2013;2014,http://negativeyouth.net/tag/fiesta/,
/tag/florence-and-the-machine/,tag,20140103043432,text/html,8142,47GRFQECVGNZCV2DTA2SEB2NHMM56KQB,200,3,2014;2015,http://negativeyouth.net/tag/florence-and-the-machine/,
/tag/fostearcare/,tag,20131126090228,text/html,32054,JJ5DMFUBSDSD5UKB373FVFZV6YC5QEU7,200,1,2013,http://negativeyouth.net/tag/fostearcare/,
/tag/fostercare/,tag,20131126085601,text/html,34490,EJMQJGVQUE6YXHLV3IQE4GOHXSCG54NN,200,8,2012;2013;2014;2015,http://negativeyouth.net/tag/fostercare/,
/tag/fotos/,tag,20111223165316,text/html,19913,JZW22TZ3BIW2MQRDZ22VKMUWZJ6AE7C5,200,4,2011,http://negativeyouth.net/tag/fotos/,
/tag/freak-city/,tag,20121128144244,text/html,28221,U5OI6ERRRSPWTP42EZKXWA54XWDI3FIY,200,1,2012,http://negativeyouth.net/tag/freak-city/,
/tag/funerals/,tag,20110917090146,text/html,16809,JVSQPTU2UQ4TFIABDBPE2ZAKQIYCV24M,200,3,2011,http://negativeyouth.net/tag/funerals/,
/tag/funker-vogt/,tag,20140103043250,text/html,8002,KHUYWKA6QD4JANSFU3FOJFQRBTDAXJMC,200,1,2014,http://negativeyouth.net/tag/funker-vogt/,
/tag/gatekeeper/,tag,20131126094843,text/html,35769,RQAUYDCQOUY72FHNCQU3WK55UQYOQW7N,200,10,2011;2012;2013;2014,http://negativeyouth.net/tag/gatekeeper/,
/tag/gesaffelstein/,tag,20131126112947,text/html,31707,EDTU37CXT3WO3TNV34JURPO2EFSXNLZI,200,1,2013,http://negativeyouth.net/tag/gesaffelstein/,
/tag/glass-popcorn/,tag,20131126110343,text/html,35619,22SMD6JURAIT44JR2WZO3DBBMOJQ5352,200,7,2012;2013;2014;2015,http://negativeyouth.net/tag/glass-popcorn/,
/tag/gratis/,tag,20131126091650,text/html,34978,MBTGEC3VRRGW4ACEWAV4GDWFLF7YCZXC,200,7,2012;2013;2014;2015,http://negativeyouth.net/tag/gratis/,
/tag/grimes/,tag,20131126111551,text/html,33951,RT3ZXOWXBQLHR2IG32WM7QQRFYV6H47Q,200,11,2011;2012;2013;2014;2015,http://negativeyouth.net/tag/grimes/,
/tag/guess/,tag,20140319144932,text/html,9100,PEPQSJ3XJCELB76EYKKJ6TAXPKXJD7QD,200,1,2014,http://negativeyouth.net/tag/guess/,
/tag/health/,tag,20131126100617,text/html,35997,46IVEVEC42AJ3YHRCQC764VKDV42LIKV,200,9,2011;2012;2013;2014,http://negativeyouth.net/tag/health/,
/tag/hippos-in-tanks/,tag,20131126100836,text/html,34687,7YZVN3T4UZ33RXRQCEDFRMPNJRIIUTC5,200,10,2011;2012;2013;2014,http://negativeyouth.net/tag/hippos-in-tanks/,
/tag/house-of-drama/,tag,20130615222139,text/html,32295,ZXZTHT3KEL3SLPI4KIKXHQUZEJT4EZQ5,200,1,2013,http://negativeyouth.net/tag/house-of-drama/,
/tag/how-to-dress-well/,tag,20131126122109,text/html,34482,SQF5VQBTMHO6A6R6MKYYZHNXNDOXIRNZ,200,8,2011;2012;2013;2014;2015,http://negativeyouth.net/tag/how-to-dress-well/,
/tag/humanoid-mutations/,tag,20120113100209,text/html,17890,4RXTDZ5BN2SEQXQW4DVK6JZ3NV2RE4KX,200,1,2012,http://negativeyouth.net/tag/humanoid-mutations/,
/tag/indian-jewelry/,tag,20130318022015,text/html,32743,UFIACGA7GWQNTHESKEPGYL3FBY662VLJ,200,1,2013,http://negativeyouth.net/tag/indian-jewelry/,
/tag/internet/,tag,20140404044332,text/html,9544,MUWVIX542H4VPTLFVBNT7HRVG5YA7LZR,200,2,2014;2015,http://negativeyouth.net/tag/internet/,
/tag/janet-jackson/,tag,20120120012559,text/html,17916,RJEEXNMCJQE57RAQIAT6HVH6APEUFPJN,200,1,2012,http://negativeyouth.net/tag/janet-jackson/,
/tag/jj/,tag,20111222194128,text/html,18793,GIWQ3E2NYQLDANTGNBJIDZ76UHMPE5IC,200,4,2011,http://negativeyouth.net/tag/jj/,
/tag/k-pop/,tag,20140103043305,text/html,10324,XMRPWZZZ53YF7LMBLPGNTLVV2VLFR5VX,200,1,2014,http://negativeyouth.net/tag/k-pop/,
/tag/la-minitk-del-miedo/,tag,20131126092236,text/html,32230,RBZDU4XWMOTMUJNSLGOIH5JVO7CJNGMJ,200,2,2013;2014,http://negativeyouth.net/tag/la-minitk-del-miedo/,
/tag/la-rap/,tag,20121129064156,text/html,28279,XTGGZ6LF624RBUHS3EY3QQRQ5LIVSX3S,200,1,2012,http://negativeyouth.net/tag/la-rap/,
/tag/light-asylum/,tag,20131126125932,text/html,34628,GMSBLSI4W2X2ZZ5WE55CYC5FS5J4WKVZ,200,11,2011;2012;2013;2014;2015,http://negativeyouth.net/tag/light-asylum/,
/tag/lil-b/,tag,20111223164350,text/html,19682,SJZMWPQNYU5HT2TACZQD4IJ7SH52E6MN,200,3,2011,http://negativeyouth.net/tag/lil-b/,
/tag/lil-internet/,tag,20131126092415,text/html,36293,GN47TYW65YGD7R73QI4PY32SKMQZCRVC,200,6,2013;2014,http://negativeyouth.net/tag/lil-internet/,
/tag/los-angeles/,tag,20150220150517,text/html,8834,YOWYVFEFFIQV5DWKDMKJJERPGEN6OS5R,200,3,2014;2015,http://negativeyouth.net/tag/los-angeles/,
/tag/maligna/,tag,20131126110754,text/html,34170,KTTABP7YAZQOGPGSAH36CUB4YAOPUD7A,200,6,2013;2014;2015,http://negativeyouth.net/tag/maligna/,
/tag/mexico/,tag,20130407093537,text/html,35350,BLNLEMEPP6TLLAA3L2IUJSQOIIWCP5WP,200,8,2012;2013;2014;2015,http://negativeyouth.net/tag/mexico/,
/tag/minneapolis/,tag,20131126090544,text/html,32049,ZQHMBLS47TQ7T75ZAS7XTOTJH7YMMY4M,200,1,2013,http://negativeyouth.net/tag/minneapolis/,
/tag/mishka/,tag,20131126111118,text/html,34843,66DDBB53VM7JG6YFZGIOZPE6HAPWOLF6,200,7,2012;2013;2014;2015,http://negativeyouth.net/tag/mishka/,
/tag/mix/,tag,20131126094138,text/html,34395,S5WD5NFSAQTTZQO6O3RWLPYKICIOLADE,200,9,2011;2012;2013;2014;2015,http://negativeyouth.net/tag/mix/,
/tag/mixtape/,tag,20131126090342,text/html,34144,K2JO3JX4ETATSUN5JMZ2D34A3UABWHMF,200,12,2011;2012;2013;2014;2015,http://negativeyouth.net/tag/mixtape/,
/tag/moda/,tag,20111225062052,text/html,20837,S6J74JDNY25BGT5SDAGTAZ5K3BH4GGTC,200,2,2011;2014,http://negativeyouth.net/tag/moda/,
/tag/mp3/,tag,20131126085845,text/html,34121,HCU4AP3F7JRUM43XOG3NE7X7ZNS4JEJR,200,13,2011;2012;2013;2014;2015,http://negativeyouth.net/tag/mp3/,
/tag/mykki-blanco/,tag,20131126091758,text/html,36209,PUKCPFT6AHXI6PNCWLVMCOLYX4MZAXAR,200,6,2013;2014;2015,http://negativeyouth.net/tag/mykki-blanco/,
/tag/naka-naka/,tag,20131126112847,text/html,35085,LCXUNLO7KJJSVUDYX7N2567YUTACRAOL,200,12,2011;2012;2013;2014;2015;2025,http://negativeyouth.net/tag/naka-naka/,
/tag/negative-youth/,tag,20131126105245,text/html,36137,OROG6V6PEUNKRPNMAD5CGGMTCRN2T2PK,200,9,2011;2012;2013;2014;2015,http://negativeyouth.net/tag/negative-youth/,
/tag/nike7up/,tag,20111224051032,text/html,19303,5IVP3CHQ3QBERKVAF5VYSX55H62XB36X,200,4,2011,http://negativeyouth.net/tag/nike7up/,
/tag/nine-inch-nails/,tag,20150220142152,text/html,9678,U5LD3QJFM2FSVU54ACK2OB3WQEC67TTI,200,3,2014;2015,http://negativeyouth.net/tag/nine-inch-nails/,
/tag/nommo-ogo/,tag,20140404043218,text/html,8290,PRG43N2ZWIJI2P5PB4UC465DE6K4GZNU,200,3,2014;2015,http://negativeyouth.net/tag/nommo-ogo/,
/tag/out-of-line/,tag,20140102150537,text/html,8375,HBYJ2P2TD6JUSDATYB4BBRF7N3LQYICW,200,1,2014,http://negativeyouth.net/tag/out-of-line/,
/tag/paris/,tag,20131126112955,text/html,31730,HQDO6ACA25BEMHSKVCHIO4OQHNQI5SUV,200,1,2013,http://negativeyouth.net/tag/paris/,
/tag/petit-pistolette/,tag,20111223201852,text/html,21775,FQK2RQ6AIKNXKZNJAB4XNEEM5BKIOFC7,200,2,2011,http://negativeyouth.net/tag/petit-pistolette/,
/tag/phoenix/,tag,20140404043105,text/html,8186,7YFK26UY26UWBRCFBDOD3PTYSAKFPRZQ,200,3,2014;2015,http://negativeyouth.net/tag/phoenix/,
/tag/physical-therapy/,tag,20131126111001,text/html,35551,2LW46Q5DGJG5HICAPY7UFU2GOL6XKYXP,200,6,2012;2013;2014,http://negativeyouth.net/tag/physical-therapy/,
/tag/pictureplane/,tag,20131126090304,text/html,36524,WLLHPFSMHCYAAHXF5X6SFHVTC2QFVSVB,200,10,2011;2012;2013;2014,http://negativeyouth.net/tag/pictureplane/,
/tag/puro-instinct/,tag,20110810204234,text/html,16008,KUUIOV5PJY5BX2IHTJXQ6YGUXLZHWFZ4,200,3,2011,http://negativeyouth.net/tag/puro-instinct/,
/tag/record-label-records/,tag,20150220190520,text/html,8314,BY6MHN22LAGSBM4V5MPLZXJDPD4DLXZ5,200,3,2014;2015,http://negativeyouth.net/tag/record-label-records/,
/tag/remix/,tag,20131126093528,text/html,34600,OLQ2NFRRAKV7PTWFZGZX7RP2RRHAMNDP,200,11,2011;2012;2013;2014;2015,http://negativeyouth.net/tag/remix/,
/tag/resena/,tag,20131126105238,text/html,36823,STCDI5HUZIAD5J6QNLBE3H52RGXKBMYR,200,10,2011;2012;2013;2014;2015,http://negativeyouth.net/tag/resena/,
/tag/revelator/,tag,20140317060636,text/html,8404,OXVVWNCO2347KXRN6A26QBXQ7YBWTTMU,200,2,2014,http://negativeyouth.net/tag/revelator/,
/tag/reverberation-appreciation-society/,tag,20130407175504,text/html,30451,EULTLJH4DRLZV7E2I4RYEY2BUCJGGWMU,200,1,2013,http://negativeyouth.net/tag/reverberation-appreciation-society/,
/tag/richard-dawkins/,tag,20140404042312,text/html,8079,AYUCJC5B2KR2ZD22A64O5MFIHFW7OCYP,200,1,2014,http://negativeyouth.net/tag/richard-dawkins/,
/tag/rikslyd/,tag,20130617171337,text/html,36185,6ZX27Y6KB4CL7AUWFMIZWPWNHGT6TUPG,200,1,2013,http://negativeyouth.net/tag/rikslyd/,
/tag/ritualz/,tag,20131126094223,text/html,34909,YAJBYH2MLGIRT4NT7I2BIJ5CKCSYY6NO,200,11,2011;2012;2013;2014;2015,http://negativeyouth.net/tag/ritualz/,
/tag/roberto-sanchez/,tag,20140317214000,text/html,8265,AKEK55RKUTUUEBP4MNPV2RQ5X6ZGBH7D,200,1,2014,http://negativeyouth.net/tag/roberto-sanchez/,
/tag/rusia/,tag,20120105031132,text/html,18928,CG62B3J7THNV6CIJ5IL2BQQZ4I32TV7U,200,4,2011;2012,http://negativeyouth.net/tag/rusia/,
/tag/ryder-ripps/,tag,20131126095055,text/html,36017,X6N4Q24HED67DZBFSNT5OI4JOAF6RGUZ,200,6,2013;2014;2015,http://negativeyouth.net/tag/ryder-ripps/,
/tag/sacred-bones-records/,tag,20140404044330,text/html,8136,HE7HBN6ARWFZ47XLP24HBO6TRLX6YMXN,200,3,2014;2015,http://negativeyouth.net/tag/sacred-bones-records/,
/tag/salem/,tag,20131126090325,text/html,36230,NFNDEF6DGK7C5UNE3RVIDSQDNVDM6ZGX,200,10,2011;2013;2014;2015,http://negativeyouth.net/tag/salem/,
/tag/sanfuentes-records/,tag,20131126084326,text/html,31976,POL5KDITLJSENG2RP2NCJAX7TKAY65QQ,200,1,2013,http://negativeyouth.net/tag/sanfuentes-records/,
/tag/sean-michael-pheanis/,tag,20140318120949,text/html,8296,JV6OMHJSSC3MWF5DLCVCA4BNON5X4NTP,200,2,2014,http://negativeyouth.net/tag/sean-michael-pheanis/,
/tag/selma-oxor/,tag,20131126122138,text/html,35598,BKURNS7UTNEQTKJO7NBDDRHSUVHYL4FJ,200,7,2012;2013;2014,http://negativeyouth.net/tag/selma-oxor/,
/tag/seoul/,tag,20140103042123,text/html,8266,5SVL5H5COQQRX5F35BRUWBV5P4O4UOWJ,200,1,2014,http://negativeyouth.net/tag/seoul/,
/tag/sexy-sweaters/,tag,20140320054157,text/html,8244,KC3WFMLXI5HORIKXFJSZUT5NZD26ADTN,200,1,2014,http://negativeyouth.net/tag/sexy-sweaters/,
/tag/sleep-%E2%88%9E-over/,tag,20111224054822,text/html,21026,AHLF6OQTJBACKUKY47PN5MEI4VHCBIVQ,200,4,2011,http://negativeyouth.net/tag/sleep-%E2%88%9E-over/,
/tag/soundcloud/,tag,20121125085904,text/html,30464,WZWLCAYQOMHYRUDDPSJMHV4BSXLCUM4B,200,2,2011;2012,http://negativeyouth.net/tag/soundcloud/,
/tag/stoned-boys/,tag,20111223211302,text/html,21380,RFWWN42RY2NM5FHUYD42ESMKYM4MN6D4,200,4,2011,http://negativeyouth.net/tag/stoned-boys/,
/tag/stream/,tag,20131126082642,text/html,33729,76DEYUIVB5Z4ZJPXK6EXHYY63F7NYYXR,200,11,2011;2012;2013;2014;2015,http://negativeyouth.net/tag/stream/,
/tag/supermad/,tag,20120617163749,text/html,25719,4PRJHXRKV6VUGYKQAGQAGE2VWTL776D6,200,2,2012,http://negativeyouth.net/tag/supermad/,
/tag/t-ara-n4/,tag,20140103042024,text/html,8223,4JMNSZZVDD6Z2PML2EARQEN2RXTTYUBG,200,1,2014,http://negativeyouth.net/tag/t-ara-n4/,
/tag/t-ara/,tag,20140103040606,text/html,8193,XYL4RJR463RR6J2RBUO675GVUN3PT6R2,200,1,2014,http://negativeyouth.net/tag/t-ara/,
/tag/t-shirts/,tag,20140318121015,text/html,8157,GQ7HLWVBZ5VG66HTJJBZPPSB2NASGCTI,200,1,2014,http://negativeyouth.net/tag/t-shirts/,
/tag/teehn-bwitches/,tag,20131126110542,text/html,36367,EVXNDLDVLOZPSHJTHYMEOYA274WEB3RA,200,10,2011;2012;2013;2014,http://negativeyouth.net/tag/teehn-bwitches/,
/tag/teengirl-fantasy/,tag,20121127105205,text/html,29926,VPWC5YPFABXFTCTSHAH24MXDEP42OZXZ,200,1,2012,http://negativeyouth.net/tag/teengirl-fantasy/,
/tag/the-saatchi-saatchi-new-directors-showcase/,tag,20150220204816,text/html,8300,XPZK34N2JOZQ2JQABGGWSEQUPHOTIEXL,200,2,2014;2015,http://negativeyouth.net/tag/the-saatchi-saatchi-new-directors-showcase/,
/tag/tiesto/,tag,20140320055239,text/html,9002,N6U7AHTZT5HV6ODVORSCNEMFFL5DHND2,200,1,2014,http://negativeyouth.net/tag/tiesto/,
/tag/tri-angle/,tag,20131126125531,text/html,35393,UPC5BSR7V7EBB4JJSYUBD7TRAKFN3OHV,200,10,2011;2012;2013;2014;2015,http://negativeyouth.net/tag/tri-angle/,
/tag/true-parameters/,tag,20131126094904,text/html,31900,HDSLK6YTF5F5U4APF6FSCRB5K65T6NVZ,200,1,2013,http://negativeyouth.net/tag/true-parameters/,
/tag/tumblr/,tag,20140317064225,text/html,8707,QADAJYKIATC6BKGN2DDIPHQABQZ6XD7O,200,2,2014,http://negativeyouth.net/tag/tumblr/,
/tag/twin-gemz/,tag,20131126121950,text/html,34309,K63ZT6P4X62RXC7V4PDMDLYRGUFN6JBU,200,7,2012;2013;2014;2015,http://negativeyouth.net/tag/twin-gemz/,
/tag/uforia/,tag,20131126121728,text/html,34988,QC2BPGHZILNDYFIOOMK4OSU274GG62SQ,200,11,2011;2012;2013;2014;2015,http://negativeyouth.net/tag/uforia/,
/tag/unicorn-kid/,tag,20131126092040,text/html,35203,T5D5RDL4OB6BKWPT7QUQ5J6XX7UHDJYP,200,6,2012;2013;2014,http://negativeyouth.net/tag/unicorn-kid/,
/tag/unison/,tag,20111227073926,text/html,21074,7YIOQTY2I5TFDI4HNDJTUCIR6J74AZXI,200,5,2011,http://negativeyouth.net/tag/unison/,
/tag/vagina-vangi/,tag,20110916145543,text/html,17635,PS2AD4K3JBR26QJ3QGLPQM5HEIASS537,200,2,2011,http://negativeyouth.net/tag/vagina-vangi/,
/tag/vally-girl/,tag,20121129064200,text/html,28245,L2LIEK2RDSKYQ32XLPHFQHUS4ZXFHMDG,200,1,2012,http://negativeyouth.net/tag/vally-girl/,
/tag/vegan-cannibal/,tag,20131126093451,text/html,36703,DYPS63TN52RMHUV2GZYO3LGVXW3C3G4P,200,8,2011;2013;2014;2015,http://negativeyouth.net/tag/vegan-cannibal/,
/tag/video/,tag,20131126100447,text/html,33429,HBG4ALZTKGODM7XV7OHPUK3P56YRPTP5,200,11,2011;2012;2013;2014;2015,http://negativeyouth.net/tag/video/,
/tag/wavves/,tag,20111225065153,text/html,18787,KJ62YREFDWK552BVDKK2UW2CXDQ25HDZ,200,4,2011,http://negativeyouth.net/tag/wavves/,
/tag/white-horse/,tag,20140317060738,text/html,8462,M77JAHJL642RFNYVF42SWTKQ4JFXJZXJ,200,2,2014,http://negativeyouth.net/tag/white-horse/,
/tag/white-ring/,tag,20131126122403,text/html,35547,DOMPKAC2U3AYXDIVXRMKCPZD2C7GAQB7,200,10,2011;2012;2013;2014;2015,http://negativeyouth.net/tag/white-ring/,
/tag/willow-smith/,tag,20110917085521,text/html,16198,JOF3BPCAAA2BSXWP5L77D4PXWHX3T2R5,200,3,2011,http://negativeyouth.net/tag/willow-smith/,
/tag/witch-house/,tag,20110718223132,text/html,16317,NHOTZ7GIYR7NRWA5XD3HV4IAPZCZM3RS,200,2,2011,http://negativeyouth.net/tag/witch-house/,
/tag/xwxwxwxwv/,tag,20121003072430,text/html,26168,7DNQHGN26XIE4SM3E2ZVEN6K3XEQ33O6,200,1,2012,http://negativeyouth.net/tag/xwxwxwxwv/,
/tag/yen-tech/,tag,20131126093456,text/html,33379,ZUDCTQV2JJPGJVHE33AOO75ZRQAM3J6B,200,1,2013,http://negativeyouth.net/tag/yen-tech/,
/tag/zola-jesus/,tag,20150220190938,text/html,10055,FMWRFT74NVSNDQSWVH2HH3GQBA2K3FCJ,200,3,2014;2015,http://negativeyouth.net/tag/zola-jesus/,
/tagged/alexico,page,20110207073102,text/html,6543,3CCYPFFSV5AGM4DNNCSQ2JQ64HS3G4OE,200,1,2011,http://negativeyouth.net/tagged/alexico,
/tagged/gatekeeper/,page,20140530004814,text/html,9221,CI7PTEAQU4CKHQLW64CFOFW765SZU2QK,200,1,2014,http://negativeyouth.net/tagged/gatekeeper/,
/tagged/video,page,20110207073106,text/html,11995,RXTHNVAUSIQRVKXKQLBYPTFYVMU2CKBS,200,1,2011,http://negativeyouth.net/tagged/video,
/tales-from-the-darkside/,post,20131126095716,text/html,33903,INC5CCJWOX4VS2PPDF3I6BZVOQZPUMVP,200,4,2012;2013;2014,http://negativeyouth.net/tales-from-the-darkside/,
/tales-from-the-darkside/feed/,feed,20140109195758,text/xml,841,4XJVSXABRY43OG6DVRAYFTN2TMRT4M4X,200,1,2014,http://negativeyouth.net/tales-from-the-darkside/feed/,
/tamara-sky-lil-death-m1xx_-v2-0/,post,20131126091513,text/html,34734,6XKBZOODIBRXKXY6PWSAPFCMG334E442,200,4,2012;2013;2014,http://negativeyouth.net/tamara-sky-lil-death-m1xx_-v2-0/,
/tamara-sky-lil-death-m1xx_-v2-0/feed/,feed,20140109191132,text/xml,871,KZNROD3AU44JN2JDKRPYVML7RGEPRMSB,200,1,2014,http://negativeyouth.net/tamara-sky-lil-death-m1xx_-v2-0/feed/,
/tamara-sky-lil-death/,post,20131126102131,text/html,35015,NCU5F7EENDKEP46GWSAVFHTFBTIOKODM,200,6,2011;2012;2013;2014,http://negativeyouth.net/tamara-sky-lil-death/,
/tamara-sky-lil-death/feed/,feed,20140110193105,text/xml,1325,SJEAZJPVJSSCP35PWT5ZQPVTNV32J4PC,200,1,2014,http://negativeyouth.net/tamara-sky-lil-death/feed/,
/tamara-sky-mixtape-para-long-clothing/,post,20131126085822,text/html,33768,5ZH7RNGXVJ5Z3E272DYKPGCCXUJCT7JQ,200,4,2012;2013;2014,http://negativeyouth.net/tamara-sky-mixtape-para-long-clothing/,
/tamara-sky-mixtape-para-long-clothing/feed/,feed,20140109193037,text/xml,855,GAKFRG3FV2OQPBTY5G6K4HKZYJGEW6A6,200,1,2014,http://negativeyouth.net/tamara-sky-mixtape-para-long-clothing/feed/,
/tannhausser-gate-obsession/,post,20131126085224,text/html,33651,DQPO5YRDSPSWI27L6HO3BJIL6VJQUCQP,200,3,2013;2014,http://negativeyouth.net/tannhausser-gate-obsession/,
/tannhausser-gate-obsession/feed/,feed,20140109192915,text/xml,833,MMT337V4Y4KYNWPMRO57MIGZBJATQAAY,200,1,2014,http://negativeyouth.net/tannhausser-gate-obsession/feed/,
/tarot/,post,20131126091903,text/html,33433,JM3XAKEJFPSBIGMCH42YG6Q4ZVJCWLS4,200,2,2013;2014,http://negativeyouth.net/tarot/,
/tarot/feed/,feed,20140109193705,text/xml,813,L3XWS5JBTIYO5OLQQAPURRUJJXDTCYWC,200,1,2014,http://negativeyouth.net/tarot/feed/,
/teaadora-2/,post,20110718224930,text/html,14867,SN34LXNUCNDG6QJRHTE74RSRNW47IRYP,200,2,2011,http://negativeyouth.net/teaadora-2/,
/teaadora/,post,20131126112406,text/html,33958,I4TMPED2YFSJH3DA4AOIPCW7LT3JNHJW,200,5,2011;2012;2013;2014,http://negativeyouth.net/teaadora/,
/teaadora/feed/,feed,20140110213919,text/xml,814,R3KJ42JMMQTP5SKWNL3DZHNFQN4E7TUP,200,1,2014,http://negativeyouth.net/teaadora/feed/,
/teamsincerity/,post,20131126104204,text/html,37006,23EVVZ3N2CM2VPUOJMYUXK4FNS7VEII5,200,4,2013;2014;2015,http://negativeyouth.net/teamsincerity/,
/teamsincerity/feed/,feed,20140111004954,text/xml,1354,NOB7ZJXTMMPRW64OCJ2UU2KEIHOEDNEQ,200,1,2014,http://negativeyouth.net/teamsincerity/feed/,
/tearist-disposition/,post,20131126092353,text/html,33375,QJAB2VD5T5PEMGLIUWYDAIMUTOGX52KW,200,8,2011;2012;2013;2014,http://negativeyouth.net/tearist-disposition/,
/tearist-disposition/feed/,feed,20140109191906,text/xml,838,RP6H57V5JDQ7TH4WJDJ366XQRIYV747F,200,1,2014,http://negativeyouth.net/tearist-disposition/feed/,
/tearist-unarmed/,post,20131126112455,text/html,33630,SLXQJGZIMOFRH54YTWFOQJFG6OSSSM4P,200,4,2012;2013;2014,http://negativeyouth.net/tearist-unarmed/,
/tearist-unarmed/feed/,feed,20140110213301,text/xml,837,5HSLJ47P7TGFG4HPOBV7BH557FGGLCET,200,1,2014,http://negativeyouth.net/tearist-unarmed/feed/,
/teehn-bwitches-b133d-n-d13/,post,20131126101341,text/html,33503,B3ZTM6VQXA6S7Y35JMN2GK7UBFD7LFGB,200,8,2011;2012;2013;2014,http://negativeyouth.net/teehn-bwitches-b133d-n-d13/,
/teehn-bwitches-b133d-n-d13/feed/,feed,20140110211930,text/xml,855,MVTRXW74I4HY7ILR6R33F4C25ASKYTCM,200,1,2014,http://negativeyouth.net/teehn-bwitches-b133d-n-d13/feed/,
/teehn-bwitches-escape/,post,20131126104329,text/html,34092,GQ7QRT2WN33IHHO2RSC6Z45RZPNOLD7R,200,3,2013;2014,http://negativeyouth.net/teehn-bwitches-escape/,
/teehn-bwitches-escape/feed/,feed,20140110213208,text/xml,1021,EJ5LNTVH6QN4QTYCIPX7EJ3G3JPKHPVR,200,1,2014,http://negativeyouth.net/teehn-bwitches-escape/feed/,
/teehn-bwitches-remain-mal003/,post,20131126084830,text/html,34708,Y7E6OU522MRC3FGKABBZJW4PKBEE7QYD,200,3,2013;2014,http://negativeyouth.net/teehn-bwitches-remain-mal003/,
/teehn-bwitches-remain-mal003/feed/,feed,20140109192335,text/xml,1473,IZIBI6HXHJNSQTMIUNR2YNR6XH2X3JGI,200,1,2014,http://negativeyouth.net/teehn-bwitches-remain-mal003/feed/,
/teen-witch-3d-slut-ii/,post,20131126093717,text/html,34065,G2L4EMO7OH4IPPHCN52IUFY7G5RO3P3T,200,5,2011;2012;2013;2014,http://negativeyouth.net/teen-witch-3d-slut-ii/,
/teen-witch-3d-slut-ii/feed/,feed,20140109203651,text/xml,1124,DDA775XCD5UIHZYQOJD7735B45S4GGNI,200,1,2014,http://negativeyouth.net/teen-witch-3d-slut-ii/feed/,
/teengirl-fantasy-dancing-in-slow-motion-2/,post,20110718223136,text/html,14799,GOGT6APLKF3YVEDOKVH6YABGH3722PMD,200,2,2011,http://negativeyouth.net/teengirl-fantasy-dancing-in-slow-motion-2/,
/teengirl-fantasy-dancing-in-slow-motion/,post,20131126120055,text/html,33743,N2PFAOEX2FOOC6ES5H5SPMCMMJLSEGII,200,6,2011;2012;2013;2014,http://negativeyouth.net/teengirl-fantasy-dancing-in-slow-motion/,
/teengirl-fantasy-dancing-in-slow-motion/feed/,feed,20140110214306,text/xml,876,3BLET52NZMYVIIXOQY2KJXALOWPXFWOR,200,1,2014,http://negativeyouth.net/teengirl-fantasy-dancing-in-slow-motion/feed/,
/teengirl-fantasy-efx-feat-kelela/,post,20131126084426,text/html,33727,H35ZWMEZVBJBYPV6H6DALNSENMXEX63I,200,4,2012;2013;2014,http://negativeyouth.net/teengirl-fantasy-efx-feat-kelela/,
/teengirl-fantasy-efx-feat-kelela/feed/,feed,20140109194950,text/xml,872,ITVVPQ4FRKSSKS7OHBSPT3T3NVAXW7JH,200,1,2014,http://negativeyouth.net/teengirl-fantasy-efx-feat-kelela/feed/,
/teengirl-fantasy-end/,post,20131126104322,text/html,34183,5YW62M5IBZ72JQRSQGP3ALIWYWJ7C7WH,200,4,2012;2013;2014,http://negativeyouth.net/teengirl-fantasy-end/,
/teengirl-fantasy-end/feed/,feed,20140110212328,text/xml,1148,4QT7BJJ3J3BBKSNYHBDJSCBKJFONVXH3,200,1,2014,http://negativeyouth.net/teengirl-fantasy-end/feed/,
/teengirl-fantasy-motif/,post,20131126082521,text/html,33888,SNMFRM7GEMYTQVFHYL2W3R7V6GRBFYW2,200,4,2012;2013;2014,http://negativeyouth.net/teengirl-fantasy-motif/,
/teengirl-fantasy-motif/feed/,feed,20140109191852,text/xml,1058,SPUGA26MIM3HO4XBKKQUG3RPLRTAYX3U,200,1,2014,http://negativeyouth.net/teengirl-fantasy-motif/feed/,
/teeth-care-bear/,post,20131126094242,text/html,34389,FAGPXN7J36YRXZJVUMHN2HZV3527CV26,200,7,2011;2012;2013;2014,http://negativeyouth.net/teeth-care-bear/,
/teeth-care-bear/feed/,feed,20140109203422,text/xml,1314,LFD4KEXYBJGU65RZ5IYHI5T7QS7YGE7P,200,1,2014,http://negativeyouth.net/teeth-care-bear/feed/,
/teeth-flowers/,post,20131126104655,text/html,33929,XBZSJVMQLHSB2PEXJMDVYGR46JGXALYB,200,5,2011;2012;2013;2014,http://negativeyouth.net/teeth-flowers/,
/teeth-flowers/feed/,feed,20140110213931,text/xml,835,RP4TXA4LJSWT3V4E2ZMNOK4QS4JIA7UF,200,1,2014,http://negativeyouth.net/teeth-flowers/feed/,
/telenovela-fantasmux-ii/,post,20131126125624,text/html,33916,6YDMAXUGYFSEVGJIIJ54P7O4AGIPHD4K,200,4,2012;2013;2014,http://negativeyouth.net/telenovela-fantasmux-ii/,
/telenovela-fantasmux-ii/feed/,feed,20140110222527,text/xml,842,AITNY3IY3NDFY6V2WE74AVRP3BNAFAWF,200,1,2014,http://negativeyouth.net/telenovela-fantasmux-ii/feed/,
/telenovela-fantasmux/,post,20131126113103,text/html,34850,QTJ454TYBC4WOREGUMLBVDEESB2BK3JR,200,8,2011;2012;2013;2014,http://negativeyouth.net/telenovela-fantasmux/,
/telenovela-fantasmux/feed/,feed,20140110214950,text/xml,1120,64EMPEFSN632YV674ZWEZK2W5R5U2YJA,200,1,2014,http://negativeyouth.net/telenovela-fantasmux/feed/,
/telepathe-throw-away-this/,post,20131126122353,text/html,33793,XA5DDD5I3EC2VPU4W3IC5VA4EWW5BQJU,200,9,2011;2012;2013;2014,http://negativeyouth.net/telepathe-throw-away-this/,
/telepathe-throw-away-this/feed/,feed,20140110214211,text/xml,855,ELX4ZHMNPGNSAOQYK3BCOBESTJXOMLKD,200,1,2014,http://negativeyouth.net/telepathe-throw-away-this/feed/,
/tell-me/,post,20131126084237,text/html,33621,IYMVY5T2Z7NZFT2TNKV44FTUTWFJTLYI,200,2,2013;2014,http://negativeyouth.net/tell-me/,
/tell-me/feed/,feed,20140109182950,text/xml,817,CD2BJ4J5TB3EBHPLIWKHMPZNWND4CX6W,200,1,2014,http://negativeyouth.net/tell-me/feed/,
/the-airplane-boys-alignment/,post,20131126122321,text/html,33909,XYZXKHSYCFEGEDPB56T75WEXHFUKAWSW,200,4,2012;2013;2014,http://negativeyouth.net/the-airplane-boys-alignment/,
/the-airplane-boys-alignment/feed/,feed,20140110214127,text/xml,858,MHE3AI4AG5NOVNSDHM62KBAOBHY22LCF,200,1,2014,http://negativeyouth.net/the-airplane-boys-alignment/feed/,
/the-architect/,post,20131126091845,text/html,33740,N7A6VLJ73LMU53FZ3VC5N6KNOGIBDEXI,200,2,2013;2014,http://negativeyouth.net/the-architect/,
/the-architect/feed/,feed,20140109191905,text/xml,824,P5H75RQ24XFGFVNSTUFM47ABGZQ7KFSP,200,1,2014,http://negativeyouth.net/the-architect/feed/,
/the-eternal-internet-brotherhood/,post,20131126084308,text/html,37000,2EXDZBFJHHEE5JZELICTOKI6BOCUKQR4,200,2,2013;2014,http://negativeyouth.net/the-eternal-internet-brotherhood/,
/the-eternal-internet-brotherhood/feed/,feed,20140109192732,text/xml,850,BGUIR5ZHX6H3M63AYL4NEZ7BTIK6ULT2,200,1,2014,http://negativeyouth.net/the-eternal-internet-brotherhood/feed/,
/the-firm/,post,20140102150856,text/html,9533,QBLXMKZD4XZWVEAOHVS3PHDOVIKD5CBJ,200,1,2014,http://negativeyouth.net/the-firm/,
/the-internet-fastlane-cocaine/,post,20131126092518,text/html,34523,L32LMEYQTBKGPAAPESJJWR7Y4TPPPUXJ,200,4,2012;2013;2014,http://negativeyouth.net/the-internet-fastlane-cocaine/,
/the-internet-fastlane-cocaine/feed/,feed,20140109194418,text/xml,863,NFCOD2EH2JY5TCJB5HQZ4FLYFRG34ZKX,200,1,2014,http://negativeyouth.net/the-internet-fastlane-cocaine/feed/,
/the-prince-is-coming-video/,post,20131126090318,text/html,33393,SEWN5OXSZL7VU4RMYKG53ELJ5BMBH66Q,200,3,2013;2014,http://negativeyouth.net/the-prince-is-coming-video/,
/the-prince-is-coming-video/feed/,feed,20140109195035,text/xml,853,KQVI42J37LLI4WWBSDVARRZX2ICET3RC,200,1,2014,http://negativeyouth.net/the-prince-is-coming-video/feed/,
/the-prince-is-coming/,post,20131126090438,text/html,33715,YDKBESU7CBTHYXF6LOSHVNCTN5TRYLTF,200,3,2013;2014,http://negativeyouth.net/the-prince-is-coming/,
/the-prince-is-coming/feed/,feed,20140109193541,text/xml,837,DXXZYKMLGIBEE7O7SGIR62HECV36LE5E,200,1,2014,http://negativeyouth.net/the-prince-is-coming/feed/,
/the-ring-modulator/,post,20131126113517,text/html,33745,LGV45LYYCJRFFDTCRY3KP4YHEQ6WAGUB,200,2,2013;2014,http://negativeyouth.net/the-ring-modulator/,
/the-ring-modulator/feed/,feed,20140110214826,text/xml,829,GN3TSKQ2I4P2R7D47C4JLSXV4X2QLTXW,200,1,2014,http://negativeyouth.net/the-ring-modulator/feed/,
/the-weeknd/,post,20131126090240,text/html,33872,F5C4CH6D6S2XQBLA26VZEXC5CMREMG5U,200,8,2011;2012;2013;2014,http://negativeyouth.net/the-weeknd/,
/the-weeknd/feed/,feed,20140109192134,text/xml,820,A6IQN7RHY7RPR6TJX2SHE456GYJV5KXX,200,1,2014,http://negativeyouth.net/the-weeknd/feed/,
/the-whendays-untru-love-ii/,post,20131126095755,text/html,34465,I2NORSU7B6OOBBFZN2FZDMECUOECB6JO,200,4,2012;2013;2014,http://negativeyouth.net/the-whendays-untru-love-ii/,
/the-whendays-untru-love-ii/feed/,feed,20140109201748,text/xml,856,IOL5V325PYWW4ZQJ6SA6FS6CQ555GEZE,200,1,2014,http://negativeyouth.net/the-whendays-untru-love-ii/feed/,
/theblackgod/,post,20131126082615,text/html,33624,VSNPJ5D2X7WJWD4ULLVCAGVOFOFACOEH,200,4,2013;2014,http://negativeyouth.net/theblackgod/,
/theblackgod/feed/,feed,20140109184415,text/xml,848,XQVEZVTKF3YL6HVVBRZK3I7BAAIHCZUR,200,1,2014,http://negativeyouth.net/theblackgod/feed/,
/thee-negative-slave-2/,post,20131126110932,text/html,34326,QDLL3BCYJWKJWPPBO7S4LBSGJQPTU6S3,200,8,2011;2012;2013;2014,http://negativeyouth.net/thee-negative-slave-2/,
/thee-negative-slave-2/feed/,feed,20140110213955,text/xml,829,W2UBXDY3Q3ABG56CHDISNTNL2FOKTDNR,200,1,2014,http://negativeyouth.net/thee-negative-slave-2/feed/,
/thee-physical-remixes/,post,20131126094113,text/html,34515,CE65VAFJC6GOZIRK53JJDC6ZZDGHR6LY,200,5,2012;2013;2014,http://negativeyouth.net/thee-physical-remixes/,http://negativeyouth.net/thee-physical-remixes/?
/thee-physical-remixes/feed/,feed,20140109201233,text/xml,1166,TVM4WIKOU7W2YGD3TWO5K7KWUJHJXIGO,200,1,2014,http://negativeyouth.net/thee-physical-remixes/feed/,
/thee-physical/,post,20131126093724,text/html,34165,XTKCIYYRCB2JZVGXGQR4VOCS3PKQDF6Z,200,8,2011;2012;2013;2014,http://negativeyouth.net/thee-physical/,
/thee-physical/feed/,feed,20140109202005,text/xml,1146,672KTVUFQSBCPG5KCMVSZKAG22OQOYNQ,200,1,2014,http://negativeyouth.net/thee-physical/feed/,
/theephysical-com/,post,20131126110413,text/html,34802,TFQMEZWSYRJUMSWAXD32HWEJRDPU6K3I,200,7,2011;2012;2013;2014,http://negativeyouth.net/theephysical-com/,
/theephysical-com/feed/,feed,20140110213322,text/xml,1191,R63D3RVTDI2FAB4VBRRM5YDZ3Q3AWUHT,200,1,2014,http://negativeyouth.net/theephysical-com/feed/,
/think-change/,post,20131126095537,text/html,33558,P2G2DSDPKQTZN2AJYXFIYP277PIPXQ43,200,3,2013;2014,http://negativeyouth.net/think-change/,
/think-change/feed/,feed,20140109203839,text/xml,831,KGSD7DQ6GIVQ2GAHOVHX2V7PVSB5JJLX,200,1,2014,http://negativeyouth.net/think-change/feed/,
/this-is-for-the-ones-who-care/,post,20131126100817,text/html,33883,7OFRZCUPRXUDCBR7GGB24VVI7HOONUVK,200,3,2013;2014,http://negativeyouth.net/this-is-for-the-ones-who-care/,
/this-is-for-the-ones-who-care/feed/,feed,20140109202359,text/xml,850,TNFYDIIFNFYSMESZICMPZIQJBPMO3NMY,200,1,2014,http://negativeyouth.net/this-is-for-the-ones-who-care/feed/,
/thursday/,post,20131126112647,text/html,33476,DJGU74ZBW5BYSBSHMUZX6NIMNSH4V42L,200,5,2011;2012;2013;2014,http://negativeyouth.net/thursday/,
/thursday/feed/,feed,20140110213759,text/xml,817,GJCM7LSFFEQIJRTC57QFCGC3STA3GZI3,200,1,2014,http://negativeyouth.net/thursday/feed/,
/tony-gallardo-ii-lider-juvenil-ep/,post,20131126093545,text/html,34270,NFM547SNSJL6QL4QBKKDFCCINLFZVGMJ,200,4,2012;2013;2014,http://negativeyouth.net/tony-gallardo-ii-lider-juvenil-ep/,
/tony-gallardo-ii-lider-juvenil-ep/feed/,feed,20140109201506,text/xml,875,A5RU42NCB4RVDYLNMQG4A6J44DIBQPIN,200,1,2014,http://negativeyouth.net/tony-gallardo-ii-lider-juvenil-ep/feed/,
/toro-y-moi-freaking-out-ep/,post,20131126100713,text/html,34688,FLPH5BQGKVWCAQMJXMIXDH57NVEA4MRV,200,5,2011;2012;2013;2014,http://negativeyouth.net/toro-y-moi-freaking-out-ep/,
/toro-y-moi-freaking-out-ep/feed/,feed,20140109202852,text/xml,867,43PZMKGP6TDCBXCI4JAVZYHGA3AS5SKP,200,1,2014,http://negativeyouth.net/toro-y-moi-freaking-out-ep/feed/,
/total-accomplishment-pigfat/,post,20131126105856,text/html,33832,5NKB7NKIKZMSWY75ZRYV2EKGU7DRNYA2,200,4,2012;2013;2014,http://negativeyouth.net/total-accomplishment-pigfat/,
/total-accomplishment-pigfat/feed/,feed,20140111004941,text/xml,857,QUCVSMHN2UE5B2IPQV7DVVCRTEF3XKAS,200,1,2014,http://negativeyouth.net/total-accomplishment-pigfat/feed/,
/total-accoplishment-live/,post,20131126121810,text/html,34555,TRUYIJBV7RLMFOVA4PA7WKUC7KYN526X,200,7,2011;2012;2013;2014,http://negativeyouth.net/total-accoplishment-live/,
/total-accoplishment-live/feed/,feed,20140110215920,text/xml,840,7RLSMOGF764IBGWO2H7FFMJ2ODF7OZTF,200,1,2014,http://negativeyouth.net/total-accoplishment-live/feed/,
/total-recall-minimix/,post,20131126113301,text/html,33664,74GEMPC5S6FKOFWFWKCMU3P2TDZNFOZ7,200,4,2012;2013;2014,http://negativeyouth.net/total-recall-minimix/,
/total-recall-minimix/feed/,feed,20140110220900,text/xml,840,GEEGPEZBLCDNBX2KIRBVJCUROLXQSUVT,200,1,2014,http://negativeyouth.net/total-recall-minimix/feed/,
/trade/,post,20131126084320,text/html,33960,NTVAESQJMSWET4K5ZSTLBIYN4ABFQGSJ,200,3,2013;2014,http://negativeyouth.net/trade/,
/trade/feed/,feed,20140109191756,text/xml,812,SBICOBDGDUHSB6QNVEIC4N7GG5S54GVT,200,1,2014,http://negativeyouth.net/trade/feed/,
/trance-forever/,post,20131126102253,text/html,33719,YEQSG7QLQMKOHLNTGTIFCMASGUSVKUDM,200,6,2011;2012;2013;2014,http://negativeyouth.net/trance-forever/,
/trance-forever/feed/,feed,20140110190457,text/xml,826,XHP3R2MGFTUXPH5SDYW6IMIZDAR42ZLA,200,1,2014,http://negativeyouth.net/trance-forever/feed/,
/tree-drum-remixes/,post,20131126085144,text/html,33866,LSQMLZUEHMEQH6RTJJJEEL4L7L6PPFBA,200,4,2012;2013;2014,http://negativeyouth.net/tree-drum-remixes/,
/tree-drum-remixes/feed/,feed,20140109194412,text/xml,833,2BG2IGEID4UZTDYQNQGGR7WEC7KZ5YQ6,200,1,2014,http://negativeyouth.net/tree-drum-remixes/feed/,
/triad-god-i-never-told-you/,post,20131126092319,text/html,34088,LAIGS3LUPUHWFPMUYXYE56EARHDZCZ6H,200,4,2012;2013;2014,http://negativeyouth.net/triad-god-i-never-told-you/,
/triad-god-i-never-told-you/feed/,feed,20140109191725,text/xml,854,HRFYSQMXZWV6U6ZNWXEX7W2TCQX7YFJ4,200,1,2014,http://negativeyouth.net/triad-god-i-never-told-you/feed/,
/troll-city/,post,20131126093521,text/html,33496,ICGA6FX5NB52F7BWPQJZFX4O4FB6CPG2,200,3,2013;2014,http://negativeyouth.net/troll-city/,
/troll-city/feed/,feed,20140109203703,text/xml,822,FQWTK4QLCNVMU2ZTFDMPDDWTAHH24FS5,200,1,2014,http://negativeyouth.net/troll-city/feed/,
/troller/,post,20131126084112,text/html,34065,GJBGJR6C7WYCMGURCE3IQWC5FTVJ4S3L,200,4,2012;2013;2014,http://negativeyouth.net/troller/,
/troller/feed/,feed,20140109183315,text/xml,816,K5YEX3EZPYTHCXMU6LMVIMNJL2Q7S3I4,200,1,2014,http://negativeyouth.net/troller/feed/,
/trust-sulk/,post,20131126082756,text/html,33499,KLFNB4T37USFGQUZQUFO6GU3P3JUQTRF,200,4,2012;2013;2014,http://negativeyouth.net/trust-sulk/,
/trust-sulk/feed/,feed,20140109185240,text/xml,830,QOG53BIHUTQSPIBGPAFHSQTHRTUCGRUC,200,1,2014,http://negativeyouth.net/trust-sulk/feed/,
/tuareg-geeks-uprise/,post,20131126105853,text/html,34388,ZZBA77JKCAXGN7KWOLID6LBD4GRCOGZW,200,4,2012;2013;2014,http://negativeyouth.net/tuareg-geeks-uprise/,
/tuareg-geeks-uprise/feed/,feed,20140111005028,text/xml,1171,MIFPS3XUSWV6Q5264O4XPYTFFPI3VJMM,200,1,2014,http://negativeyouth.net/tuareg-geeks-uprise/feed/,
/twin-gemz-car-windows/,post,20131126094126,text/html,33893,RZ3T264KWWEUAIFS2Q6T6KGWZNLFL4RC,200,5,2011;2012;2013;2014,http://negativeyouth.net/twin-gemz-car-windows/,
/twin-gemz-car-windows/feed/,feed,20140109204334,text/xml,847,IDWN2GCDNOKR5LB7YMA3YL5IGEGLJ5YZ,200,1,2014,http://negativeyouth.net/twin-gemz-car-windows/feed/,
/twin-gemz-strange-luv-magik/,post,20131126092425,text/html,33848,7H457NIACGZJAFUB7CUDRTMW5NYBNO67,200,4,2012;2013;2014,http://negativeyouth.net/twin-gemz-strange-luv-magik/,
/twin-gemz-strange-luv-magik/feed/,feed,20140109190632,text/xml,863,N676XSVZRVXTMAL7FIR5TPWHILSODTHA,200,1,2014,http://negativeyouth.net/twin-gemz-strange-luv-magik/feed/,
/twin-gemz-summer-slaying/,post,20131126093643,text/html,33881,YTW3WYR3Z42A7TFMWZKAP4FWD5U3N5GI,200,4,2012;2013;2014,http://negativeyouth.net/twin-gemz-summer-slaying/,
/twin-gemz-summer-slaying/feed/,feed,20140109202928,text/xml,854,XAJXKXBJDVWQGCHXLQINLDLEO3D4HE6F,200,1,2014,http://negativeyouth.net/twin-gemz-summer-slaying/feed/,
/twin-gemz/,post,20131126095810,text/html,34779,MTV2KXHPVWIUM7YOKE6Q63JACJNODRLX,200,6,2011;2012;2013;2014,http://negativeyouth.net/twin-gemz/,
/twin-gemz/feed/,feed,20140109203234,text/xml,1156,HBO5TU3YWWOW4AUSOR73VP2MVMWUFRKK,200,1,2014,http://negativeyouth.net/twin-gemz/feed/,
/tyler-the-creator-ofwgkta-2/,post,20131126104625,text/html,34624,C6SZ4IBNJFDVE6EEB2TW5GIYRIZRRDJP,200,8,2011;2012;2013;2014,http://negativeyouth.net/tyler-the-creator-ofwgkta-2/,
/tyler-the-creator-ofwgkta-2/feed/,feed,20140110213509,text/xml,851,ZPYT3PCSOGM2ATBSEZNWC7H5HGXRCGOY,200,1,2014,http://negativeyouth.net/tyler-the-creator-ofwgkta-2/feed/,
/udown-kit/,post,20131126093235,text/html,33557,AGCRPU47B3BPS3K5PDYVFX5PLVP4W3MG,200,3,2013;2014,http://negativeyouth.net/udown-kit/,
/udown-kit/feed/,feed,20140109202829,text/xml,821,3DYP4VBPIS3S3ZCPJSSCHPMZOQKYQR3Y,200,1,2014,http://negativeyouth.net/udown-kit/feed/,
/uforia-grimes-deon-en-mexico-2/,post,20131126094751,text/html,36035,RXDP5FZD75CX6X4EA4QTIVEFOA4OVEMB,200,8,2011;2012;2013;2014,http://negativeyouth.net/uforia-grimes-deon-en-mexico-2/,
/uforia-grimes-deon-en-mexico-2/feed/,feed,20140109200000,text/xml,1143,X47UYBEUAFDX6QE34L4NHYWKBZQG3IMS,200,1,2014,http://negativeyouth.net/uforia-grimes-deon-en-mexico-2/feed/,
/unbear/,post,20131126093650,text/html,34453,4VNZXZ3C7DN2GQMG75Q45DMG5SM4UWIB,200,3,2013;2014,http://negativeyouth.net/unbear/,
/unbear/feed/,feed,20140109204411,text/xml,811,RKMFL5B54YJDTFOYYC4226YV24M6WWEQ,200,1,2014,http://negativeyouth.net/unbear/feed/,
/unicorn-kid-boys-of-paradise/,post,20131126125902,text/html,33982,6N73AY7CQYNKXOSI2ROODSANVJQRU5UN,200,5,2011;2012;2013;2014,http://negativeyouth.net/unicorn-kid-boys-of-paradise/,
/unicorn-kid-boys-of-paradise/feed/,feed,20140111005527,text/xml,860,V73677VQ2VSKSU5ZOSBHRPRUFLQ2GGDJ,200,1,2014,http://negativeyouth.net/unicorn-kid-boys-of-paradise/feed/,
/unicorn-kid-need-u/,post,20131126090322,text/html,33590,CKGEI6JAYJU2FGUEZX3BIFAIVGMBKGNU,200,3,2013;2014,http://negativeyouth.net/unicorn-kid-need-u/,
/unicorn-kid-need-u/feed/,feed,20140109191850,text/xml,844,5YWWOOXQEL5ROU4MZK2RQE3B7QYNVBNU,200,1,2014,http://negativeyouth.net/unicorn-kid-need-u/feed/,
/unicorn-kid/,post,20131126084259,text/html,33682,7GYBYSP32I3QD4EPYOKB5E6V642TBE3Z,200,4,2012;2013;2014,http://negativeyouth.net/unicorn-kid/,
/unicorn-kid/feed/,feed,20140109190954,text/xml,824,XUPGM4NPLKX7BHO2ZLXZHOQK5ACLETHL,200,1,2014,http://negativeyouth.net/unicorn-kid/feed/,
/unicorn-slut/,post,20131126100512,text/html,34016,DI5QXL2HJGCDPDAU5WPKUBXK6N643BJ4,200,5,2012;2013;2014,http://negativeyouth.net/unicorn-slut/,
/unicorn-slut/feed/,feed,20140109201758,text/xml,826,USMTFSHTY26V4HHD2QDPGAY6JK7MVXMV,200,1,2014,http://negativeyouth.net/unicorn-slut/feed/,
/unison-blood-blood-blood-2/,post,20110718225509,text/html,15200,3BYSPWMDRHXKIDHCTU65346QFUL4EL4Q,200,2,2011,http://negativeyouth.net/unison-blood-blood-blood-2/,
/unison-blood-blood-blood/,post,20131126094712,text/html,34216,VTJ257XEDTJ5DHPK7IIIHPJFQORY7BYU,200,6,2011;2013;2014,http://negativeyouth.net/unison-blood-blood-blood/,
/unison-blood-blood-blood/feed/,feed,20140109202330,text/xml,840,XDA3AQZFMDVI2VLZKKALMOU3V2PGBLMJ,200,1,2014,http://negativeyouth.net/unison-blood-blood-blood/feed/,
/unison-brothers-sisters-live/,post,20131126095732,text/html,33637,MA4IDRYVKG4OVUKB5TCZ33HLQSNHJZHO,200,4,2011;2013;2014,http://negativeyouth.net/unison-brothers-sisters-live/,
/unison-brothers-sisters-live/feed/,feed,20140109204110,text/xml,864,47IPY7G24X5OY5TVVER7NJ5NZ4FA5IWS,200,1,2014,http://negativeyouth.net/unison-brothers-sisters-live/feed/,
/united-nation/,post,20131126110833,text/html,37101,TTMLM2FI3NQKX45VEBTELQB2FEYQHHTO,200,5,2011;2012;2013;2014,http://negativeyouth.net/united-nation/,
/united-nation/feed/,feed,20140110213623,text/xml,820,GIZW3JTQMCY2XVCDGGKOZIWU3JSHQFIZ,200,1,2014,http://negativeyouth.net/united-nation/feed/,
/unpopshopness/,post,20131126110524,text/html,34159,5QUYNXQETVZXZ6KVJHHCAY3FKX75QOC5,200,5,2011;2012;2013;2014,http://negativeyouth.net/unpopshopness/,
/unpopshopness/feed/,feed,20140110212419,text/xml,1036,5WVEXTFJAD4ON6QG6DHTV2IDNXZUWORQ,200,1,2014,http://negativeyouth.net/unpopshopness/feed/,
/user-69/,post,20131126082708,text/html,34687,HXFJWOAKFPL3CLXBNGUUAFE2R6N73DPK,200,4,2012;2013;2014,http://negativeyouth.net/user-69/,
/user-69/feed/,feed,20140109184444,text/xml,1279,LKHLZ5ZAZ7NRHB2EOWXYACXKLUZBLDNS,200,1,2014,http://negativeyouth.net/user-69/feed/,
/vagina-vangi-locked-forever/,post,20131126122428,text/html,34366,RUZQC5WMREBC7GZC3WMW6T2EWHYB6SNK,200,7,2011;2012;2013;2014,http://negativeyouth.net/vagina-vangi-locked-forever/,
/vagina-vangi-locked-forever/feed/,feed,20140110214822,text/xml,859,B7Y4BLTNHS5VSCTIUJHNBR7HMSGFX77J,200,1,2014,http://negativeyouth.net/vagina-vangi-locked-forever/feed/,
/vally-girl-4g/,post,20131126095631,text/html,34427,AS3WOHZQTVT4XTJQEQQOEA6N2CEP47Y7,200,6,2012;2013;2014,http://negativeyouth.net/vally-girl-4g/,
/vally-girl-4g/feed/,feed,20140109204414,text/xml,837,RZYJOKIIAYJXPJQJEPVMXVDKW3ZJ4WJI,200,2,2012;2014,http://negativeyouth.net/vally-girl-4g/feed/,
/vegan-cannibal/,post,20131126093612,text/html,34520,CRF2YCDUGA3B4OI7X3KQS7NW7FL6P4J6,200,7,2011;2012;2013;2014,http://negativeyouth.net/vegan-cannibal/,
/vegan-cannibal/feed/,feed,20140109204245,text/xml,825,XR7MODFQV36CFW3DATHAXBQEKUNS4B6A,200,1,2014,http://negativeyouth.net/vegan-cannibal/feed/,
/vermz-in-search-of-downers-pt-1-mal007/,post,20131126093449,text/html,33766,ZFZ4Y4HULL7RO36QIGSV6T26EQBR4JQF,200,3,2013;2014,http://negativeyouth.net/vermz-in-search-of-downers-pt-1-mal007/,
/vermz-in-search-of-downers-pt-1-mal007/feed/,feed,20140109200746,text/xml,880,L2PBDTVWMP4UIGH2LJVO6GCKNUC2DPOF,200,1,2014,http://negativeyouth.net/vermz-in-search-of-downers-pt-1-mal007/feed/,
/vermz-la-petite-mort/,post,20131126102509,text/html,33731,YS2EJRCR6QIJ3SXZFB2XTWLZ7XIEQGHQ,200,3,2013;2014,http://negativeyouth.net/vermz-la-petite-mort/,
/vermz-la-petite-mort/feed/,feed,20140110212943,text/xml,846,5F7FOB7EMO3S5476YBVABCCI53OOBE4D,200,1,2014,http://negativeyouth.net/vermz-la-petite-mort/feed/,
/vi/,post,20131126085335,text/html,33711,2KI7Y7BJS3WXPXV46IY6VNNRK56ZMPOA,200,4,2012;2013;2014,http://negativeyouth.net/vi/,
/vi/feed/,feed,20140109200446,text/xml,807,CU6GUYSQLZAN2AZNRTXVBI3SCHATV4BN,200,1,2014,http://negativeyouth.net/vi/feed/,
/vicki-leekx-2/,post,20110718230128,text/html,14473,4DDYRH5I6Z4KV3SOFGRDMLXJ26R6TX5C,200,2,2011,http://negativeyouth.net/vicki-leekx-2/,
/vicki-leekx/,post,20131126094249,text/html,33550,74HTDUAAVKB7TMYAABTF7HKJSPNXEPIB,200,5,2011;2012;2013;2014,http://negativeyouth.net/vicki-leekx/,
/vicki-leekx/feed/,feed,20140109200948,text/xml,821,TQK3FEUDCZ6JHP3ERSQMO7E6ZNWPGACV,200,1,2014,http://negativeyouth.net/vicki-leekx/feed/,
/vid-nar-mitt-blod-pumpar-i-dig/,post,20131126094602,text/html,33765,GKEOH2ZHEWRPXH4J7GQWQKBUQ2FSVFVF,200,4,2012;2013;2014,http://negativeyouth.net/vid-nar-mitt-blod-pumpar-i-dig/,
/vid-nar-mitt-blod-pumpar-i-dig/feed/,feed,20140109202721,text/xml,872,GJPARGO2RDDVD3367TTQWONBWUK3FH7L,200,1,2014,http://negativeyouth.net/vid-nar-mitt-blod-pumpar-i-dig/feed/,
/video-not-in-love-2/,post,20110718230133,text/html,14667,RD2IIA2R56PIQZ24GP7WWPF3F4WWU7CY,200,2,2011,http://negativeyouth.net/video-not-in-love-2/,
/video-salem-king-night/,post,20131126112333,text/html,33880,U32OE5TGDZRSDMQRGYUDZONOHUSZ7XFQ,200,5,2011;2012;2013;2014,http://negativeyouth.net/video-salem-king-night/,
/video-salem-king-night/feed/,feed,20140111005450,text/xml,1052,ICZVOUX4NMD4LYJBYHUGFU744H7O3QRE,200,1,2014,http://negativeyouth.net/video-salem-king-night/feed/,
/video-sleep-%E2%88%9E-over-casual-diamond/,post,20131126091943,text/html,33621,ROVV7DVOGJQGGOTGY5EKOCG27RW3B6SQ,200,6,2011;2012;2013;2014,http://negativeyouth.net/video-sleep-%E2%88%9E-over-casual-diamond/,http://negativeyouth.net/video-sleep-%e2%88%9e-over-casual-diamond/
/video-sleep-%E2%88%9E-over-casual-diamond/feed/,feed,20140109193529,text/xml,887,Y4NPSYD5V2ZKQUUCOBAFLNI6OG44K4TC,200,1,2014,http://negativeyouth.net/video-sleep-%e2%88%9e-over-casual-diamond/feed/,
/vnv-nation-automatic/,post,20131126094738,text/html,33742,N3A34C7JQ5ADKY7EJCSAJV5Y6TNT5CKP,200,5,2011;2012;2013;2014,http://negativeyouth.net/vnv-nation-automatic/,
/vnv-nation-automatic/feed/,feed,20140109195725,text/xml,854,TBKLL7J6KADW4TTKSWJYYDH5YK6T6FGV,200,1,2014,http://negativeyouth.net/vnv-nation-automatic/feed/,
/volume-control/,post,20131126084621,text/html,33500,GNRWDXPYSZDI73ITQDXA6ABHW7M5KXOR,200,3,2013;2014,http://negativeyouth.net/volume-control/,
/volume-control/feed/,feed,20140109192843,text/xml,828,FYMG22RLVZCPLSDX6T2DNANUWET2SZTQ,200,1,2014,http://negativeyouth.net/volume-control/feed/,
/waka-flocka-flame-murda/,post,20131126083058,text/html,33870,KY5G52K6PQKYHHDYYADTXCZ7PIHJ5GYG,200,4,2012;2013;2014,http://negativeyouth.net/waka-flocka-flame-murda/,
/waka-flocka-flame-murda/feed/,feed,20140109184010,text/xml,872,KLOPPPD5JLTCPHHLZS2KO5DZRWFJDBJE,200,1,2014,http://negativeyouth.net/waka-flocka-flame-murda/feed/,
/wanderlust/,post,20131126084227,text/html,33476,Y6SOM3KBCIZ7T265Y4QZUVJPGBXOF5ON,200,3,2013;2014,http://negativeyouth.net/wanderlust/,
/wanderlust/feed/,feed,20140109182452,text/xml,819,6FRRLWZPS42GULEZQDSNRFT6WL6TMAUP,200,1,2014,http://negativeyouth.net/wanderlust/feed/,
/warpaint-the-fool-2/,post,20131126125941,text/html,34005,NLAQD5AKITUE42P6ZKTOJF3TKBBN527J,200,8,2011;2012;2013;2014,http://negativeyouth.net/warpaint-the-fool-2/,
/warpaint-the-fool-2/feed/,feed,20140110222340,text/xml,843,BS3EDBDO6ATV22Z4H6LPTAESN7KEX52A,200,1,2014,http://negativeyouth.net/warpaint-the-fool-2/feed/,
/wassup-asap-rocky/,post,20131126095803,text/html,33588,WJ33FEJ7ZYQAR4EVQZAHTHVWH6D57QQB,200,4,2012;2013;2014,http://negativeyouth.net/wassup-asap-rocky/,
/wassup-asap-rocky/feed/,feed,20140109204342,text/xml,832,433PFVKG2LLBKNJ5HBN6HCQLKCWLC2CG,200,1,2014,http://negativeyouth.net/wassup-asap-rocky/feed/,
/wavves-mutant-2/,post,20110718223151,text/html,14658,DLFVJNVY7GR5MBW5K6MELURGVZYOY6VD,200,2,2011,http://negativeyouth.net/wavves-mutant-2/,
/wavves-mutant/,post,20131126125659,text/html,33693,VIH53WXREGK24Q7774FBHK6LVXCBI5IG,200,6,2011;2012;2013;2014,http://negativeyouth.net/wavves-mutant/,
/wavves-mutant/feed/,feed,20140110222206,text/xml,833,WEZFMAHB52L4EFGVQWDOPABCFCCDQWP5,200,1,2014,http://negativeyouth.net/wavves-mutant/feed/,
/wavves-rolling-papers-2/,post,20110718223156,text/html,14403,SHBJG7XHLOAGPVQWXBSBEY3APVHCQPLW,200,2,2011,http://negativeyouth.net/wavves-rolling-papers-2/,
/wavves-rolling-papers/,post,20131126094255,text/html,33347,KO4Z7XTSGERDZBU24MEK2FJLIZ43QB3U,200,5,2011;2012;2013;2014,http://negativeyouth.net/wavves-rolling-papers/,
/wavves-rolling-papers/feed/,feed,20140109203311,text/xml,837,DDH4QAA6HLBTQS5N5QRRD5BL3I3TWQM6,200,1,2014,http://negativeyouth.net/wavves-rolling-papers/feed/,
/weekend-update-ii/,post,20131126100926,text/html,35072,PS7N24WUFG73PZMXT7HO3NMQGLIEAU5N,200,4,2012;2013;2014,http://negativeyouth.net/weekend-update-ii/,
/weekend-update-ii/feed/,feed,20140109195800,text/xml,830,HFL2UNUC7XPIFANFOPZJCQ57IYMOJEEM,200,1,2014,http://negativeyouth.net/weekend-update-ii/feed/,
/weekend-update-iii/,post,20131126084451,text/html,34784,K7RUJ2R2OMSL6UTC3IPVHTOP4JEK3LPG,200,4,2012;2013;2014,http://negativeyouth.net/weekend-update-iii/,
/weekend-update-iii/feed/,feed,20140109193151,text/xml,1110,L67ZAKWT6LTXFNPB3THMG6F6L4JWIJFR,200,1,2014,http://negativeyouth.net/weekend-update-iii/feed/,
/weekend-update/,post,20131126082950,text/html,34571,XG4FMRUQRVXMDYRQPQBO7K4MLSDHAIJW,200,4,2012;2013;2014,http://negativeyouth.net/weekend-update/,
/weekend-update/feed/,feed,20140109182153,text/xml,825,6KSIPFGAWXHTOSDU3GWM56CMBUZ74TQF,200,1,2014,http://negativeyouth.net/weekend-update/feed/,
/when-doves-cry/,post,20131126084715,text/html,33655,GPW3RATHTP3JQC5ZZKHDML3PMSBLDSMH,200,3,2013;2014,http://negativeyouth.net/when-doves-cry/,
/when-doves-cry/feed/,feed,20140109191413,text/xml,827,AP3G7FF57LMHHNZ4P2AXHF3K2UPJFT7P,200,1,2014,http://negativeyouth.net/when-doves-cry/feed/,
/wheres-god/,post,20131126093728,text/html,33311,X2KO6P7CZXBN6RGMND4UPMWZJCPWUHRY,200,3,2013;2014,http://negativeyouth.net/wheres-god/,
/wheres-god/feed/,feed,20140109195804,text/xml,830,QZNAB3TBQEKH5SCCJ7U63ASJTSFWKS5P,200,1,2014,http://negativeyouth.net/wheres-god/feed/,
/white-eyes/,post,20131126090416,text/html,33733,A5N3QRKYKPLTLMNF23JTB57GC47PS6VP,200,3,2013;2014,http://negativeyouth.net/white-eyes/,
/white-eyes/feed/,feed,20140109200443,text/xml,820,3WHUOW6IXDNY67J6ORJNMX737T3P3ZDS,200,1,2014,http://negativeyouth.net/white-eyes/feed/,
/white-ring-chaind-vol-1/,post,20131126092400,text/html,33927,XKQASPOIU2WYBXB6C7ND4A4D2LZ55KT7,200,6,2011;2012;2013;2014,http://negativeyouth.net/white-ring-chaind-vol-1/,
/white-ring-chaind-vol-1/feed/,feed,20140109191226,text/xml,852,55IJ4ESZRKSBEF2M3CZ2CZHF3ZEVEOCG,200,1,2014,http://negativeyouth.net/white-ring-chaind-vol-1/feed/,
/white-ring-felt-u-2/,post,20110718223206,text/html,14841,EVQEF2E7YDO2STKL5PZFBSOJU6YKBMQN,200,2,2011,http://negativeyouth.net/white-ring-felt-u-2/,
/white-ring-felt-u/,post,20131126085350,text/html,33898,47VPNKNKS75ZS4BQ3QMD66FWRH3DA67E,200,6,2011;2012;2013;2014,http://negativeyouth.net/white-ring-felt-u/,
/white-ring-felt-u/feed/,feed,20140109193934,text/xml,839,QVOCYR3XJQINH3XTPTT3SEZSP2N3ZH4R,200,1,2014,http://negativeyouth.net/white-ring-felt-u/feed/,
/white-ring-mexico-df/,post,20131126092502,text/html,34119,HI3RD4HSEPMHTRBYIOGVZP2DVH67AXU6,200,4,2012;2013;2014,http://negativeyouth.net/white-ring-mexico-df/,
/white-ring-mexico-df/feed/,feed,20140109194159,text/xml,860,CFBIUCR3M7CMBDWMAX6EJWGMYTZ5GL6U,200,1,2014,http://negativeyouth.net/white-ring-mexico-df/feed/,
/wicked-games-2/,post,20110718231335,text/html,14942,C67WI4LAAKIEEIKCOLYSJ6ES5QNWUZN6,200,2,2011,http://negativeyouth.net/wicked-games-2/,
/wicked-games/,post,20131126100515,text/html,34175,HRUG366J7VMPB6LBCX3VLP7ATSV4D73Y,200,5,2011;2012;2013;2014,http://negativeyouth.net/wicked-games/,
/wicked-games/feed/,feed,20140109201101,text/xml,824,73YH72RZPLW5A4JXZBINMSI6NZGX5PWU,200,1,2014,http://negativeyouth.net/wicked-games/feed/,
/wife/,post,20131126092022,text/html,33823,MQ4PKWCOP3IWYOP6SC2C4PSGEIQVBTAF,200,3,2013;2014,http://negativeyouth.net/wife/,
/wife/feed/,feed,20140109191759,text/xml,811,2E6LEINTXDFIKTHX43UI4KMYEKUBPBBV,200,1,2014,http://negativeyouth.net/wife/feed/,
/willow-smith-21st-century-girl-2/,post,20131126110402,text/html,33660,OOIGFAKYQ2LY6VVUFYUOADAA7ULCUHTC,200,8,2011;2012;2013;2014,http://negativeyouth.net/willow-smith-21st-century-girl-2/,
/willow-smith-21st-century-girl-2/feed/,feed,20140110213630,text/xml,864,OVW2TTDMRWVF5IVW45U34UGCX3S6QH5R,200,1,2014,http://negativeyouth.net/willow-smith-21st-century-girl-2/feed/,
/willow-smith-whip-my-hair-clit-talk-screw-2/,post,20131126122101,text/html,33849,RB7JLT4PYTDR2N3KESWOUUDXRHV7F35O,200,8,2011;2012;2013;2014,http://negativeyouth.net/willow-smith-whip-my-hair-clit-talk-screw-2/,
/willow-smith-whip-my-hair-clit-talk-screw-2/feed/,feed,20140110215532,text/xml,888,Q5FDDJ3U66LLQXC2WQBBNA7QBQF42MWG,200,1,2014,http://negativeyouth.net/willow-smith-whip-my-hair-clit-talk-screw-2/feed/,
/wish-book-volume-1/,post,20131126094853,text/html,33607,GBR3S5M42KO6COKJ3LK3NEKFHI3C7O65,200,3,2013;2014,http://negativeyouth.net/wish-book-volume-1/,
/wish-book-volume-1/feed/,feed,20140109200931,text/xml,834,L2DKZI4A2YAFQMDPJ2XEITW4WMH5S5L7,200,1,2014,http://negativeyouth.net/wish-book-volume-1/feed/,
/witch-doktor-l-vis-1990-edit/,post,20131126082621,text/html,33717,WBQXZBYQFGCXYUC6IQQSGBRHG3373WUP,200,3,2013;2014,http://negativeyouth.net/witch-doktor-l-vis-1990-edit/,
/witch-doktor-l-vis-1990-edit/feed/,feed,20140109182948,text/xml,852,F4AJKJVE6XSEKB66YFIAJBB7E6FP5UY7,200,1,2014,http://negativeyouth.net/witch-doktor-l-vis-1990-edit/feed/,
/with-u/,post,20131126113208,text/html,33792,OHY5C5XXN66B55Q2G6MOQ2DKSGDDFPSO,200,7,2011;2012;2013;2014,http://negativeyouth.net/with-u/,
/with-u/feed/,feed,20140110214206,text/xml,807,6B5X3P3TX2Q3UHGQHTAT67P4KJNTWM7K,200,1,2014,http://negativeyouth.net/with-u/feed/,
/world-war/,post,20131126102458,text/html,33658,QI2TZF5KLEDX6OUQMG3CODV3G565BFV4,200,3,2013;2014,http://negativeyouth.net/world-war/,
/world-wide-gallery-traxx/,post,20131126104646,text/html,34257,YS2VWAVHGEHVOMCVCU6RQI6YJ63PG6XW,200,4,2012;2013;2014,http://negativeyouth.net/world-wide-gallery-traxx/,
/world-wide-gallery-traxx/feed/,feed,20140110212434,text/xml,844,5CTSCGMY65N7T3BQUISA4AHKY5B2XYKE,200,1,2014,http://negativeyouth.net/world-wide-gallery-traxx/feed/,
/wp-content/header-images/01.png,image,20110823023239,image/png,660731,6ORFTUON5RR4WSBKQH7R3YSU5V2O45YH,200,1,2011,http://negativeyouth.net/wp-content/header-images/01.png,
/wp-content/header-images/04.png,image,20110823023549,image/png,644046,5EEGAH3LZ23AQIY3DJFSWV64Q45M2KXR,200,1,2011,http://negativeyouth.net/wp-content/header-images/04.png,
/wp-content/header-images/amlo_2.png,image,20120624205546,image/png,510521,6KLJ55SW3J5ETIWOK3I7AUQ2GVOSQIV5,200,1,2012,http://negativeyouth.net/wp-content/header-images/amlo_2.png,
/wp-content/plugins/download-monitor/page-addon/downloadbutton.gif,image,20141224195315,image/gif,2280,M4FJGFJWZFKYI2ETJVD2L7PATSNLEBDA,200,10,2013;2014;2025,http://negativeyouth.net/wp-content/plugins/download-monitor/page-addon/downloadbutton.gif,https://negativeyouth.net/wp-content/plugins/download-monitor/page-addon/downloadbutton.gif
/wp-content/plugins/download-monitor/page-addon/morebutton.gif,image,20141224172211,image/gif,2119,RUWPDLFFLINC2H44C5WSJS6TM5XKWRNL,200,10,2013;2014;2025,http://negativeyouth.net/wp-content/plugins/download-monitor/page-addon/morebutton.gif,https://negativeyouth.net/wp-content/plugins/download-monitor/page-addon/morebutton.gif
/wp-content/plugins/download-monitor/page-addon/styles.css?ver=3.3.2,css,20120624205542,text/css,1326,6D6IBOP4JKIJNGLUTLEYOTQTFN4HNJJH,200,1,2012,http://negativeyouth.net/wp-content/plugins/download-monitor/page-addon/styles.css?ver=3.3.2,
/wp-content/plugins/download-monitor/page-addon/styles.css?ver=3.5.1,css,20131023045647,text/css,1491,6D6IBOP4JKIJNGLUTLEYOTQTFN4HNJJH,200,5,2013;2014;2025,http://negativeyouth.net/wp-content/plugins/download-monitor/page-addon/styles.css?ver=3.5.1,https://negativeyouth.net/wp-content/plugins/download-monitor/page-addon/styles.css?ver=3.5.1
/wp-content/plugins/download-monitor/page-addon/styles.css?ver=3.8,css,20140211010103,text/css,1489,6D6IBOP4JKIJNGLUTLEYOTQTFN4HNJJH,200,1,2014,http://negativeyouth.net/wp-content/plugins/download-monitor/page-addon/styles.css?ver=3.8,
/wp-content/plugins/download-monitor/page-addon/styles.css?ver=3.8.1,css,20140210091518,text/css,1491,6D6IBOP4JKIJNGLUTLEYOTQTFN4HNJJH,200,2,2014,http://negativeyouth.net/wp-content/plugins/download-monitor/page-addon/styles.css?ver=3.8.1,
/wp-content/plugins/download-monitor/page-addon/styles.css?ver=3.8.3,css,20140522015730,text/css,1490,6D6IBOP4JKIJNGLUTLEYOTQTFN4HNJJH,200,1,2014,http://negativeyouth.net/wp-content/plugins/download-monitor/page-addon/styles.css?ver=3.8.3,
/wp-content/plugins/download-monitor/page-addon/styles.css?ver=3.8.4,css,20140903194034,text/css,1492,6D6IBOP4JKIJNGLUTLEYOTQTFN4HNJJH,200,1,2014,http://negativeyouth.net/wp-content/plugins/download-monitor/page-addon/styles.css?ver=3.8.4,
/wp-content/plugins/download-monitor/page-addon/styles.css?ver=3.8.5,css,20141224172256,text/css,1493,6D6IBOP4JKIJNGLUTLEYOTQTFN4HNJJH,200,1,2014,http://negativeyouth.net/wp-content/plugins/download-monitor/page-addon/styles.css?ver=3.8.5,
/wp-content/plugins/jetpack/modules/subscriptions/subscriptions.css?ver=3.8.3,css,20140521225603,text/css,540,ULSNF2QYJDYSIID5ZG557YB5CA7XU2MR,200,1,2014,http://negativeyouth.net/wp-content/plugins/jetpack/modules/subscriptions/subscriptions.css?ver=3.8.3,
/wp-content/plugins/jetpack/modules/subscriptions/subscriptions.css?ver=3.8.4,css,20140903195415,text/css,541,ULSNF2QYJDYSIID5ZG557YB5CA7XU2MR,200,1,2014,http://negativeyouth.net/wp-content/plugins/jetpack/modules/subscriptions/subscriptions.css?ver=3.8.4,
/wp-content/plugins/jetpack/modules/subscriptions/subscriptions.css?ver=3.8.5,css,20141224161630,text/css,539,ULSNF2QYJDYSIID5ZG557YB5CA7XU2MR,200,1,2014,http://negativeyouth.net/wp-content/plugins/jetpack/modules/subscriptions/subscriptions.css?ver=3.8.5,
/wp-content/plugins/jetpack/modules/widgets/widgets.css?ver=20121003,css,20140109185937,text/css,554,MZE2RMBZQFIUSQRG2S6QKNBSDHS26BIG,200,10,2013;2014;2025,http://negativeyouth.net/wp-content/plugins/jetpack/modules/widgets/widgets.css?ver=20121003,https://negativeyouth.net/wp-content/plugins/jetpack/modules/widgets/widgets.css?ver=20121003
/wp-content/plugins/jquery-archive-list-widget/jal.js?ver=3.3.2,js,20120624205542,text/javascript,577,XYEHNO7BKIABIR3FINPAGJSCQXNA3XBQ,200,1,2012,http://negativeyouth.net/wp-content/plugins/jquery-archive-list-widget/jal.js?ver=3.3.2,
/wp-content/plugins/jquery-archive-list-widget/jal.js?ver=3.5.1,js,20140109182349,text/javascript,903,LP2X4YBEXAFQ2BQD7B5DIHSMDJRTJ4KV,200,5,2013;2014;2025,http://negativeyouth.net/wp-content/plugins/jquery-archive-list-widget/jal.js?ver=3.5.1,https://negativeyouth.net/wp-content/plugins/jquery-archive-list-widget/jal.js?ver=3.5.1
/wp-content/plugins/jquery-archive-list-widget/jquery-archive-list.js.php,exclude,20110823024358,text/html,733,QQCWHEAXSTWLL2IBNDQ3MNOZD6LVLKHO,200,5,2011,http://negativeyouth.net/wp-content/plugins/jquery-archive-list-widget/jquery-archive-list.js.php?ex_sym=%E2%96%BA&con_sym=%E2%96%BC&fx_out=slideUp&fx_in=slideDown&showpost=1&ver=3.1.2,http://negativeyouth.net/wp-content/plugins/jquery-archive-list-widget/jquery-archive-list.js.php?ex_sym=%E2%96%BA&con_sym=%E2%96%BC&fx_out=slideUp&fx_in=slideDown&showpost=1&ver=3.2.1
/wp-content/plugins/really-simple-facebook-twitter-share-buttons/images/facebook-share.png,image,20140109192757,image/png,1400,OQKR2ZPCAR22YI2CQ4UIYVVLF43Q6UBL,200,5,2013;2014;2015,http://negativeyouth.net/wp-content/plugins/really-simple-facebook-twitter-share-buttons/images/facebook-share.png,
/wp-content/plugins/really-simple-facebook-twitter-share-buttons/style.css?ver=3.3.2,css,20120624205542,text/css,624,RCG2VLOYJLUJVUD6T6FWYPLZIV5ZXXVW,200,1,2012,http://negativeyouth.net/wp-content/plugins/really-simple-facebook-twitter-share-buttons/style.css?ver=3.3.2,
/wp-content/plugins/really-simple-facebook-twitter-share-buttons/style.css?ver=3.5.1,css,20140109191806,text/css,1000,TB27LFX3HNXMTTZKZDDF6XPMS7G3LOFZ,200,5,2013;2014;2025,http://negativeyouth.net/wp-content/plugins/really-simple-facebook-twitter-share-buttons/style.css?ver=3.5.1,https://negativeyouth.net/wp-content/plugins/really-simple-facebook-twitter-share-buttons/style.css?ver=3.5.1
/wp-content/plugins/really-simple-facebook-twitter-share-buttons/style.css?ver=3.8,css,20140211005759,text/css,996,TB27LFX3HNXMTTZKZDDF6XPMS7G3LOFZ,200,1,2014,http://negativeyouth.net/wp-content/plugins/really-simple-facebook-twitter-share-buttons/style.css?ver=3.8,
/wp-content/plugins/really-simple-facebook-twitter-share-buttons/style.css?ver=3.8.1,css,20140210095456,text/css,998,TB27LFX3HNXMTTZKZDDF6XPMS7G3LOFZ,200,2,2014,http://negativeyouth.net/wp-content/plugins/really-simple-facebook-twitter-share-buttons/style.css?ver=3.8.1,
/wp-content/plugins/really-simple-facebook-twitter-share-buttons/style.css?ver=3.8.3,css,20140521223419,text/css,999,TB27LFX3HNXMTTZKZDDF6XPMS7G3LOFZ,200,1,2014,http://negativeyouth.net/wp-content/plugins/really-simple-facebook-twitter-share-buttons/style.css?ver=3.8.3,
/wp-content/plugins/really-simple-facebook-twitter-share-buttons/style.css?ver=3.8.4,css,20140903200635,text/css,999,TB27LFX3HNXMTTZKZDDF6XPMS7G3LOFZ,200,1,2014,http://negativeyouth.net/wp-content/plugins/really-simple-facebook-twitter-share-buttons/style.css?ver=3.8.4,
/wp-content/plugins/really-simple-facebook-twitter-share-buttons/style.css?ver=3.8.5,css,20141224162707,text/css,996,TB27LFX3HNXMTTZKZDDF6XPMS7G3LOFZ,200,1,2014,http://negativeyouth.net/wp-content/plugins/really-simple-facebook-twitter-share-buttons/style.css?ver=3.8.5,
/wp-content/plugins/simple-sopa-blackout/blackout.php,exclude,20120118144532,text/html,892,6HCMVTTJGFEJJKUKGUMRPHUFUVGTN6LG,200,1,2012,http://negativeyouth.net/wp-content/plugins/simple-sopa-blackout/blackout.php,
/wp-content/plugins/wp-recaptcha/email.png,image,20131023061311,image/png,1168,SXXZ43JCCZHWWGYQFFA4JOULZASUEIRX,200,6,2013;2014;2015,http://negativeyouth.net/wp-content/plugins/wp-recaptcha/email.png,
/wp-content/plugins/wp-recaptcha/recaptcha.css,css,20110823024420,text/css,999,COR2XARWROI3VKMJ7JARRYHGL5MHQTSK,200,12,2011;2012;2013;2014;2025,http://negativeyouth.net/wp-content/plugins/wp-recaptcha/recaptcha.css,https://negativeyouth.net/wp-content/plugins/wp-recaptcha/recaptcha.css
/wp-content/plugins/xavins-review-ratings/default/blank_star.png,image,20140109193808,image/png,1072,GDM3AC2WROUKVGUBEWYNXLWN26U3D4NH,200,1,2014,http://negativeyouth.net/wp-content/plugins/xavins-review-ratings/default/blank_star.png,
/wp-content/plugins/xavins-review-ratings/default/star.png,image,20140109195313,image/png,1043,P2Y4JHKF7UDYKCFULAIH4PHMPZSF7W44,200,1,2014,http://negativeyouth.net/wp-content/plugins/xavins-review-ratings/default/star.png,
/wp-content/themes/sandbox/backgrounds/fondo3.jpg,image,20120624205555,image/jpeg,166822,SBBUO3DDNFR5NS32COIDW5EO7QFO2FIT,200,1,2012,http://negativeyouth.net/wp-content/themes/sandbox/backgrounds/fondo3.jpg,
/wp-content/themes/sandbox/fonts/BebasNeue-webfont.svg,image,20131102034808,image/svg+xml,14130,4LEVLVKGY77HDIH4TZUZAOQUAU72RWCN,200,5,2013;2014;2015,http://negativeyouth.net/wp-content/themes/sandbox/fonts/BebasNeue-webfont.svg,
/wp-content/themes/sandbox/fonts/BebasNeue-webfont.ttf,font,20131023051757,text/plain,18804,A5IZYJVTKXQCB5LNPH3OZ5IKTKNV4EFP,200,7,2012;2013;2014;2015,http://negativeyouth.net/wp-content/themes/sandbox/fonts/BebasNeue-webfont.ttf,
/wp-content/themes/sandbox/fonts/helvetica_lt_27_ultra_light_condensed-webfont.eot,font,20150124104148,application/vnd.ms-fontobject,16829,U7KCUAG5KP7BUVNF4PFXWLROOS2IADEY,200,6,2013;2014;2015,http://negativeyouth.net/wp-content/themes/sandbox/fonts/helvetica_lt_27_ultra_light_condensed-webfont.eot,
/wp-content/themes/sandbox/fonts/helvetica_lt_27_ultra_light_condensed-webfont.svg,image,20131023051858,image/svg+xml,13332,YVWKTXH7FHRKFMPMB3NBQ5WFN2D2DCOY,200,6,2013;2014;2015,http://negativeyouth.net/wp-content/themes/sandbox/fonts/helvetica_lt_27_ultra_light_condensed-webfont.svg,
/wp-content/themes/sandbox/fonts/helvetica_lt_27_ultra_light_condensed-webfont.ttf,font,20131102034732,text/plain,19408,5N2INUGMBHEBHGHI5257NIK64HLFVEKC,200,6,2013;2014;2015,http://negativeyouth.net/wp-content/themes/sandbox/fonts/helvetica_lt_27_ultra_light_condensed-webfont.ttf,
/wp-content/themes/sandbox/fonts/helvetica_lt_27_ultra_light_condensed-webfont.woff,font,20131102034737,text/plain,19584,ISODUNABYBOXY2VBKKH2NPTRXMULZH6B,200,6,2012;2013;2014;2015,http://negativeyouth.net/wp-content/themes/sandbox/fonts/helvetica_lt_27_ultra_light_condensed-webfont.woff,
/wp-content/themes/sandbox/fonts/helvetica_lt_37_thin_condensed-webfont.eot,font,20150124093918,application/vnd.ms-fontobject,17181,APKTSC4DL4HYPJGH5FJE5EUC7JGYXY3E,200,5,2013;2014;2015,http://negativeyouth.net/wp-content/themes/sandbox/fonts/helvetica_lt_37_thin_condensed-webfont.eot,
/wp-content/themes/sandbox/fonts/helvetica_lt_37_thin_condensed-webfont.svg,image,20131102034748,image/svg+xml,13484,I3J6YWT64IUWGX7OUWM6ZHFZXBX5LZP4,200,5,2013;2014;2015,http://negativeyouth.net/wp-content/themes/sandbox/fonts/helvetica_lt_37_thin_condensed-webfont.svg,
/wp-content/themes/sandbox/fonts/helvetica_lt_37_thin_condensed-webfont.ttf,font,20140109191305,text/plain,19803,VJPGAT6UCHTTWQI7ZEU6I5FPJYCGHDRL,200,6,2013;2014;2015,http://negativeyouth.net/wp-content/themes/sandbox/fonts/helvetica_lt_37_thin_condensed-webfont.ttf,
/wp-content/themes/sandbox/fonts/helvetica_lt_37_thin_condensed-webfont.woff,font,20131023051821,text/plain,19926,RUBXAGBNXBV4IOYZWIMHRHWJZKO7HOAW,200,7,2012;2013;2014;2015,http://negativeyouth.net/wp-content/themes/sandbox/fonts/helvetica_lt_37_thin_condensed-webfont.woff,
/wp-content/themes/sandbox/fonts/helvetica_lt_47_light_condensed-webfont.eot,font,20131023051914,application/vnd.ms-fontobject,16360,XDUJYKFRSOFKQA67ZK2DHRW7W7N2MOF3,200,6,2013;2014;2015,http://negativeyouth.net/wp-content/themes/sandbox/fonts/helvetica_lt_47_light_condensed-webfont.eot,
/wp-content/themes/sandbox/fonts/helvetica_lt_47_light_condensed-webfont.svg,image,20131023051844,image/svg+xml,12858,OQVZY5I4J42LWMUGZ3MD533JFHHGCFH7,200,5,2013;2014;2015,http://negativeyouth.net/wp-content/themes/sandbox/fonts/helvetica_lt_47_light_condensed-webfont.svg,
/wp-content/themes/sandbox/fonts/helvetica_lt_47_light_condensed-webfont.ttf,font,20131102034743,text/plain,18968,A4U27YCAGZEFEJH6SPZ3JVCZ5MU23N5P,200,5,2013;2014;2015,http://negativeyouth.net/wp-content/themes/sandbox/fonts/helvetica_lt_47_light_condensed-webfont.ttf,
/wp-content/themes/sandbox/fonts/helvetica_lt_47_light_condensed-webfont.woff,font,20131023051826,text/plain,19162,IAEXWH5HLRAIGNJZX6Q6YT3XI5425YYJ,200,6,2013;2014;2015,http://negativeyouth.net/wp-content/themes/sandbox/fonts/helvetica_lt_47_light_condensed-webfont.woff,
/wp-content/themes/sandbox/fonts/helvetica_lt_57_condensed-webfont.eot,font,20131023051829,application/vnd.ms-fontobject,16685,WZYHFMBM2AGCBSB7AK3E2K7FJV7RTL7L,200,6,2013;2014;2015,http://negativeyouth.net/wp-content/themes/sandbox/fonts/helvetica_lt_57_condensed-webfont.eot,
/wp-content/themes/sandbox/fonts/helvetica_lt_57_condensed-webfont.svg,image,20131023051903,image/svg+xml,13420,AGZILBOK6NY3BEPT4KP5ENBD3WCFQLF4,200,5,2013;2014;2015,http://negativeyouth.net/wp-content/themes/sandbox/fonts/helvetica_lt_57_condensed-webfont.svg,
/wp-content/themes/sandbox/fonts/helvetica_lt_57_condensed-webfont.ttf,font,20140109192845,text/plain,19432,PMP7MLAVYG73YLPZ3YCOEA4EBB5VGLOY,200,6,2013;2014;2015,http://negativeyouth.net/wp-content/themes/sandbox/fonts/helvetica_lt_57_condensed-webfont.ttf,
/wp-content/themes/sandbox/fonts/helvetica_lt_57_condensed-webfont.woff,font,20131023051840,text/plain,19613,NQB2V7XKNDFVRKLLB2FN7PCU6K73UMWQ,200,6,2013;2014;2015,http://negativeyouth.net/wp-content/themes/sandbox/fonts/helvetica_lt_57_condensed-webfont.woff,
/wp-content/themes/sandbox/images/separacion7.png,image,20110823024921,image/png,3411,NVFCRHOYI5I5K4DS6XSEDEMPTJWPIJPC,200,13,2011;2012;2013;2014;2025,http://negativeyouth.net/wp-content/themes/sandbox/images/separacion7.png,https://negativeyouth.net/wp-content/themes/sandbox/images/separacion7.png
/wp-content/themes/sandbox/j/function.js,js,20131031202426,text/javascript,767,PIIMQWGQMXPBBJVK7H7ZR2CAPMTI56NC,200,10,2013;2014;2025,http://negativeyouth.net/wp-content/themes/sandbox/j/function.js,https://negativeyouth.net/wp-content/themes/sandbox/j/function.js
/wp-content/themes/sandbox/j/jquery.blockUI.js,js,20131031203738,text/javascript,6257,UH7BZLQE3C4F2G5JARNXNK6WV72BJDHW,200,10,2013;2014;2025,http://negativeyouth.net/wp-content/themes/sandbox/j/jquery.blockUI.js,https://negativeyouth.net/wp-content/themes/sandbox/j/jquery.blockUI.js
/wp-content/themes/sandbox/style.css,css,20140521200323,text/css,2925,WLLE2RCUAFIK6X7TYHKQSENBVZ3O524G,200,12,2011;2012;2013;2014;2025,http://negativeyouth.net/wp-content/themes/sandbox/style.css,https://negativeyouth.net/wp-content/themes/sandbox/style.css
/wp-content/uploads/2010/10/2011-02-Maluca-at-SOBs-051-200x200.jpg,image,20140109190409,image/jpeg,10375,YSZX2FSVXMUCBJOTKLYKOABGX4ZXYBKK,200,1,2014,http://negativeyouth.net/wp-content/uploads/2010/10/2011-02-Maluca-at-SOBs-051-200x200.jpg,
/wp-content/uploads/2010/10/article_image-image-article1-200x200.jpg,image,20140109191815,image/jpeg,14995,NUVJA3O4GCLKQLR66UEFCO5MQANXZ7QF,200,2,2013;2014,http://negativeyouth.net/wp-content/uploads/2010/10/article_image-image-article1-200x200.jpg,
/wp-content/uploads/2010/10/emo-200x200.png,image,20140109190720,image/png,38827,LLBFXAPAOKCSCAJNHG2XO3GIVQEBUYHR,200,2,2013;2014,http://negativeyouth.net/wp-content/uploads/2010/10/emo-200x200.png,
/wp-content/uploads/2010/10/genevaariel-11-200x200.jpg,image,20140109185404,image/jpeg,12419,OQIMPNZER52V5F6AQ3SP4HNYFIKQPSJQ,200,1,2014,http://negativeyouth.net/wp-content/uploads/2010/10/genevaariel-11-200x200.jpg,
/wp-content/uploads/2010/11/01-200x200.jpg,image,20140109192633,image/jpeg,7036,PKPOHWEC6ML4PQ55I3HLK3HUUO2TNKDS,200,1,2014,http://negativeyouth.net/wp-content/uploads/2010/11/01-200x200.jpg,
/wp-content/uploads/2010/11/Blissed-Out-1221-200x200.jpg,image,20140109202436,image/jpeg,7287,FFSU4J5HYQFKZIRNZXLB56GDVETVJWP5,200,1,2014,http://negativeyouth.net/wp-content/uploads/2010/11/Blissed-Out-1221-200x200.jpg,
/wp-content/uploads/2010/11/Lil-B-Illusions-Of-Grandeur1-200x200.jpg,image,20140109190203,image/jpeg,9884,XAYDM7O7UEIQDVVKAQALBE4WDJKOTHBU,200,2,2012;2014,http://negativeyouth.net/wp-content/uploads/2010/11/Lil-B-Illusions-Of-Grandeur1-200x200.jpg,
/wp-content/uploads/2010/11/Picture-3-200x200.png,image,20140109192312,image/png,46594,VKJQOVBY3ZLJM4OYAXKTB7EEL5OLXMZZ,200,1,2014,http://negativeyouth.net/wp-content/uploads/2010/11/Picture-3-200x200.png,
/wp-content/uploads/2010/11/White+Ring+wrfeb20todd1-200x200.jpg,image,20140109183533,image/jpeg,14779,QTIUDDAQQYVRYOWX6OMY7LWAXQ5BYGXD,200,1,2014,http://negativeyouth.net/wp-content/uploads/2010/11/White+Ring+wrfeb20todd1-200x200.jpg,
/wp-content/uploads/2010/11/White+Ring+wrfeb20todd1-700x800.jpg,image,20140109193935,image/jpeg,98445,MGHM7S44HPP2MKIMIHV2DQWB2OUMB3G7,200,1,2014,http://negativeyouth.net/wp-content/uploads/2010/11/White+Ring+wrfeb20todd1-700x800.jpg,
/wp-content/uploads/2010/11/angelina-pivarnick-jersey-shore1-200x200.jpg,image,20140109195003,image/jpeg,15265,JTLR4RWKEZVCA3PSBAHXPRKDNLL6IBO5,200,1,2014,http://negativeyouth.net/wp-content/uploads/2010/11/angelina-pivarnick-jersey-shore1-200x200.jpg,
/wp-content/uploads/2010/11/hideous-150x150.jpg,image,20140109191410,image/jpeg,10699,2NR63PIG3PGQMD3FCTP7TUWBVYCZDPLL,200,1,2014,http://negativeyouth.net/wp-content/uploads/2010/11/hideous-150x150.jpg,
/wp-content/uploads/2010/11/hideous-700x800.jpg,image,20140110212914,image/jpeg,141785,TDHSZ7LQGGUFG6UWWDAG3LQDLJWZHFR2,200,1,2014,http://negativeyouth.net/wp-content/uploads/2010/11/hideous-700x800.jpg,
/wp-content/uploads/2010/11/purrrple-200x200.png,image,20140109185030,image/png,61456,BLUGUBLJYE6MG44KYLZO3OSJRSZXYFWP,200,1,2014,http://negativeyouth.net/wp-content/uploads/2010/11/purrrple-200x200.png,
/wp-content/uploads/2010/11/robyn-indestructible1-200x200.jpg,image,20140109200445,image/jpeg,7233,VBWH74ZXFOOURQZ3EF6WTC5KUMN5J4TH,200,1,2014,http://negativeyouth.net/wp-content/uploads/2010/11/robyn-indestructible1-200x200.jpg,
/wp-content/uploads/2010/11/teengirl.fantasy.11-12-20101-200x200.jpg,image,20140109193431,image/jpeg,7034,W2HMMEP4HRY25NH3TXKCM2KNN4Z6NUXU,200,1,2014,http://negativeyouth.net/wp-content/uploads/2010/11/teengirl.fantasy.11-12-20101-200x200.jpg,
/wp-content/uploads/2010/12/DSC03331-200x200.jpg,image,20140109185207,image/jpeg,11948,CM5WITMH2XYCRTEQXJEA33O2LJPEIDO6,200,1,2014,http://negativeyouth.net/wp-content/uploads/2010/12/DSC03331-200x200.jpg,
/wp-content/uploads/2010/12/DSC03331-700x800.jpg,image,20140109201230,image/jpeg,92779,BKRGJY47ZKEJXYJSNFEFSK4OQOOIZ444,200,1,2014,http://negativeyouth.net/wp-content/uploads/2010/12/DSC03331-700x800.jpg,
/wp-content/uploads/2010/12/Picture-4-200x200.png,image,20140109200501,image/png,73962,JKHPWC2RDDABDINI7X2NREHI327DII4O,200,1,2014,http://negativeyouth.net/wp-content/uploads/2010/12/Picture-4-200x200.png,
/wp-content/uploads/2010/12/cce-200x200.jpg,image,20140109190922,image/jpeg,13709,NDGLRZTLCS3RM5MU3QXCBLIZ7JNXTTLX,200,1,2014,http://negativeyouth.net/wp-content/uploads/2010/12/cce-200x200.jpg,
/wp-content/uploads/2010/12/cce.jpg,image,20140110213147,image/jpeg,145797,OHBKCK5F475WPTUBXCKUK346SY3IHJJP,200,1,2014,http://negativeyouth.net/wp-content/uploads/2010/12/cce.jpg,
/wp-content/uploads/2010/12/dipset-150x150.jpg,image,20140109182108,image/jpeg,6817,LAMKPXY3UVTARAJBNLM72UJ5HFGGLX2S,200,1,2014,http://negativeyouth.net/wp-content/uploads/2010/12/dipset-150x150.jpg,
/wp-content/uploads/2010/12/dipset.jpg,image,20140109193423,image/jpeg,189031,GXUGMD6VOVXW63IE7VXWLE3SGLNPNCCV,200,1,2014,http://negativeyouth.net/wp-content/uploads/2010/12/dipset.jpg,
/wp-content/uploads/2010/12/egypt-200x200.png,image,20140109184451,image/png,39522,AKV3JJQJ5NDUG7XI55N72KQ5U3JAGKTX,200,2,2014,http://negativeyouth.net/wp-content/uploads/2010/12/egypt-200x200.png,
/wp-content/uploads/2010/12/jj+Elin+from++21-200x200.jpg,image,20140109185713,image/jpeg,12548,TA7VC5UMQ75EUTXIV76NJPFIJ7NAUWTP,200,2,2014;2025,http://negativeyouth.net/wp-content/uploads/2010/12/jj+Elin+from++21-200x200.jpg,https://negativeyouth.net/wp-content/uploads/2010/12/jj+Elin+from++21-200x200.jpg
/wp-content/uploads/2010/12/jj1-150x150.jpg,image,20140109182515,image/jpeg,5330,PMTQ62TZME5OEMEVDUB3IH3QWGFB7PD2,200,1,2014,http://negativeyouth.net/wp-content/uploads/2010/12/jj1-150x150.jpg,
/wp-content/uploads/2010/12/jj1-700x800.jpg,image,20140110213422,image/jpeg,78593,ESP4DSR7BQHYYRWRXWPBQRYKL25ROMT2,200,1,2014,http://negativeyouth.net/wp-content/uploads/2010/12/jj1-700x800.jpg,
/wp-content/uploads/2010/12/mejor.jpg,image,20140109193352,image/jpeg,344130,HQ64YOAZWHHKH6LSFTFDLYJRDQ2EG6LQ,200,1,2014,http://negativeyouth.net/wp-content/uploads/2010/12/mejor.jpg,
/wp-content/uploads/2010/12/mixtape2010-200x200.jpg,image,20140109190701,image/jpeg,21920,IBHW67U3UNICATVQY5RYFZDWAH5ZALLL,200,2,2014,http://negativeyouth.net/wp-content/uploads/2010/12/mixtape2010-200x200.jpg,
/wp-content/uploads/2010/12/mixtape2010.jpg,image,20140110221148,image/jpeg,373600,25CBBW4AMHGYGTV62TX25W2DNYFX5G3G,200,1,2014,http://negativeyouth.net/wp-content/uploads/2010/12/mixtape2010.jpg,
/wp-content/uploads/2010/12/negayouth-200x200.png,image,20140109192250,image/png,36700,VC77SR6X5JKEMU5VUEK2B3Z5ILRTAJME,200,1,2014,http://negativeyouth.net/wp-content/uploads/2010/12/negayouth-200x200.png,
/wp-content/uploads/2010/12/petit-200x200.png,image,20140109183149,image/png,44772,EKXGTFISXPP5NM5LYZ5TPDHGFJE64DNC,200,1,2014,http://negativeyouth.net/wp-content/uploads/2010/12/petit-200x200.png,
/wp-content/uploads/2010/12/skies-200x200.png,image,20140110213816,image/png,75013,WECQCB7EZAHMIAUBEJ6CBGO5AJBIU3EF,200,1,2014,http://negativeyouth.net/wp-content/uploads/2010/12/skies-200x200.png,
/wp-content/uploads/2010/12/tumblr_ldhg3uBShc1qdeloq-200x200.jpg,image,20140109192215,image/jpeg,16755,IHKZT7324EMEX5PQ6YMLTPWUGPQDHLXG,200,1,2014,http://negativeyouth.net/wp-content/uploads/2010/12/tumblr_ldhg3uBShc1qdeloq-200x200.jpg,
/wp-content/uploads/2010/12/tumblr_ldhg3uBShc1qdeloq.jpg,image,20140110212642,image/jpeg,80626,5LSU6EEPXGQPOG4AXJONYDKORA7NWG54,200,1,2014,http://negativeyouth.net/wp-content/uploads/2010/12/tumblr_ldhg3uBShc1qdeloq.jpg,
/wp-content/uploads/2010/12/vikki-200x200.jpg,image,20140109192040,image/jpeg,21769,XNGRKSOCENXXNKDPECVY4A622BCMJ5IB,200,1,2014,http://negativeyouth.net/wp-content/uploads/2010/12/vikki-200x200.jpg,
/wp-content/uploads/2010/12/vikki.jpg,image,20140109201437,image/jpeg,172117,FO7H2FFWD4ZNZ4XAV262UEVLNIGVHJCU,200,1,2014,http://negativeyouth.net/wp-content/uploads/2010/12/vikki.jpg,
/wp-content/uploads/2010/12/yesayer-200x200.jpg,image,20131031203740,image/jpeg,20899,E6P4FT525WSXUQEIKOMD4YLV3RR2EX3T,200,2,2013;2014,http://negativeyouth.net/wp-content/uploads/2010/12/yesayer-200x200.jpg,
/wp-content/uploads/2010/12/yesayer.jpg,image,20140110212905,image/jpeg,234702,QI44B5V6TGSLT6FSFVNPVIFABYX3FF4N,200,1,2014,http://negativeyouth.net/wp-content/uploads/2010/12/yesayer.jpg,
/wp-content/uploads/2011/01/44311_490569929571_121126084571_6837504_1506395_n1-200x200.jpg,image,20140109191807,image/jpeg,13332,CRMGUHD67ORPXGY4MKKDPSIL7PV377KX,200,1,2014,http://negativeyouth.net/wp-content/uploads/2011/01/44311_490569929571_121126084571_6837504_1506395_n1-200x200.jpg,
/wp-content/uploads/2011/01/44311_490569929571_121126084571_6837504_1506395_n1.jpg,image,20140110213757,image/jpeg,129658,PO62YC3QP7ZUWGPQU6S3VHSNZWETVCAQ,200,1,2014,http://negativeyouth.net/wp-content/uploads/2011/01/44311_490569929571_121126084571_6837504_1506395_n1.jpg,
/wp-content/uploads/2011/01/H.A.M.-kanye-west-and-jay-z1-200x200.jpg,image,20140109193718,image/jpeg,27741,7CKWAYKLK43YW3LSQE6H767VV6XISA3L,200,1,2014,http://negativeyouth.net/wp-content/uploads/2011/01/H.A.M.-kanye-west-and-jay-z1-200x200.jpg,
/wp-content/uploads/2011/01/H.A.M.-kanye-west-and-jay-z1-700x800.jpg,image,20140110212529,image/jpeg,290977,WCXW2322WIICF2YVLTQENSPAYVUVTJPT,200,1,2014,http://negativeyouth.net/wp-content/uploads/2011/01/H.A.M.-kanye-west-and-jay-z1-700x800.jpg,
/wp-content/uploads/2011/01/KONNICHIWA-200x200.jpg,image,20140109195336,image/jpeg,11336,2GBJ2FTCCFAU6XFSPUMWIX6WYNV24YE4,200,1,2014,http://negativeyouth.net/wp-content/uploads/2011/01/KONNICHIWA-200x200.jpg,
/wp-content/uploads/2011/01/KONNICHIWA.jpg,image,20140110215030,image/jpeg,81817,O3R3OZVMTW6GYPOOSMWUZJTJDX7BI3Z7,200,1,2014,http://negativeyouth.net/wp-content/uploads/2011/01/KONNICHIWA.jpg,
/wp-content/uploads/2011/01/PI_Photo11-200x200.jpg,image,20140109191854,image/jpeg,11559,FG7D5ETGHUPDFIL73VCO7LIKJIYX4SUL,200,1,2014,http://negativeyouth.net/wp-content/uploads/2011/01/PI_Photo11-200x200.jpg,
/wp-content/uploads/2011/01/PI_Photo11.jpg,image,20140109195136,image/jpeg,97834,EAN4XQPJ3F5HTGZYBILGKVON3WBJMHPD,200,1,2014,http://negativeyouth.net/wp-content/uploads/2011/01/PI_Photo11.jpg,
/wp-content/uploads/2011/01/PP_6FlagsStill_031-200x200.jpg,image,20140109191803,image/jpeg,15242,VN6WZ532WAGC247DYDCYNUYXTOCNA73K,200,1,2014,http://negativeyouth.net/wp-content/uploads/2011/01/PP_6FlagsStill_031-200x200.jpg,
/wp-content/uploads/2011/01/PP_6FlagsStill_031-700x720.jpg,image,20140110205303,image/jpeg,108878,R6HHYVZWYR5QRFVVUVPLMBFZOIVRNINS,200,1,2014,http://negativeyouth.net/wp-content/uploads/2011/01/PP_6FlagsStill_031-700x720.jpg,
/wp-content/uploads/2011/01/bethany-200x200.jpg,image,20110823023134,image/jpeg,15554,U6QKX47BW3ZVSPZYICTC75LZZR56URKP,200,2,2011;2014,http://negativeyouth.net/wp-content/uploads/2011/01/bethany-200x200.jpg,
/wp-content/uploads/2011/01/bethany.jpg,image,20140110193247,image/jpeg,138583,YP4D5FNAAR7CBIILERZMZIN24M7D64HU,200,1,2014,http://negativeyouth.net/wp-content/uploads/2011/01/bethany.jpg,
/wp-content/uploads/2011/01/bj-200x200.png,image,20140109183134,image/png,64846,54MCAZCKSU7STAL4FQWC37ZUJN2JW3UC,200,1,2014,http://negativeyouth.net/wp-content/uploads/2011/01/bj-200x200.png,
/wp-content/uploads/2011/01/black-metal-kids-200x200.jpg,image,20140109183906,image/jpeg,12053,DWUMEKKHCPSCIELEOHPU6F2HF75VYCRO,200,2,2014;2025,http://negativeyouth.net/wp-content/uploads/2011/01/black-metal-kids-200x200.jpg,https://negativeyouth.net/wp-content/uploads/2011/01/black-metal-kids-200x200.jpg
/wp-content/uploads/2011/01/blissedout-200x200.jpg,image,20140111005446,image/jpeg,12187,U7ANDGRC5ISZYYXVPZL64MGMFSFLMZ4F,200,1,2014,http://negativeyouth.net/wp-content/uploads/2011/01/blissedout-200x200.jpg,
/wp-content/uploads/2011/01/blissedout.jpg,image,20140111005043,image/jpeg,229538,MNDPKPWT5AKCBWMWPDCGDYFLOGQVV7GF,200,1,2014,http://negativeyouth.net/wp-content/uploads/2011/01/blissedout.jpg,
/wp-content/uploads/2011/01/blssd-out-200x200.png,image,20140109185237,image/png,49941,77LHYRHFIENQBN5REMGO6YT6ZXVKUJBB,200,2,2014,http://negativeyouth.net/wp-content/uploads/2011/01/blssd-out-200x200.png,
/wp-content/uploads/2011/01/boy-friend-200x200.jpg,image,20140109190859,image/jpeg,20790,7BCG3S7L2NLRQXK7MJWNSEONQQELC27W,200,1,2014,http://negativeyouth.net/wp-content/uploads/2011/01/boy-friend-200x200.jpg,
/wp-content/uploads/2011/01/boy-friend.jpg,image,20140110221818,image/jpeg,231394,YY3V2AQ62UTQMS3DDSVRXHI7R4IYEGMW,200,1,2014,http://negativeyouth.net/wp-content/uploads/2011/01/boy-friend.jpg,
/wp-content/uploads/2011/01/britney-hold-it-against-me1-200x200.jpg,image,20140109192217,image/jpeg,15624,SZQ7PGPER4OW5NYGPSZVCO7CHEJ5UEUZ,200,1,2014,http://negativeyouth.net/wp-content/uploads/2011/01/britney-hold-it-against-me1-200x200.jpg,
/wp-content/uploads/2011/01/britney-hold-it-against-me1.jpg,image,20140110195420,image/jpeg,181531,AAVLWXHNT2UAZHQSBVNWLGZXTS7FJILR,200,1,2014,http://negativeyouth.net/wp-content/uploads/2011/01/britney-hold-it-against-me1.jpg,
/wp-content/uploads/2011/01/cc_not_in_love_large_cover___11-200x200.jpg,image,20140109194139,image/jpeg,8611,TJMASVOAJE34PZYSLQANWI76URGVVLOD,200,1,2014,http://negativeyouth.net/wp-content/uploads/2011/01/cc_not_in_love_large_cover___11-200x200.jpg,
/wp-content/uploads/2011/01/cover1-200x200.jpg,image,20140109182106,image/jpeg,31537,VAGMMCLZGKFFBSKBTEENGJFMAZ3NOJEC,200,1,2014,http://negativeyouth.net/wp-content/uploads/2011/01/cover1-200x200.jpg,
/wp-content/uploads/2011/01/cover1.jpg,image,20140110214616,image/jpeg,475741,DZWINAKKXJXBX6A22J4ZPMPQLCHADYJC,200,1,2014,http://negativeyouth.net/wp-content/uploads/2011/01/cover1.jpg,
/wp-content/uploads/2011/01/deeep-200x200.png,image,20140109193818,image/png,51327,VINIJDD2Z7XG2UJHQ3VOA72GT6WYQYZJ,200,1,2014,http://negativeyouth.net/wp-content/uploads/2011/01/deeep-200x200.png,
/wp-content/uploads/2011/01/gatekeeper-200x200.jpg,image,20140109192419,image/jpeg,15905,62U52HGXHZSIL3WES4IVYQQNUDXEQFDI,200,1,2014,http://negativeyouth.net/wp-content/uploads/2011/01/gatekeeper-200x200.jpg,
/wp-content/uploads/2011/01/gatekeeper.jpg,image,20140110212607,image/jpeg,112023,Q2AZ3VCUTWXCPESJB43JI53AO7BJIQPG,200,1,2014,http://negativeyouth.net/wp-content/uploads/2011/01/gatekeeper.jpg,
/wp-content/uploads/2011/01/kanye-200x200.jpg,image,20140109194113,image/jpeg,11025,JZVARXOI3GIQVNHKDNKMAVZUJBSBFGLQ,200,3,2013;2014,http://negativeyouth.net/wp-content/uploads/2011/01/kanye-200x200.jpg,
/wp-content/uploads/2011/01/kanye.jpg,image,20140110214031,image/jpeg,53080,5PA5WCG24VQOOWQLTQ6SFNI7ZCO2JOKV,200,1,2014,http://negativeyouth.net/wp-content/uploads/2011/01/kanye.jpg,
/wp-content/uploads/2011/01/kid-sister-kiss-kiss-kiss-fools-gold1-200x200.png,image,20140109192345,image/png,61466,UZW43Z52WJFR35U627XXFFX63M3BZQKO,200,1,2014,http://negativeyouth.net/wp-content/uploads/2011/01/kid-sister-kiss-kiss-kiss-fools-gold1-200x200.png,
/wp-content/uploads/2011/01/kid-sister-kiss-kiss-kiss-fools-gold1.png,image,20140110213542,image/png,623614,GPJRBMQ645IQHGFNJEFXIABT6M6XI4CD,200,1,2014,http://negativeyouth.net/wp-content/uploads/2011/01/kid-sister-kiss-kiss-kiss-fools-gold1.png,
/wp-content/uploads/2011/01/light-asylum-dark-allies-608x3371-200x200.jpg,image,20110823023209,image/jpeg,9898,YEOIMBS573CB6EU6WXFSZAC6JTCFMQRU,200,2,2011;2014,http://negativeyouth.net/wp-content/uploads/2011/01/light-asylum-dark-allies-608x3371-200x200.jpg,
/wp-content/uploads/2011/01/masnike7up-200x200.jpg,image,20140109191426,image/jpeg,11183,QJEPYESGUE5ZPML6TZT4QLO4UD2MRIH2,200,1,2014,http://negativeyouth.net/wp-content/uploads/2011/01/masnike7up-200x200.jpg,
/wp-content/uploads/2011/01/masnike7up.jpg,image,20140110221151,image/jpeg,82077,H5OYYBBSZHKZYEQWJLHC633KXXOEGEWT,200,1,2014,http://negativeyouth.net/wp-content/uploads/2011/01/masnike7up.jpg,
/wp-content/uploads/2011/01/negative-youth-4-200x200.jpg,image,20140109182520,image/jpeg,17642,5BE2H6UE57CROSCKDXYSMNDLFZC7RTU7,200,1,2014,http://negativeyouth.net/wp-content/uploads/2011/01/negative-youth-4-200x200.jpg,
/wp-content/uploads/2011/01/negative-youth-4.jpg,image,20140109200455,image/jpeg,431648,YAUUG2JHU42WFEUWMIQ6AZZF4XH3ATOZ,200,1,2014,http://negativeyouth.net/wp-content/uploads/2011/01/negative-youth-4.jpg,
/wp-content/uploads/2011/01/nike-200x200.jpg,image,20140109183824,image/jpeg,14206,65DL657ZXAJZU2ROXB2ACQS3AXUFIDHW,200,1,2014,http://negativeyouth.net/wp-content/uploads/2011/01/nike-200x200.jpg,
/wp-content/uploads/2011/01/nike.jpg,image,20140110213212,image/jpeg,348133,BIYXUN3LLKW2Y26O5DY3Z27CKUP6TUMK,200,2,2014;2025,http://negativeyouth.net/wp-content/uploads/2011/01/nike.jpg,https://negativeyouth.net/wp-content/uploads/2011/01/nike.jpg
/wp-content/uploads/2011/01/nike7up-200x200.jpg,image,20140109204004,image/jpeg,10835,PPXKYLH6LWQ4DDEF5JI4AKWNT24TDBJU,200,2,2014;2025,http://negativeyouth.net/wp-content/uploads/2011/01/nike7up-200x200.jpg,https://negativeyouth.net/wp-content/uploads/2011/01/nike7up-200x200.jpg
/wp-content/uploads/2011/01/nike7up-sin-parar-200x200.jpg,image,20140109184251,image/jpeg,17094,ZZWODYS42PB5PHOLWAJZVT2MHLV7PSAM,200,1,2014,http://negativeyouth.net/wp-content/uploads/2011/01/nike7up-sin-parar-200x200.jpg,
/wp-content/uploads/2011/01/nike7up-sin-parar.jpg,image,20140110205037,image/jpeg,189354,7UYHLYBHDJY5F5TYM3A5ZZIZZEENTFPU,200,1,2014,http://negativeyouth.net/wp-content/uploads/2011/01/nike7up-sin-parar.jpg,
/wp-content/uploads/2011/01/nike7up.jpg,image,20140109200923,image/jpeg,89639,CJNQ6FLDRIZBDX5KBY2U67TI4OTJ5L4Z,200,1,2014,http://negativeyouth.net/wp-content/uploads/2011/01/nike7up.jpg,
/wp-content/uploads/2011/01/ocultismo.jpg,image,20140109203432,image/jpeg,159743,7MPKTCBO4MQ34EGCM576CSS3EQUOO4SW,200,1,2014,http://negativeyouth.net/wp-content/uploads/2011/01/ocultismo.jpg,
/wp-content/uploads/2011/01/olivia.jpg,image,20140109191808,image/jpeg,156413,UE4LYWEIDMUMHD2EJJZBZNBJ6C3BS4LU,200,1,2014,http://negativeyouth.net/wp-content/uploads/2011/01/olivia.jpg,
/wp-content/uploads/2011/01/peepr-200x200.jpg,image,20140109191836,image/jpeg,12988,FKDHRKXD76COL63W6NUVUCBREQCVFH63,200,1,2014,http://negativeyouth.net/wp-content/uploads/2011/01/peepr-200x200.jpg,
/wp-content/uploads/2011/01/peepr.jpg,image,20140110222951,image/jpeg,77606,MG5E6MVYY2AZMWTRMJQDT5ZXURXF23YH,200,1,2014,http://negativeyouth.net/wp-content/uploads/2011/01/peepr.jpg,
/wp-content/uploads/2011/01/pictureplane-copy-200x200.jpg,image,20140109193316,image/jpeg,9024,QWIYSQ5R22QOW7JKZQLJ52BWFITT7NZJ,200,1,2014,http://negativeyouth.net/wp-content/uploads/2011/01/pictureplane-copy-200x200.jpg,
/wp-content/uploads/2011/01/pictureplane-copy1.jpg,image,20140110212435,image/jpeg,228472,POPSDRGREHLIJ4M2YZU3G6WR36D4HL44,200,1,2014,http://negativeyouth.net/wp-content/uploads/2011/01/pictureplane-copy1.jpg,
/wp-content/uploads/2011/01/stoned-200x200.jpg,image,20140109183326,image/jpeg,19007,PVST5WMT3OPKU5D7EHRSSDHVJU6B2SD4,200,1,2014,http://negativeyouth.net/wp-content/uploads/2011/01/stoned-200x200.jpg,
/wp-content/uploads/2011/01/stoned.jpg,image,20140110214602,image/jpeg,209907,NUV2SDEF7HVD42USCINN5BJIAQH32G2B,200,1,2014,http://negativeyouth.net/wp-content/uploads/2011/01/stoned.jpg,
/wp-content/uploads/2011/01/summer-200x200.jpg,image,20140109185811,image/jpeg,18905,HMPXIWKCR3S65PG2WU267IZXU26RC2YF,200,3,2013;2014;2025,http://negativeyouth.net/wp-content/uploads/2011/01/summer-200x200.jpg,https://negativeyouth.net/wp-content/uploads/2011/01/summer-200x200.jpg
/wp-content/uploads/2011/01/summer.jpg,image,20140109202306,image/jpeg,160506,HF63HPRBM53ZV6GSZANJDSSDECZPQYYZ,200,1,2014,http://negativeyouth.net/wp-content/uploads/2011/01/summer.jpg,
/wp-content/uploads/2011/01/teaa-200x200.jpg,image,20140109193206,image/jpeg,7142,Q652LLH5MEMRWTS7SESOYXWCOTYQZ6GD,200,1,2014,http://negativeyouth.net/wp-content/uploads/2011/01/teaa-200x200.jpg,
/wp-content/uploads/2011/01/teaa.jpg,image,20140110212744,image/jpeg,55008,YXQSIWTGGQCTM4J7Q56LKJEEEQQZARSZ,200,1,2014,http://negativeyouth.net/wp-content/uploads/2011/01/teaa.jpg,
/wp-content/uploads/2011/01/trish-200x200.png,image,20140109182959,image/png,42538,2GCRBKFVDRRU7OMWHMIUMRZ5PH46TFQT,200,1,2014,http://negativeyouth.net/wp-content/uploads/2011/01/trish-200x200.png,
/wp-content/uploads/2011/01/wavves-200x200.jpg,image,20131104103704,image/jpeg,17543,FRIQIBSZ6ZIEJIZYQBIAU3QJGKEM6IYT,200,2,2013;2014,http://negativeyouth.net/wp-content/uploads/2011/01/wavves-200x200.jpg,
/wp-content/uploads/2011/01/wavves.jpg,image,20140110222323,image/jpeg,196962,C36EVNB4C6XOBBMAUNQH5FGV6WYRQF6D,200,1,2014,http://negativeyouth.net/wp-content/uploads/2011/01/wavves.jpg,
/wp-content/uploads/2011/01/wicked-200x200.jpg,image,20140109202831,image/jpeg,15971,26W2F5LQVY2D2NWSCT7PHL43JAP7DRGS,200,1,2014,http://negativeyouth.net/wp-content/uploads/2011/01/wicked-200x200.jpg,
/wp-content/uploads/2011/01/wicked.jpg,image,20140109204535,image/jpeg,133287,SLPTYZNYRSTY7ODCOCYYB4HA6SUFXOJH,200,1,2014,http://negativeyouth.net/wp-content/uploads/2011/01/wicked.jpg,
/wp-content/uploads/2011/02/DSC_0050resize-200x200.jpg,image,20140109191348,image/jpeg,8073,2ME7JUIGZHCPGEMAD44TULZHA5WDIPSR,200,1,2014,http://negativeyouth.net/wp-content/uploads/2011/02/DSC_0050resize-200x200.jpg,
/wp-content/uploads/2011/02/Planningtorock1-200x200.jpg,image,20140109185752,image/jpeg,10182,3TQOVOGNMPXNN4KKQOMXG5M67D5HDLJG,200,1,2014,http://negativeyouth.net/wp-content/uploads/2011/02/Planningtorock1-200x200.jpg,
/wp-content/uploads/2011/02/alexico-200x200.png,image,20140109182628,image/png,52750,6IALO5XHEFSYMNGXTYVRNTLLJHZHF4Z5,200,1,2014,http://negativeyouth.net/wp-content/uploads/2011/02/alexico-200x200.png,
/wp-content/uploads/2011/02/born-200x200.jpg,image,20140109184811,image/jpeg,11537,WXZZMRY5ZDLRRA6EKDSFGPVLRU7ZZYDQ,200,2,2014;2025,http://negativeyouth.net/wp-content/uploads/2011/02/born-200x200.jpg,https://negativeyouth.net/wp-content/uploads/2011/02/born-200x200.jpg
/wp-content/uploads/2011/02/born-700x800.jpg,image,20140110213000,image/jpeg,115657,UVVFU3ZZEURVH3XAOXAN4XHTT5KLOTGQ,200,1,2014,http://negativeyouth.net/wp-content/uploads/2011/02/born-700x800.jpg,
/wp-content/uploads/2011/02/creep-200x200.png,image,20140109182528,image/png,26371,QOPVZAEFVK64DCM5E6NKEUBQD5MGZ2FM,200,1,2014,http://negativeyouth.net/wp-content/uploads/2011/02/creep-200x200.png,
/wp-content/uploads/2011/02/dumdum-200x200.jpg,image,20140109190925,image/jpeg,13191,N4TYH5PJFJZE2DZLJJBKE5K2LV33FS3B,200,1,2014,http://negativeyouth.net/wp-content/uploads/2011/02/dumdum-200x200.jpg,
/wp-content/uploads/2011/02/dumdum.jpg,image,20140110213022,image/jpeg,119954,ESL24CIHZZA6QFLZ55RJ6S5ZPNFYJN6M,200,1,2014,http://negativeyouth.net/wp-content/uploads/2011/02/dumdum.jpg,
/wp-content/uploads/2011/02/fbsuicide-200x200.gif,image,20131214022658,image/gif,8730,IKEEFOH3TO7TWP3QGS73XPJCRZEEKOXT,200,2,2013;2014,http://negativeyouth.net/wp-content/uploads/2011/02/fbsuicide-200x200.gif,
/wp-content/uploads/2011/02/fbsuicide.gif,image,20140111004901,image/gif,219793,G5IQT24Q5L4VTJQDLFQRJU5NMHNOPEYH,200,1,2014,http://negativeyouth.net/wp-content/uploads/2011/02/fbsuicide.gif,
/wp-content/uploads/2011/02/fostercare-200x200.png,image,20140109192831,image/png,76292,JLDRAPZN3A7KRSIRTCVAJXTO7VO5FINF,200,1,2014,http://negativeyouth.net/wp-content/uploads/2011/02/fostercare-200x200.png,
/wp-content/uploads/2011/02/greenbay-packers-pittsburgh-steelers-superbowl-45-pictures1-200x200.jpg,image,20131104003758,image/jpeg,16861,V3PKVH5WBQLYRB3YEX3SWA5LDMXHDS5R,200,2,2013;2014,http://negativeyouth.net/wp-content/uploads/2011/02/greenbay-packers-pittsburgh-steelers-superbowl-45-pictures1-200x200.jpg,
/wp-content/uploads/2011/02/greenbay-packers-pittsburgh-steelers-superbowl-45-pictures1-700x640.jpg,image,20140109192315,image/jpeg,99112,FHWYLCK5BWMALLXR6VCYG7TIH4VBFVY2,200,1,2014,http://negativeyouth.net/wp-content/uploads/2011/02/greenbay-packers-pittsburgh-steelers-superbowl-45-pictures1-700x640.jpg,
/wp-content/uploads/2011/02/heart-200x200.png,image,20140109194734,image/png,47726,TU4CC27U5XC3JIUM2AC4FSRM5JXR6NJD,200,1,2014,http://negativeyouth.net/wp-content/uploads/2011/02/heart-200x200.png,
/wp-content/uploads/2011/02/nasdamien1-200x200.jpg,image,20140109183418,image/jpeg,9699,KT4ZQP6ODW7MMDUKRZAJQD6J4IWCTJ4T,200,1,2014,http://negativeyouth.net/wp-content/uploads/2011/02/nasdamien1-200x200.jpg,
/wp-content/uploads/2011/02/nazir.jpg,image,20140110213133,image/jpeg,228997,FD35JNRFXWLOWLFIZEQSZXM6X25CDUNF,200,1,2014,http://negativeyouth.net/wp-content/uploads/2011/02/nazir.jpg,
/wp-content/uploads/2011/02/nrml-200x200.jpg,image,20140109183853,image/jpeg,14426,LTF7QVJZCWRDJLNFOI5YQRCMOM2TKYZP,200,1,2014,http://negativeyouth.net/wp-content/uploads/2011/02/nrml-200x200.jpg,
/wp-content/uploads/2011/02/nrml.jpg,image,20140110213149,image/jpeg,183523,44B2UBERYW4BGN6WPRTAEGEN7QXSXBW7,200,1,2014,http://negativeyouth.net/wp-content/uploads/2011/02/nrml.jpg,
/wp-content/uploads/2011/02/sliders-200x200.jpg,image,20131104003803,image/jpeg,17161,7DU7UIPR75H3K3CYYZI4YWM5PIGO6REH,200,3,2013;2014;2025,http://negativeyouth.net/wp-content/uploads/2011/02/sliders-200x200.jpg,https://negativeyouth.net/wp-content/uploads/2011/02/sliders-200x200.jpg
/wp-content/uploads/2011/02/sliders-700x800.jpg,image,20140109192010,image/jpeg,103248,BWXWD4K3BNDSEYRDUL4NHXWW62K3OQXL,200,1,2014,http://negativeyouth.net/wp-content/uploads/2011/02/sliders-700x800.jpg,
/wp-content/uploads/2011/02/wavves-200x200.jpg,image,20140109191828,image/jpeg,10277,MEHASALY6QFCXUJJXALWQAILCWFJJQLI,200,1,2014,http://negativeyouth.net/wp-content/uploads/2011/02/wavves-200x200.jpg,
/wp-content/uploads/2011/02/wavves.jpg,image,20140109200718,image/jpeg,94155,KKG7J7GJIDPQZR5R4LJE2ZBY4SXICS34,200,1,2014,http://negativeyouth.net/wp-content/uploads/2011/02/wavves.jpg,
/wp-content/uploads/2011/02/yohuna-200x200.jpg,image,20140110212329,image/jpeg,19597,HK7EBQMYTXFOR36IEBG7WFV4475W7JUC,200,1,2014,http://negativeyouth.net/wp-content/uploads/2011/02/yohuna-200x200.jpg,
/wp-content/uploads/2011/02/yohuna.jpg,image,20140110220905,image/jpeg,192812,HWX7QDRLVRF7JM2CIAACTBY3DA3MQYNJ,200,1,2014,http://negativeyouth.net/wp-content/uploads/2011/02/yohuna.jpg,
/wp-content/uploads/2011/03/1026739-lady-gaga-born-this-way-617-4091-200x200.jpg,image,20140109192831,image/jpeg,15184,CLFQKKDOO5Y7ORRR55S34AW7Z3XIM3WU,200,1,2014,http://negativeyouth.net/wp-content/uploads/2011/03/1026739-lady-gaga-born-this-way-617-4091-200x200.jpg,
/wp-content/uploads/2011/03/ART-copy-200x200.jpg,image,20140109183247,image/jpeg,29740,ZLSSQHXUXYGUFUCLVS7YR2JDG72UZX57,200,1,2014,http://negativeyouth.net/wp-content/uploads/2011/03/ART-copy-200x200.jpg,
/wp-content/uploads/2011/03/ART-copy.jpg,image,20140109190940,image/jpeg,380103,WST2VDK3TSXFROLWWZ7OKXOLPT6FSFNF,200,1,2014,http://negativeyouth.net/wp-content/uploads/2011/03/ART-copy.jpg,
/wp-content/uploads/2011/03/JWOW06761-150x150.jpg,image,20140109191839,image/jpeg,9182,7KJTAVBIZJNH3HEHRYSJGVUIDLLY5PFF,200,1,2014,http://negativeyouth.net/wp-content/uploads/2011/03/JWOW06761-150x150.jpg,
/wp-content/uploads/2011/03/JWOW06761-700x800.jpg,image,20140109194144,image/jpeg,102390,2UIA7X3TPSUW26UGE544HVAT5U7FPSON,200,1,2014,http://negativeyouth.net/wp-content/uploads/2011/03/JWOW06761-700x800.jpg,
/wp-content/uploads/2011/03/PuroInstinct_11-200x200.jpg,image,20140109184950,image/jpeg,12585,XCVN4AFRPAA3L7CHMXJNMBXBKIIT2FSH,200,1,2014,http://negativeyouth.net/wp-content/uploads/2011/03/PuroInstinct_11-200x200.jpg,
/wp-content/uploads/2011/03/Tropical_Moon_of_Thetis1-150x150.jpg,image,20140109184559,image/jpeg,7033,GE3Z6367ST4YLH3TIBRKIQFIOX7IYLFI,200,1,2014,http://negativeyouth.net/wp-content/uploads/2011/03/Tropical_Moon_of_Thetis1-150x150.jpg,
/wp-content/uploads/2011/03/Tropical_Moon_of_Thetis1-700x768.jpg,image,20140110195421,image/jpeg,100848,EWIMKX3YHRWMGZN4KQQYKT2AUK7TYTAB,200,1,2014,http://negativeyouth.net/wp-content/uploads/2011/03/Tropical_Moon_of_Thetis1-700x768.jpg,
/wp-content/uploads/2011/03/Wavves-King-of-the-Beach1-200x200.jpg,image,20140109185838,image/jpeg,15534,DFT2CZIVFZSMQKX5WBVU5V3XGTZ6AMRH,200,1,2014,http://negativeyouth.net/wp-content/uploads/2011/03/Wavves-King-of-the-Beach1-200x200.jpg,
/wp-content/uploads/2011/03/almost-150x150.jpg,image,20140109202439,image/jpeg,9051,IN65P4ISSIZVKXNXEC6CKSNTCZV2PBDA,200,1,2014,http://negativeyouth.net/wp-content/uploads/2011/03/almost-150x150.jpg,
/wp-content/uploads/2011/03/almost-700x800.jpg,image,20140110212522,image/jpeg,121421,2CN5MU7SOGQYB3LRFTBNV5R2BI36NDDK,200,1,2014,http://negativeyouth.net/wp-content/uploads/2011/03/almost-700x800.jpg,
/wp-content/uploads/2011/03/antes-150x150.jpg,image,20140109190623,image/jpeg,6720,HFUNNWSDACH2AESUVK5WFYYQGJ3RJDSZ,200,1,2014,http://negativeyouth.net/wp-content/uploads/2011/03/antes-150x150.jpg,
/wp-content/uploads/2011/03/antes.jpg,image,20140110200603,image/jpeg,100985,RXBNDAXGCCH74IHIV324ZIR5D3D6GMU5,200,1,2014,http://negativeyouth.net/wp-content/uploads/2011/03/antes.jpg,
/wp-content/uploads/2011/03/antes1.jpg,image,20140110205916,image/jpeg,339860,VBJFDGX2JFZHM72JMHRJWHENXADG2TD3,200,1,2014,http://negativeyouth.net/wp-content/uploads/2011/03/antes1.jpg,
/wp-content/uploads/2011/03/blssd-200x200.gif,image,20140109194126,image/gif,22393,D27JK2G7EZB6U7DU7EHZDQOGWKA4BRWK,200,1,2014,http://negativeyouth.net/wp-content/uploads/2011/03/blssd-200x200.gif,
/wp-content/uploads/2011/03/blssd.gif,image,20140109201552,image/gif,369795,5UF5ZBS6SIN6EX72VKVX7HLLK2LPN726,200,1,2014,http://negativeyouth.net/wp-content/uploads/2011/03/blssd.gif,
/wp-content/uploads/2011/03/fucking-bitch-200x200.jpg,image,20140109190050,image/jpeg,10808,4JRKPMWX6HKCJNVL5KIM4UEBMKKKVJAF,200,1,2014,http://negativeyouth.net/wp-content/uploads/2011/03/fucking-bitch-200x200.jpg,
/wp-content/uploads/2011/03/ganggangdance-hi-res-album-cover1-150x150.jpg,image,20140109184251,image/jpeg,8461,EQA67HBFFH6NNS24IFDAAABPEF26UWP2,200,1,2014,http://negativeyouth.net/wp-content/uploads/2011/03/ganggangdance-hi-res-album-cover1-150x150.jpg,
/wp-content/uploads/2011/03/ganggangdance-hi-res-album-cover1-700x800.jpg,image,20140110213650,image/jpeg,106245,IG44DB4PGC3UVDF7BCBZ3MHAVEI7QP2Y,200,1,2014,http://negativeyouth.net/wp-content/uploads/2011/03/ganggangdance-hi-res-album-cover1-700x800.jpg,
/wp-content/uploads/2011/03/gif-200x200.png,image,20140109185242,image/png,74885,JFW24RC6JXYYWDT2FZ6PBISWNWVVRS2C,200,2,2014,http://negativeyouth.net/wp-content/uploads/2011/03/gif-200x200.png,
/wp-content/uploads/2011/03/grimes-150x150.jpg,image,20140109190156,image/jpeg,13600,FZVNOZTBYKQGMOJ3QVZTOD4ASFVDTGZX,200,2,2014;2025,http://negativeyouth.net/wp-content/uploads/2011/03/grimes-150x150.jpg,https://negativeyouth.net/wp-content/uploads/2011/03/grimes-150x150.jpg
/wp-content/uploads/2011/03/grimes.jpg,image,20140109200451,image/jpeg,117056,ZMSWYTRPRMUXNG775TXBUJMONRR3NDE2,200,1,2014,http://negativeyouth.net/wp-content/uploads/2011/03/grimes.jpg,
/wp-content/uploads/2011/03/jesus-3d_1891_1024x7681-150x150.jpg,image,20140109190954,image/jpeg,5914,FXTESYUIDU3ZE4P5HTG5NLJN4CPLVH2I,200,2,2013;2014,http://negativeyouth.net/wp-content/uploads/2011/03/jesus-3d_1891_1024x7681-150x150.jpg,
/wp-content/uploads/2011/03/jesus-3d_1891_1024x7681-700x768.jpg,image,20140110184736,image/jpeg,57744,UURLEYSNK7QWOYUPJQGD63XIHXQWAJ6X,200,1,2014,http://negativeyouth.net/wp-content/uploads/2011/03/jesus-3d_1891_1024x7681-700x768.jpg,
/wp-content/uploads/2011/03/jviewz-200x200.png,image,20140109191456,image/png,46016,LVM47JCWUHXINUXODFRQZIN262AZBTIG,200,1,2014,http://negativeyouth.net/wp-content/uploads/2011/03/jviewz-200x200.png,
/wp-content/uploads/2011/03/landy-150x150.jpg,image,20140109200847,image/jpeg,6475,UEKSMWNEG5A2USSEFSOA5X76JG7C7OCY,200,2,2013;2014,http://negativeyouth.net/wp-content/uploads/2011/03/landy-150x150.jpg,
/wp-content/uploads/2011/03/landy.jpg,image,20140109193320,image/jpeg,46961,PVAVE5ZFNCLI66LTYIT2EL3WWGJH4INC,200,1,2014,http://negativeyouth.net/wp-content/uploads/2011/03/landy.jpg,
/wp-content/uploads/2011/03/lilwayne6foot7footexpli1-200x200.jpg,image,20140109194503,image/jpeg,9030,MKZUTEVLSZFOHGIX66FAMPTBDTY5TZ4E,200,1,2014,http://negativeyouth.net/wp-content/uploads/2011/03/lilwayne6foot7footexpli1-200x200.jpg,
/wp-content/uploads/2011/03/ppflyer-200x200.jpg,image,20110823024726,image/jpeg,17963,VMIYRQ6TIO2WR67HFOZDGFEGZU7FMURH,200,2,2011;2014,http://negativeyouth.net/wp-content/uploads/2011/03/ppflyer-200x200.jpg,
/wp-content/uploads/2011/03/ppflyer.jpg,image,20140109202138,image/jpeg,256026,6WIO4YWROHQQGEURJYDG6FTUOIVEPVB4,200,1,2014,http://negativeyouth.net/wp-content/uploads/2011/03/ppflyer.jpg,
/wp-content/uploads/2011/03/red-150x150.jpg,image,20140109185210,image/jpeg,10705,4PWMQNZLVXFZFOZLCPU4WEMBQBLTJRFA,200,2,2013;2014,http://negativeyouth.net/wp-content/uploads/2011/03/red-150x150.jpg,
/wp-content/uploads/2011/03/red.jpg,image,20140109192820,image/jpeg,261263,7BS6SST5JRDQ6WBNDBTZB43Q7LT4YUMY,200,1,2014,http://negativeyouth.net/wp-content/uploads/2011/03/red.jpg,
/wp-content/uploads/2011/03/sleep4ever-150x150.jpg,image,20140109191752,image/jpeg,5238,ISVCEG5QCCRXKSDD7BCNUL5BBC3CUFVT,200,1,2014,http://negativeyouth.net/wp-content/uploads/2011/03/sleep4ever-150x150.jpg,
/wp-content/uploads/2011/03/sleep4ever.jpg,image,20140110215914,image/jpeg,33436,XPFYN4H75ISLRNC3LNBJHJZYNZDZBF2O,200,1,2014,http://negativeyouth.net/wp-content/uploads/2011/03/sleep4ever.jpg,
/wp-content/uploads/2011/03/the-closet-voyeur-gabriel-noriega-mentira-mentira-241-200x200.jpg,image,20140109190130,image/jpeg,11444,NME2A6SEMBJLRHDHBG7HQSNPGO2TBCTY,200,1,2014,http://negativeyouth.net/wp-content/uploads/2011/03/the-closet-voyeur-gabriel-noriega-mentira-mentira-241-200x200.jpg,
/wp-content/uploads/2011/03/tumblr_l8yn3qOSBb1qd44c0o1_1280.jpg,image,20140109193632,image/jpeg,195111,LK4VPGJBQDIAXY3WJE6VQ3Q4AT6FQV7C,200,1,2014,http://negativeyouth.net/wp-content/uploads/2011/03/tumblr_l8yn3qOSBb1qd44c0o1_1280.jpg,
/wp-content/uploads/2011/03/tumblr_l94blqi9fY1qd44c0o1_1280.jpg,image,20140110214230,image/jpeg,362723,KLT5Y7QSX5OG26YEQN7SQ2Y6HVILPWCC,200,1,2014,http://negativeyouth.net/wp-content/uploads/2011/03/tumblr_l94blqi9fY1qd44c0o1_1280.jpg,
/wp-content/uploads/2011/03/unison-150x150.jpg,image,20140109202403,image/jpeg,11337,IXTIGQMFE2HWQTKICI2NAWE4LPXAQAOY,200,2,2014,http://negativeyouth.net/wp-content/uploads/2011/03/unison-150x150.jpg,
/wp-content/uploads/2011/03/unison.jpg,image,20140109200101,image/jpeg,188948,QORSLF7HPBELPHJEYT4RUHVY2BXACW3Y,200,1,2014,http://negativeyouth.net/wp-content/uploads/2011/03/unison.jpg,
/wp-content/uploads/2011/03/willow-150x150.jpg,image,20140109192551,image/jpeg,14571,4QK26QV74KDQPJMEPP3IQ3AYBPT23UG5,200,1,2014,http://negativeyouth.net/wp-content/uploads/2011/03/willow-150x150.jpg,
/wp-content/uploads/2011/03/willow-smith-21st-century-girl-video1-200x200.jpg,image,20140109185945,image/jpeg,11679,OEGVG5RNR63RBWRAQKM2ENJO6AS6KYR7,200,1,2014,http://negativeyouth.net/wp-content/uploads/2011/03/willow-smith-21st-century-girl-video1-200x200.jpg,
/wp-content/uploads/2011/03/willow.jpg,image,20140109195120,image/jpeg,310109,6IO6UD5B6TFTA5CSZETLQAG7UOUDXSZ5,200,1,2014,http://negativeyouth.net/wp-content/uploads/2011/03/willow.jpg,
/wp-content/uploads/2011/03/yonkers-150x150.jpg,image,20140109190119,image/jpeg,11814,PXIKN5KHZKU7UQ6UPZ3NGY4SM5S3TSAK,200,3,2014;2025,http://negativeyouth.net/wp-content/uploads/2011/03/yonkers-150x150.jpg,https://negativeyouth.net/wp-content/uploads/2011/03/yonkers-150x150.jpg
/wp-content/uploads/2011/03/yonkers.jpg,image,20140110213056,image/jpeg,229862,RAMGPM5AIEARQ3LAKF7YUDI4GARL7E25,200,1,2014,http://negativeyouth.net/wp-content/uploads/2011/03/yonkers.jpg,
/wp-content/uploads/2011/04/1FUNERALSCOVER21-200x200.jpg,image,20140109191441,image/jpeg,16180,LP2I7PCAEOY5APBY4R5SGZJS4PZUB3QH,200,1,2014,http://negativeyouth.net/wp-content/uploads/2011/04/1FUNERALSCOVER21-200x200.jpg,
/wp-content/uploads/2011/04/5386216546_84442e1782_b1-150x150.jpg,image,20140109191257,image/jpeg,6230,X7QF7BPZIQBPT5OXS47RKMV4AXVMMCHR,200,1,2014,http://negativeyouth.net/wp-content/uploads/2011/04/5386216546_84442e1782_b1-150x150.jpg,
/wp-content/uploads/2011/04/5386216546_84442e1782_b1-700x800.jpg,image,20140110215251,image/jpeg,67012,HPUYPQ6SWUW7S425HJLGSFLTYI4AAWFD,200,1,2014,http://negativeyouth.net/wp-content/uploads/2011/04/5386216546_84442e1782_b1-700x800.jpg,
/wp-content/uploads/2011/04/By-Sadaf-Hakimian1-150x150.jpg,image,20140109190111,image/jpeg,9322,GTZWWXOIKP6H2TMETD4SUVBNRNANLUZP,200,1,2014,http://negativeyouth.net/wp-content/uploads/2011/04/By-Sadaf-Hakimian1-150x150.jpg,
/wp-content/uploads/2011/04/By-Sadaf-Hakimian1-700x790.jpg,image,20140110212359,image/jpeg,138467,X4RJQSEDEMK5N6FQEQLZ3ZEMGEHJKXZW,200,1,2014,http://negativeyouth.net/wp-content/uploads/2011/04/By-Sadaf-Hakimian1-700x790.jpg,
/wp-content/uploads/2011/04/EZ-150x150.jpg,image,20140109183208,image/jpeg,7554,VAYUMLFNY37IDNY5NNHYKS55QCPT737Q,200,1,2014,http://negativeyouth.net/wp-content/uploads/2011/04/EZ-150x150.jpg,
/wp-content/uploads/2011/04/EZ-700x540.jpg,image,20140109201018,image/jpeg,83145,QDJMK3NEQWTIIGUPQFAWSZERCDWZURGV,200,1,2014,http://negativeyouth.net/wp-content/uploads/2011/04/EZ-700x540.jpg,
/wp-content/uploads/2011/04/Gang+Gang+Dance+GGD1-150x150.jpg,image,20110823024500,image/jpeg,12477,B6CT7RO6ISFZYB5QWC6DZ32F5LIKYINR,200,3,2011;2014,http://negativeyouth.net/wp-content/uploads/2011/04/Gang+Gang+Dance+GGD1-150x150.jpg,
/wp-content/uploads/2011/04/Gang+Gang+Dance+GGD1-700x800.jpg,image,20140110214149,image/jpeg,147443,OIFB7DB56ZHZCDLZ2MNTNCNVVTHCZQ5M,200,1,2014,http://negativeyouth.net/wp-content/uploads/2011/04/Gang+Gang+Dance+GGD1-700x800.jpg,
/wp-content/uploads/2011/04/KornSkrillexBlog1-200x200.jpg,image,20140109195330,image/jpeg,12422,Y2XLL3KGPW75RBCFYE2PADO6AKXUO2BZ,200,1,2014,http://negativeyouth.net/wp-content/uploads/2011/04/KornSkrillexBlog1-200x200.jpg,
/wp-content/uploads/2011/04/about.png,image,20110823024346,image/png,1664,RFS4PRK3EJRWFWTQMSZZGVZJJVKJ5NPB,200,2,2011;2012,http://negativeyouth.net/wp-content/uploads/2011/04/about.png,
/wp-content/uploads/2011/04/carly-200x200.png,image,20140109182917,image/png,34815,PJS3FJOZZ2XBEXBUXHDCHRZXNEUGHWAV,200,1,2014,http://negativeyouth.net/wp-content/uploads/2011/04/carly-200x200.png,
/wp-content/uploads/2011/04/cruz.png,image,20110823023541,image/png,597,NFV44ZLCMBHXCIEIEEXX4OGDK2NOHZZJ,200,11,2011;2012;2013;2014;2025,http://negativeyouth.net/wp-content/uploads/2011/04/cruz.png,https://negativeyouth.net/wp-content/uploads/2011/04/cruz.png
/wp-content/uploads/2011/04/entrevistas.png,image,20110823024949,image/png,1289,6P3EJ2QEL6Y5ZGZZTXK6RSHNH4UQDSZW,200,2,2011;2012,http://negativeyouth.net/wp-content/uploads/2011/04/entrevistas.png,
/wp-content/uploads/2011/04/facebook.png,image,20110823024351,image/png,959,RNER7SDMS7JBSIF5X57LGOW3TUYJHR6E,200,12,2011;2012;2013;2014;2025,http://negativeyouth.net/wp-content/uploads/2011/04/facebook.png,https://negativeyouth.net/wp-content/uploads/2011/04/facebook.png
/wp-content/uploads/2011/04/favicon11-16x16.png,image,20110823023717,image/png,1430,MF4R4K3NC6645UTGJ6LAJ6UQLHO34W2J,200,2,2011;2012,http://negativeyouth.net/wp-content/uploads/2011/04/favicon11-16x16.png,
/wp-content/uploads/2011/04/grimes-deon_2-700x590.jpg,image,20140110214959,image/jpeg,103372,ZZNPUNXMOE2YAHORTSAWWUDBJWAFIX2X,200,1,2014,http://negativeyouth.net/wp-content/uploads/2011/04/grimes-deon_2-700x590.jpg,
/wp-content/uploads/2011/04/grimes-deon_3-700x590.jpg,image,20140110213010,image/jpeg,128936,UQKZB3WAUVK6BGBIP6N2CLKYNP7KJYTJ,200,1,2014,http://negativeyouth.net/wp-content/uploads/2011/04/grimes-deon_3-700x590.jpg,
/wp-content/uploads/2011/04/grimesdeon-150x150.jpg,image,20140109191430,image/jpeg,13706,UJE7QZJAUER6LTYM3QPESXGIA3JOI75W,200,1,2014,http://negativeyouth.net/wp-content/uploads/2011/04/grimesdeon-150x150.jpg,
/wp-content/uploads/2011/04/grimesdeon.jpg,image,20140110221951,image/jpeg,203895,43ZTXI3QRSAJMJ2EDLP3ZBAKC55FSZFA,200,1,2014,http://negativeyouth.net/wp-content/uploads/2011/04/grimesdeon.jpg,
/wp-content/uploads/2011/04/home.png,image,20110823024451,image/png,920,4UBHE4OA5JTEBQWGY4DKDNR67I2TG3GY,200,2,2011;2012,http://negativeyouth.net/wp-content/uploads/2011/04/home.png,
/wp-content/uploads/2011/04/last.fm_.png,image,20110823025008,image/png,821,NOJVPPLHETZN3VAH2Y62MBGCX5GIMRII,200,2,2011;2012,http://negativeyouth.net/wp-content/uploads/2011/04/last.fm_.png,
/wp-content/uploads/2011/04/linea-horizontal.png,image,20110823023824,image/png,588,XXMWSJ2X3XMCOITDFVLYTETLIAFORDVZ,200,12,2011;2012;2013;2014;2025,http://negativeyouth.net/wp-content/uploads/2011/04/linea-horizontal.png,https://negativeyouth.net/wp-content/uploads/2011/04/linea-horizontal.png
/wp-content/uploads/2011/04/linea-vertical.png,image,20110823023729,image/png,584,G37XCAWOJ5VISWPTAGWSHX2G3AU444VI,200,12,2011;2012;2013;2014;2025,http://negativeyouth.net/wp-content/uploads/2011/04/linea-vertical.png,https://negativeyouth.net/wp-content/uploads/2011/04/linea-vertical.png
/wp-content/uploads/2011/04/mixtapes.png,image,20110823024140,image/png,1193,RO6LGQSPTLUKPY3VDYGM5OYQEID72BDK,200,2,2011;2012,http://negativeyouth.net/wp-content/uploads/2011/04/mixtapes.png,
/wp-content/uploads/2011/04/musica.png,image,20110823024506,image/png,1108,4MID3YIUZOZY3BZXNSHWYRCFRPBIZVCV,200,2,2011;2012,http://negativeyouth.net/wp-content/uploads/2011/04/musica.png,
/wp-content/uploads/2011/04/mux-150x150.png,image,20140109184150,image/png,23801,RKLRLWCMNRI6MSZ7DHF3Z2ODJV7UICB6,200,1,2014,http://negativeyouth.net/wp-content/uploads/2011/04/mux-150x150.png,
/wp-content/uploads/2011/04/mux.png,image,20140110214541,image/png,108371,DH57GR7RAIFBOSDEHRGQF64MELF3WOXZ,200,1,2014,http://negativeyouth.net/wp-content/uploads/2011/04/mux.png,
/wp-content/uploads/2011/04/ppmixpmx-150x150.jpg,image,20140109182516,image/jpeg,14240,OD6UJC33BGVXCFLK3FJL72DMDFX36IHK,200,1,2014,http://negativeyouth.net/wp-content/uploads/2011/04/ppmixpmx-150x150.jpg,
/wp-content/uploads/2011/04/ppmixpmx.jpg,image,20140109202247,image/jpeg,133190,VEOG6NHBODJ36GKNXN6QLGBNZHPGSBCY,200,1,2014,http://negativeyouth.net/wp-content/uploads/2011/04/ppmixpmx.jpg,
/wp-content/uploads/2011/04/the-mixtape1-150x150.jpg,image,20140109182306,image/jpeg,10191,2TIHVQRCNESBCLGZHOFMHDQMKSXUWCE5,200,1,2014,http://negativeyouth.net/wp-content/uploads/2011/04/the-mixtape1-150x150.jpg,
/wp-content/uploads/2011/04/the-mixtape1-700x800.jpg,image,20140110213254,image/jpeg,116806,6P2W3QEWAI2UV53UB6Y4UCGSX27VEMTP,200,1,2014,http://negativeyouth.net/wp-content/uploads/2011/04/the-mixtape1-700x800.jpg,
/wp-content/uploads/2011/04/tumblr.png,image,20110823024532,image/png,1763,7CKPPTKZ5C2WJLCGYNYVEMTBXOURZ7DM,200,2,2011;2012,http://negativeyouth.net/wp-content/uploads/2011/04/tumblr.png,
/wp-content/uploads/2011/04/twitter.png,image,20131126082834,image/png,888,NHOVSRPMRH4JNN4OJBD5DNRJP6V5JSGT,200,11,2012;2013;2014;2025,http://negativeyouth.net/wp-content/uploads/2011/04/twitter.png,https://negativeyouth.net/wp-content/uploads/2011/04/twitter.png
/wp-content/uploads/2011/04/video.png,image,20110823024912,image/png,938,ADNZLMDGBRY6HIPUPLKH45V2WHMOP5MW,200,2,2011;2012,http://negativeyouth.net/wp-content/uploads/2011/04/video.png,
/wp-content/uploads/2011/05/18-200x200.png,image,20140109190919,image/png,66323,5MW6EMRFKLXK63SGH2LBBBA2FGWACQ3W,200,1,2014,http://negativeyouth.net/wp-content/uploads/2011/05/18-200x200.png,
/wp-content/uploads/2011/05/73834_165395663480273_140836339269539_479687_8342164_n1-200x200.jpg,image,20140109183204,image/jpeg,15909,Q27FOJZQOHGNIOTY23DHJAZAZZG72LA2,200,1,2014,http://negativeyouth.net/wp-content/uploads/2011/05/73834_165395663480273_140836339269539_479687_8342164_n1-200x200.jpg,
/wp-content/uploads/2011/05/DATAMOSH-21-200x200.jpg,image,20141224172725,image/jpeg,16607,NTQHLUZ3AOT63K5PYJLXWGGNFZJFUGYS,200,2,2014,http://negativeyouth.net/wp-content/uploads/2011/05/DATAMOSH-21-200x200.jpg,
/wp-content/uploads/2011/05/DSC5472.jpg,image,20140109201822,image/jpeg,99549,6PESDAD3424XJUTGSQWAGE7RQKXH7VFE,200,1,2014,http://negativeyouth.net/wp-content/uploads/2011/05/DSC5472.jpg,
/wp-content/uploads/2011/05/DSC5606-700x629.jpg,image,20140109202242,image/jpeg,126181,Q2NCEXI24AYNOIKZZ74DTMVI422EML4C,200,1,2014,http://negativeyouth.net/wp-content/uploads/2011/05/DSC5606-700x629.jpg,
/wp-content/uploads/2011/05/JJ1-200x200.jpg,image,20140109184359,image/jpeg,10676,JIODA53NPADGE7KHPD2YU5JSMAJB7NNK,200,2,2013;2014,http://negativeyouth.net/wp-content/uploads/2011/05/JJ1-200x200.jpg,
/wp-content/uploads/2011/05/Kreayshawn_ice_cream1-200x200.jpg,image,20140109192351,image/jpeg,18312,CBAZVGT6OAVCGFGJY3BMBLPJX7HWRUMP,200,1,2014,http://negativeyouth.net/wp-content/uploads/2011/05/Kreayshawn_ice_cream1-200x200.jpg,
/wp-content/uploads/2011/05/NEON-LINDSAY-copy-150x150.jpg,image,20140109182816,image/jpeg,8908,LK3E5DRSVP76JNN6IRD6DA24ZF5RSV2W,200,1,2014,http://negativeyouth.net/wp-content/uploads/2011/05/NEON-LINDSAY-copy-150x150.jpg,
/wp-content/uploads/2011/05/NEON-LINDSAY-copy-700x768.jpg,image,20140110205754,image/jpeg,120510,AE6B5C2LXLGSBC4OAYCNZYA32ZWV5N5C,200,1,2014,http://negativeyouth.net/wp-content/uploads/2011/05/NEON-LINDSAY-copy-700x768.jpg,
/wp-content/uploads/2011/05/Picture-5-200x200.png,image,20110823023400,image/png,59654,H2I33UTPZDULW2X4XMMFMYZQTYBTCZJ6,200,2,2011;2014,http://negativeyouth.net/wp-content/uploads/2011/05/Picture-5-200x200.png,
/wp-content/uploads/2011/05/With-U1-150x150.png,image,20140109191733,image/png,38154,WPUIQNKQGU46APUYFV3PN4Z4O743KAEY,200,1,2014,http://negativeyouth.net/wp-content/uploads/2011/05/With-U1-150x150.png,
/wp-content/uploads/2011/05/With-U1-700x800.png,image,20140110215313,image/png,570043,XYWEQBL4DZGZCHZTRFV52Z55CQUIVENY,200,1,2014,http://negativeyouth.net/wp-content/uploads/2011/05/With-U1-700x800.png,
/wp-content/uploads/2011/05/artworks-000007258611-hi6zad-original-150x150.png,image,20140109191420,image/png,54449,LSCFDCTXT2NVXAD6XZPOIUBNSPW2F7MD,200,1,2014,http://negativeyouth.net/wp-content/uploads/2011/05/artworks-000007258611-hi6zad-original-150x150.png,
/wp-content/uploads/2011/05/artworks-000007258611-hi6zad-original.png,image,20140109201243,image/png,765364,R65UAAVYMEQIBDMPFNNC727K65IGY4GD,200,1,2014,http://negativeyouth.net/wp-content/uploads/2011/05/artworks-000007258611-hi6zad-original.png,
/wp-content/uploads/2011/05/bleed-200x200.png,image,20140109191706,image/png,86995,425F3GPLSAMXQXTVLAELWYJTQ74KEJTW,200,1,2014,http://negativeyouth.net/wp-content/uploads/2011/05/bleed-200x200.png,
/wp-content/uploads/2011/05/brenmar1-200x200.png,image,20140109184712,image/png,90734,T77FKTCI6OEKZNWCZSNSFDJUY2CXK6N5,200,1,2014,http://negativeyouth.net/wp-content/uploads/2011/05/brenmar1-200x200.png,
/wp-content/uploads/2011/05/creep-nina-sky-you-music-video1-200x200.jpg,image,20140109195224,image/jpeg,9755,CFVVISU3LHLOQEX7TYOIH6C55LGSND6Q,200,1,2014,http://negativeyouth.net/wp-content/uploads/2011/05/creep-nina-sky-you-music-video1-200x200.jpg,
/wp-content/uploads/2011/05/danishivers-200x200.jpg,image,20140109184704,image/jpeg,8402,PE46WXGCIZZI5FAESRUI2JVZOSZAWLHO,200,1,2014,http://negativeyouth.net/wp-content/uploads/2011/05/danishivers-200x200.jpg,
/wp-content/uploads/2011/05/eventos.png,image,20110823024719,image/png,1078,6EEZ257H2U6UIJCLMUBK6MTB22WOVUSP,200,2,2011;2012,http://negativeyouth.net/wp-content/uploads/2011/05/eventos.png,
/wp-content/uploads/2011/05/gringo.png,image,20110823024736,image/png,1040,W7CZ6EEEUYI6XKFXVO4MZBFUDCZ4KQIW,200,2,2011;2012,http://negativeyouth.net/wp-content/uploads/2011/05/gringo.png,
/wp-content/uploads/2011/05/hologram31-150x150.jpg,image,20140109185910,image/jpeg,16912,YJLN5CAT4LSI7L7NICEYCMKC5JUS3N4V,200,2,2014,http://negativeyouth.net/wp-content/uploads/2011/05/hologram31-150x150.jpg,
/wp-content/uploads/2011/05/hologram31-700x800.jpg,image,20140110221618,image/jpeg,253844,ASSYP6F6XOGTY4N2HMKKJCACELONEAHI,200,1,2014,http://negativeyouth.net/wp-content/uploads/2011/05/hologram31-700x800.jpg,
/wp-content/uploads/2011/05/imgod-150x150.jpg,image,20140109185740,image/jpeg,6790,RDCTSZKVNEBF3XQFJI4J4RKY2G537LEA,200,2,2014;2025,http://negativeyouth.net/wp-content/uploads/2011/05/imgod-150x150.jpg,https://negativeyouth.net/wp-content/uploads/2011/05/imgod-150x150.jpg
/wp-content/uploads/2011/05/javierestrada2-150x150.jpg,image,20140109193456,image/jpeg,7031,ADSXOPBDJDP6G25HNI4ECN2VPRAZ3ES5,200,1,2014,http://negativeyouth.net/wp-content/uploads/2011/05/javierestrada2-150x150.jpg,
/wp-content/uploads/2011/05/jhene-150x150.jpg,image,20140109191917,image/jpeg,6674,HG6H7HXOMFPZKIEA5V4LB5PZ6SAMTC4R,200,1,2014,http://negativeyouth.net/wp-content/uploads/2011/05/jhene-150x150.jpg,
/wp-content/uploads/2011/05/jhene.jpg,image,20140110212847,image/jpeg,158210,LDKAWF7HA2MHINWN5DVNXYUILPNLDWAF,200,1,2014,http://negativeyouth.net/wp-content/uploads/2011/05/jhene.jpg,
/wp-content/uploads/2011/05/le1f-150x150.jpg,image,20140109182419,image/jpeg,5963,OOEXDZKXMDGIBE4QLPMJKIWTB3IU4KNM,200,1,2014,http://negativeyouth.net/wp-content/uploads/2011/05/le1f-150x150.jpg,
/wp-content/uploads/2011/05/le1f.jpg,image,20140111004958,image/jpeg,100428,TNHV5KGFC2O5DWTVWBFO5JZIZCYGJMLI,200,1,2014,http://negativeyouth.net/wp-content/uploads/2011/05/le1f.jpg,
/wp-content/uploads/2011/05/leonora-carrington1-150x150.jpg,image,20140109183841,image/jpeg,9569,33RCP3SQUKJC2N4M6PIJBTOMURLZVGQG,200,1,2014,http://negativeyouth.net/wp-content/uploads/2011/05/leonora-carrington1-150x150.jpg,
/wp-content/uploads/2011/05/leonora-detail1-700x800.jpg,image,20140110212503,image/jpeg,173109,4WYMVNMJCHNNATJ4F3O3KVTQXEB2CU2Q,200,1,2014,http://negativeyouth.net/wp-content/uploads/2011/05/leonora-detail1-700x800.jpg,
/wp-content/uploads/2011/05/oFF-150x150.jpg,image,20140109185556,image/jpeg,5796,55IZ6COZIPNYRM55OBKFZWUSNQJXEC5R,200,1,2014,http://negativeyouth.net/wp-content/uploads/2011/05/oFF-150x150.jpg,
/wp-content/uploads/2011/05/oFF.jpg,image,20140109205621,image/jpeg,200051,SQXVY6VYJ33S5UF54CBCS67WGWYDFKHB,200,1,2014,http://negativeyouth.net/wp-content/uploads/2011/05/oFF.jpg,
/wp-content/uploads/2011/05/osama-0111-150x150.jpg,image,20140109191501,image/jpeg,13685,D4TCSLFIWT6SAZ4WOKGLXTVU7X5MKX3C,200,1,2014,http://negativeyouth.net/wp-content/uploads/2011/05/osama-0111-150x150.jpg,
/wp-content/uploads/2011/05/osama-0111-700x800.jpg,image,20140109192919,image/jpeg,177496,B35YQK4BHNS5XET7N5Q6ZKGBUWCMSSQM,200,1,2014,http://negativeyouth.net/wp-content/uploads/2011/05/osama-0111-700x800.jpg,
/wp-content/uploads/2011/05/pictureplane-200x200.png,image,20140109191921,image/png,55030,7GH554XGXODFTSOW3EBR3PB24VNZ6PSB,200,1,2014,http://negativeyouth.net/wp-content/uploads/2011/05/pictureplane-200x200.png,
/wp-content/uploads/2011/05/pp-merch.jpg,image,20140109182939,image/jpeg,172013,XJVPYBER6ZP3XJOAP7PYI3CDJBB5O6Z5,200,1,2014,http://negativeyouth.net/wp-content/uploads/2011/05/pp-merch.jpg,
/wp-content/uploads/2011/05/ritualz.jpg,image,20140109200711,image/jpeg,135652,4HWDXVZTBI6MWY6IJYPAOXKNFCGUQUGQ,200,1,2014,http://negativeyouth.net/wp-content/uploads/2011/05/ritualz.jpg,
/wp-content/uploads/2011/05/rizzla-150x150.jpg,image,20140109192016,image/jpeg,6392,ORANCWOR25RKVGWANNYATUDWWTOXVMUY,200,1,2014,http://negativeyouth.net/wp-content/uploads/2011/05/rizzla-150x150.jpg,
/wp-content/uploads/2011/05/rizzla-700x540.jpg,image,20140109191819,image/jpeg,57608,RMN3GG5SV5TZBOHWHFLCLCVVPACWYQVK,200,1,2014,http://negativeyouth.net/wp-content/uploads/2011/05/rizzla-700x540.jpg,
/wp-content/uploads/2011/05/sleep-over-therapy-150x150.jpg,image,20131126085030,image/jpeg,4114,ENSOZYFTMS44JNEZ4PY2K6UDZPTYFRCA,200,3,2013;2014,http://negativeyouth.net/wp-content/uploads/2011/05/sleep-over-therapy-150x150.jpg,
/wp-content/uploads/2011/05/sleep-over-therapy.jpg,image,20140110214930,image/jpeg,186586,KZZOL2ZDVAZRZYSTRDICYMUOMVZLKJYI,200,1,2014,http://negativeyouth.net/wp-content/uploads/2011/05/sleep-over-therapy.jpg,
/wp-content/uploads/2011/05/split1-200x200.png,image,20140109192149,image/png,42020,MC2VDIGB3AZBGFPLSHCEJILDDZO74YCO,200,1,2014,http://negativeyouth.net/wp-content/uploads/2011/05/split1-200x200.png,
/wp-content/uploads/2011/05/telepathe-150x150.jpg,image,20140109184544,image/jpeg,9649,7FZX3CPPIYESDIZXI3OKT23XXIE2KPTI,200,2,2014;2025,http://negativeyouth.net/wp-content/uploads/2011/05/telepathe-150x150.jpg,https://negativeyouth.net/wp-content/uploads/2011/05/telepathe-150x150.jpg
/wp-content/uploads/2011/05/telepathe-700x800.jpg,image,20140110214331,image/jpeg,117581,JF5CIFZQBWQMR57BB6FJNT7DMI7YIDQJ,200,1,2014,http://negativeyouth.net/wp-content/uploads/2011/05/telepathe-700x800.jpg,
/wp-content/uploads/2011/05/the-weeknd1-200x200.png,image,20140109191808,image/png,35873,B3DNI3VNXOD5G3TCRFLWW5TXEZZZ7WQM,200,1,2014,http://negativeyouth.net/wp-content/uploads/2011/05/the-weeknd1-200x200.png,
/wp-content/uploads/2011/05/thee-150x150.jpg,image,20140109192841,image/jpeg,12350,OAQ6XPXLAL2L4NHMVAWD7RWJBGAVSZJV,200,1,2014,http://negativeyouth.net/wp-content/uploads/2011/05/thee-150x150.jpg,
/wp-content/uploads/2011/05/thee.jpg,image,20140109203935,image/jpeg,177758,CPRY4DCRVCBOEMAO4WN7MLMV6R7MBNVA,200,1,2014,http://negativeyouth.net/wp-content/uploads/2011/05/thee.jpg,
/wp-content/uploads/2011/05/travis.jpg,image,20140109195956,image/jpeg,124157,UQTZJCETUVDG5BTP33NMMOALFNFMQT77,200,1,2014,http://negativeyouth.net/wp-content/uploads/2011/05/travis.jpg,
/wp-content/uploads/2011/05/travis2.jpg,image,20140109202457,image/jpeg,146667,RWKV745E7ABY6INEPUSFKDVBQV3RVQY5,200,1,2014,http://negativeyouth.net/wp-content/uploads/2011/05/travis2.jpg,
/wp-content/uploads/2011/05/travis3.jpg,image,20140109203521,image/jpeg,118212,NQJVVY3NLUSFRSS73T3Q3P2XE7VFCFDM,200,1,2014,http://negativeyouth.net/wp-content/uploads/2011/05/travis3.jpg,
/wp-content/uploads/2011/06/Blonde+Salem-150x150.jpg,image,20140109194346,image/jpeg,10404,VF2L67BRZW67DD3EUPQWTPZTQJT7VYP2,200,1,2014,http://negativeyouth.net/wp-content/uploads/2011/06/Blonde+Salem-150x150.jpg,
/wp-content/uploads/2011/06/Blonde+Salem.jpg,image,20140109203807,image/jpeg,124463,F3CNDD7SF2QKQFYYDAEGNMTSIYS34L6L,200,1,2014,http://negativeyouth.net/wp-content/uploads/2011/06/Blonde+Salem.jpg,
/wp-content/uploads/2011/06/Captura-de-pantalla-2011-06-29-a-las-10.45.12-150x150.png,image,20131214022803,image/png,43245,R2KCGCUN4FNYVXBXJMWPWNNAQYCUW333,200,2,2013;2014,http://negativeyouth.net/wp-content/uploads/2011/06/Captura-de-pantalla-2011-06-29-a-las-10.45.12-150x150.png,
/wp-content/uploads/2011/06/Laurel_Halo_-_Hour_Logic_EP_cover_art-150x150.jpg,image,20140109183138,image/jpeg,7719,UQQZZUL3YXZJU56BXZK6N52XFOIIQ6S2,200,1,2014,http://negativeyouth.net/wp-content/uploads/2011/06/Laurel_Halo_-_Hour_Logic_EP_cover_art-150x150.jpg,
/wp-content/uploads/2011/06/Laurel_Halo_-_Hour_Logic_EP_cover_art-700x800.jpg,image,20140109204304,image/jpeg,146475,7SRTWMUTNAQRLPLYQMKKRW34WAXOUJHR,200,1,2014,http://negativeyouth.net/wp-content/uploads/2011/06/Laurel_Halo_-_Hour_Logic_EP_cover_art-700x800.jpg,
/wp-content/uploads/2011/06/Nadia+Oh+Nadiaoh0121-150x150.jpg,image,20140109194245,image/jpeg,10382,KEKUOD4KSVZ224WPZARCBBZ2Y52O6I7B,200,1,2014,http://negativeyouth.net/wp-content/uploads/2011/06/Nadia+Oh+Nadiaoh0121-150x150.jpg,
/wp-content/uploads/2011/06/Nadia+Oh+Nadiaoh0121-700x768.jpg,image,20140109200536,image/jpeg,107708,JNT3HKWPHIJYVCFD6QLSA6HZF25HGNB6,200,1,2014,http://negativeyouth.net/wp-content/uploads/2011/06/Nadia+Oh+Nadiaoh0121-700x768.jpg,
/wp-content/uploads/2011/06/Picture-11-150x150.png,image,20140109184007,image/png,38764,X22UIOAVTKZVLEHUHNSLDVKMEQ5GJAQS,200,1,2014,http://negativeyouth.net/wp-content/uploads/2011/06/Picture-11-150x150.png,
/wp-content/uploads/2011/06/TOTALACCOMPLISHMENT-150x150.jpg,image,20140109194324,image/jpeg,7638,2AY3RDD45NTJAJ5QD7GZ3CAXUT2CYVOF,200,1,2014,http://negativeyouth.net/wp-content/uploads/2011/06/TOTALACCOMPLISHMENT-150x150.jpg,
/wp-content/uploads/2011/06/TOTALACCOMPLISHMENT.jpg,image,20140110220157,image/jpeg,311338,JRHAH6HPGFVWWAGKYUHHZVOUFQK3SOQQ,200,1,2014,http://negativeyouth.net/wp-content/uploads/2011/06/TOTALACCOMPLISHMENT.jpg,
/wp-content/uploads/2011/06/Vagina-Vangi-Locked-Forever-cover-700x800.png,image,20140110220912,image/png,493836,3IEAM6T3WUOJ4PO7UL7CRRAZ5W2IZVRR,200,1,2014,http://negativeyouth.net/wp-content/uploads/2011/06/Vagina-Vangi-Locked-Forever-cover-700x800.png,
/wp-content/uploads/2011/06/alexico-flyer2-150x150.jpg,image,20140109185647,image/jpeg,8452,3UM6NKMHMQTLOOMKC6X2EGNIYAOD4WCV,200,2,2014,http://negativeyouth.net/wp-content/uploads/2011/06/alexico-flyer2-150x150.jpg,
/wp-content/uploads/2011/06/alexico-flyer2_corto.jpg,image,20140109192259,image/jpeg,114433,SQLTBFAQ4EGY7ENRNSPXDVY55UNYDXKS,200,1,2014,http://negativeyouth.net/wp-content/uploads/2011/06/alexico-flyer2_corto.jpg,
/wp-content/uploads/2011/06/balam-150x150.jpg,image,20140109184247,image/jpeg,3168,B5DL26BO7UQRNQXCV7Z4XEFT2QQMM3QK,200,1,2014,http://negativeyouth.net/wp-content/uploads/2011/06/balam-150x150.jpg,
/wp-content/uploads/2011/06/balam.jpg,image,20140109201725,image/jpeg,186068,XCGXIX6IJUZZXEM74M2RDCUNX4EPRAHR,200,1,2014,http://negativeyouth.net/wp-content/uploads/2011/06/balam.jpg,
/wp-content/uploads/2011/06/djjavierestrada1.jpg,image,20140111005036,image/jpeg,96097,A5OKJRCF4A52S56DYRNV2JZ56XPHZBLD,200,1,2014,http://negativeyouth.net/wp-content/uploads/2011/06/djjavierestrada1.jpg,
/wp-content/uploads/2011/06/event-150x150.jpg,image,20140109191005,image/jpeg,12443,YWZJPJ2UQJHMLMZEL3RN7GNQ45GGCRWJ,200,1,2014,http://negativeyouth.net/wp-content/uploads/2011/06/event-150x150.jpg,
/wp-content/uploads/2011/06/katie-bg-150x150.png,image,20140109201115,image/png,32926,5J7V6G55WU3YKSRFXYVNLGDSIS7P5ID4,200,1,2014,http://negativeyouth.net/wp-content/uploads/2011/06/katie-bg-150x150.png,
/wp-content/uploads/2011/06/katie-bg-700x604.png,image,20140109194917,image/png,436857,E4CBVDOWR6HLN5K76TS7ABXB2RG3NE63,200,1,2014,http://negativeyouth.net/wp-content/uploads/2011/06/katie-bg-700x604.png,
/wp-content/uploads/2011/06/kidcity-150x150.jpg,image,20140109192908,image/jpeg,8441,VH5TY6NO7WJRAZCW5X2QDEDAZGP6PGLN,200,2,2014,http://negativeyouth.net/wp-content/uploads/2011/06/kidcity-150x150.jpg,
/wp-content/uploads/2011/06/kidcity-700x683.jpg,image,20140110212414,image/jpeg,101966,2OKXP266NEN3UHG4UWPBB5VRQ6HGHOS3,200,1,2014,http://negativeyouth.net/wp-content/uploads/2011/06/kidcity-700x683.jpg,
/wp-content/uploads/2011/06/ladytron-150x150.jpg,image,20140109195017,image/jpeg,10384,DLXC32JHXIO2YNUBEIHDWJ3TD26BIXMW,200,1,2014,http://negativeyouth.net/wp-content/uploads/2011/06/ladytron-150x150.jpg,
/wp-content/uploads/2011/06/ladytron1.jpg,image,20140109191913,image/jpeg,357999,YE6HGFLK2VNO3OUQFQ6U5FUQ3XHV2GCY,200,1,2014,http://negativeyouth.net/wp-content/uploads/2011/06/ladytron1.jpg,
/wp-content/uploads/2011/06/opening.jpg,image,20140109201111,image/jpeg,347165,KFGXXSGQYNFKHEOXM7UJWLCNICTSLXMH,200,1,2014,http://negativeyouth.net/wp-content/uploads/2011/06/opening.jpg,
/wp-content/uploads/2011/06/plus-200x200.png,image,20140109183259,image/png,53195,USOY6DW4LWWY2HYAYUAXMNSVT5MDDURJ,200,1,2014,http://negativeyouth.net/wp-content/uploads/2011/06/plus-200x200.png,
/wp-content/uploads/2011/06/post-150x150.jpg,image,20140109194441,image/jpeg,6706,O26SCHWB3GUQTBQRTAYO3ASYMTGETYJF,200,1,2014,http://negativeyouth.net/wp-content/uploads/2011/06/post-150x150.jpg,
/wp-content/uploads/2011/06/post.jpg,image,20140111005008,image/jpeg,177024,4QETIHGN5446TJLCPDMI6EBGSYY27P7M,200,1,2014,http://negativeyouth.net/wp-content/uploads/2011/06/post.jpg,
/wp-content/uploads/2011/06/que-que-200x200.jpg,image,20140109182725,image/jpeg,12739,TKQCOKDRZ7K65RUV53RHZJJ7TMYXH2DN,200,2,2014;2025,http://negativeyouth.net/wp-content/uploads/2011/06/que-que-200x200.jpg,https://negativeyouth.net/wp-content/uploads/2011/06/que-que-200x200.jpg
/wp-content/uploads/2011/06/rhinoanthem-200x200.png,image,20140109193636,image/png,61889,PAQ24QRJNFCXENMYABWGSB3MTZ6UKSPY,200,1,2014,http://negativeyouth.net/wp-content/uploads/2011/06/rhinoanthem-200x200.png,
/wp-content/uploads/2011/06/stoned-boys3-200x200.jpg,image,20131023045602,image/jpeg,10087,RW2M2RJYM5ALKUAKMVW2VGUM3W2T6YOK,200,3,2013;2014,http://negativeyouth.net/wp-content/uploads/2011/06/stoned-boys3-200x200.jpg,
/wp-content/uploads/2011/06/tumblr_lienqluJG91qd44c0o1_1280.jpg,image,20140109203937,image/jpeg,545325,I33EF7WN7S2YEL5XNEK6Z5IBWTGW7QLQ,200,1,2014,http://negativeyouth.net/wp-content/uploads/2011/06/tumblr_lienqluJG91qd44c0o1_1280.jpg,
/wp-content/uploads/2011/06/vaginavangi-150x150.jpg,image,20140109193513,image/jpeg,6705,HWVIFLCERMQIYRIQJCMXTVCEUYPK37J6,200,2,2013;2014,http://negativeyouth.net/wp-content/uploads/2011/06/vaginavangi-150x150.jpg,
/wp-content/uploads/2011/06/vegan-150x150.jpg,image,20140109194544,image/jpeg,6594,AKTJSPTXZFWWU5ZTJKDE744IGX7YY7TR,200,1,2014,http://negativeyouth.net/wp-content/uploads/2011/06/vegan-150x150.jpg,
/wp-content/uploads/2011/06/vegan.jpg,image,20140109204328,image/jpeg,84311,UMQD4DVYVVWXRVBNQ3ZLPEABM447CER5,200,1,2014,http://negativeyouth.net/wp-content/uploads/2011/06/vegan.jpg,
/wp-content/uploads/2011/06/vsKxu1-150x150.gif,image,20140109191813,image/gif,18489,HK3JPGQPB7QKRXHCGUYV4XASV4NXF3NR,200,1,2014,http://negativeyouth.net/wp-content/uploads/2011/06/vsKxu1-150x150.gif,
/wp-content/uploads/2011/06/vsKxu1.gif,image,20140110200703,image/gif,606673,M36JQBBSK3BTJZ2DZ3J26HWEPDEQFX5R,200,1,2014,http://negativeyouth.net/wp-content/uploads/2011/06/vsKxu1.gif,
/wp-content/uploads/2011/06/xo-staircase-digi-front-final-150x150.jpg,image,20140109191550,image/jpeg,7955,Y23VUK7ULHDRE4V4CC2W7QZNEPEM3A53,200,1,2014,http://negativeyouth.net/wp-content/uploads/2011/06/xo-staircase-digi-front-final-150x150.jpg,
/wp-content/uploads/2011/07/69605de5a9eb44e489df2e7b5ef42947-150x150.jpg,image,20140109184529,image/jpeg,7294,36OQ6Q5OC42GJGEFGWDGLL4W7DBLLB62,200,1,2014,http://negativeyouth.net/wp-content/uploads/2011/07/69605de5a9eb44e489df2e7b5ef42947-150x150.jpg,
/wp-content/uploads/2011/07/69605de5a9eb44e489df2e7b5ef42947-700x740.jpg,image,20140109204307,image/jpeg,175132,IFY73ZSHSN3JZJVCKY4ULIOO5RDXCFNZ,200,1,2014,http://negativeyouth.net/wp-content/uploads/2011/07/69605de5a9eb44e489df2e7b5ef42947-700x740.jpg,
/wp-content/uploads/2011/07/DJ-MAQUINA-DE-MUERTE-copy1-200x200.jpg,image,20140109194455,image/jpeg,4199,3I4EKRPRXPNZDYGAMPAGUU4BWYZQ4D75,200,2,2013;2014,http://negativeyouth.net/wp-content/uploads/2011/07/DJ-MAQUINA-DE-MUERTE-copy1-200x200.jpg,
/wp-content/uploads/2011/07/DJ-MAQUINA-DE-MUERTE-copy1.jpg,image,20140110184701,image/jpeg,79610,OKYZXOUC7UOBYJFSKJPZOUH3JMIQDLC7,200,1,2014,http://negativeyouth.net/wp-content/uploads/2011/07/DJ-MAQUINA-DE-MUERTE-copy1.jpg,
/wp-content/uploads/2011/07/ElectronicDreamCover1-150x150.jpg,image,20140109185422,image/jpeg,5116,Y5K2QHMF2YCW4L7DTZ4JA7BYHWAASVIN,200,1,2014,http://negativeyouth.net/wp-content/uploads/2011/07/ElectronicDreamCover1-150x150.jpg,
/wp-content/uploads/2011/07/ElectronicDreamCover1-700x800.jpg,image,20140110212855,image/jpeg,38131,SETQYBS2RIXCHF4GRCT3ZPBBJ6GI32MR,200,1,2014,http://negativeyouth.net/wp-content/uploads/2011/07/ElectronicDreamCover1-700x800.jpg,
/wp-content/uploads/2011/07/FUK-150x150.jpg,image,20140109193012,image/jpeg,3667,4HTI7TZ2FPQSS54N7HQZLBOXSIT62RVX,200,1,2014,http://negativeyouth.net/wp-content/uploads/2011/07/FUK-150x150.jpg,
/wp-content/uploads/2011/07/FUK-700x480.jpg,image,20140110212727,image/jpeg,10724,IHARXTFFDULRTTGFXCOWDNQANN4TDFSU,200,1,2014,http://negativeyouth.net/wp-content/uploads/2011/07/FUK-700x480.jpg,
/wp-content/uploads/2011/07/HEAT-copy-150x150.jpg,image,20140109182144,image/jpeg,9936,64NUC5KGS42L2HIOLUELG4P34ER5FSTG,200,1,2014,http://negativeyouth.net/wp-content/uploads/2011/07/HEAT-copy-150x150.jpg,
/wp-content/uploads/2011/07/HEAT-copy.jpg,image,20140109191446,image/jpeg,382988,CWDBVWTD5QKZVMJO27HBU5BJ5G3AP7MC,200,1,2014,http://negativeyouth.net/wp-content/uploads/2011/07/HEAT-copy.jpg,
/wp-content/uploads/2011/07/NY-SUMMER-MIX-150x150.jpg,image,20140109193753,image/jpeg,15258,WWQQZMOND4TKAFWBUMWKYOGJFUFYYDD7,200,3,2012;2014,http://negativeyouth.net/wp-content/uploads/2011/07/NY-SUMMER-MIX-150x150.jpg,
/wp-content/uploads/2011/07/NY-SUMMER-MIX.jpg,image,20140110212634,image/jpeg,735875,AMGITLDKXFQVLB3FFOB42THC3MEEGW3B,200,1,2014,http://negativeyouth.net/wp-content/uploads/2011/07/NY-SUMMER-MIX.jpg,
/wp-content/uploads/2011/07/Picture-3-200x200.png,image,20140109183409,image/png,60700,UK6QNHNTZKAPDNCZCB2VJ4LVSAH2CSZM,200,1,2014,http://negativeyouth.net/wp-content/uploads/2011/07/Picture-3-200x200.png,
/wp-content/uploads/2011/07/actually_boobs21-150x150.jpg,image,20140109182312,image/jpeg,9053,Z4OENPYAPJFQ6UMRYMK7FLT7CYCZJVBY,200,1,2014,http://negativeyouth.net/wp-content/uploads/2011/07/actually_boobs21-150x150.jpg,
/wp-content/uploads/2011/07/actually_boobs21-700x800.jpg,image,20140110213501,image/jpeg,109613,URHCOTO62RV6OSFS4YJ32UV2OT2MMITB,200,1,2014,http://negativeyouth.net/wp-content/uploads/2011/07/actually_boobs21-700x800.jpg,
/wp-content/uploads/2011/07/artworks-000007634829-5nl2sq-original1-200x200.jpg,image,20140109182524,image/jpeg,19201,LGIIDZKLAPV3BYMPS2HU3W4OUSDWGJV5,200,1,2014,http://negativeyouth.net/wp-content/uploads/2011/07/artworks-000007634829-5nl2sq-original1-200x200.jpg,
/wp-content/uploads/2011/07/ensenada_post-150x150.jpg,image,20140109182753,image/jpeg,6995,2FYAA4EWQ2IIREZDSSPXBRDCQ5NDEUEM,200,1,2014,http://negativeyouth.net/wp-content/uploads/2011/07/ensenada_post-150x150.jpg,
/wp-content/uploads/2011/07/grillgrilloffoff_happyface-150x150.jpg,image,20140109183152,image/jpeg,4835,D7UIINZP53J2IBXUPK3QG7CMMKXHZBRE,200,1,2014,http://negativeyouth.net/wp-content/uploads/2011/07/grillgrilloffoff_happyface-150x150.jpg,
/wp-content/uploads/2011/07/grillgrilloffoff_happyface.jpg,image,20140109202933,image/jpeg,122228,NNQGIOUDUVY2QX3VIFXRMII7CKAE2SV4,200,1,2014,http://negativeyouth.net/wp-content/uploads/2011/07/grillgrilloffoff_happyface.jpg,
/wp-content/uploads/2011/07/lorelle_meets_the_obsolete.jpg,image,20140109184309,image/jpeg,89325,PWKBI4NFNOFSG47SZXVZOVCBMPZJ7GYA,200,1,2014,http://negativeyouth.net/wp-content/uploads/2011/07/lorelle_meets_the_obsolete.jpg,
/wp-content/uploads/2011/07/majical-cloudz-150x150.jpg,image,20110823023222,image/jpeg,7915,HKZEHP7AUU3PPMPYNGVSKV7PKNS2O7AP,200,2,2011;2014,http://negativeyouth.net/wp-content/uploads/2011/07/majical-cloudz-150x150.jpg,
/wp-content/uploads/2011/07/majical-cloudz.jpg,image,20140109203624,image/jpeg,115232,G7Y7H7ZVYNFTVB6KJNKOJ72HOUFQYWAI,200,1,2014,http://negativeyouth.net/wp-content/uploads/2011/07/majical-cloudz.jpg,
/wp-content/uploads/2011/07/maquina.jpg,image,20140110220221,image/jpeg,119648,UF5CHNUWJKK6PH6LFTQFGSGZ3J5HFHMG,200,1,2014,http://negativeyouth.net/wp-content/uploads/2011/07/maquina.jpg,
/wp-content/uploads/2011/07/nike7up-150x150.jpg,image,20140109193247,image/jpeg,8055,PWYFTCVSY66ENSVX45AB4LMORWOBOQLT,200,2,2014,http://negativeyouth.net/wp-content/uploads/2011/07/nike7up-150x150.jpg,
/wp-content/uploads/2011/07/nike7up.jpg,image,20140110214721,image/jpeg,239090,VHRTGX2UEYOO3LGGCOBKGJRERNWNFSHT,200,1,2014,http://negativeyouth.net/wp-content/uploads/2011/07/nike7up.jpg,
/wp-content/uploads/2011/07/post-200x200.png,image,20110823024837,image/png,60061,ZLSHY3KW7YPSU5ZTCN2HSTWVZAYOGXFK,200,2,2011;2014,http://negativeyouth.net/wp-content/uploads/2011/07/post-200x200.png,
/wp-content/uploads/2011/07/sangreepost.jpg,image,20140110215717,image/jpeg,316732,K6LEUP7MTR553MOF6XD6TYTIZIYEQSSN,200,1,2014,http://negativeyouth.net/wp-content/uploads/2011/07/sangreepost.jpg,
/wp-content/uploads/2011/07/soft-metals-sleeve1-150x150.jpg,image,20140109185457,image/jpeg,3954,5OBY6DK4OKYSZ5A4UV3LQMNEVSEJAH4T,200,2,2014,http://negativeyouth.net/wp-content/uploads/2011/07/soft-metals-sleeve1-150x150.jpg,
/wp-content/uploads/2011/07/soft-metals-sleeve1-700x800.jpg,image,20140110215018,image/jpeg,39229,ARC5QXSPA63ZA4NS5TXISCXZURZUZGX5,200,1,2014,http://negativeyouth.net/wp-content/uploads/2011/07/soft-metals-sleeve1-700x800.jpg,
/wp-content/uploads/2011/07/supermad-200x200.jpg,image,20140109182741,image/jpeg,29366,QUJKBNA5DQRAUFFVTW5PQR53PVKFJBE5,200,1,2014,http://negativeyouth.net/wp-content/uploads/2011/07/supermad-200x200.jpg,
/wp-content/uploads/2011/07/supermad.jpg,image,20140109192851,image/jpeg,163686,SHJTHZ7Z4L52JPRJS3DQGXIMNZWX2FEH,200,1,2014,http://negativeyouth.net/wp-content/uploads/2011/07/supermad.jpg,
/wp-content/uploads/2011/07/theephysical-150x150.jpg,image,20140109195223,image/jpeg,13399,3YHPHHIV7ORL6UVGCIIEQDS7QVTRUMKD,200,1,2014,http://negativeyouth.net/wp-content/uploads/2011/07/theephysical-150x150.jpg,
/wp-content/uploads/2011/07/theephysical.jpg,image,20140110213326,image/jpeg,495072,AY3LUQD7N53DYNVDKZEY7XTDSDFJZQ4G,200,1,2014,http://negativeyouth.net/wp-content/uploads/2011/07/theephysical.jpg,
/wp-content/uploads/2011/07/vegan_cannibal.jpg,image,20140110215652,image/jpeg,191995,64CLGVQ2F7LQLL6MMEURIFWNS5HC2QTD,200,1,2014,http://negativeyouth.net/wp-content/uploads/2011/07/vegan_cannibal.jpg,
/wp-content/uploads/2011/08/13137372489821-200x200.jpg,image,20110823023347,image/jpeg,16073,HEL6GBPD2TWXOAWHHNAYWBWWSOXRZ34J,200,2,2011;2014,http://negativeyouth.net/wp-content/uploads/2011/08/13137372489821-200x200.jpg,
/wp-content/uploads/2011/08/13137372489821.jpg,image,20110823023150,image/jpeg,169036,3BRMJAMJ2LBY4BCL7Y6INWIJT7HIUPSC,200,2,2011;2014,http://negativeyouth.net/wp-content/uploads/2011/08/13137372489821.jpg,
/wp-content/uploads/2011/08/184091_256788517684540_178772515486141_964562_2976463_n-200x200.jpg,image,20140109192455,image/jpeg,23387,QZ7B57RS7JTQDQXWVWCOELJQ3QYGHJ6E,200,1,2014,http://negativeyouth.net/wp-content/uploads/2011/08/184091_256788517684540_178772515486141_964562_2976463_n-200x200.jpg,
/wp-content/uploads/2011/08/184091_256788517684540_178772515486141_964562_2976463_n.jpg,image,20140109195250,image/jpeg,321228,5EE54SSWCIZIXHLNUXOOD6AXMSTYKJHT,200,1,2014,http://negativeyouth.net/wp-content/uploads/2011/08/184091_256788517684540_178772515486141_964562_2976463_n.jpg,
/wp-content/uploads/2011/08/270954_175258772533731_144703902255885_432519_5363668_n-200x200.jpg,image,20140109183100,image/jpeg,8480,DK5FDE63UPUEJBFGSPVLDTTCDXSR3XUM,200,1,2014,http://negativeyouth.net/wp-content/uploads/2011/08/270954_175258772533731_144703902255885_432519_5363668_n-200x200.jpg,
/wp-content/uploads/2011/08/270954_175258772533731_144703902255885_432519_5363668_n.jpg,image,20140109190704,image/jpeg,57186,TDFL4DQFT4SDGJEYDYNIUSZQFBDGAUQJ,200,1,2014,http://negativeyouth.net/wp-content/uploads/2011/08/270954_175258772533731_144703902255885_432519_5363668_n.jpg,
/wp-content/uploads/2011/08/DSCN1371-200x200.jpg,image,20140109190507,image/jpeg,9835,YT7ZJOAFFOPM55NQAV5RU2SMV43GWGYM,200,1,2014,http://negativeyouth.net/wp-content/uploads/2011/08/DSCN1371-200x200.jpg,
/wp-content/uploads/2011/08/DSCN1371-700x800.jpg,image,20140109200507,image/jpeg,81152,GLYLH7E2ERPIVF4TAK3YIZXHCQFZOV6S,200,1,2014,http://negativeyouth.net/wp-content/uploads/2011/08/DSCN1371-700x800.jpg,
/wp-content/uploads/2011/08/FREAK-OUT-200x200.jpg,image,20140109185155,image/jpeg,10158,EUOVJHIASRAORLN65EO6JI5PLEUNVNXT,200,1,2014,http://negativeyouth.net/wp-content/uploads/2011/08/FREAK-OUT-200x200.jpg,
/wp-content/uploads/2011/08/FREAK-OUT.jpg,image,20140110193759,image/jpeg,123835,TFPY5OANDTDZPVVCFF3DLWFXB7FX42LI,200,1,2014,http://negativeyouth.net/wp-content/uploads/2011/08/FREAK-OUT.jpg,
/wp-content/uploads/2011/08/MIXTAPEok-200x200.gif,image,20140109194301,image/gif,23336,24IWA2YT3A3LX7TFL6XLPSBZBGNDZTV4,200,1,2014,http://negativeyouth.net/wp-content/uploads/2011/08/MIXTAPEok-200x200.gif,
/wp-content/uploads/2011/08/baby-sloth-200x200.jpg,image,20140109190224,image/jpeg,8831,OW5CLR6NSHVLR2FCZPXIJU4XD34HH4NX,200,1,2014,http://negativeyouth.net/wp-content/uploads/2011/08/baby-sloth-200x200.jpg,
/wp-content/uploads/2011/08/baby-sloth.jpg,image,20140110213516,image/jpeg,76248,7YJSFSYTL4B452PSWEABDVYEI6HDLTPF,200,1,2014,http://negativeyouth.net/wp-content/uploads/2011/08/baby-sloth.jpg,
/wp-content/uploads/2011/08/badd700-200x200.jpg,image,20140109194420,image/jpeg,17840,CR3OWXJNLTUSUZYHLTOA3RJK6NWRXIYO,200,2,2013;2014,http://negativeyouth.net/wp-content/uploads/2011/08/badd700-200x200.jpg,
/wp-content/uploads/2011/08/badd700.jpg,image,20110823023123,image/jpeg,159172,CCBPUOPXATGG5JFY6QBALGM3E2RPBJQL,200,2,2011;2014,http://negativeyouth.net/wp-content/uploads/2011/08/badd700.jpg,
/wp-content/uploads/2011/08/chaind-200x200.jpg,image,20140109194823,image/jpeg,14705,T77SU3S4JCMMZPKV3LEMOOYRH355ZP2O,200,1,2014,http://negativeyouth.net/wp-content/uploads/2011/08/chaind-200x200.jpg,
/wp-content/uploads/2011/08/chaind.jpg,image,20140109194654,image/jpeg,89291,QXZHL5RAURNZLWNS43EA3LNGR75GDUVO,200,1,2014,http://negativeyouth.net/wp-content/uploads/2011/08/chaind.jpg,
/wp-content/uploads/2011/08/dani-200x200.gif,image,20140109190932,image/gif,13511,YOJKP3A7XGX4FPNNC5FFEVQZO2HHP76R,200,1,2014,http://negativeyouth.net/wp-content/uploads/2011/08/dani-200x200.gif,
/wp-content/uploads/2011/08/dani1.gif,image,20140109204125,image/gif,155942,KOC7ODIGTUTOXXHP5MO7CFQPPK7TLHYC,200,1,2014,http://negativeyouth.net/wp-content/uploads/2011/08/dani1.gif,
/wp-content/uploads/2011/08/deon_mariejane.jpg,image,20140110212546,image/jpeg,121802,HAJIMCIK3FG63ZXKL4KDGL2WVCNB4LSP,200,1,2014,http://negativeyouth.net/wp-content/uploads/2011/08/deon_mariejane.jpg,
/wp-content/uploads/2011/08/deonfeatmariejane_kissme-200x200.jpg,image,20140109182318,image/jpeg,18254,ZOOBV2KX6LTHENUBI2V5NFVE23KSVGIW,200,1,2014,http://negativeyouth.net/wp-content/uploads/2011/08/deonfeatmariejane_kissme-200x200.jpg,
/wp-content/uploads/2011/08/dj-one-destiny-mix-200x200.jpg,image,20140109195748,image/jpeg,16475,YGQMFNJB6OZGW3DTEIPTWWLKTHZSKN4U,200,1,2014,http://negativeyouth.net/wp-content/uploads/2011/08/dj-one-destiny-mix-200x200.jpg,
/wp-content/uploads/2011/08/dj-one-destiny-mix.jpg,image,20140110212553,image/jpeg,206333,WGLSNVKY5CXPOC7Y3I2SBM2ZOKRGEHHQ,200,1,2014,http://negativeyouth.net/wp-content/uploads/2011/08/dj-one-destiny-mix.jpg,
/wp-content/uploads/2011/08/drones-ritualz-200x200.png,image,20140109185123,image/png,68528,EVOS5NPCHVQKTQISRMVOX4VUHVEANJ23,200,1,2014,http://negativeyouth.net/wp-content/uploads/2011/08/drones-ritualz-200x200.png,
/wp-content/uploads/2011/08/everyhting-200x200.jpg,image,20140109192912,image/jpeg,11085,2M2F2R2GBMAJ2XEHQHVPQIJJPHCQMC47,200,1,2014,http://negativeyouth.net/wp-content/uploads/2011/08/everyhting-200x200.jpg,
/wp-content/uploads/2011/08/everyhting.jpg,image,20140110215000,image/jpeg,110494,PEZLWDTXNM7I33567Q5ZDNWPJRGCUEJF,200,1,2014,http://negativeyouth.net/wp-content/uploads/2011/08/everyhting.jpg,
/wp-content/uploads/2011/08/flowers-200x200.jpg,image,20140109184158,image/jpeg,17264,WKGK36WFVZGTQWFXVGUH6OMR4MIVH4EC,200,1,2014,http://negativeyouth.net/wp-content/uploads/2011/08/flowers-200x200.jpg,
/wp-content/uploads/2011/08/flowers.jpg,image,20140110212924,image/jpeg,195122,DQRV34MRF2SGEPGYAZA5UAKVY2INS72W,200,1,2014,http://negativeyouth.net/wp-content/uploads/2011/08/flowers.jpg,
/wp-content/uploads/2011/08/hgfds-200x200.jpg,image,20140601082705,image/jpeg,12636,6PTUF72RSI5SJ4INIB2CKCMPJBAVWMA3,200,2,2014,http://negativeyouth.net/wp-content/uploads/2011/08/hgfds-200x200.jpg,
/wp-content/uploads/2011/08/hgfds.jpg,image,20140110185012,image/jpeg,111147,FCXR62LPJDMQL3LL5QFQKAXURT2IKPAL,200,1,2014,http://negativeyouth.net/wp-content/uploads/2011/08/hgfds.jpg,
/wp-content/uploads/2011/08/original-200x200.jpg,image,20140109193746,image/jpeg,10022,NGDAUEEOFMNVI4O3ZQ2PTJHIN4NU5VHC,200,1,2014,http://negativeyouth.net/wp-content/uploads/2011/08/original-200x200.jpg,
/wp-content/uploads/2011/08/original.jpg,image,20140110215855,image/jpeg,287743,L3JIGQNVPG3ZGZQPV5TCLBLY4ZG6GO6Z,200,1,2014,http://negativeyouth.net/wp-content/uploads/2011/08/original.jpg,
/wp-content/uploads/2011/08/pp_teotihuacan-200x200.jpg,image,20110823024250,image/jpeg,17208,S2EJJJZGZZZ6DRPMXOQ5SKNMBYLHLD2T,200,3,2011;2014;2025,http://negativeyouth.net/wp-content/uploads/2011/08/pp_teotihuacan-200x200.jpg,https://negativeyouth.net/wp-content/uploads/2011/08/pp_teotihuacan-200x200.jpg
/wp-content/uploads/2011/08/pp_teotihuacan.jpg,image,20140109193041,image/jpeg,209025,5ITPZ7RM6HDWQ3EQXKRA22HKEAT2PDQJ,200,1,2014,http://negativeyouth.net/wp-content/uploads/2011/08/pp_teotihuacan.jpg,
/wp-content/uploads/2011/08/rio-de-lava-200x200.jpg,image,20140109192759,image/jpeg,13187,SYLNLFZ4B2SFWKYXIPLVDND5XHG63LQV,200,1,2014,http://negativeyouth.net/wp-content/uploads/2011/08/rio-de-lava-200x200.jpg,
/wp-content/uploads/2011/08/rio-de-lava.jpg,image,20110823023330,image/jpeg,146605,MCUJ3WRE7AILZ7QRSTEFUKDHZP6NXMY3,200,2,2011;2014,http://negativeyouth.net/wp-content/uploads/2011/08/rio-de-lava.jpg,
/wp-content/uploads/2011/08/selmaoxor-200x200.jpg,image,20110823023752,image/jpeg,13590,RGOYB7BCQW3JNPD2X2VS6WITZQZFKP7P,200,3,2011;2014;2025,http://negativeyouth.net/wp-content/uploads/2011/08/selmaoxor-200x200.jpg,https://negativeyouth.net/wp-content/uploads/2011/08/selmaoxor-200x200.jpg
/wp-content/uploads/2011/08/selmaoxor.jpg,image,20140110203647,image/jpeg,218228,4OQT7FGIZAQOT5LO4KEYIDMRDZ2RMSEI,200,1,2014,http://negativeyouth.net/wp-content/uploads/2011/08/selmaoxor.jpg,
/wp-content/uploads/2011/08/tumblr_lpw3n7D7GI1qhtk38o1_500-200x200.png,image,20140109185234,image/png,70847,HJYWIDV3Z2BKY4H3W7B2Y5N6RGOQ7PWW,200,1,2014,http://negativeyouth.net/wp-content/uploads/2011/08/tumblr_lpw3n7D7GI1qhtk38o1_500-200x200.png,
/wp-content/uploads/2011/08/tumblr_lpw3n7D7GI1qhtk38o1_500.png,image,20110823023422,image/png,603572,3HEB2CQN4EKERRFM47MCWTEEBXYDYYEX,200,2,2011;2014,http://negativeyouth.net/wp-content/uploads/2011/08/tumblr_lpw3n7D7GI1qhtk38o1_500.png,
/wp-content/uploads/2011/08/twin-gemz-200x200.jpg,image,20140109194557,image/jpeg,11849,BNTQCYX2FY3MEJ33RQU4BDYBV555ACHB,200,1,2014,http://negativeyouth.net/wp-content/uploads/2011/08/twin-gemz-200x200.jpg,
/wp-content/uploads/2011/08/twin-gemz.jpg,image,20140109201740,image/jpeg,91118,BVIGMA6SC7UC6TQ4KLCGROGNR3K2NGYY,200,1,2014,http://negativeyouth.net/wp-content/uploads/2011/08/twin-gemz.jpg,
/wp-content/uploads/2011/08/unicornslut-200x200.jpg,image,20140109193638,image/jpeg,6587,QWV5CG5H7PRRFPEZBBC2HHQMOCOANXMZ,200,1,2014,http://negativeyouth.net/wp-content/uploads/2011/08/unicornslut-200x200.jpg,
/wp-content/uploads/2011/08/unicornslut.jpg,image,20140109202640,image/jpeg,147481,6QTAW6U6ZWHSIVXHCYHJUTIX57KMLD6D,200,1,2014,http://negativeyouth.net/wp-content/uploads/2011/08/unicornslut.jpg,
/wp-content/uploads/2011/08/unitednation-200x200.jpg,image,20140109184431,image/jpeg,13123,TCEQWV4YU7LGNO35LWJUN2B5FK4E2W6D,200,1,2014,http://negativeyouth.net/wp-content/uploads/2011/08/unitednation-200x200.jpg,
/wp-content/uploads/2011/08/unitednation.jpg,image,20140110213840,image/jpeg,141887,WUH5V7QQO4AWVMCJ5LSPPADSDEXZDFGN,200,1,2014,http://negativeyouth.net/wp-content/uploads/2011/08/unitednation.jpg,
/wp-content/uploads/2011/08/visions-softmetals-200x200.jpg,image,20140109194316,image/jpeg,12157,HDVRHHW5BVKX7S7OZQS5IMIZDK7LRE44,200,1,2014,http://negativeyouth.net/wp-content/uploads/2011/08/visions-softmetals-200x200.jpg,
/wp-content/uploads/2011/09/1247634245-wheel_juggalos-at-hempfestseattle2005_web11-200x200.jpg,image,20140109195220,image/jpeg,18473,WPE2XXW36N75X2VYEJPQHAY4SVMIUNVJ,200,2,2013;2014,http://negativeyouth.net/wp-content/uploads/2011/09/1247634245-wheel_juggalos-at-hempfestseattle2005_web11-200x200.jpg,
/wp-content/uploads/2011/09/229626_10150743441835457_68178775456_19946104_2693810_n-200x200.jpg,image,20140109185702,image/jpeg,12159,22QXF3YZVE77VZIXKFLZ7E46JOEHUWXU,200,1,2014,http://negativeyouth.net/wp-content/uploads/2011/09/229626_10150743441835457_68178775456_19946104_2693810_n-200x200.jpg,
/wp-content/uploads/2011/09/GOTH-STAR-200x200.jpg,image,20140109191234,image/jpeg,12787,6R5RSJQ7GF6S6ZFHWNCR5UDAWB4PMJW4,200,1,2014,http://negativeyouth.net/wp-content/uploads/2011/09/GOTH-STAR-200x200.jpg,
/wp-content/uploads/2011/09/GOTH-STAR.jpg,image,20140110212323,image/jpeg,117544,C6UKDNKVFXF6YTMP3L3FJRC6Q5GSV557,200,1,2014,http://negativeyouth.net/wp-content/uploads/2011/09/GOTH-STAR.jpg,
/wp-content/uploads/2011/09/MIXTAPEok-700x837.gif,image,20140110215739,image/gif,50123,M3PPGSKW4RFYJUPPLUYWH3ZLWC4NSCYB,200,1,2014,http://negativeyouth.net/wp-content/uploads/2011/09/MIXTAPEok-700x837.gif,
/wp-content/uploads/2011/09/Picture-11-200x200.png,image,20140109201834,image/png,6592,RSQPI63WB3F3G4J6YFS5VYW2K77R5ANT,200,1,2014,http://negativeyouth.net/wp-content/uploads/2011/09/Picture-11-200x200.png,
/wp-content/uploads/2011/09/SLEEP-OVER-FOREVER-e1311961539752-200x200.jpg,image,20140109183337,image/jpeg,6097,Q3OIUXX74WBTWZZM43JLEEBM2UALC4YJ,200,1,2014,http://negativeyouth.net/wp-content/uploads/2011/09/SLEEP-OVER-FOREVER-e1311961539752-200x200.jpg,
/wp-content/uploads/2011/09/SLEEP-OVER-FOREVER-e1311961539752.jpg,image,20140110212911,image/jpeg,69960,4UIK3FYSW6DENMSZWYFI7YDLT7R6LVAC,200,1,2014,http://negativeyouth.net/wp-content/uploads/2011/09/SLEEP-OVER-FOREVER-e1311961539752.jpg,
/wp-content/uploads/2011/09/Skinny-Legz-200x200.png,image,20140109183410,image/png,67225,QIZWJPONEN45UPPED6AK7F4TW7RG5BLU,200,1,2014,http://negativeyouth.net/wp-content/uploads/2011/09/Skinny-Legz-200x200.png,
/wp-content/uploads/2011/09/Skinny-Legz.png,image,20140109201357,image/png,642751,FFSVGPYAN72AZC5SRB2OFS7B3YPPIEXL,200,1,2014,http://negativeyouth.net/wp-content/uploads/2011/09/Skinny-Legz.png,
/wp-content/uploads/2011/09/altulst.jpg,image,20131214025227,image/jpeg,77346,6QDNZFOH4MSIFFZHLQ5CS4FN2OCJVVLF,200,2,2013;2014,http://negativeyouth.net/wp-content/uploads/2011/09/altulst.jpg,
/wp-content/uploads/2011/09/autom-200x200.jpg,image,20140109194929,image/jpeg,12537,DCKMTHFAFFP67E7YSTQZUVSJ7J6NG2I5,200,1,2014,http://negativeyouth.net/wp-content/uploads/2011/09/autom-200x200.jpg,
/wp-content/uploads/2011/09/autom.jpg,image,20140109202805,image/jpeg,148360,7TS7KO5Y5WSEXSNI62ODQOYH2HYJJBAD,200,1,2014,http://negativeyouth.net/wp-content/uploads/2011/09/autom.jpg,
/wp-content/uploads/2011/09/beach-punks.jpg,image,20131214025823,image/jpeg,179548,QPBWZLMIIWHCR3ZACW65FNWCBHP2BLXY,200,3,2013;2014;2025,http://negativeyouth.net/wp-content/uploads/2011/09/beach-punks.jpg,https://negativeyouth.net/wp-content/uploads/2011/09/beach-punks.jpg
/wp-content/uploads/2011/09/casual-diamond-200x200.png,image,20140109190943,image/png,59002,BKXHKGAIGAEJNM362UA5KUOPBCNWVQSB,200,1,2014,http://negativeyouth.net/wp-content/uploads/2011/09/casual-diamond-200x200.png,
/wp-content/uploads/2011/09/cool3d_yungjake.gif,image,20140109191425,image/gif,706106,ZVY3RLAQZTHJYGMQ2ZVQD3ADUZ4HQ7Z6,200,1,2014,http://negativeyouth.net/wp-content/uploads/2011/09/cool3d_yungjake.gif,
/wp-content/uploads/2011/09/cvltclassics-200x200.jpg,image,20140109192207,image/jpeg,12630,K5FS4F2PMNCF7COYZBXTQNKCWBQDPGFJ,200,1,2014,http://negativeyouth.net/wp-content/uploads/2011/09/cvltclassics-200x200.jpg,
/wp-content/uploads/2011/09/cvltclassics.jpg,image,20140111005523,image/jpeg,219460,LVNDVAHX5VJ6C24FDJY2ISRE575XVOAS,200,1,2014,http://negativeyouth.net/wp-content/uploads/2011/09/cvltclassics.jpg,
/wp-content/uploads/2011/09/das-racist1-200x200.png,image,20140109184015,image/png,77429,JLEP7ZROOLBCDQLLTR5O6PJOYQ4LIDEA,200,1,2014,http://negativeyouth.net/wp-content/uploads/2011/09/das-racist1-200x200.png,
/wp-content/uploads/2011/09/freakingout-200x200.jpg,image,20140109183621,image/jpeg,10259,U5XOCRSQKAPCGW3KFFA4WASYHVQQ75YH,200,1,2014,http://negativeyouth.net/wp-content/uploads/2011/09/freakingout-200x200.jpg,
/wp-content/uploads/2011/09/freakingout.jpg,image,20140109201946,image/jpeg,168411,YJZ7NBUMPVUP7XF2NDO22TMMASCVSB5F,200,1,2014,http://negativeyouth.net/wp-content/uploads/2011/09/freakingout.jpg,
/wp-content/uploads/2011/09/hustling-200x200.jpg,image,20140109195316,image/jpeg,15282,UXRVTZQ65GXKL6OGUX5GIXKVRGCCGAVV,200,1,2014,http://negativeyouth.net/wp-content/uploads/2011/09/hustling-200x200.jpg,
/wp-content/uploads/2011/09/hustling.jpg,image,20140109195842,image/jpeg,151385,CZGLABRNBXNEXGFIRBQSA5N7OZ7DDPFB,200,3,2013;2014,http://negativeyouth.net/wp-content/uploads/2011/09/hustling.jpg,
/wp-content/uploads/2011/09/john.jpg,image,20131214023109,image/jpeg,133347,EQKE73E6XM5O7Y33WRUI5A336DPTWRPZ,200,1,2013,http://negativeyouth.net/wp-content/uploads/2011/09/john.jpg,
/wp-content/uploads/2011/09/leg-bone-leggings.png,image,20140109191902,image/png,509460,HM5JCCSMCZPE34K6LQEVQ2MLYQJFRNZX,200,1,2014,http://negativeyouth.net/wp-content/uploads/2011/09/leg-bone-leggings.png,
/wp-content/uploads/2011/09/lildeath-200x200.jpg,image,20140109191433,image/jpeg,17813,URHMIHQEM623IXZ5J7H2PVYPB2CPYEMH,200,2,2014;2025,http://negativeyouth.net/wp-content/uploads/2011/09/lildeath-200x200.jpg,https://negativeyouth.net/wp-content/uploads/2011/09/lildeath-200x200.jpg
/wp-content/uploads/2011/09/lildeath.jpg,image,20140110191333,image/jpeg,248383,4HAYQC5KUP77FOJR2WNSAJQWRD5AMSGI,200,1,2014,http://negativeyouth.net/wp-content/uploads/2011/09/lildeath.jpg,
/wp-content/uploads/2011/09/mime-7-200x200.jpg,image,20140601083715,image/jpeg,10658,RHFQUDJLYGTRC5ZYLI7AEOMAFRI2YSDG,200,2,2014,http://negativeyouth.net/wp-content/uploads/2011/09/mime-7-200x200.jpg,
/wp-content/uploads/2011/09/mime-7.jpg,image,20140109193905,image/jpeg,129377,PQM4FCEEK2MMNEEP2WDNZCQ4TEKKYHN7,200,1,2014,http://negativeyouth.net/wp-content/uploads/2011/09/mime-7.jpg,
/wp-content/uploads/2011/09/nahson_yungjake.gif,image,20131216184329,image/gif,1004870,LZIQME27VUFT2U2YY42OR33MS6CRHQOD,200,8,2013;2014,http://negativeyouth.net/wp-content/uploads/2011/09/nahson_yungjake.gif,
/wp-content/uploads/2011/09/spceco-200x200.jpg,image,20140109184651,image/jpeg,10025,PIA7BUUWAZYSZF6LCEP7SDADPMBKXNH5,200,1,2014,http://negativeyouth.net/wp-content/uploads/2011/09/spceco-200x200.jpg,
/wp-content/uploads/2011/09/spceco.jpg,image,20140110212427,image/jpeg,61986,PYDE7SOL77OCX533NUGWKDI7BGDAFBGL,200,1,2014,http://negativeyouth.net/wp-content/uploads/2011/09/spceco.jpg,
/wp-content/uploads/2011/09/stage33d_yungjake1.gif,image,20140110212441,image/gif,1361820,QTWGI2ZTMWZO2ZBKMHXWK3X4Q5HXKPZP,200,1,2014,http://negativeyouth.net/wp-content/uploads/2011/09/stage33d_yungjake1.gif,
/wp-content/uploads/2011/09/tom-200x200.jpg,image,20140109183508,image/jpeg,6773,5DVVQA4EQ262EWT7MB7CP3Y6EDYKO3IP,200,1,2014,http://negativeyouth.net/wp-content/uploads/2011/09/tom-200x200.jpg,
/wp-content/uploads/2011/09/travis-yasmine.jpg,image,20131214023555,image/jpeg,224527,AGDZATYKB7HNZSWTORDDZKX2RMWUPEL2,200,1,2013,http://negativeyouth.net/wp-content/uploads/2011/09/travis-yasmine.jpg,
/wp-content/uploads/2011/09/tumblr_lo92njV4iQ1qd3rrro1_500.jpg,image,20140109191422,image/jpeg,141296,5463P423LVTDPK34LOENJYYSXIOHXOS6,200,1,2014,http://negativeyouth.net/wp-content/uploads/2011/09/tumblr_lo92njV4iQ1qd3rrro1_500.jpg,
/wp-content/uploads/2011/09/tumblr_lq7kbzGcZ21r1zxymo1_r1_1280-200x200.jpg,image,20140109184658,image/jpeg,5506,3T6PZNIDVDQNMZ7UPE76CQV3ZQT4B2FO,200,1,2014,http://negativeyouth.net/wp-content/uploads/2011/09/tumblr_lq7kbzGcZ21r1zxymo1_r1_1280-200x200.jpg,
/wp-content/uploads/2011/09/tumblr_lq7kbzGcZ21r1zxymo1_r1_1280.jpg,image,20140110193426,image/jpeg,79175,6PPR6LQNRHTDJLADIC76PJGWETWK2K2N,200,1,2014,http://negativeyouth.net/wp-content/uploads/2011/09/tumblr_lq7kbzGcZ21r1zxymo1_r1_1280.jpg,
/wp-content/uploads/2011/09/tumblr_lrpvlq1hdM1qekrnyo1_500.jpg,image,20140109195010,image/jpeg,169083,QVDTEQO7BNH32SRYCFPGWUQ63HY7J42J,200,1,2014,http://negativeyouth.net/wp-content/uploads/2011/09/tumblr_lrpvlq1hdM1qekrnyo1_500.jpg,
/wp-content/uploads/2011/09/tumblr_lrs2vyefqL1qjray4o1_500ok.png,image,20140109192026,image/png,388553,RUWVLF5QSW4UQFM4QBL3M3JDOFFQNKIQ,200,1,2014,http://negativeyouth.net/wp-content/uploads/2011/09/tumblr_lrs2vyefqL1qjray4o1_500ok.png,
/wp-content/uploads/2011/09/unison-artwork-ghost-200x200.jpg,image,20140109184547,image/jpeg,18057,6CD3NHEC6ZJSKA6ERW7RMQD6LDKNU5U5,200,1,2014,http://negativeyouth.net/wp-content/uploads/2011/09/unison-artwork-ghost-200x200.jpg,
/wp-content/uploads/2011/09/unison-artwork-ghost.jpg,image,20140110214714,image/jpeg,241775,RWI7TW54ZYN2JMHKBEHVIXE2DEIUHXBO,200,1,2014,http://negativeyouth.net/wp-content/uploads/2011/09/unison-artwork-ghost.jpg,
/wp-content/uploads/2011/09/unisonlive-200x200.jpg,image,20140109191413,image/jpeg,6095,LY7TM5MP7DYX7M4BMWUW7HWIQ2TA4RU3,200,1,2014,http://negativeyouth.net/wp-content/uploads/2011/09/unisonlive-200x200.jpg,
/wp-content/uploads/2011/09/whatever-artwork-200x200.jpg,image,20140109200138,image/jpeg,18213,QP3LLR3RULJYUJEVQHT7JQL47RM4ASBW,200,1,2014,http://negativeyouth.net/wp-content/uploads/2011/09/whatever-artwork-200x200.jpg,
/wp-content/uploads/2011/09/whatever-artwork.jpg,image,20140110213427,image/jpeg,193667,PHQ6WWBWKZPPOE4RYD6EFBPKBOAWLGAB,200,1,2014,http://negativeyouth.net/wp-content/uploads/2011/09/whatever-artwork.jpg,
/wp-content/uploads/2011/10/%C3%B1aka%C3%B1aka_peque%C3%B1oedgarvideo-200x200.png,image,20140109190951,image/png,66998,7NMZYURSHBO62BMUS7DESTLIGMEJKFMU,200,1,2014,http://negativeyouth.net/wp-content/uploads/2011/10/%C3%B1aka%C3%B1aka_peque%C3%B1oedgarvideo-200x200.png,
/wp-content/uploads/2011/10/20-200x200.jpg,image,20140109193041,image/jpeg,14070,2KBTS5H3K3LKA74IDF4NJGX7AD2UMXVM,200,1,2014,http://negativeyouth.net/wp-content/uploads/2011/10/20-200x200.jpg,
/wp-content/uploads/2011/10/246680_201943666515817_122389604471224_543606_5162273_n.jpg,image,20140109192533,image/jpeg,61549,LKCLLEGWDIWN64CVKFT4W57E4PVVNZZO,200,2,2012;2014,http://negativeyouth.net/wp-content/uploads/2011/10/246680_201943666515817_122389604471224_543606_5162273_n.jpg,
/wp-content/uploads/2011/10/6a00d8341c2f0953ef01538fef9124970b-700wi.jpg,image,20140109200459,image/jpeg,654034,VX5OFHKFV6UYXL63SLH5EE6JH33PSHIE,200,1,2014,http://negativeyouth.net/wp-content/uploads/2011/10/6a00d8341c2f0953ef01538fef9124970b-700wi.jpg,
/wp-content/uploads/2011/10/F8stercare-Remixes-01-200x200.jpg,image,20140109191427,image/jpeg,19383,4TJ5ZPIIC4HL6A2IRXJBHRH66BRQNIFU,200,1,2014,http://negativeyouth.net/wp-content/uploads/2011/10/F8stercare-Remixes-01-200x200.jpg,
/wp-content/uploads/2011/10/F8stercare-Remixes-01-700x800.jpg,image,20140109203603,image/jpeg,150490,TOZB46P2RCD66IMBRZTHBTWAOGNMC4MY,200,1,2014,http://negativeyouth.net/wp-content/uploads/2011/10/F8stercare-Remixes-01-700x800.jpg,
/wp-content/uploads/2011/10/Imagen+11.png,image,20140110212411,image/png,156802,XTSYZN72KRXJHN7LFNJHABT7534UXKMU,200,1,2014,http://negativeyouth.net/wp-content/uploads/2011/10/Imagen+11.png,
/wp-content/uploads/2011/10/Imagen+3.png,image,20140110212748,image/png,388726,S33BWV2RIQLL7BLA5EZZBE76HYHMANXU,200,1,2014,http://negativeyouth.net/wp-content/uploads/2011/10/Imagen+3.png,
/wp-content/uploads/2011/10/Imagen+4.png,image,20140111004913,image/png,347171,U6OUUZNLLQ3Q4ZAWJ2RN3QNJDHDVGAKE,200,1,2014,http://negativeyouth.net/wp-content/uploads/2011/10/Imagen+4.png,
/wp-content/uploads/2011/10/Picture+31-200x200.png,image,20140109190034,image/png,38376,S4CASE24ICPDDA4QHGB2K5IYXUVPIYA4,200,1,2014,http://negativeyouth.net/wp-content/uploads/2011/10/Picture+31-200x200.png,
/wp-content/uploads/2011/10/Picture+31.png,image,20140110212852,image/png,146785,IOLLAPN37OIGKNR5YK7FBJGWEEZJFZF6,200,1,2014,http://negativeyouth.net/wp-content/uploads/2011/10/Picture+31.png,
/wp-content/uploads/2011/10/blissed-out-I-200x200.jpg,image,20140109183521,image/jpeg,10049,53OZBRVAEJPOBFFNYJA3VWRI5LXIQGBD,200,1,2014,http://negativeyouth.net/wp-content/uploads/2011/10/blissed-out-I-200x200.jpg,
/wp-content/uploads/2011/10/blissed-out-I.jpg,image,20140109195248,image/jpeg,246665,YZUCZGJ3XXXS3TOV5H5EO6BN3DJ55APB,200,1,2014,http://negativeyouth.net/wp-content/uploads/2011/10/blissed-out-I.jpg,
/wp-content/uploads/2011/10/crop-top-55.png,image,20140109201021,image/png,436447,UHL6REXJQ2WYFUSSWHWMB7FKLTTNLAZJ,200,1,2014,http://negativeyouth.net/wp-content/uploads/2011/10/crop-top-55.png,
/wp-content/uploads/2011/10/dj_javier_estrada1-200x200.jpg,image,20140109192103,image/jpeg,13252,RW2G736YUI3KQZSI3JSGMKHSXQT7HKBF,200,1,2014,http://negativeyouth.net/wp-content/uploads/2011/10/dj_javier_estrada1-200x200.jpg,
/wp-content/uploads/2011/10/dj_javier_estrada1.jpg,image,20140109203054,image/jpeg,177532,3RSLEWA7DHPXYGMP5FLNG6DUCVMIPKJZ,200,1,2014,http://negativeyouth.net/wp-content/uploads/2011/10/dj_javier_estrada1.jpg,
/wp-content/uploads/2011/10/e3.jpg,image,20140110212437,image/jpeg,189398,23K2MDTDSMNLHUCUCWDBTPJ72NN5XN3Y,200,1,2014,http://negativeyouth.net/wp-content/uploads/2011/10/e3.jpg,
/wp-content/uploads/2011/10/elpquenoedgar-200x200.jpg,image,20140109195200,image/jpeg,20001,A7SIEYNGN2K4DQRE2YPUUNV4DZNH4G6O,200,1,2014,http://negativeyouth.net/wp-content/uploads/2011/10/elpquenoedgar-200x200.jpg,
/wp-content/uploads/2011/10/elpquenoedgar.jpg,image,20140110213004,image/jpeg,201570,ZIZYTKVLE674NLHJS3RGPUYHZ2OPQIW6,200,1,2014,http://negativeyouth.net/wp-content/uploads/2011/10/elpquenoedgar.jpg,
/wp-content/uploads/2011/10/flyer_siteny-200x200.jpg,image,20140109185619,image/jpeg,11752,YSWU2ME4SLTH7RDYLTI3X7ONJZTDD7CS,200,1,2014,http://negativeyouth.net/wp-content/uploads/2011/10/flyer_siteny-200x200.jpg,
/wp-content/uploads/2011/10/flyer_siteny.jpg,image,20140109202832,image/jpeg,575047,OJXVO3S2WD2LRJMT3Q3JYWQOQDUAHVER,200,1,2014,http://negativeyouth.net/wp-content/uploads/2011/10/flyer_siteny.jpg,
/wp-content/uploads/2011/10/grimes-200x200.jpg,image,20140109185804,image/jpeg,11697,PHLC4NNOOGDLGQKQCBXDKKVSEOU2GEAI,200,1,2014,http://negativeyouth.net/wp-content/uploads/2011/10/grimes-200x200.jpg,
/wp-content/uploads/2011/10/grimes.jpg,image,20140110213204,image/jpeg,88395,EVREKW6HNLYFTVFZDRD52RUW7BPRQQSJ,200,1,2014,http://negativeyouth.net/wp-content/uploads/2011/10/grimes.jpg,
/wp-content/uploads/2011/10/htrk-200x200.png,image,20140109193853,image/png,38973,UH6YT47XWFHWWWLFOENRUW6NDOEHJUUT,200,1,2014,http://negativeyouth.net/wp-content/uploads/2011/10/htrk-200x200.png,
/wp-content/uploads/2011/10/moda.png,image,20120624205546,image/png,3661,DABNJRVLBWVWS457HA3IIFQLU6UEEF3B,200,1,2012,http://negativeyouth.net/wp-content/uploads/2011/10/moda.png,
/wp-content/uploads/2011/10/nguzu21-200x200.gif,image,20140109192834,image/gif,19972,HC3IMS22X42BCWHM2YSEKTU26MLZWQUB,200,1,2014,http://negativeyouth.net/wp-content/uploads/2011/10/nguzu21-200x200.gif,
/wp-content/uploads/2011/10/nguzu21.gif,image,20140110214737,image/gif,932006,SSKBTQBTXE6IC3RQWX4GZ4TAYNMWNL3E,200,1,2014,http://negativeyouth.net/wp-content/uploads/2011/10/nguzu21.gif,
/wp-content/uploads/2011/10/obsexed-200x200.png,image,20140109194640,image/png,41885,XS5PG4RE4XCPINO3YTJKMXA6XGYJDCVI,200,1,2014,http://negativeyouth.net/wp-content/uploads/2011/10/obsexed-200x200.png,
/wp-content/uploads/2011/10/postphysical-rmx-200x200.jpg,image,20140109192106,image/jpeg,12861,XVM4JNXJCPU4AJV5G4ACBMJVJQJHJH2Z,200,2,2014,http://negativeyouth.net/wp-content/uploads/2011/10/postphysical-rmx-200x200.jpg,
/wp-content/uploads/2011/10/ps-200x200.png,image,20140109193405,image/png,41376,G74KDJBMVVQYQBZJG6DWASVBONWF6XOI,200,1,2014,http://negativeyouth.net/wp-content/uploads/2011/10/ps-200x200.png,
/wp-content/uploads/2011/10/these-days-200x200.png,image,20140109190009,image/png,66178,E3OQL7Y5KAYQINW4FDPRMHOSVXJDNQIJ,200,1,2014,http://negativeyouth.net/wp-content/uploads/2011/10/these-days-200x200.png,
/wp-content/uploads/2011/10/thumb-1.png,image,20140109201851,image/png,545031,ZPWD22ANLY77EWNB723WGIS6427KC3DU,200,1,2014,http://negativeyouth.net/wp-content/uploads/2011/10/thumb-1.png,
/wp-content/uploads/2011/10/thumb.png,image,20140109201720,image/png,603050,MF7F6EGFPJESQT3DIZZUMXFQKYNDAORG,200,1,2014,http://negativeyouth.net/wp-content/uploads/2011/10/thumb.png,
/wp-content/uploads/2011/10/tumblr_ln7rgufoEq1qlrj4w.jpg,image,20140110212402,image/jpeg,136230,TSWKPSS7OMU5E3ZAFW4QDOSFPNJD4NS3,200,1,2014,http://negativeyouth.net/wp-content/uploads/2011/10/tumblr_ln7rgufoEq1qlrj4w.jpg,
/wp-content/uploads/2011/10/tumblr_lspl4eEEne1qlrj4w.jpg,image,20140110212641,image/jpeg,243972,IRXPZDCUCFCVIKGEITZSUI4Q344EOWLT,200,1,2014,http://negativeyouth.net/wp-content/uploads/2011/10/tumblr_lspl4eEEne1qlrj4w.jpg,
/wp-content/uploads/2011/10/tumblr_lszan2A5741qlrj4w.jpg,image,20140110213802,image/jpeg,222408,EURZUXCCIKBJXZEJMMXE35BDJ6XBGQHM,200,1,2014,http://negativeyouth.net/wp-content/uploads/2011/10/tumblr_lszan2A5741qlrj4w.jpg,
/wp-content/uploads/2011/10/velvet-cape-72-copy.jpg,image,20131209125603,image/jpeg,226524,V3GVF6K5X5CADX5VXA6G3ZKYXBR5BXWB,200,3,2013;2014,http://negativeyouth.net/wp-content/uploads/2011/10/velvet-cape-72-copy.jpg,
/wp-content/uploads/2011/10/vessel-200x200.png,image,20140109191509,image/png,54173,73FZMSCSGRMXQ4AA4T5W4YHEAMV5TYGW,200,1,2014,http://negativeyouth.net/wp-content/uploads/2011/10/vessel-200x200.png,
/wp-content/uploads/2011/11/1.jpg,image,20140110213502,image/jpeg,237371,REVQQT3BSI7C7ZV2L5X6E4HHM6J2P6ER,200,1,2014,http://negativeyouth.net/wp-content/uploads/2011/11/1.jpg,
/wp-content/uploads/2011/11/18+-m1xtape-200x200.jpg,image,20140109184440,image/jpeg,9142,6WG3H2R7XBHZWISXDDFZIXTPYDPLYLE5,200,1,2014,http://negativeyouth.net/wp-content/uploads/2011/11/18+-m1xtape-200x200.jpg,
/wp-content/uploads/2011/11/18+-m1xtape.jpg,image,20140111005520,image/jpeg,120949,KJKPKQ4PVB7NCYOFZWBITEE7FSU73E7R,200,1,2014,http://negativeyouth.net/wp-content/uploads/2011/11/18+-m1xtape.jpg,
/wp-content/uploads/2011/11/2.jpg,image,20140110212750,image/jpeg,218184,5H5OKIJE5DGNBLGSCRAIUX3DWURDTCKU,200,1,2014,http://negativeyouth.net/wp-content/uploads/2011/11/2.jpg,
/wp-content/uploads/2011/11/3-dreams-that-money-02.jpg,image,20140110212327,image/jpeg,94468,EQARVUN3WVNYQQQD4DVCOKFL2U5P7PLH,200,1,2014,http://negativeyouth.net/wp-content/uploads/2011/11/3-dreams-that-money-02.jpg,
/wp-content/uploads/2011/11/3.jpg,image,20140111005431,image/jpeg,141253,HVNUFPA52PT6EFNPXTP5AGGUR5CZE64Q,200,1,2014,http://negativeyouth.net/wp-content/uploads/2011/11/3.jpg,
/wp-content/uploads/2011/11/3d3-200x200.jpg,image,20140109191848,image/jpeg,12971,5Y4K46BHZVKOVU7CGCBVCWGZYKUGKRIV,200,1,2014,http://negativeyouth.net/wp-content/uploads/2011/11/3d3-200x200.jpg,
/wp-content/uploads/2011/11/3d3.jpg,image,20140109192453,image/jpeg,392563,NCQGCLFB2NTJD5GWTFEMZQTSGWW6Z76S,200,1,2014,http://negativeyouth.net/wp-content/uploads/2011/11/3d3.jpg,
/wp-content/uploads/2011/11/4-taller-negative-04.jpg,image,20140110212525,image/jpeg,74418,EAEPECVJWBDC4XL25Z6JS44MWU4MKUM3,200,1,2014,http://negativeyouth.net/wp-content/uploads/2011/11/4-taller-negative-04.jpg,
/wp-content/uploads/2011/11/4.jpg,image,20140110212442,image/jpeg,220968,B2Q5KBRKCAJE42WYBJWGVOCZPVCPEJCE,200,1,2014,http://negativeyouth.net/wp-content/uploads/2011/11/4.jpg,
/wp-content/uploads/2011/11/5-located02.jpg,image,20140110213240,image/jpeg,97835,AFQ6EAQCF4OXF7TRLNC7GRS2K3OX5ITE,200,1,2014,http://negativeyouth.net/wp-content/uploads/2011/11/5-located02.jpg,
/wp-content/uploads/2011/11/5.jpg,image,20140111004921,image/jpeg,237907,4N2BUVS7WHE3EY6X4EOUKVR6AIVBIYV7,200,1,2014,http://negativeyouth.net/wp-content/uploads/2011/11/5.jpg,
/wp-content/uploads/2011/11/6.jpg,image,20140110213104,image/jpeg,207862,KJJJMINMXLZHPJTPEDV3FJIYSZS32VZ2,200,1,2014,http://negativeyouth.net/wp-content/uploads/2011/11/6.jpg,
/wp-content/uploads/2011/11/7.jpg,image,20140111005025,image/jpeg,242214,YS2QQPEKQC34YPONJ75JF4EP2DOGZLYY,200,1,2014,http://negativeyouth.net/wp-content/uploads/2011/11/7.jpg,
/wp-content/uploads/2011/11/HOUSEOFLADOSHA-200x200.jpg,image,20140109194811,image/jpeg,12191,KSUKPU46QNL7YH3SQU3VYTWA5KWV6AMR,200,1,2014,http://negativeyouth.net/wp-content/uploads/2011/11/HOUSEOFLADOSHA-200x200.jpg,
/wp-content/uploads/2011/11/HOUSEOFLADOSHA.jpg,image,20140110212254,image/jpeg,140025,AQVCTGVPGF35AEIQUA6OHUM6NHRWYZNX,200,1,2014,http://negativeyouth.net/wp-content/uploads/2011/11/HOUSEOFLADOSHA.jpg,
/wp-content/uploads/2011/11/POLTER-COVER-200x200.png,image,20140109185942,image/png,28943,J5HBRV36D7F7P2CF25UTDOCXHB4PTMUQ,200,1,2014,http://negativeyouth.net/wp-content/uploads/2011/11/POLTER-COVER-200x200.png,
/wp-content/uploads/2011/11/POLTER-COVER.png,image,20140110212153,image/png,126858,PXHXZIZQFAQNLIOWVFGVVR5SLRMFSWVN,200,1,2014,http://negativeyouth.net/wp-content/uploads/2011/11/POLTER-COVER.png,
/wp-content/uploads/2011/11/Picture-30-200x200.png,image,20140109190902,image/png,51005,RDTV3RTSFGLRTZEWRUUSRMLVFQ74TVTC,200,1,2014,http://negativeyouth.net/wp-content/uploads/2011/11/Picture-30-200x200.png,
/wp-content/uploads/2011/11/Picture-30.png,image,20140110215950,image/png,226284,JPK7D7R2LM6V2Q5XVOSOGLCT5IUC7TA5,200,1,2014,http://negativeyouth.net/wp-content/uploads/2011/11/Picture-30.png,
/wp-content/uploads/2011/11/RS10x.jpg,image,20140109201654,image/jpeg,106193,GBBN7GIDKPJUDIICWJS3A46JEZEBIPHF,200,1,2014,http://negativeyouth.net/wp-content/uploads/2011/11/RS10x.jpg,
/wp-content/uploads/2011/11/RS1x2.jpg,image,20140109201628,image/jpeg,205489,RSWEVUE56ORU6AEKBMRZMU7NKTSYAB7U,200,1,2014,http://negativeyouth.net/wp-content/uploads/2011/11/RS1x2.jpg,
/wp-content/uploads/2011/11/RS2x.jpg,image,20140109194437,image/jpeg,113575,AGPJG33YENEBVMOYWKPOR7HG53QOERIM,200,1,2014,http://negativeyouth.net/wp-content/uploads/2011/11/RS2x.jpg,
/wp-content/uploads/2011/11/RS3x.jpg,image,20140109201441,image/jpeg,105737,NICDSELMAKN7PCA4HI547JFQ3HBOICS2,200,1,2014,http://negativeyouth.net/wp-content/uploads/2011/11/RS3x.jpg,
/wp-content/uploads/2011/11/RS4x.jpg,image,20140109203700,image/jpeg,113066,4I45NDB5RFNRX6F7MZXVQ5BQCN4B5FTJ,200,1,2014,http://negativeyouth.net/wp-content/uploads/2011/11/RS4x.jpg,
/wp-content/uploads/2011/11/RS5x.jpg,image,20140109201119,image/jpeg,109658,BGRG7TZ2RSYFPBSRJKXT3L5RDMRJYQ5J,200,1,2014,http://negativeyouth.net/wp-content/uploads/2011/11/RS5x.jpg,
/wp-content/uploads/2011/11/RS6x.jpg,image,20140109200813,image/jpeg,113324,45ZAHBOU2TN3CHMG4NPJPUB7HHRRNIQT,200,1,2014,http://negativeyouth.net/wp-content/uploads/2011/11/RS6x.jpg,
/wp-content/uploads/2011/11/RS7x.jpg,image,20140109203926,image/jpeg,106399,66Y25EGOH4KUNAYY7IM2UKL3BFHWFMA4,200,1,2014,http://negativeyouth.net/wp-content/uploads/2011/11/RS7x.jpg,
/wp-content/uploads/2011/11/RS8x.jpg,image,20140109205629,image/jpeg,109571,CN4GFXHWHRBCTFJP3LWFMAKUHYMFNHBY,200,1,2014,http://negativeyouth.net/wp-content/uploads/2011/11/RS8x.jpg,
/wp-content/uploads/2011/11/ReadyGoTypeB1-200x200.jpg,image,20140109183551,image/jpeg,18833,QO54N7DYT7YKULJXDO2WFOV7DYS6IRLW,200,1,2014,http://negativeyouth.net/wp-content/uploads/2011/11/ReadyGoTypeB1-200x200.jpg,
/wp-content/uploads/2011/11/Schonwald-200x200.jpg,image,20140109192411,image/jpeg,11037,QFKUWWKEEBZA52EKR3QO2BBDHGO6DVKA,200,1,2014,http://negativeyouth.net/wp-content/uploads/2011/11/Schonwald-200x200.jpg,
/wp-content/uploads/2011/11/Schonwald.jpg,image,20140110212450,image/jpeg,113755,UJHOIA7LV2CYYGR42VYYSY4F4OWHKSPB,200,1,2014,http://negativeyouth.net/wp-content/uploads/2011/11/Schonwald.jpg,
/wp-content/uploads/2011/11/YOUNGMAGIC-200x200.jpg,image,20140109182553,image/jpeg,8382,ATSE5D3Y7LG6ZH44BN5QL7EDNNLTYZ3P,200,2,2014,http://negativeyouth.net/wp-content/uploads/2011/11/YOUNGMAGIC-200x200.jpg,
/wp-content/uploads/2011/11/YOUNGMAGIC.jpg,image,20140109194507,image/jpeg,387883,5FNMZ7AE5WKJMUBWAPZGBWEWPTT7Q2H4,200,1,2014,http://negativeyouth.net/wp-content/uploads/2011/11/YOUNGMAGIC.jpg,
/wp-content/uploads/2011/11/abba-200x200.jpg,image,20140109192234,image/jpeg,10013,KDKRSCJPECHVJ56XVNUOK7SCYU5FTNNZ,200,1,2014,http://negativeyouth.net/wp-content/uploads/2011/11/abba-200x200.jpg,
/wp-content/uploads/2011/11/abba.jpg,image,20140110220901,image/jpeg,126364,44LZB7NLTNAVLF4ETGJG2KHHOSW7427E,200,1,2014,http://negativeyouth.net/wp-content/uploads/2011/11/abba.jpg,
/wp-content/uploads/2011/11/be-my-guest-200x200.jpg,image,20140109192815,image/jpeg,20650,MXI4RY2YU5NWBZ3TW5MR3XHT4GIYKQOP,200,1,2014,http://negativeyouth.net/wp-content/uploads/2011/11/be-my-guest-200x200.jpg,
/wp-content/uploads/2011/11/be-my-guest.jpg,image,20140109203635,image/jpeg,454720,BBQPOMEXQYEBI52AI47TM42WM5QMLY3I,200,1,2014,http://negativeyouth.net/wp-content/uploads/2011/11/be-my-guest.jpg,
/wp-content/uploads/2011/11/blacnails-200x200.png,image,20140109184654,image/png,45690,7MMB2GRDPN3VDZ7EOSTOYXIRUY5D3XDN,200,1,2014,http://negativeyouth.net/wp-content/uploads/2011/11/blacnails-200x200.png,
/wp-content/uploads/2011/11/boy-friend-200x200.jpg,image,20140109191022,image/jpeg,10888,H3FPJILA23WMP774UAZEFX7B26DWQCCH,200,1,2014,http://negativeyouth.net/wp-content/uploads/2011/11/boy-friend-200x200.jpg,
/wp-content/uploads/2011/11/boy-friend.jpg,image,20140109201929,image/jpeg,234524,BFH35JZOIVFEXJR2CCLR3HJ5ADQUHOIO,200,1,2014,http://negativeyouth.net/wp-content/uploads/2011/11/boy-friend.jpg,
/wp-content/uploads/2011/11/changeyourself-200x200.jpg,image,20140109184240,image/jpeg,6673,IVPDIQUM33NXDYFJFSR4BFAMU7S2GCKS,200,1,2014,http://negativeyouth.net/wp-content/uploads/2011/11/changeyourself-200x200.jpg,
/wp-content/uploads/2011/11/changeyourself.jpeg,image,20140110212411,image/jpeg,201417,UFXHVVGJVTYOF5S7FEZ6NQ4TAMNUO3I2,200,1,2014,http://negativeyouth.net/wp-content/uploads/2011/11/changeyourself.jpeg,
/wp-content/uploads/2011/11/flyer.jpg,image,20140109202923,image/jpeg,624899,GHAAEVG5CTKJ3TGN74GTVUINYIJPZRLR,200,1,2014,http://negativeyouth.net/wp-content/uploads/2011/11/flyer.jpg,
/wp-content/uploads/2011/11/foto-sueter.jpg,image,20140110195623,image/jpeg,159647,PRHE5PGWR662MXEP27IAXLCX7GFBB2KG,200,1,2014,http://negativeyouth.net/wp-content/uploads/2011/11/foto-sueter.jpg,
/wp-content/uploads/2011/11/freak-out-2-200x300.jpg,image,20140110212615,image/jpeg,28658,36GYRBJ2252AOVNRACPCTF7GYLUPC4QY,200,1,2014,http://negativeyouth.net/wp-content/uploads/2011/11/freak-out-2-200x300.jpg,
/wp-content/uploads/2011/11/guera-200x200.png,image,20140109202211,image/png,70883,76VQYH6U7DJHLPTCT7OPVHHVMB2GCJTX,200,1,2014,http://negativeyouth.net/wp-content/uploads/2011/11/guera-200x200.png,
/wp-content/uploads/2011/11/hd-200x200.jpg,image,20140109194854,image/jpeg,17911,B72SL2NBHXR5BVSVKEVMXMTHK257ZZD3,200,1,2014,http://negativeyouth.net/wp-content/uploads/2011/11/hd-200x200.jpg,
/wp-content/uploads/2011/11/hd.jpg,image,20140110215601,image/jpeg,308296,5IPPEV22BGBCXI7PGJ4WWRQRL3G6XDUW,200,1,2014,http://negativeyouth.net/wp-content/uploads/2011/11/hd.jpg,
/wp-content/uploads/2011/11/holy-shit-200x200.jpg,image,20140109184900,image/jpeg,12085,EP47LQU2G6QT6PSZDQUUVRHI7XXZPIM2,200,1,2014,http://negativeyouth.net/wp-content/uploads/2011/11/holy-shit-200x200.jpg,
/wp-content/uploads/2011/11/holy-shit.jpg,image,20140109201154,image/jpeg,345695,S2V62AL2EIXQNBORF4KE7UITF7AHVAE3,200,1,2014,http://negativeyouth.net/wp-content/uploads/2011/11/holy-shit.jpg,
/wp-content/uploads/2011/11/nightbus2-200x200.jpg,image,20140109182656,image/jpeg,9182,P4IFD4PGVASIQOWQKPN4WH5JHDS6WXHY,200,1,2014,http://negativeyouth.net/wp-content/uploads/2011/11/nightbus2-200x200.jpg,
/wp-content/uploads/2011/11/nightbus2.jpg,image,20140111004917,image/jpeg,191027,AHWTU25IOHSRVW5G7LLLASUBH6UOZRDM,200,1,2014,http://negativeyouth.net/wp-content/uploads/2011/11/nightbus2.jpg,
/wp-content/uploads/2011/11/pp_unicornkid-200x200.jpg,image,20140109184031,image/jpeg,10095,S2DXYGM4DCGM67IAF2WWABLLRAODEEWQ,200,1,2014,http://negativeyouth.net/wp-content/uploads/2011/11/pp_unicornkid-200x200.jpg,
/wp-content/uploads/2011/11/pp_unicornkid.jpg,image,20140110213526,image/jpeg,175596,CCNDXVP6WYIBSFWQWY6ZP4KJ4GV2UGCT,200,1,2014,http://negativeyouth.net/wp-content/uploads/2011/11/pp_unicornkid.jpg,
/wp-content/uploads/2011/11/programa-negro-final-02.jpg,image,20140109195959,image/jpeg,300016,STFZLINSZDLYFYWUGCXDOCN6ZCQFOJNP,200,1,2014,http://negativeyouth.net/wp-content/uploads/2011/11/programa-negro-final-02.jpg,
/wp-content/uploads/2011/11/revolver.jpg,image,20140110212836,image/jpeg,270683,ME4535JZWWRRLYZTUKUDUB4OQDPRK3RR,200,1,2014,http://negativeyouth.net/wp-content/uploads/2011/11/revolver.jpg,
/wp-content/uploads/2011/11/revolver_flyer_2-200x200.jpg,image,20140110212406,image/jpeg,16218,D4PCBJUAIPSBIRQXQOWYKSIS3PBSWGB5,200,1,2014,http://negativeyouth.net/wp-content/uploads/2011/11/revolver_flyer_2-200x200.jpg,
/wp-content/uploads/2011/11/ruin-3-200x200.jpg,image,20140109191810,image/jpeg,16507,OQRQZCRUQVTFTLCLPKIO6WUUOFKAOKSU,200,1,2014,http://negativeyouth.net/wp-content/uploads/2011/11/ruin-3-200x200.jpg,
/wp-content/uploads/2011/11/ruin-3.jpg,image,20140110213132,image/jpeg,224060,4A4VN6AKUFYROPNOWXWCBI63IDKPWVMT,200,1,2014,http://negativeyouth.net/wp-content/uploads/2011/11/ruin-3.jpg,
/wp-content/uploads/2011/11/salem-200x200.png,image,20140109191810,image/png,43160,5PCILF4LU5UCT2HERM7MDAUVY3LCSAI2,200,1,2014,http://negativeyouth.net/wp-content/uploads/2011/11/salem-200x200.png,
/wp-content/uploads/2011/11/selena_big.jpg,image,20140109204026,image/jpeg,318388,4RQIFVNUZ7X3ECIN47S3WRVZSS53HYYY,200,1,2014,http://negativeyouth.net/wp-content/uploads/2011/11/selena_big.jpg,
/wp-content/uploads/2011/11/shades_post-200x200.jpg,image,20140109183850,image/jpeg,10912,KXLS2SBENPXBHQALBDQHBJRV6YZ5WT3Q,200,1,2014,http://negativeyouth.net/wp-content/uploads/2011/11/shades_post-200x200.jpg,
/wp-content/uploads/2011/11/skrinshot-200x200.png,image,20140109182550,image/png,51219,B5FOUUNZ5BFYNEEICYZJDUA3FUI5Z6FZ,200,1,2014,http://negativeyouth.net/wp-content/uploads/2011/11/skrinshot-200x200.png,
/wp-content/uploads/2011/11/tvynovelas-2-200x200.jpg,image,20140109192201,image/jpeg,13693,DEEXSZQNY7DU2ATVO7TPQGNIMX4F5GNF,200,1,2014,http://negativeyouth.net/wp-content/uploads/2011/11/tvynovelas-2-200x200.jpg,
/wp-content/uploads/2011/11/tvynovelas-2.jpg,image,20140110221909,image/jpeg,223402,HMMTQOU4WN4WSPXSOQB75WD7GGAFNLBW,200,1,2014,http://negativeyouth.net/wp-content/uploads/2011/11/tvynovelas-2.jpg,
/wp-content/uploads/2011/11/twingemz-200x200.jpg,image,20140109191648,image/jpeg,4924,3QDXGZ3TNDE7GBN4L6QUJBILPBYJ2WGI,200,1,2014,http://negativeyouth.net/wp-content/uploads/2011/11/twingemz-200x200.jpg,
/wp-content/uploads/2011/11/twingemz.jpeg,image,20140109203021,image/jpeg,63161,VQVBM3GXO4P7KVD727XHP7QZC5HQYRLL,200,1,2014,http://negativeyouth.net/wp-content/uploads/2011/11/twingemz.jpeg,
/wp-content/uploads/2011/12/DJ-SymBiotiX-with-Logo1.png,image,20140109184035,image/png,197070,PCOEW3VUFXHG6PCUREY6JHCIF7LIUWTF,200,1,2014,http://negativeyouth.net/wp-content/uploads/2011/12/DJ-SymBiotiX-with-Logo1.png,
/wp-content/uploads/2011/12/Picture-29-200x200.png,image,20140109184635,image/png,25908,LLPDYIYLJ3VBIKL4NJSZOAG463JYZASL,200,1,2014,http://negativeyouth.net/wp-content/uploads/2011/12/Picture-29-200x200.png,
/wp-content/uploads/2011/12/Untitled-1-200x200.jpg,image,20140109193358,image/jpeg,20969,PU2NOPIHALHW6VVCBEVL4ZWXRF6HHSLJ,200,2,2014,http://negativeyouth.net/wp-content/uploads/2011/12/Untitled-1-200x200.jpg,
/wp-content/uploads/2011/12/Untitled-1.jpg,image,20140109191442,image/jpeg,399620,MLZJZBRVMQXUYQSYUACMF5Q45D23VDYK,200,1,2014,http://negativeyouth.net/wp-content/uploads/2011/12/Untitled-1.jpg,
/wp-content/uploads/2011/12/animals-200x200.png,image,20140109184220,image/png,53285,NECJYUQLTJ4WBGUSU2JYBCPGRZIF5W6Q,200,1,2014,http://negativeyouth.net/wp-content/uploads/2011/12/animals-200x200.png,
/wp-content/uploads/2011/12/arnold-200x200.png,image,20140109182828,image/png,69331,4ND5E6RSVJQTYNTZ7GOKV7RGH3CXVK3A,200,1,2014,http://negativeyouth.net/wp-content/uploads/2011/12/arnold-200x200.png,
/wp-content/uploads/2011/12/artworks-000015297182-93k8pl-original-200x200.jpg,image,20140109191824,image/jpeg,11669,BO3M4EVL6R2GFLGUY7UWKLGNDA7HBQ4M,200,1,2014,http://negativeyouth.net/wp-content/uploads/2011/12/artworks-000015297182-93k8pl-original-200x200.jpg,
/wp-content/uploads/2011/12/artworks-000015297182-93k8pl-original.jpg,image,20140109194616,image/jpeg,304305,5MHTJU7ZY4MPJLKBV6FDQZZPPINXGMMC,200,1,2014,http://negativeyouth.net/wp-content/uploads/2011/12/artworks-000015297182-93k8pl-original.jpg,
/wp-content/uploads/2011/12/artworks-000015910112-kf5sdw-crop-200x200.jpg,image,20140109195254,image/jpeg,13810,JMQCS7G2AJELOPNEAPBH2TCLS4GOMZJU,200,1,2014,http://negativeyouth.net/wp-content/uploads/2011/12/artworks-000015910112-kf5sdw-crop-200x200.jpg,
/wp-content/uploads/2011/12/artworks-000015910112-kf5sdw-crop.jpeg,image,20140109192941,image/jpeg,282450,XOFKXV5GY7ZU2IVS4Z6KMFLCZ2ERF3X2,200,1,2014,http://negativeyouth.net/wp-content/uploads/2011/12/artworks-000015910112-kf5sdw-crop.jpeg,
/wp-content/uploads/2011/12/darksister-200x200.jpg,image,20140109202050,image/jpeg,16896,AKA7MC6UHXOV4CEWSB6OXO5ACHQDF3T2,200,1,2014,http://negativeyouth.net/wp-content/uploads/2011/12/darksister-200x200.jpg,
/wp-content/uploads/2011/12/darksister.jpg,image,20140110212853,image/jpeg,229326,VAD7EHHRD62CMBDAYINAKBYQSU364TFZ,200,1,2014,http://negativeyouth.net/wp-content/uploads/2011/12/darksister.jpg,
/wp-content/uploads/2011/12/freak-out-2-200x200.jpg,image,20140109192704,image/jpeg,20057,VKEYC4LOXDMZ4M5Q32ROR7G4KDZFXFKR,200,3,2013;2014;2025,http://negativeyouth.net/wp-content/uploads/2011/12/freak-out-2-200x200.jpg,https://negativeyouth.net/wp-content/uploads/2011/12/freak-out-2-200x200.jpg
/wp-content/uploads/2011/12/garywar-200x200.png,image,20140109183134,image/png,59129,NKA77G5U2NAG6DMF5XL4TOWOUY35DXAF,200,1,2014,http://negativeyouth.net/wp-content/uploads/2011/12/garywar-200x200.png,
/wp-content/uploads/2011/12/genevajacuzzi_doisad-200x200.png,image,20140109184445,image/png,58967,DDZZQECS3WRGOBZ2NHULY6J7UGKF3H2E,200,1,2014,http://negativeyouth.net/wp-content/uploads/2011/12/genevajacuzzi_doisad-200x200.png,
/wp-content/uploads/2011/12/kara-200x200.png,image,20140109183828,image/png,48855,ZT7PE3TQYJFHLGVSULV45SJNEN7HASV6,200,1,2014,http://negativeyouth.net/wp-content/uploads/2011/12/kara-200x200.png,
/wp-content/uploads/2011/12/kyary-200x200.png,image,20140109183546,image/png,73103,DLWD5YHXS75DQKTAPEZM2OYIU35OUZZR,200,1,2014,http://negativeyouth.net/wp-content/uploads/2011/12/kyary-200x200.png,
/wp-content/uploads/2011/12/lafuerzaaerea-200x200.jpg,image,20140109183551,image/jpeg,11368,VOHQYPICCERTSJK3MUXXVOUFVJTKJPXC,200,1,2014,http://negativeyouth.net/wp-content/uploads/2011/12/lafuerzaaerea-200x200.jpg,
/wp-content/uploads/2011/12/lafuerzaaerea.jpg,image,20140110213127,image/jpeg,104590,NTEEH5J3FNSHK3BCDVM65KNWBWHKLHTD,200,1,2014,http://negativeyouth.net/wp-content/uploads/2011/12/lafuerzaaerea.jpg,
/wp-content/uploads/2011/12/lostplanet-200x200.jpg,image,20131031203525,image/jpeg,21481,JAR3F7MSS6OOA4BMKKNRQKEXDIIHOC4U,200,2,2013;2014,http://negativeyouth.net/wp-content/uploads/2011/12/lostplanet-200x200.jpg,
/wp-content/uploads/2011/12/lostplanet.jpeg,image,20140110212842,image/jpeg,739439,2XSW7GU343JOIW3DRIDGVZSR3N42OBXA,200,1,2014,http://negativeyouth.net/wp-content/uploads/2011/12/lostplanet.jpeg,
/wp-content/uploads/2011/12/naomielizabeth-200x200.png,image,20131104103639,image/png,58573,FNNS63RPWBJ3TD5HJBSUTIMGDH7ACXQB,200,2,2013;2014,http://negativeyouth.net/wp-content/uploads/2011/12/naomielizabeth-200x200.png,
/wp-content/uploads/2011/12/off-200x200.png,image,20140109193437,image/png,69770,ILSUYKA35OI2UNMRFOCLV2LLZB64MEZ6,200,1,2014,http://negativeyouth.net/wp-content/uploads/2011/12/off-200x200.png,
/wp-content/uploads/2011/12/pigfat-200x200.png,image,20140110213312,image/png,53240,IWLPJPW2LIJJORMRXVYXR5NVJUQQ6I4G,200,1,2014,http://negativeyouth.net/wp-content/uploads/2011/12/pigfat-200x200.png,
/wp-content/uploads/2011/12/symbiotix.jpg,image,20140109191711,image/jpeg,561089,6APUGEL76LQZN2D2WENCD7E5ADNNTG6U,200,1,2014,http://negativeyouth.net/wp-content/uploads/2011/12/symbiotix.jpg,
/wp-content/uploads/2011/12/untru-love-200x200.png,image,20140109191209,image/png,59353,22FJMMIYTGD7ZHJUDBKRQCS6RBKSQUCI,200,1,2014,http://negativeyouth.net/wp-content/uploads/2011/12/untru-love-200x200.png,
/wp-content/uploads/2011/12/ym-200x200.jpg,image,20140109191815,image/jpeg,18421,LW377I67R3ENHJMT6JEJO7BTCACVSHKH,200,1,2014,http://negativeyouth.net/wp-content/uploads/2011/12/ym-200x200.jpg,
/wp-content/uploads/2011/12/zebrakatz-200x200.jpg,image,20140110212453,image/jpeg,5201,X4D6SHUPZREQDAXFUJKH7VRPPE4KB2XF,200,1,2014,http://negativeyouth.net/wp-content/uploads/2011/12/zebrakatz-200x200.jpg,
/wp-content/uploads/2012/01/Grimes+0010011-200x200.jpg,image,20140109182903,image/jpeg,13756,7NKBZBOVGKWQWSPNI7HJLXDG3XVBWQAW,200,2,2014,http://negativeyouth.net/wp-content/uploads/2012/01/Grimes+0010011-200x200.jpg,
/wp-content/uploads/2012/01/Grimes+0010011-700x1200.jpg,image,20140110220603,image/jpeg,242228,DE56WKQBNZFF46EN65CJZ442XSFPQDYX,200,2,2014;2025,http://negativeyouth.net/wp-content/uploads/2012/01/Grimes+0010011-700x1200.jpg,
/wp-content/uploads/2012/01/IMG_2720-200x200.jpg,image,20140109192608,image/jpeg,8086,YLL5T37V6WPGLJZ3NVDPDUUGR43YTDS4,200,1,2014,http://negativeyouth.net/wp-content/uploads/2012/01/IMG_2720-200x200.jpg,
/wp-content/uploads/2012/01/artworks-000017535172-ewctaj-original-200x200.jpg,image,20140109200243,image/jpeg,7541,BCJSFFL7YERZBCSD3BKE3TPXH35S76WY,200,1,2014,http://negativeyouth.net/wp-content/uploads/2012/01/artworks-000017535172-ewctaj-original-200x200.jpg,
/wp-content/uploads/2012/01/asap-200x200.png,image,20140109203818,image/png,71752,LRXDVTVUKXPGULCGOLZEOAFCH3AISUXL,200,1,2014,http://negativeyouth.net/wp-content/uploads/2012/01/asap-200x200.png,
/wp-content/uploads/2012/01/dimensional-rip-71-200x200.jpg,image,20140109185215,image/jpeg,27895,HGISU3YF264ABUVDE7M7UXJ26OKULJZ6,200,1,2014,http://negativeyouth.net/wp-content/uploads/2012/01/dimensional-rip-71-200x200.jpg,
/wp-content/uploads/2012/01/dimensional-rip-71.jpg,image,20140109203236,image/jpeg,425945,S4UHQ3CEWOP4RRCZMRSFZSUJEHRP2D34,200,1,2014,http://negativeyouth.net/wp-content/uploads/2012/01/dimensional-rip-71.jpg,
/wp-content/uploads/2012/01/finallyboyscover-200x200.jpg,image,20140109185720,image/jpeg,20537,4CIZDSYCDHKQKRQWCUTLPBQURJYLZJ2S,200,1,2014,http://negativeyouth.net/wp-content/uploads/2012/01/finallyboyscover-200x200.jpg,
/wp-content/uploads/2012/01/finallyboyscover.jpg,image,20140110221440,image/jpeg,543771,CVJK7PEN3JX4LLTKP7MLQVF6UQDJKJGJ,200,1,2014,http://negativeyouth.net/wp-content/uploads/2012/01/finallyboyscover.jpg,
/wp-content/uploads/2012/01/glass-popcorn-200x200.png,image,20140109184914,image/png,72481,BJA3HVI3MFFXL45TJRU43ZWKLW4K24V4,200,1,2014,http://negativeyouth.net/wp-content/uploads/2012/01/glass-popcorn-200x200.png,
/wp-content/uploads/2012/01/how-can-i-resist-you-200x200.png,image,20140109183250,image/png,64259,TRIGWOVWFUMQGEHLSZFAOXRZVD7LJTYZ,200,2,2014;2025,http://negativeyouth.net/wp-content/uploads/2012/01/how-can-i-resist-you-200x200.png,https://negativeyouth.net/wp-content/uploads/2012/01/how-can-i-resist-you-200x200.png
/wp-content/uploads/2012/01/imaread-200x200.png,image,20140109202450,image/png,59622,FHYYV2I5WO5VCHXXYWFQ3N7EIVWG2JJB,200,1,2014,http://negativeyouth.net/wp-content/uploads/2012/01/imaread-200x200.png,
/wp-content/uploads/2012/01/jochoDOOOOOM-200x200.gif,image,20140109194804,image/gif,30996,D6AMP4IZBIPWAVUHHZX7LOL3US6RWQIL,200,1,2014,http://negativeyouth.net/wp-content/uploads/2012/01/jochoDOOOOOM-200x200.gif,
/wp-content/uploads/2012/01/jochoDOOOOOM.gif,image,20140111005016,image/gif,1593382,UFS5WBZKMARBIRHP42DPVKYI5R2AZRZQ,200,1,2014,http://negativeyouth.net/wp-content/uploads/2012/01/jochoDOOOOOM.gif,
/wp-content/uploads/2012/01/ny2012-700px-200x200.jpg,image,20140109185412,image/jpeg,16031,SHK2SISPYYW7QYXVUBK35LXCU4JV4MPH,200,1,2014,http://negativeyouth.net/wp-content/uploads/2012/01/ny2012-700px-200x200.jpg,
/wp-content/uploads/2012/01/ny2012-700px.jpg,image,20140109201933,image/jpeg,525573,BHA7UFDDHRGKSS6O6DHNJWLBBUMWBJCU,200,1,2014,http://negativeyouth.net/wp-content/uploads/2012/01/ny2012-700px.jpg,
/wp-content/uploads/2012/01/popcaan-200x200.png,image,20140109183430,image/png,70499,Q5GYYVFRKDINZRKZKHASHVE5MVVGMO4B,200,1,2014,http://negativeyouth.net/wp-content/uploads/2012/01/popcaan-200x200.png,
/wp-content/uploads/2012/01/ritualz_winter2012mixtape.jpeg,image,20140110212925,image/jpeg,312261,UKY4YO2HBAKTDFV5M5ZCAZTPU3RL4B4K,200,1,2014,http://negativeyouth.net/wp-content/uploads/2012/01/ritualz_winter2012mixtape.jpeg,
/wp-content/uploads/2012/01/save2.gif,image,20120624205554,image/gif,15635,H6B2UOTGTY5SAZHCEOWW4ITDVSRN5OEP,200,1,2012,http://negativeyouth.net/wp-content/uploads/2012/01/save2.gif,
/wp-content/uploads/2012/01/shades-lullaby-200x200.jpg,image,20140109183659,image/jpeg,10890,EO2PYBN27FEVQKYYE6M4E5XZX2DWHZUX,200,1,2014,http://negativeyouth.net/wp-content/uploads/2012/01/shades-lullaby-200x200.jpg,
/wp-content/uploads/2012/01/shades-lullaby.jpg,image,20140109202025,image/jpeg,602438,6MUNZSJ5Z7EEEYGRBJFUQ3Y3MSRH3APY,200,1,2014,http://negativeyouth.net/wp-content/uploads/2012/01/shades-lullaby.jpg,
/wp-content/uploads/2012/01/shams-200x200.png,image,20140109183403,image/png,50249,LFEM4ZV2C6Z3RR6BUDICHO2ULF4QP4YS,200,1,2014,http://negativeyouth.net/wp-content/uploads/2012/01/shams-200x200.png,
/wp-content/uploads/2012/01/skullfukt-200x200.png,image,20140109190802,image/png,6468,XWBQBJWAE47KWADQPDGAJ667IB3LC5BF,200,1,2014,http://negativeyouth.net/wp-content/uploads/2012/01/skullfukt-200x200.png,
/wp-content/uploads/2012/01/sleepless-200x200.jpg,image,20140109202919,image/jpeg,17498,BIEJ7XOSRFBPZTFAOR4SZD63WIN4TAJP,200,1,2014,http://negativeyouth.net/wp-content/uploads/2012/01/sleepless-200x200.jpg,
/wp-content/uploads/2012/01/sleepless.jpg,image,20140109192105,image/jpeg,424252,5URCRU2SP5ZDCT7FRI2GM6BCIFMWUCAH,200,1,2014,http://negativeyouth.net/wp-content/uploads/2012/01/sleepless.jpg,
/wp-content/uploads/2012/01/soldedad-200x200.jpg,image,20140109192325,image/jpeg,10487,XWBNNFRYBG6DYQBVWYFLRW4ZK7Y4NL7L,200,1,2014,http://negativeyouth.net/wp-content/uploads/2012/01/soldedad-200x200.jpg,
/wp-content/uploads/2012/01/soldedad.jpg,image,20140109201353,image/jpeg,225077,B6F46PT7SO7T3OHJBXFDNANGSAO55245,200,1,2014,http://negativeyouth.net/wp-content/uploads/2012/01/soldedad.jpg,
/wp-content/uploads/2012/01/tg-200x200.png,image,20140109192355,image/png,58471,XNVIK6JWJBIG4LXCZOV5MARSS4FN3JMB,200,1,2014,http://negativeyouth.net/wp-content/uploads/2012/01/tg-200x200.png,
/wp-content/uploads/2012/01/the-internet-cocaine-200x200.png,image,20140109191835,image/png,78245,2WWG4OWD5AUTLDS2ZYMW2RH3FIVOGYKY,200,1,2014,http://negativeyouth.net/wp-content/uploads/2012/01/the-internet-cocaine-200x200.png,
/wp-content/uploads/2012/01/thumbs_11-200x200.jpg,image,20140110213702,image/jpeg,5352,6FEVKV2VNSDDFBNNLWQCH44WH3UFDLDH,200,2,2014,http://negativeyouth.net/wp-content/uploads/2012/01/thumbs_11-200x200.jpg,
/wp-content/uploads/2012/01/tumblr_lxh78iDFNa1r3jw60o1_2501-200x160.gif,image,20140109202734,image/gif,22814,4N4SBNUHZVJBJGSVLXXDJIZMSIJWVDHG,200,1,2014,http://negativeyouth.net/wp-content/uploads/2012/01/tumblr_lxh78iDFNa1r3jw60o1_2501-200x160.gif,
/wp-content/uploads/2012/01/xiuxiu-hi-200x200.png,image,20140109182309,image/png,45999,3KMPN5GMF3U6PJXVKVX2FDRISIAR5WFO,200,1,2014,http://negativeyouth.net/wp-content/uploads/2012/01/xiuxiu-hi-200x200.png,
/wp-content/uploads/2012/02/262835_199492046772391_182853235102939_489708_6375433_n-200x200.jpg,image,20140109183033,image/jpeg,9400,L64ZYTBGGQWAJPWQ25OOM6QTSUVDLWDT,200,1,2014,http://negativeyouth.net/wp-content/uploads/2012/02/262835_199492046772391_182853235102939_489708_6375433_n-200x200.jpg,
/wp-content/uploads/2012/02/387260_337995502893802_153154751377879_1352181_101291417_n-200x200.jpg,image,20140109184903,image/jpeg,16737,O6UESPKKS6IVYW2AFC3D56JPLZRZMMSQ,200,1,2014,http://negativeyouth.net/wp-content/uploads/2012/02/387260_337995502893802_153154751377879_1352181_101291417_n-200x200.jpg,
/wp-content/uploads/2012/02/405452_10150467991246459_374396676458_9174072_1500719711_n-200x200.jpg,image,20140109192946,image/jpeg,14452,P4ZDUUJRX2SH5V6GUP7PYGAQSWO6REHR,200,1,2014,http://negativeyouth.net/wp-content/uploads/2012/02/405452_10150467991246459_374396676458_9174072_1500719711_n-200x200.jpg,
/wp-content/uploads/2012/02/405452_10150467991246459_374396676458_9174072_1500719711_n-700x720.jpg,image,20140109203106,image/jpeg,127346,6A2EMZKABGHAQCQ4LGCOEWA5A5KX7C2I,200,1,2014,http://negativeyouth.net/wp-content/uploads/2012/02/405452_10150467991246459_374396676458_9174072_1500719711_n-700x720.jpg,
/wp-content/uploads/2012/02/4466443250_0ef1a7ec4b1-200x200.jpg,image,20140109195139,image/jpeg,11085,KT66ET6JB6LLKCIJ3UUXQY5DCRUKRFPZ,200,1,2014,http://negativeyouth.net/wp-content/uploads/2012/02/4466443250_0ef1a7ec4b1-200x200.jpg,
/wp-content/uploads/2012/02/CC-200x200.jpg,image,20140109185602,image/jpeg,10296,GPPV4NABAIAIOTM3JRZVIRKAZ2ZEAO7M,200,1,2014,http://negativeyouth.net/wp-content/uploads/2012/02/CC-200x200.jpg,
/wp-content/uploads/2012/02/CC.jpg,image,20140109195955,image/jpeg,196787,Q5IZH4GXQYBGTTDPYSJB5NKAXDNNZ7IV,200,1,2014,http://negativeyouth.net/wp-content/uploads/2012/02/CC.jpg,
/wp-content/uploads/2012/02/EGkoralleven-200x200.jpg,image,20140109184354,image/jpeg,10557,BPUN7AOM3AOO55IL5X7XTM4G2JATILUB,200,1,2014,http://negativeyouth.net/wp-content/uploads/2012/02/EGkoralleven-200x200.jpg,
/wp-content/uploads/2012/02/EGkoralleven.jpg,image,20140110213032,image/jpeg,224352,XBBOYLPACG3BDCYN5NTFWQQ6WAKOD5BS,200,1,2014,http://negativeyouth.net/wp-content/uploads/2012/02/EGkoralleven.jpg,
/wp-content/uploads/2012/02/JJBRINE-200x200.jpg,image,20140109185929,image/jpeg,12436,HXDHUTZJNYEDMLD2ZRTB7GU6AWXBCEX6,200,1,2014,http://negativeyouth.net/wp-content/uploads/2012/02/JJBRINE-200x200.jpg,
/wp-content/uploads/2012/02/TWIN_GEMZ-200x200.jpg,image,20140109193305,image/jpeg,17814,E4Y5EWTHIPKDXD645XU4ZL7BUSWBHUQU,200,3,2013;2014;2025,http://negativeyouth.net/wp-content/uploads/2012/02/TWIN_GEMZ-200x200.jpg,https://negativeyouth.net/wp-content/uploads/2012/02/TWIN_GEMZ-200x200.jpg
/wp-content/uploads/2012/02/TWIN_GEMZ.jpg,image,20140109195026,image/jpeg,403859,JL3RZBHZO6XAMWCEPOYL2SVRAUPUWNCO,200,1,2014,http://negativeyouth.net/wp-content/uploads/2012/02/TWIN_GEMZ.jpg,
/wp-content/uploads/2012/02/Tearist_Final_CMYK-Web-Site-200x200.jpg,image,20140109194516,image/jpeg,9151,M6PTAUAP2MNBEW2WSYCI2YQJUBIYJISQ,200,1,2014,http://negativeyouth.net/wp-content/uploads/2012/02/Tearist_Final_CMYK-Web-Site-200x200.jpg,
/wp-content/uploads/2012/02/alexico_elnombredelperro-200x200.png,image,20140109183445,image/png,79445,7SQT5WHOE72ZJKBMUO44DPK6P5NCAIFI,200,1,2014,http://negativeyouth.net/wp-content/uploads/2012/02/alexico_elnombredelperro-200x200.png,
/wp-content/uploads/2012/02/avatars-000010318408-3wyneb-crop-200x200.jpg,image,20140109200431,image/jpeg,21926,CGCWDGHRIPW3FNKO2XJIDIP6YTJB6SOT,200,1,2014,http://negativeyouth.net/wp-content/uploads/2012/02/avatars-000010318408-3wyneb-crop-200x200.jpg,
/wp-content/uploads/2012/02/bodyguard-200x200.jpg,image,20140109194629,image/jpeg,14027,YJUN6JOU4OZ4S5YRKGKKA72JRYRUYE3V,200,2,2014;2025,http://negativeyouth.net/wp-content/uploads/2012/02/bodyguard-200x200.jpg,https://negativeyouth.net/wp-content/uploads/2012/02/bodyguard-200x200.jpg
/wp-content/uploads/2012/02/bodyguard.jpg,image,20140110215723,image/jpeg,335303,PVQUCQIMQ5O7HXOV2GVRH7ZDVYYOEHHN,200,1,2014,http://negativeyouth.net/wp-content/uploads/2012/02/bodyguard.jpg,
/wp-content/uploads/2012/02/danishivers_graves-200x200.png,image,20140109191221,image/png,75719,AUTR4DUIKB56A6YFCYMJKIF5RWPDEUYO,200,1,2014,http://negativeyouth.net/wp-content/uploads/2012/02/danishivers_graves-200x200.png,
/wp-content/uploads/2012/02/dj-dog-dick-200x200.jpg,image,20140109192326,image/jpeg,11046,GKKDLP6LB2K36CISYY57BOAIILXDGOTF,200,1,2014,http://negativeyouth.net/wp-content/uploads/2012/02/dj-dog-dick-200x200.jpg,
/wp-content/uploads/2012/02/dj-smurphy-200x200.jpg,image,20140109191030,image/jpeg,8110,J34WFR226SKGGU3EZGEU6B74D46RR7FC,200,1,2014,http://negativeyouth.net/wp-content/uploads/2012/02/dj-smurphy-200x200.jpg,
/wp-content/uploads/2012/02/dj-smurphy.jpeg,image,20140110213112,image/jpeg,141854,77UQYZUSKP6M3YFXTATJ6OZI3S2NPVJ5,200,1,2014,http://negativeyouth.net/wp-content/uploads/2012/02/dj-smurphy.jpeg,
/wp-content/uploads/2012/02/floss-200x200.jpg,image,20140109185156,image/jpeg,13959,PZUEYWC42TGRVLLVDAWIZ4LLOEJ6AW2C,200,1,2014,http://negativeyouth.net/wp-content/uploads/2012/02/floss-200x200.jpg,
/wp-content/uploads/2012/02/floss.jpg,image,20140109203834,image/jpeg,289437,IB4I43NOBGCNIVJ4WUJYXVVKXKYE7UTJ,200,1,2014,http://negativeyouth.net/wp-content/uploads/2012/02/floss.jpg,
/wp-content/uploads/2012/02/lauren-devine-200x200.png,image,20140109192826,image/png,47391,QYLLVZIKFCHUHFYVLHWTQFY6I2X7MO7V,200,1,2014,http://negativeyouth.net/wp-content/uploads/2012/02/lauren-devine-200x200.png,
/wp-content/uploads/2012/02/mikky-200x200.png,image,20140109193459,image/png,59654,3EH3QYEAZCJZDHZMIURRFSJOWUKNVMLQ,200,1,2014,http://negativeyouth.net/wp-content/uploads/2012/02/mikky-200x200.png,
/wp-content/uploads/2012/02/nrmal-200x200.jpg,image,20140109192941,image/jpeg,22040,24JUD64TU52ZR36CDSLSQYOBCPCLTKSB,200,1,2014,http://negativeyouth.net/wp-content/uploads/2012/02/nrmal-200x200.jpg,
/wp-content/uploads/2012/02/nrmal.jpg,image,20140109204546,image/jpeg,517299,66VBUM2AUB2VQJ53NCXUJYCKKJ72SW6V,200,1,2014,http://negativeyouth.net/wp-content/uploads/2012/02/nrmal.jpg,
/wp-content/uploads/2012/02/redv-200x200.png,image,20140109202557,image/png,36098,S2XFOSEPXDVUMSPZTCNPBHJZITV3HRMR,200,1,2014,http://negativeyouth.net/wp-content/uploads/2012/02/redv-200x200.png,
/wp-content/uploads/2012/02/shams-200x200.png,image,20140109193228,image/png,56671,LMGO2KJJS4EETMZCSY2F4KUY7A2UIEXE,200,2,2014,http://negativeyouth.net/wp-content/uploads/2012/02/shams-200x200.png,
/wp-content/uploads/2012/02/ssion-200x200.png,image,20140109192450,image/png,78381,XBGHU7C4RTDIYPFCDHQXBCNCOC5CJHUU,200,1,2014,http://negativeyouth.net/wp-content/uploads/2012/02/ssion-200x200.png,
/wp-content/uploads/2012/02/ugly-200x200.jpg,image,20140109183106,image/jpeg,23611,QXFLDWNWTXBXSW3DNQL25Q4MCOVSNPGR,200,1,2014,http://negativeyouth.net/wp-content/uploads/2012/02/ugly-200x200.jpg,
/wp-content/uploads/2012/02/ugly.jpg,image,20140109201324,image/jpeg,634175,PLGDBMDFPCSLR3BTJTPSNLJPIUJHRMXY,200,1,2014,http://negativeyouth.net/wp-content/uploads/2012/02/ugly.jpg,
/wp-content/uploads/2012/02/white-ring-flyer-copy-200x200.jpg,image,20140109201457,image/jpeg,16393,CIEI3V27S3MCDFT4AXZEKA3J4DAU7CXI,200,1,2014,http://negativeyouth.net/wp-content/uploads/2012/02/white-ring-flyer-copy-200x200.jpg,
/wp-content/uploads/2012/02/white-ring-flyer-copy.jpg,image,20140109192033,image/jpeg,391875,5ARKUSKJCJBVJEJQB4YGQ3MSQKL6FOOW,200,1,2014,http://negativeyouth.net/wp-content/uploads/2012/02/white-ring-flyer-copy.jpg,
/wp-content/uploads/2012/03/1202495672-1-200x200.jpg,image,20140109182133,image/jpeg,11486,XZJSN7REHWO7QCBHH2P4XXQXGOQMCNHX,200,1,2014,http://negativeyouth.net/wp-content/uploads/2012/03/1202495672-1-200x200.jpg,
/wp-content/uploads/2012/03/1202495672-1.jpg,image,20140110220322,image/jpeg,438850,QZ3I6CKXBSI3KQJUS2YOXDAZJ4WUOCYP,200,1,2014,http://negativeyouth.net/wp-content/uploads/2012/03/1202495672-1.jpg,
/wp-content/uploads/2012/03/2651835935-1-200x200.jpg,image,20140109194933,image/jpeg,16042,7V6RZLRDRPQ6MNKX7FWNTFNRSJFRQXJB,200,1,2014,http://negativeyouth.net/wp-content/uploads/2012/03/2651835935-1-200x200.jpg,
/wp-content/uploads/2012/03/2651835935-1.jpg,image,20140109202236,image/jpeg,547187,3QXJ7XDE4C6K4E5QTZTGVU77EGGKZ475,200,1,2014,http://negativeyouth.net/wp-content/uploads/2012/03/2651835935-1.jpg,
/wp-content/uploads/2012/03/404894_10150567309544792_108014189791_8333484_2047649445_n1-200x200.jpg,image,20140109182238,image/jpeg,3355,WGZIUUEH6TOK44OGGUAKME2AG463EDK7,200,1,2014,http://negativeyouth.net/wp-content/uploads/2012/03/404894_10150567309544792_108014189791_8333484_2047649445_n1-200x200.jpg,
/wp-content/uploads/2012/03/404894_10150567309544792_108014189791_8333484_2047649445_n1-700x750.jpg,image,20140109194225,image/jpeg,30579,KU7IBW27DATOZHDQHRRSML4ZXKJSAZ7V,200,1,2014,http://negativeyouth.net/wp-content/uploads/2012/03/404894_10150567309544792_108014189791_8333484_2047649445_n1-700x750.jpg,
/wp-content/uploads/2012/03/417104_191541614282977_123766361060503_220537_1527607908_n-200x200.jpg,image,20140109192900,image/jpeg,7856,OUKT6ZKNZQQ4PBR6F7D52FG3UCE4T5ZM,200,1,2014,http://negativeyouth.net/wp-content/uploads/2012/03/417104_191541614282977_123766361060503_220537_1527607908_n-200x200.jpg,
/wp-content/uploads/2012/03/417104_191541614282977_123766361060503_220537_1527607908_n.jpeg,image,20140110222230,image/jpeg,262054,A3TOH2H5I7LQSVTGDH5YRMJ33MAAYXEX,200,1,2014,http://negativeyouth.net/wp-content/uploads/2012/03/417104_191541614282977_123766361060503_220537_1527607908_n.jpeg,
/wp-content/uploads/2012/03/428123_10150653084870407_172148820406_11139858_782728427_n-200x200.jpg,image,20140109191759,image/jpeg,11482,72WUXT532HBGS34KI5SFCHJYK75TBAD5,200,1,2014,http://negativeyouth.net/wp-content/uploads/2012/03/428123_10150653084870407_172148820406_11139858_782728427_n-200x200.jpg,
/wp-content/uploads/2012/03/428123_10150653084870407_172148820406_11139858_782728427_n.jpg,image,20140109193007,image/jpeg,246834,ECB4IW4APOYNV5XKLSAU4KTWFZKC5PXK,200,1,2014,http://negativeyouth.net/wp-content/uploads/2012/03/428123_10150653084870407_172148820406_11139858_782728427_n.jpg,
/wp-content/uploads/2012/03/Bad-Pop-L%C3%ADder-Juvenil-EP-cover-200x200.png,image,20140109185053,image/png,82030,3BRO7OE5J4A6I3EYP6JT2PNVFPEIMYXW,200,1,2014,http://negativeyouth.net/wp-content/uploads/2012/03/Bad-Pop-L%C3%ADder-Juvenil-EP-cover-200x200.png,
/wp-content/uploads/2012/03/Bad-Pop-L%C3%ADder-Juvenil-EP-cover.png,image,20140109200235,image/png,777598,V4FJ5WSKXHSDXHFFUMW6DOXFDIUZN6HT,200,1,2014,http://negativeyouth.net/wp-content/uploads/2012/03/Bad-Pop-L%C3%ADder-Juvenil-EP-cover.png,
/wp-content/uploads/2012/03/INNOSCENTIAOBSCURA-200x200.png,image,20140109191909,image/png,55544,NTKRVEO6A5WIVGWBJ57RL4KV55IXI5RV,200,1,2014,http://negativeyouth.net/wp-content/uploads/2012/03/INNOSCENTIAOBSCURA-200x200.png,
/wp-content/uploads/2012/03/Picture-80-200x200.png,image,20140109203028,image/png,62477,65OGPRZG43CDNTUGRKLDGIMJM422LXEI,200,1,2014,http://negativeyouth.net/wp-content/uploads/2012/03/Picture-80-200x200.png,
/wp-content/uploads/2012/03/Picture-80-700x777.png,image,20140109202701,image/png,430540,YRFB7RZCSFKQUZDMGWYV6VXKPJUYYOXS,200,1,2014,http://negativeyouth.net/wp-content/uploads/2012/03/Picture-80-700x777.png,
/wp-content/uploads/2012/03/Screen-Shot-2012-03-13-at-12.11.06-PM-200x200.png,image,20140109200937,image/png,73793,WX77446Z47MSFBMO6GIHGTD3ZUDQW5IP,200,1,2014,http://negativeyouth.net/wp-content/uploads/2012/03/Screen-Shot-2012-03-13-at-12.11.06-PM-200x200.png,
/wp-content/uploads/2012/03/Shbtimtjapop-200x200.jpg,image,20140109191458,image/jpeg,13862,TEAGVUW3PJ2OKMYIKJ45X2KFLA4PSMVT,200,1,2014,http://negativeyouth.net/wp-content/uploads/2012/03/Shbtimtjapop-200x200.jpg,
/wp-content/uploads/2012/03/Shbtimtjapop.jpg,image,20140109195155,image/jpeg,220629,BBMIHOXM5OHA2Z6VYMXASPBHY4KKUBCG,200,1,2014,http://negativeyouth.net/wp-content/uploads/2012/03/Shbtimtjapop.jpg,
/wp-content/uploads/2012/03/alignment2-200x200.jpg,image,20140109184152,image/jpeg,17596,7LB3CI2UTLED3VXSZO7IC6P6XD6CBI32,200,1,2014,http://negativeyouth.net/wp-content/uploads/2012/03/alignment2-200x200.jpg,
/wp-content/uploads/2012/03/alignment2.jpg,image,20140110220014,image/jpeg,346253,WMNYGOEXDRF3HFYCKAXYF6MJ4K6WETM2,200,1,2014,http://negativeyouth.net/wp-content/uploads/2012/03/alignment2.jpg,
/wp-content/uploads/2012/03/artworks-000017677326-kdqdem-original-200x200.jpg,image,20140109195159,image/jpeg,16150,Q3JAZWKWA6FD4JAJD5YXHIM7W5HCQBMC,200,1,2014,http://negativeyouth.net/wp-content/uploads/2012/03/artworks-000017677326-kdqdem-original-200x200.jpg,
/wp-content/uploads/2012/03/artworks-000017677326-kdqdem-original-700x800.jpg,image,20140109191001,image/jpeg,128671,6CRLK6ZWGEV5TVG4PX5LJ72FJPXD46TT,200,1,2014,http://negativeyouth.net/wp-content/uploads/2012/03/artworks-000017677326-kdqdem-original-700x800.jpg,
/wp-content/uploads/2012/03/artworks-000019659068-aw57vy-original-200x200.jpg,image,20140109184031,image/jpeg,10613,MU3IWZTPOTHNKJO5RRMQ3XWHRLPTZMDE,200,1,2014,http://negativeyouth.net/wp-content/uploads/2012/03/artworks-000019659068-aw57vy-original-200x200.jpg,
/wp-content/uploads/2012/03/artworks-000020629958-5pg8qj-original-200x200.jpg,image,20140109182150,image/jpeg,8701,6WDFC5OABWWYV2TOEDDATDYBLKE7FB6X,200,1,2014,http://negativeyouth.net/wp-content/uploads/2012/03/artworks-000020629958-5pg8qj-original-200x200.jpg,
/wp-content/uploads/2012/03/artworks-000020629958-5pg8qj-original.jpg,image,20140109191653,image/jpeg,75318,ZTTLXNKUAVBN7V3RWWH3TQO7FXES37MQ,200,1,2014,http://negativeyouth.net/wp-content/uploads/2012/03/artworks-000020629958-5pg8qj-original.jpg,
/wp-content/uploads/2012/03/capecod-200x200.jpg,image,20131023045627,image/jpeg,8681,YHZSHIMWCZ43AW5X36K3VNMYEX4YEPGU,200,2,2013;2014,http://negativeyouth.net/wp-content/uploads/2012/03/capecod-200x200.jpg,
/wp-content/uploads/2012/03/deon-music-for-keyboards-200x200.jpg,image,20140109190217,image/jpeg,7832,LAHMFIGAFVZMVVRF4DR6ZJ2DK7YGVPKE,200,1,2014,http://negativeyouth.net/wp-content/uploads/2012/03/deon-music-for-keyboards-200x200.jpg,
/wp-content/uploads/2012/03/deon-music-for-keyboards.jpeg,image,20140110202442,image/jpeg,188794,34NHE5AD6IYFD6W7R2NXWDHW23JIZDYT,200,1,2014,http://negativeyouth.net/wp-content/uploads/2012/03/deon-music-for-keyboards.jpeg,
/wp-content/uploads/2012/03/elitegymna-200x200.jpg,image,20140109193705,image/jpeg,20997,733EDFBHG752PRWWZKUMGHEO5MZWA6WG,200,2,2012;2014,http://negativeyouth.net/wp-content/uploads/2012/03/elitegymna-200x200.jpg,
/wp-content/uploads/2012/03/furry-200x200.png,image,20140109192624,image/png,51523,2GX2QJPSHSWS6LYUHB65XJGNODOICLEW,200,1,2014,http://negativeyouth.net/wp-content/uploads/2012/03/furry-200x200.png,
/wp-content/uploads/2012/03/grimes-200x200.jpg,image,20140109191835,image/jpeg,13461,B2W7C7AGNLBVINUUF2R3CJFBEAXJIOP6,200,1,2014,http://negativeyouth.net/wp-content/uploads/2012/03/grimes-200x200.jpg,
/wp-content/uploads/2012/03/light-200x200.jpg,image,20140109190233,image/jpeg,9216,LGTRZZU5X3H7444QL5VCQRCS4MOK5VH7,200,1,2014,http://negativeyouth.net/wp-content/uploads/2012/03/light-200x200.jpg,
/wp-content/uploads/2012/03/light.jpg,image,20140109204552,image/jpeg,114139,IFD5XZKF6D7H4QQZKOQ3F5AE3GHOEVCC,200,1,2014,http://negativeyouth.net/wp-content/uploads/2012/03/light.jpg,
/wp-content/uploads/2012/03/maussan-200x200.jpg,image,20140109184236,image/jpeg,12379,BNHZXABUKGXJSMZOQPHKO74DZSBFOUCI,200,1,2014,http://negativeyouth.net/wp-content/uploads/2012/03/maussan-200x200.jpg,
/wp-content/uploads/2012/03/maussan.jpg,image,20140110220908,image/jpeg,191367,4HW3KMTQUS6NLDDOTBNX4QKRYPJXCVKG,200,1,2014,http://negativeyouth.net/wp-content/uploads/2012/03/maussan.jpg,
/wp-content/uploads/2012/03/men-in-burka-200x200.jpg,image,20140109191002,image/jpeg,17816,MWNGJOPREJRI5T6DF3OKX53NJZZFUISB,200,1,2014,http://negativeyouth.net/wp-content/uploads/2012/03/men-in-burka-200x200.jpg,
/wp-content/uploads/2012/03/men-in-burka.jpg,image,20140109191824,image/jpeg,272808,NSJ52KEKMTFTBMPNJGMOTBWDARQIAGOT,200,1,2014,http://negativeyouth.net/wp-content/uploads/2012/03/men-in-burka.jpg,
/wp-content/uploads/2012/03/ninaskydaydreaming-200x200.jpg,image,20140109183528,image/jpeg,13590,GMODIX3O6Q2OPETBIYO7YW26IO7E6NPU,200,1,2014,http://negativeyouth.net/wp-content/uploads/2012/03/ninaskydaydreaming-200x200.jpg,
/wp-content/uploads/2012/03/onesecondoflove-200x200.png,image,20140109184605,image/png,54042,KKSLPPUWPELOKWDIFQ5KNAU4DVKKTSXT,200,1,2014,http://negativeyouth.net/wp-content/uploads/2012/03/onesecondoflove-200x200.png,
/wp-content/uploads/2012/03/troller-200x200.jpg,image,20140109194524,image/jpeg,12512,CNA5BEUBBSK7SDO5VEQDRIS5HXBPX2MM,200,1,2014,http://negativeyouth.net/wp-content/uploads/2012/03/troller-200x200.jpg,
/wp-content/uploads/2012/03/troller.jpg,image,20140109184614,image/jpeg,622921,E6HJXYMZAOF7USLRM4HA5MGKKNH5RTJU,200,1,2014,http://negativeyouth.net/wp-content/uploads/2012/03/troller.jpg,
/wp-content/uploads/2012/03/worldwidegallery-200x200.jpg,image,20140109191518,image/jpeg,10566,BNRQCIQ7FC4DW32RLK25DYW7CW2HPMBF,200,1,2014,http://negativeyouth.net/wp-content/uploads/2012/03/worldwidegallery-200x200.jpg,
/wp-content/uploads/2012/03/worldwidegallery.jpg,image,20140110212956,image/jpeg,52394,7GY4CDQUBHBGVFWOYTJJHK2SHKNG6YWF,200,1,2014,http://negativeyouth.net/wp-content/uploads/2012/03/worldwidegallery.jpg,
/wp-content/uploads/2012/04/1169692729-11-200x200.png,image,20140109195302,image/png,58761,QUVQVZFYS72ZAVUCUM5OWXMFHEEPLJQG,200,3,2013;2014;2025,http://negativeyouth.net/wp-content/uploads/2012/04/1169692729-11-200x200.png,https://negativeyouth.net/wp-content/uploads/2012/04/1169692729-11-200x200.png
/wp-content/uploads/2012/04/1169692729-11.png,image,20140110213006,image/png,582925,I4SXHDXTIHZUG76CB5GE2NQDNH7EZYNY,200,1,2014,http://negativeyouth.net/wp-content/uploads/2012/04/1169692729-11.png,
/wp-content/uploads/2012/04/3801107224-1-200x200.jpg,image,20140109193341,image/jpeg,12486,XORNYEUQ7C27BCWNUTUBZ4URCYNCMBGC,200,1,2014,http://negativeyouth.net/wp-content/uploads/2012/04/3801107224-1-200x200.jpg,
/wp-content/uploads/2012/04/EX-200x200.png,image,20140109193953,image/png,60691,QAODXUFFFUVS6KRC2BB5LM5MEPSKWNPI,200,1,2014,http://negativeyouth.net/wp-content/uploads/2012/04/EX-200x200.png,
/wp-content/uploads/2012/04/EZ-700x837.png,image,20140109191940,image/png,698007,DYPBR4TL2JPOQGB3335TGNOUWNJTXOSW,200,1,2014,http://negativeyouth.net/wp-content/uploads/2012/04/EZ-700x837.png,
/wp-content/uploads/2012/04/ana-caprix-200x200.jpg,image,20140109193752,image/jpeg,23119,L7F6LAF5TFRDJUGRXARHM4G3RB3F4GCH,200,2,2013;2014,http://negativeyouth.net/wp-content/uploads/2012/04/ana-caprix-200x200.jpg,
/wp-content/uploads/2012/04/ana-caprix.jpg,image,20140109194530,image/jpeg,505286,6N4WJUI5K2VSAT2F5T6UOG353UNZSAOX,200,1,2014,http://negativeyouth.net/wp-content/uploads/2012/04/ana-caprix.jpg,
/wp-content/uploads/2012/04/blazedoutcover-200x200.jpg,image,20140109191755,image/jpeg,25267,BHYLLLMRHA7ENZ43JSADCVCHSYKSU3OL,200,1,2014,http://negativeyouth.net/wp-content/uploads/2012/04/blazedoutcover-200x200.jpg,
/wp-content/uploads/2012/04/blazedoutcover.jpg,image,20140109191946,image/jpeg,535837,NDUTDBWQJKVTY6CPTDV2CHDN6CJ436TE,200,1,2014,http://negativeyouth.net/wp-content/uploads/2012/04/blazedoutcover.jpg,
/wp-content/uploads/2012/04/bodyguard-sexwithaxeon-200x200.png,image,20140109190918,image/png,79199,EAPU6O2Q63ES6D3VHEB43WSY2PXPZQXE,200,1,2014,http://negativeyouth.net/wp-content/uploads/2012/04/bodyguard-sexwithaxeon-200x200.png,
/wp-content/uploads/2012/04/bodyguard-sexwithaxeon.png,image,20140109184833,image/png,794797,ZC5CDHDD66KEDZKRHULDLWVVLEEG4NEK,200,1,2014,http://negativeyouth.net/wp-content/uploads/2012/04/bodyguard-sexwithaxeon.png,
/wp-content/uploads/2012/04/coachbag-200x200.jpg,image,20140109185233,image/jpeg,12639,PAYAS2G63MGCYMQIZEKSGBMVVYHWQJXP,200,1,2014,http://negativeyouth.net/wp-content/uploads/2012/04/coachbag-200x200.jpg,
/wp-content/uploads/2012/04/coachbag.jpg,image,20140109193757,image/jpeg,211381,A67HGA5RHDLAPHVGLL773GZ6BNEFLM2T,200,1,2014,http://negativeyouth.net/wp-content/uploads/2012/04/coachbag.jpg,
/wp-content/uploads/2012/04/craxxxmurf-rip-200x200.jpg,image,20140109182235,image/jpeg,21302,WHVRQ6TAAOT62P7F6WEYXIAH6RUDNZOZ,200,1,2014,http://negativeyouth.net/wp-content/uploads/2012/04/craxxxmurf-rip-200x200.jpg,
/wp-content/uploads/2012/04/craxxxmurf-rip.jpg,image,20140109190020,image/jpeg,667297,R54Q2DRFCMI67TBCKYONA2Y7QRY423XQ,200,2,2013;2014,http://negativeyouth.net/wp-content/uploads/2012/04/craxxxmurf-rip.jpg,
/wp-content/uploads/2012/04/dark-york-200x200.jpg,image,20140109191322,image/jpeg,17172,VBSDVVEFAR3473IGXIJHR2RSYJ37QEMO,200,2,2012;2014,http://negativeyouth.net/wp-content/uploads/2012/04/dark-york-200x200.jpg,
/wp-content/uploads/2012/04/dark-york.jpg,image,20131205040504,image/jpeg,327213,NFIA74JJHMZLXC34IW5HH5LM53DJV3KK,200,2,2013;2014,http://negativeyouth.net/wp-content/uploads/2012/04/dark-york.jpg,
/wp-content/uploads/2012/04/dntel-200x200.jpg,image,20140109193726,image/jpeg,10405,YLYKZ6UMNYY27GVKOCCTR3GSJDGNQEV3,200,1,2014,http://negativeyouth.net/wp-content/uploads/2012/04/dntel-200x200.jpg,
/wp-content/uploads/2012/04/dntel.jpg,image,20140109204122,image/jpeg,174207,5B766QKJOBSOBZ2LNEZ7OCFP7MFJS3LK,200,1,2014,http://negativeyouth.net/wp-content/uploads/2012/04/dntel.jpg,
/wp-content/uploads/2012/04/kyary-candycandy-200x200.jpg,image,20140109190019,image/jpeg,16413,ZMX555TLUVK6GOLCBSIBH2MNAAZXUAX6,200,1,2014,http://negativeyouth.net/wp-content/uploads/2012/04/kyary-candycandy-200x200.jpg,
/wp-content/uploads/2012/04/lasbrisas-200x200.jpg,image,20140109193252,image/jpeg,9048,MNLV7643H3TZ7WNLRI6D2KUKVSNH3AWY,200,3,2013;2014;2025,http://negativeyouth.net/wp-content/uploads/2012/04/lasbrisas-200x200.jpg,https://negativeyouth.net/wp-content/uploads/2012/04/lasbrisas-200x200.jpg
/wp-content/uploads/2012/04/lasbrisas.jpg,image,20140109190757,image/jpeg,150822,AICWNLTEBYCQVMERTUYWIYMXC6GKE2MC,200,1,2014,http://negativeyouth.net/wp-content/uploads/2012/04/lasbrisas.jpg,
/wp-content/uploads/2012/04/mykki-blanco-200x200.jpg,image,20140109191735,image/jpeg,7859,5PRCVKHXVTGEHWHSY2ACHRZ2WXG7SS46,200,2,2013;2014,http://negativeyouth.net/wp-content/uploads/2012/04/mykki-blanco-200x200.jpg,
/wp-content/uploads/2012/04/mykki-blanco-700x800.jpg,image,20131209113242,image/jpeg,83232,73R3AIBNX5LQYXRSAWVJAAVNGV4BS46F,200,2,2013;2014,http://negativeyouth.net/wp-content/uploads/2012/04/mykki-blanco-700x800.jpg,
/wp-content/uploads/2012/04/powwoww-200x200.jpg,image,20140109190928,image/jpeg,11853,AML3ORG7XHK4NORRMVID265GKPCR6L6F,200,1,2014,http://negativeyouth.net/wp-content/uploads/2012/04/powwoww-200x200.jpg,
/wp-content/uploads/2012/04/powwoww-700x706.jpg,image,20140110184453,image/jpeg,75069,364UXMRNUSJOVFR4DV4AA6L6LXVVATYE,200,1,2014,http://negativeyouth.net/wp-content/uploads/2012/04/powwoww-700x706.jpg,
/wp-content/uploads/2012/04/rimar-200x200.jpg,image,20140109192833,image/jpeg,8992,TGMDZPOBL236MU4X26KFMJ4VBVK2TOJJ,200,1,2014,http://negativeyouth.net/wp-content/uploads/2012/04/rimar-200x200.jpg,
/wp-content/uploads/2012/04/rimar.jpg,image,20140109193954,image/jpeg,36924,OGTHN3B7UFR7PIVBX6ZT3VW73E45EHYJ,200,1,2014,http://negativeyouth.net/wp-content/uploads/2012/04/rimar.jpg,
/wp-content/uploads/2012/04/rlgrime.jpg,image,20140109182346,image/jpeg,165614,PCQDCSJM7WERMRUGHEY37BEH47S657F7,200,1,2014,http://negativeyouth.net/wp-content/uploads/2012/04/rlgrime.jpg,
/wp-content/uploads/2012/04/smuprhy-200x200.png,image,20140109194933,image/png,86175,OEI7MOGIKD55JREACS7VODOWKOUHDKJ6,200,1,2014,http://negativeyouth.net/wp-content/uploads/2012/04/smuprhy-200x200.png,
/wp-content/uploads/2012/04/technoclub-200x200.gif,image,20140109194635,image/gif,19311,2N4BPXXK3TI2YU3IXHULBRE42GOC27DW,200,1,2014,http://negativeyouth.net/wp-content/uploads/2012/04/technoclub-200x200.gif,
/wp-content/uploads/2012/04/telenovelafantasmux3-200x200.jpg,image,20140109195343,image/jpeg,14445,3DVS6CNSCRE4465YYLWV6JIQHCIG2GON,200,1,2014,http://negativeyouth.net/wp-content/uploads/2012/04/telenovelafantasmux3-200x200.jpg,
/wp-content/uploads/2012/04/telenovelafantasmux3.jpg,image,20140109193708,image/jpeg,100672,PTIPLGAFZZXOZOVJ4C7SQDKUQFXGVWXR,200,1,2014,http://negativeyouth.net/wp-content/uploads/2012/04/telenovelafantasmux3.jpg,
/wp-content/uploads/2012/04/unicorn-200x200.jpg,image,20140601050223,image/jpeg,21246,YHJGDYPTKV5M6DTNAV4KUGCBVBJEYP7H,200,2,2014,http://negativeyouth.net/wp-content/uploads/2012/04/unicorn-200x200.jpg,
/wp-content/uploads/2012/05/3515950227-1-200x200.jpg,image,20140109182625,image/jpeg,19575,VOP6TCNXVYFKJ7NU6TQGYJLKOXCDFEIJ,200,2,2014,http://negativeyouth.net/wp-content/uploads/2012/05/3515950227-1-200x200.jpg,
/wp-content/uploads/2012/05/3515950227-1.jpeg,image,20140109203030,image/jpeg,420551,7KW43NGP2XA6F4IBQ4BPUASGG7KQFXXZ,200,1,2014,http://negativeyouth.net/wp-content/uploads/2012/05/3515950227-1.jpeg,
/wp-content/uploads/2012/05/3560157348-1-copy-200x200.jpg,image,20140109192515,image/jpeg,13765,TDQ3DDIA6UYMSWZL4NQULPQGFDI5LC2B,200,1,2014,http://negativeyouth.net/wp-content/uploads/2012/05/3560157348-1-copy-200x200.jpg,
/wp-content/uploads/2012/05/592282_212638475431108_838582424_n1-180x200.jpg,image,20140109191810,image/jpeg,15204,AALJRSRZKUNQROKL5ITYOIP7TEU4MXGF,200,1,2014,http://negativeyouth.net/wp-content/uploads/2012/05/592282_212638475431108_838582424_n1-180x200.jpg,
/wp-content/uploads/2012/05/Arca-Stretch-1-EP-200x200.jpg,image,20140109185953,image/jpeg,13688,ONQCSHQHCQN5VE4EPMSMBWSIE3574ZZE,200,1,2014,http://negativeyouth.net/wp-content/uploads/2012/05/Arca-Stretch-1-EP-200x200.jpg,
/wp-content/uploads/2012/05/Arca-Stretch-1-EP.jpg,image,20140109201925,image/jpeg,135692,NWYGWMIYLS5STSNGK22XQTT3TYVRWAII,200,1,2014,http://negativeyouth.net/wp-content/uploads/2012/05/Arca-Stretch-1-EP.jpg,
/wp-content/uploads/2012/05/HowToDressWell_byErezAvissar1-200x200.jpg,image,20140109183434,image/jpeg,5380,7DWWDG6TGYO2B4WXDYZ5XMSL3TWBD73O,200,3,2014;2025,http://negativeyouth.net/wp-content/uploads/2012/05/HowToDressWell_byErezAvissar1-200x200.jpg,https://negativeyouth.net/wp-content/uploads/2012/05/HowToDressWell_byErezAvissar1-200x200.jpg
/wp-content/uploads/2012/05/LA-200x200.png,image,20140109191528,image/png,31650,2CGRRBXFIVRSG4NVYTYAV55WL377XX5H,200,1,2014,http://negativeyouth.net/wp-content/uploads/2012/05/LA-200x200.png,
/wp-content/uploads/2012/05/LD_V_2-200x200.jpg,image,20140109190939,image/jpeg,13346,XR2ELQVIHDPBARBKWIDMBSBMJOQ2KT6S,200,1,2014,http://negativeyouth.net/wp-content/uploads/2012/05/LD_V_2-200x200.jpg,
/wp-content/uploads/2012/05/LD_V_2.jpeg,image,20140109194502,image/jpeg,354973,4ZGVG5REB4ZQ45XTA5R5NDV4NJF5PJPP,200,1,2014,http://negativeyouth.net/wp-content/uploads/2012/05/LD_V_2.jpeg,
/wp-content/uploads/2012/05/LIGHT-ASYLUM-200x200.jpg,image,20140109185005,image/jpeg,2955,KR2UVTKW75ISHEBZYGPOFT4T5O7TA6IL,200,1,2014,http://negativeyouth.net/wp-content/uploads/2012/05/LIGHT-ASYLUM-200x200.jpg,
/wp-content/uploads/2012/05/LIGHT-ASYLUM.jpg,image,20140109194820,image/jpeg,18401,PDFNYXVZMNYGOXE3SZGTIIIRAHKRQKHR,200,1,2014,http://negativeyouth.net/wp-content/uploads/2012/05/LIGHT-ASYLUM.jpg,
/wp-content/uploads/2012/05/RTC-200x200.png,image,20140109185302,image/png,22443,AOQ5RDH2AQ3L6EXGMWC6SYXQEU5MWMUE,200,1,2014,http://negativeyouth.net/wp-content/uploads/2012/05/RTC-200x200.png,
/wp-content/uploads/2012/05/RTC-700x768.png,image,20140109182127,image/png,174531,J6JOH2RHCOSYVFOZAULROSLAAIURIGYV,200,1,2014,http://negativeyouth.net/wp-content/uploads/2012/05/RTC-700x768.png,
/wp-content/uploads/2012/05/Screen-shot-2012-05-01-at-12.34-200x200.png,image,20140109201941,image/png,50879,X2LG7EO64GNCSXJ42IJXXZYCCZX2JILO,200,1,2014,http://negativeyouth.net/wp-content/uploads/2012/05/Screen-shot-2012-05-01-at-12.34-200x200.png,
/wp-content/uploads/2012/05/SelmaOxor-200x200.jpg,image,20140109182634,image/jpeg,14469,XYZGAIUVYNOIBVQR6YWJRCT4OFE7XSZG,200,1,2014,http://negativeyouth.net/wp-content/uploads/2012/05/SelmaOxor-200x200.jpg,
/wp-content/uploads/2012/05/SelmaOxor.jpg,image,20140109194444,image/jpeg,393571,5JJNF37Q7FTUBBZZG5GPK7UX2IBVLUWH,200,1,2014,http://negativeyouth.net/wp-content/uploads/2012/05/SelmaOxor.jpg,
/wp-content/uploads/2012/05/Spaceghostpurrp-608x3651-200x200.jpg,image,20140109195345,image/jpeg,14983,HYFF7PPDW7ZHANZD42ON4MAIPNFSZQCP,200,1,2014,http://negativeyouth.net/wp-content/uploads/2012/05/Spaceghostpurrp-608x3651-200x200.jpg,
/wp-content/uploads/2012/05/a119217e-200x200.jpg,image,20140109191721,image/jpeg,13324,IA7EQ7HODQXDYJVGXXGI4D6W3UUC3COV,200,1,2014,http://negativeyouth.net/wp-content/uploads/2012/05/a119217e-200x200.jpg,
/wp-content/uploads/2012/05/amber_ibarreche-200x200.jpg,image,20140109182610,image/jpeg,10699,5L2ABSCDBSTJEMGNTU3FH7E2ALJTQ3JG,200,1,2014,http://negativeyouth.net/wp-content/uploads/2012/05/amber_ibarreche-200x200.jpg,
/wp-content/uploads/2012/05/amber_ibarreche.jpeg,image,20140109200714,image/jpeg,139935,IN3JOCIRAQI46LF45JXKB7YGM2WWLIDO,200,1,2014,http://negativeyouth.net/wp-content/uploads/2012/05/amber_ibarreche.jpeg,
/wp-content/uploads/2012/05/artworks-000023767930-r1zh1w-original-200x200.jpg,image,20140109184844,image/jpeg,18412,HGZEBBTH7PMI4GIO2JF4IKRJ4RCOIGEN,200,1,2014,http://negativeyouth.net/wp-content/uploads/2012/05/artworks-000023767930-r1zh1w-original-200x200.jpg,
/wp-content/uploads/2012/05/artworks-000023767930-r1zh1w-original.jpeg,image,20140109191456,image/jpeg,337401,F37WFE62FXFEIK2CVMVJ3WEZNK2227JI,200,1,2014,http://negativeyouth.net/wp-content/uploads/2012/05/artworks-000023767930-r1zh1w-original.jpeg,
/wp-content/uploads/2012/05/bb-200x200.jpg,image,20140521211905,image/jpeg,14703,33SMYQYSPHQRVZCW5VJQFTYTE2QXVQQ5,200,3,2014,http://negativeyouth.net/wp-content/uploads/2012/05/bb-200x200.jpg,
/wp-content/uploads/2012/05/bb.jpg,image,20140109195044,image/jpeg,346111,5DJXHBLRMF4OAKZM5MN7S7O2QIGSC3TS,200,1,2014,http://negativeyouth.net/wp-content/uploads/2012/05/bb.jpg,
/wp-content/uploads/2012/05/bloodorange-200x200.jpg,image,20140109183421,image/jpeg,7213,LIBYOGMV56JO5HVYX2HYA7HHTE5MJO63,200,1,2014,http://negativeyouth.net/wp-content/uploads/2012/05/bloodorange-200x200.jpg,
/wp-content/uploads/2012/05/catoroamas-200x200.png,image,20140109192442,image/png,21313,LAATGQ2QFL2W6CXPBAJBVG2TLNF5UGXB,200,1,2014,http://negativeyouth.net/wp-content/uploads/2012/05/catoroamas-200x200.png,
/wp-content/uploads/2012/05/deon-200x200.jpg,image,20140109190203,image/jpeg,9904,VGVQ2NSUNNVWKRHXTKKGKZMVABBGQ6UV,200,1,2014,http://negativeyouth.net/wp-content/uploads/2012/05/deon-200x200.jpg,
/wp-content/uploads/2012/05/deon.jpg,image,20140109194105,image/jpeg,357966,S5AAEFDD7RC452K6WBQSEW7ZDCKUXBED,200,1,2014,http://negativeyouth.net/wp-content/uploads/2012/05/deon.jpg,
/wp-content/uploads/2012/05/elitegymruin4-200x200.jpg,image,20140109192601,image/jpeg,18696,NXJ3H3JOPHCVWCKENOAO2EFLJYJWIMZG,200,1,2014,http://negativeyouth.net/wp-content/uploads/2012/05/elitegymruin4-200x200.jpg,
/wp-content/uploads/2012/05/elitegymruin4.jpg,image,20140109193643,image/jpeg,533547,O5AMLQUU3O4V2WPE45C5JZV7W2E76RSU,200,1,2014,http://negativeyouth.net/wp-content/uploads/2012/05/elitegymruin4.jpg,
/wp-content/uploads/2012/05/fatima-200x200.jpg,image,20140109191746,image/jpeg,15952,KMRYXOLAVZCX4RNIOFUDFPFKR6W6QHD7,200,1,2014,http://negativeyouth.net/wp-content/uploads/2012/05/fatima-200x200.jpg,
/wp-content/uploads/2012/05/fatima.jpeg,image,20140109191544,image/jpeg,353636,E3LZJK7PL7YCYDXCDB2TT3RPBUXA7LFT,200,1,2014,http://negativeyouth.net/wp-content/uploads/2012/05/fatima.jpeg,
/wp-content/uploads/2012/05/fatima.jpg,image,20140110212732,image/jpeg,353637,E3LZJK7PL7YCYDXCDB2TT3RPBUXA7LFT,200,1,2014,http://negativeyouth.net/wp-content/uploads/2012/05/fatima.jpg,
/wp-content/uploads/2012/05/glorious-200x200.jpg,image,20140109193729,image/jpeg,16703,TPL3GQZ5H6N4FAXF26NKPYZR3XURRA2Z,200,1,2014,http://negativeyouth.net/wp-content/uploads/2012/05/glorious-200x200.jpg,
/wp-content/uploads/2012/05/glorious.jpg,image,20140109203157,image/jpeg,387824,LFQGS2WNTTENXV2D75TGVT42PZMK6OPX,200,1,2014,http://negativeyouth.net/wp-content/uploads/2012/05/glorious.jpg,
/wp-content/uploads/2012/05/grimes-200x200.png,image,20140109184417,image/png,75122,XEAB6NXSDGBTXPNTP646UQGZ2VH37C55,200,2,2014,http://negativeyouth.net/wp-content/uploads/2012/05/grimes-200x200.png,
/wp-content/uploads/2012/05/hoodcore-200x200.jpg,image,20140109190122,image/jpeg,18799,FKUMU22YI3LG5VDAFE5YJWHGYCUM3D2B,200,1,2014,http://negativeyouth.net/wp-content/uploads/2012/05/hoodcore-200x200.jpg,
/wp-content/uploads/2012/05/hoodcore.jpg,image,20140109192236,image/jpeg,342197,KVUWWOVKLJCKWLXONOEINDDLAUWDT67K,200,1,2014,http://negativeyouth.net/wp-content/uploads/2012/05/hoodcore.jpg,
/wp-content/uploads/2012/05/houseof-200x200.jpg,image,20140109195206,image/jpeg,22827,77NU7KFGNVLLA44TZNS4V66GM4U3Q4LN,200,2,2014,http://negativeyouth.net/wp-content/uploads/2012/05/houseof-200x200.jpg,
/wp-content/uploads/2012/05/houseof.jpg,image,20140110212203,image/jpeg,359134,6PHERYAMXXYEPDYVXXIL6ZHB4K23BK56,200,1,2014,http://negativeyouth.net/wp-content/uploads/2012/05/houseof.jpg,
/wp-content/uploads/2012/05/htdw.png,image,20140109184912,image/png,548970,LKWRX5ZVO4GP3JXQNLXDGS5LWA3URJBW,200,1,2014,http://negativeyouth.net/wp-content/uploads/2012/05/htdw.png,
/wp-content/uploads/2012/05/hypermotion-200x200.gif,image,20140109185331,image/gif,32942,GNS263AG4AZ2LC4SRWNGKJEKTDDYUSF5,200,1,2014,http://negativeyouth.net/wp-content/uploads/2012/05/hypermotion-200x200.gif,
/wp-content/uploads/2012/05/hypermotion.gif,image,20140110213258,image/gif,680715,7ZBZZRJL4RYKD3N4ZHK4PBU34W6ETTHB,200,1,2014,http://negativeyouth.net/wp-content/uploads/2012/05/hypermotion.gif,
/wp-content/uploads/2012/05/lemonade-200x200.jpg,image,20140109195226,image/jpeg,5257,4MBCAZEI5ETDBU4UXJRIX3Z7AQEVGQW7,200,1,2014,http://negativeyouth.net/wp-content/uploads/2012/05/lemonade-200x200.jpg,
/wp-content/uploads/2012/05/lemonade-200x200.png,image,20131209112741,image/png,56389,2S76E4NKEGFVSEX7WTIGIL7MUJQLXTSE,200,3,2013;2014,http://negativeyouth.net/wp-content/uploads/2012/05/lemonade-200x200.png,
/wp-content/uploads/2012/05/lemonade.jpg,image,20140109190845,image/jpeg,62574,U5BZFKHMNGKHDKXLMSHWWNF3RPADXG67,200,1,2014,http://negativeyouth.net/wp-content/uploads/2012/05/lemonade.jpg,
/wp-content/uploads/2012/05/maxpayne-200x200.jpg,image,20140109184453,image/jpeg,19622,NI4YUXTR2YHYTA6KS2APUX7WH3RI657D,200,1,2014,http://negativeyouth.net/wp-content/uploads/2012/05/maxpayne-200x200.jpg,
/wp-content/uploads/2012/05/maxpayne.jpg,image,20140109192912,image/jpeg,458072,6AXJR5UA6UBFQIUVWDC24Q3LYRE6JOHD,200,1,2014,http://negativeyouth.net/wp-content/uploads/2012/05/maxpayne.jpg,
/wp-content/uploads/2012/05/miami-200x200.jpg,image,20140109194422,image/jpeg,17941,WSIDAPEQEYYN2PMRMHE6VFGHK3EBAPBL,200,1,2014,http://negativeyouth.net/wp-content/uploads/2012/05/miami-200x200.jpg,
/wp-content/uploads/2012/05/move-for-me-200x200.jpg,image,20140109190437,image/jpeg,14994,6L6SMRYARONPTI5DHQBLAMOC3CP4APOT,200,1,2014,http://negativeyouth.net/wp-content/uploads/2012/05/move-for-me-200x200.jpg,
/wp-content/uploads/2012/05/move-for-me.jpg,image,20140109183331,image/jpeg,340860,4AY46YEZVBNP2NECLPQ44GB7NWKTO6TA,200,1,2014,http://negativeyouth.net/wp-content/uploads/2012/05/move-for-me.jpg,
/wp-content/uploads/2012/05/mr-kitty-200x200.jpg,image,20140109191817,image/jpeg,14596,LM667ZNJUVUSD3LISX2WW6TAPBCFHE7H,200,1,2014,http://negativeyouth.net/wp-content/uploads/2012/05/mr-kitty-200x200.jpg,
/wp-content/uploads/2012/05/mr-kitty.jpeg,image,20140109203714,image/jpeg,368207,T4IPOZ6MQGMA5HQRPJH76WHIQUJS6Q4Z,200,1,2014,http://negativeyouth.net/wp-content/uploads/2012/05/mr-kitty.jpeg,
/wp-content/uploads/2012/05/mykki-200x200.jpg,image,20140109185218,image/jpeg,14395,LD6DS34ROM3EDTQAM4HNZ544WOJB36JV,200,1,2014,http://negativeyouth.net/wp-content/uploads/2012/05/mykki-200x200.jpg,
/wp-content/uploads/2012/05/outworldmusic-200x200.jpg,image,20140109194544,image/jpeg,9327,LSEF2WX7ZSA7LNNWZ4LCBUQTPNXP7JAQ,200,1,2014,http://negativeyouth.net/wp-content/uploads/2012/05/outworldmusic-200x200.jpg,
/wp-content/uploads/2012/05/outworldmusic.jpg,image,20140109201657,image/jpeg,264045,MZUKRZW6O3WOTGJCLA3PJ5YKDRS66MTX,200,1,2014,http://negativeyouth.net/wp-content/uploads/2012/05/outworldmusic.jpg,
/wp-content/uploads/2012/05/phone-200x200.jpg,image,20140109191853,image/jpeg,23713,SHLUDPNWILNVA5C32LLV3FNTUVO66MLS,200,1,2014,http://negativeyouth.net/wp-content/uploads/2012/05/phone-200x200.jpg,
/wp-content/uploads/2012/05/phone.jpg,image,20140109192753,image/jpeg,465099,NTGQGPQEJIVXD5B4WFRF74G2Z7JMGG7D,200,1,2014,http://negativeyouth.net/wp-content/uploads/2012/05/phone.jpg,
/wp-content/uploads/2012/05/physical-therapy-200x200.jpg,image,20140109193600,image/jpeg,12950,SN5B45AXXTXH2YPJKMRM64PQHDOF3W2L,200,1,2014,http://negativeyouth.net/wp-content/uploads/2012/05/physical-therapy-200x200.jpg,
/wp-content/uploads/2012/05/physical-therapy.jpg,image,20140110212133,image/jpeg,406396,ITS22EFTRWZFOXIBCWSDB2YOPT2KSZOJ,200,1,2014,http://negativeyouth.net/wp-content/uploads/2012/05/physical-therapy.jpg,
/wp-content/uploads/2012/05/ritualz_alien-200x200.jpg,image,20140109182513,image/jpeg,6555,P63HSOUCR4USTM5JNKTZUF2YSEU34OJK,200,2,2014;2025,http://negativeyouth.net/wp-content/uploads/2012/05/ritualz_alien-200x200.jpg,https://negativeyouth.net/wp-content/uploads/2012/05/ritualz_alien-200x200.jpg
/wp-content/uploads/2012/05/rl-200x200.jpg,image,20140109192047,image/jpeg,7167,ISY5DPEUG2JITBRTRJWPRN3MTFQJ35DX,200,1,2014,http://negativeyouth.net/wp-content/uploads/2012/05/rl-200x200.jpg,
/wp-content/uploads/2012/05/rl.jpg,image,20140109192157,image/jpeg,87782,MGD642EE3AYKDWIXSHRA3ZQBD7GMPFLH,200,1,2014,http://negativeyouth.net/wp-content/uploads/2012/05/rl.jpg,
/wp-content/uploads/2012/05/screen-200x200.jpg,image,20140109190012,image/jpeg,19584,GW33PJH4O7JTDEHOF7ISUNLX32Y63ZB6,200,1,2014,http://negativeyouth.net/wp-content/uploads/2012/05/screen-200x200.jpg,
/wp-content/uploads/2012/05/solace-200x200.jpg,image,20140109194648,image/jpeg,10845,FQD4MWULUXQ2JH6U2PEGXKTUQBANT5GJ,200,1,2014,http://negativeyouth.net/wp-content/uploads/2012/05/solace-200x200.jpg,
/wp-content/uploads/2012/05/soledad-200x200.jpg,image,20140109185710,image/jpeg,10732,XSF6BYSKUEGQVGR2KYQMIDEV57N6VX6J,200,1,2014,http://negativeyouth.net/wp-content/uploads/2012/05/soledad-200x200.jpg,
/wp-content/uploads/2012/05/soledad.jpg,image,20140109191702,image/jpeg,463282,AOITJUZW5Q264RWSEYVHA34PIP5OB2MO,200,1,2014,http://negativeyouth.net/wp-content/uploads/2012/05/soledad.jpg,
/wp-content/uploads/2012/05/spring-200x200.jpg,image,20140109184447,image/jpeg,21434,BJECEMW7DENV5NC7VPNABPADWHZNY7MN,200,1,2014,http://negativeyouth.net/wp-content/uploads/2012/05/spring-200x200.jpg,
/wp-content/uploads/2012/05/spring1.jpg,image,20140109185922,image/jpeg,736913,KHZU56V4CBASSKMTQOAE6QTB4N7UPFQZ,200,1,2014,http://negativeyouth.net/wp-content/uploads/2012/05/spring1.jpg,
/wp-content/uploads/2012/05/squarepusher_warp-records_ufabulum_electronic-beats_01-200x200.jpg,image,20140109191951,image/jpeg,18339,LSW2SSHOJGSVCVSDLKNTNW6S4HY3NWYO,200,1,2014,http://negativeyouth.net/wp-content/uploads/2012/05/squarepusher_warp-records_ufabulum_electronic-beats_01-200x200.jpg,
/wp-content/uploads/2012/05/survive-200x200.png,image,20140109182205,image/png,60990,RRZ23QRRHFD3SYNUVNOUA3I3KS7HZDF3,200,1,2014,http://negativeyouth.net/wp-content/uploads/2012/05/survive-200x200.png,
/wp-content/uploads/2012/05/survive-LP-200x200.jpg,image,20140109190044,image/jpeg,8766,VI2M3I57VIRUR7XO6GYAVYHMCWWQWPOL,200,1,2014,http://negativeyouth.net/wp-content/uploads/2012/05/survive-LP-200x200.jpg,
/wp-content/uploads/2012/05/survive-LP.jpg,image,20140109192547,image/jpeg,348004,FCCGHFNU4PWD3LKWVOUNZKXFJ23FRF3U,200,1,2014,http://negativeyouth.net/wp-content/uploads/2012/05/survive-LP.jpg,
/wp-content/uploads/2012/05/survive.png,image,20140109191651,image/png,805368,B2CR67NULI5FP7MBJ5ZHSIB2X675VJJL,200,1,2014,http://negativeyouth.net/wp-content/uploads/2012/05/survive.png,
/wp-content/uploads/2012/05/teengirl-fantasy-motif-608x608-200x200.jpg,image,20131205033440,image/jpeg,9433,VIDDE4EHDYVVA4FXO5BPVKLWUNW5KS2J,200,2,2013;2014,http://negativeyouth.net/wp-content/uploads/2012/05/teengirl-fantasy-motif-608x608-200x200.jpg,
/wp-content/uploads/2012/05/thv-200x200.png,image,20140109193634,image/png,72273,67MHRUHCXAABQCBQUSVYJ7XFQJQKKZPH,200,2,2014;2025,http://negativeyouth.net/wp-content/uploads/2012/05/thv-200x200.png,https://negativeyouth.net/wp-content/uploads/2012/05/thv-200x200.png
/wp-content/uploads/2012/05/uprise-200x200.png,image,20140109193050,image/png,87579,CCJXCX3ESJXINWMPRXEYEPE6NXIWZSSE,200,1,2014,http://negativeyouth.net/wp-content/uploads/2012/05/uprise-200x200.png,
/wp-content/uploads/2012/05/uprise.png,image,20140110213745,image/png,834317,NGSTF6F7HO53Z2LOG3A72UMRMK7WE3LN,200,1,2014,http://negativeyouth.net/wp-content/uploads/2012/05/uprise.png,
/wp-content/uploads/2012/05/yen-200x200.jpg,image,20140109182900,image/jpeg,7865,JCYVIWHAB6TUZTOQXUSMYANE43I7PMZB,200,1,2014,http://negativeyouth.net/wp-content/uploads/2012/05/yen-200x200.jpg,
/wp-content/uploads/2012/06/1935446634-11-200x200.jpg,image,20140109183939,image/jpeg,21870,YJ67XVWBRM2DQTZOB74FFB7PJI6BVCES,200,2,2014;2025,http://negativeyouth.net/wp-content/uploads/2012/06/1935446634-11-200x200.jpg,https://negativeyouth.net/wp-content/uploads/2012/06/1935446634-11-200x200.jpg
/wp-content/uploads/2012/06/1935446634-11-700x784.jpg,image,20140109193655,image/jpeg,281520,CNK3L2252VAXQE3VLHQYXWFRF5UUIW36,200,1,2014,http://negativeyouth.net/wp-content/uploads/2012/06/1935446634-11-700x784.jpg,
/wp-content/uploads/2012/06/5617231694_cd02002d48_b-200x200.jpg,image,20140109185522,image/jpeg,12061,L3HLUMIGVQDHIDSPEPALUSYTR5WPFOJJ,200,1,2014,http://negativeyouth.net/wp-content/uploads/2012/06/5617231694_cd02002d48_b-200x200.jpg,
/wp-content/uploads/2012/06/5617231694_cd02002d48_b-700x532.jpg,image,20140109185350,image/jpeg,73892,B2SK4UPVD3WEFHDHD23RFEIW5RSJEXG5,200,1,2014,http://negativeyouth.net/wp-content/uploads/2012/06/5617231694_cd02002d48_b-700x532.jpg,
/wp-content/uploads/2012/06/6773717345_55ded7269d_z1-200x200.jpg,image,20140109185135,image/jpeg,9252,2I3RCSY76CU7GNUYGFJLW5BN23QIQHD5,200,1,2014,http://negativeyouth.net/wp-content/uploads/2012/06/6773717345_55ded7269d_z1-200x200.jpg,
/wp-content/uploads/2012/06/A-Tribe-Called-Red-200x200.jpg,image,20140109191423,image/jpeg,14831,FIDIMEP36PHUQYOGWSFKJGVOA62RER6V,200,1,2014,http://negativeyouth.net/wp-content/uploads/2012/06/A-Tribe-Called-Red-200x200.jpg,
/wp-content/uploads/2012/06/A-Tribe-Called-Red.jpg,image,20140109193408,image/jpeg,140099,CP6IDYI76UEY6PMG53VW7IUBXKZXRHQT,200,1,2014,http://negativeyouth.net/wp-content/uploads/2012/06/A-Tribe-Called-Red.jpg,
/wp-content/uploads/2012/06/adeptus-200x200.png,image,20140109194734,image/png,98382,6UJVYYRRILFV42NXXWF3O6L57W6MLKPT,200,1,2014,http://negativeyouth.net/wp-content/uploads/2012/06/adeptus-200x200.png,
/wp-content/uploads/2012/06/adeptus.png,image,20140110214004,image/png,1156875,F2TKZZEI6JBBJ46YJM7DC7PZJKGRHPQU,200,1,2014,http://negativeyouth.net/wp-content/uploads/2012/06/adeptus.png,
/wp-content/uploads/2012/06/amber_ibarreche-200x200.jpg,image,20140109194254,image/jpeg,11922,LEMRZL3SNLKI7KNYXU4RGTROCW6MX3I2,200,1,2014,http://negativeyouth.net/wp-content/uploads/2012/06/amber_ibarreche-200x200.jpg,
/wp-content/uploads/2012/06/amber_ibarreche.jpeg,image,20140109192807,image/jpeg,237928,5CTZ66JFUKNJHYJGLJYXVU6A7JIIGC3R,200,1,2014,http://negativeyouth.net/wp-content/uploads/2012/06/amber_ibarreche.jpeg,
/wp-content/uploads/2012/06/artworks-000024586109-ycaht4-original-200x200.jpg,image,20140109183437,image/jpeg,21080,WM4A76K7SHZHJH3SF4NKBCHNOQOOD65Z,200,1,2014,http://negativeyouth.net/wp-content/uploads/2012/06/artworks-000024586109-ycaht4-original-200x200.jpg,
/wp-content/uploads/2012/06/artworks-000024586109-ycaht4-original1.jpg,image,20140109193218,image/jpeg,499582,BP4QTD5X4R6FNCJZ2WK4XEFMR6B4LHCC,200,1,2014,http://negativeyouth.net/wp-content/uploads/2012/06/artworks-000024586109-ycaht4-original1.jpg,
/wp-content/uploads/2012/06/artworks-000024857967-79qr7f-crop-200x200.jpg,image,20140109190115,image/jpeg,12188,PQNSGIVBN3CL2UY46RLYIQNCS2YF34XR,200,1,2014,http://negativeyouth.net/wp-content/uploads/2012/06/artworks-000024857967-79qr7f-crop-200x200.jpg,
/wp-content/uploads/2012/06/asap-200x200.jpg,image,20140109192248,image/jpeg,10901,3T4YLJXEFKWCPGF2V4365BGJGGZ7LIJH,200,1,2014,http://negativeyouth.net/wp-content/uploads/2012/06/asap-200x200.jpg,
/wp-content/uploads/2012/06/avatars-000017647351-egeu08-crop-200x200.jpg,image,20140109203322,image/jpeg,10234,6L6D6NI4M5URUW4FQRX6D24JVQ7ANPFO,200,1,2014,http://negativeyouth.net/wp-content/uploads/2012/06/avatars-000017647351-egeu08-crop-200x200.jpg,
/wp-content/uploads/2012/06/bala-fria-mix-200x200.png,image,20140109194304,image/png,77411,RW5N4BKAIC36L5W7VEJRNT2PWBRR4KBA,200,1,2014,http://negativeyouth.net/wp-content/uploads/2012/06/bala-fria-mix-200x200.png,
/wp-content/uploads/2012/06/bala-fria-mix.png,image,20140109194100,image/png,659569,IPB7IKHH65QMENB3IUI5VCWTV4VPRRVF,200,2,2012;2014,http://negativeyouth.net/wp-content/uploads/2012/06/bala-fria-mix.png,
/wp-content/uploads/2012/06/cover.jpg,image,20140109185738,image/jpeg,187932,2FA5RGP4RQ3SSB33SSW4ORBKYRJIC335,200,1,2014,http://negativeyouth.net/wp-content/uploads/2012/06/cover.jpg,
/wp-content/uploads/2012/06/earthqake-200x200.png,image,20140109190950,image/png,64954,VAFRQNKV6HOUUNOBRUHKSIJQOKCKLBJ5,200,1,2014,http://negativeyouth.net/wp-content/uploads/2012/06/earthqake-200x200.png,
/wp-content/uploads/2012/06/flyer_itsdangerous-200x200.gif,image,20140109191812,image/gif,19277,LVAW6TPHVVBLWQ4MJWRBH4AA267EVUDN,200,1,2014,http://negativeyouth.net/wp-content/uploads/2012/06/flyer_itsdangerous-200x200.gif,
/wp-content/uploads/2012/06/flyer_itsdangerous.gif,image,20120623172703,image/gif,3011969,AHE52JSRIL3HUNKZZOLL2P7XGECHVBRK,200,19,2012;2014,http://negativeyouth.net/wp-content/uploads/2012/06/flyer_itsdangerous.gif,
/wp-content/uploads/2012/06/haleek-200x200.jpg,image,20140109192345,image/jpeg,11471,FE6M52SH64QRE2RJJ3EV5G7RFF6OQNI2,200,1,2014,http://negativeyouth.net/wp-content/uploads/2012/06/haleek-200x200.jpg,
/wp-content/uploads/2012/06/haleek.jpg,image,20140109191440,image/jpeg,93071,7YOMZFLMUP7IYNSALJMQDTRQOTCZRL6A,200,1,2014,http://negativeyouth.net/wp-content/uploads/2012/06/haleek.jpg,
/wp-content/uploads/2012/06/pablitomix-200x200.jpg,image,20140109193140,image/jpeg,18113,HJQ4FVXIYOXDLYM6JQ7RC4WOKRZD7ACJ,200,1,2014,http://negativeyouth.net/wp-content/uploads/2012/06/pablitomix-200x200.jpg,
/wp-content/uploads/2012/06/pablitomix.jpeg,image,20140109201936,image/jpeg,888493,JT5AAXOWAKAO3FFGYIW3GFAYUAOLS52Z,200,1,2014,http://negativeyouth.net/wp-content/uploads/2012/06/pablitomix.jpeg,
/wp-content/uploads/2012/06/pik-200x200.jpg,image,20140109192901,image/jpeg,17337,KTLTL76FHM37DMD5XZHCPX65XB2IUY2E,200,1,2014,http://negativeyouth.net/wp-content/uploads/2012/06/pik-200x200.jpg,
/wp-content/uploads/2012/06/pik.jpg,image,20140109192645,image/jpeg,424186,YV3MSSECD3XGPUCYGMAZUHYVFMIK6HTZ,200,1,2014,http://negativeyouth.net/wp-content/uploads/2012/06/pik.jpg,
/wp-content/uploads/2012/06/selmaoxor_loqueyoquiero-200x200.jpg,image,20140109183648,image/jpeg,14591,SCGNAXH6RJP25K6MQGFCVHR225XYLCF5,200,1,2014,http://negativeyouth.net/wp-content/uploads/2012/06/selmaoxor_loqueyoquiero-200x200.jpg,
/wp-content/uploads/2012/06/swt5-200x200.png,image,20140109202809,image/png,72087,KBJD5XGWZ2KVLZIKYEST7GEHPRLJNHU2,200,1,2014,http://negativeyouth.net/wp-content/uploads/2012/06/swt5-200x200.png,
/wp-content/uploads/2012/06/swt5.png,image,20140110212730,image/png,768941,YI2K3CIYN345MRBRGBKGH355JUIOGNWP,200,1,2014,http://negativeyouth.net/wp-content/uploads/2012/06/swt5.png,
/wp-content/uploads/2012/06/tumblr_m5xf5igLz41qdci48o1_1280-200x200.gif,image,20140109185559,image/gif,25996,25OZLTECJEHGGUELD5RAG42EMUJ2UZJP,200,1,2014,http://negativeyouth.net/wp-content/uploads/2012/06/tumblr_m5xf5igLz41qdci48o1_1280-200x200.gif,
/wp-content/uploads/2012/06/tumblr_m5xf5igLz41qdci48o1_1280.gif,image,20140109192106,image/gif,418278,MDZUCYPFCF2LKGMOO37YEWFPUCLV47UL,200,2,2012;2014,http://negativeyouth.net/wp-content/uploads/2012/06/tumblr_m5xf5igLz41qdci48o1_1280.gif,
/wp-content/uploads/2012/07/0183-200x200.jpg,image,20140109185114,image/jpeg,7989,Q5F5WF4QF2T3PSHICHWDCQQ4OOQ34KGY,200,1,2014,http://negativeyouth.net/wp-content/uploads/2012/07/0183-200x200.jpg,
/wp-content/uploads/2012/07/0183-700x752.jpg,image,20140109193611,image/jpeg,116413,DY7SYVK425L47ZZMLZ5L6MJJU6OYEZAQ,200,1,2014,http://negativeyouth.net/wp-content/uploads/2012/07/0183-700x752.jpg,
/wp-content/uploads/2012/07/374702_234373973289316_1168424617_n1-200x200.jpg,image,20140109202817,image/jpeg,9484,KIXMC63APFWO5FZKJMGYTGEEBGYUQQHR,200,2,2014;2025,http://negativeyouth.net/wp-content/uploads/2012/07/374702_234373973289316_1168424617_n1-200x200.jpg,https://negativeyouth.net/wp-content/uploads/2012/07/374702_234373973289316_1168424617_n1-200x200.jpg
/wp-content/uploads/2012/07/374702_234373973289316_1168424617_n1-700x720.jpg,image,20140109193232,image/jpeg,58491,KNP4I6LXV4ZBP6SC2CJQGVMXWZH7FCN2,200,1,2014,http://negativeyouth.net/wp-content/uploads/2012/07/374702_234373973289316_1168424617_n1-700x720.jpg,
/wp-content/uploads/2012/07/5-200x200.png,image,20140109195325,image/png,57357,VGXZI5AKDRE5OR3N4WC2TPQBNEQEVXDK,200,1,2014,http://negativeyouth.net/wp-content/uploads/2012/07/5-200x200.png,
/wp-content/uploads/2012/07/5-700x468.png,image,20140109194521,image/png,280300,IXW3FRPFNTGPLC2EJGNJ3WY2ZGKLXLYD,200,1,2014,http://negativeyouth.net/wp-content/uploads/2012/07/5-700x468.png,
/wp-content/uploads/2012/07/How-to-Dress-Well-Total-Loss-1-e1342533384219-200x200.jpg,image,20140109193950,image/jpeg,7692,CQOZ7NKOHGCQW7SF2L6AVWRXDEM7CXZA,200,1,2014,http://negativeyouth.net/wp-content/uploads/2012/07/How-to-Dress-Well-Total-Loss-1-e1342533384219-200x200.jpg,
/wp-content/uploads/2012/07/LONG-CLOTHING-MIXTAPE-200x200.jpg,image,20131126085057,image/jpeg,9781,6AW5LW65SNR4AJ55OH6SCRO3R5TEE7ME,200,2,2013;2014,http://negativeyouth.net/wp-content/uploads/2012/07/LONG-CLOTHING-MIXTAPE-200x200.jpg,
/wp-content/uploads/2012/07/LONG-CLOTHING-MIXTAPE.jpeg,image,20140109194755,image/jpeg,208464,XAFS246LZJLYMK6LCAHO5PCFDTVBFIGE,200,1,2014,http://negativeyouth.net/wp-content/uploads/2012/07/LONG-CLOTHING-MIXTAPE.jpeg,
/wp-content/uploads/2012/07/RHYTMIC-RELEASE-200x200.png,image,20140109193607,image/png,30786,TFW4A3NMSNC7C4QDMWUAVNFVGSAPT62P,200,1,2014,http://negativeyouth.net/wp-content/uploads/2012/07/RHYTMIC-RELEASE-200x200.png,
/wp-content/uploads/2012/07/Screen-Shot-2012-07-03-at-5.34.17-PM-1-200x200.png,image,20140110212654,image/png,54971,TAAEWQ2XLS74JR3R6MLZINY4KNAMEL6W,200,2,2014,http://negativeyouth.net/wp-content/uploads/2012/07/Screen-Shot-2012-07-03-at-5.34.17-PM-1-200x200.png,
/wp-content/uploads/2012/07/Screen-shot-2012-07-12-at-12.33-200x200.png,image,20140109191823,image/png,99213,RLAVGAANK5LXIRDSF6YRPBLMW7MN75WG,200,1,2014,http://negativeyouth.net/wp-content/uploads/2012/07/Screen-shot-2012-07-12-at-12.33-200x200.png,
/wp-content/uploads/2012/07/TGF-end-200x200.jpg,image,20140109184119,image/jpeg,13235,7VEEYXKAVCOEU6KZQQEFDED272LDIUGX,200,1,2014,http://negativeyouth.net/wp-content/uploads/2012/07/TGF-end-200x200.jpg,
/wp-content/uploads/2012/07/TGF-end1.jpg,image,20140110213458,image/jpeg,137960,AAHOVO6D7NK5TVOI5HFHMKQ76Z377XZ7,200,1,2014,http://negativeyouth.net/wp-content/uploads/2012/07/TGF-end1.jpg,
/wp-content/uploads/2012/07/THIS-IS-HOW-WE-DO-DUBAI-200x200.png,image,20140109202254,image/png,92650,6CDIKIGIIQZGLG3ZXGBNV2DBU57BNNRD,200,1,2014,http://negativeyouth.net/wp-content/uploads/2012/07/THIS-IS-HOW-WE-DO-DUBAI-200x200.png,
/wp-content/uploads/2012/07/antwon-200x200.png,image,20140109183706,image/png,71046,3DIK6JKCPC3AM74LH2EZG2C2TDBBIGZ3,200,1,2014,http://negativeyouth.net/wp-content/uploads/2012/07/antwon-200x200.png,
/wp-content/uploads/2012/07/artworks-000025608406-g0mmto-original-200x200.jpg,image,20140109184538,image/jpeg,17569,BJH2UNOTL2HFMNPCWXAHBUDK5T7FMATS,200,1,2014,http://negativeyouth.net/wp-content/uploads/2012/07/artworks-000025608406-g0mmto-original-200x200.jpg,
/wp-content/uploads/2012/07/artworks-000026381381-17nsbd-original-200x200.png,image,20140109184850,image/png,94317,YBVTFEV4LHH4DOWFBWROWZXJAMYAFQA3,200,1,2014,http://negativeyouth.net/wp-content/uploads/2012/07/artworks-000026381381-17nsbd-original-200x200.png,
/wp-content/uploads/2012/07/artworks-000026381381-17nsbd-original.png,image,20140109202408,image/png,820514,JGWFCKTI3DT5S5UWZ77X7ZSFPJQT3VRH,200,1,2014,http://negativeyouth.net/wp-content/uploads/2012/07/artworks-000026381381-17nsbd-original.png,
/wp-content/uploads/2012/07/artworks-000027186195-p2j28u-original-200x200.jpg,image,20140109182209,image/jpeg,13913,US4ZGC2MTS7ITKSJDPRKWE6XXAVZZVIJ,200,1,2014,http://negativeyouth.net/wp-content/uploads/2012/07/artworks-000027186195-p2j28u-original-200x200.jpg,
/wp-content/uploads/2012/07/artworks-000027186195-p2j28u-original.jpeg,image,20140109203108,image/jpeg,158233,73V2BK64XEIPWDDMGXWVVA5JXJJ5T2U4,200,1,2014,http://negativeyouth.net/wp-content/uploads/2012/07/artworks-000027186195-p2j28u-original.jpeg,
/wp-content/uploads/2012/07/artworks-000027296308-uv9n96-original-copy-200x200.jpg,image,20140109191916,image/jpeg,13860,NRTI4TQ3EOSCDVBVDRDF6V4DLQCBZD2U,200,1,2014,http://negativeyouth.net/wp-content/uploads/2012/07/artworks-000027296308-uv9n96-original-copy-200x200.jpg,
/wp-content/uploads/2012/07/artworks-000027296308-uv9n96-original-copy.jpg,image,20140109191743,image/jpeg,115711,KWM372DABOSYDBYQK4Y4OOHOSBLR3Z4W,200,1,2014,http://negativeyouth.net/wp-content/uploads/2012/07/artworks-000027296308-uv9n96-original-copy.jpg,
/wp-content/uploads/2012/07/clive-200x200.png,image,20140109203748,image/png,35816,YXL2TSAXOVWJI56H4L3BOSI3MZ3T42S2,200,2,2014,http://negativeyouth.net/wp-content/uploads/2012/07/clive-200x200.png,
/wp-content/uploads/2012/07/exo-200x200.jpg,image,20140109192929,image/jpeg,15014,WCHC4TVJ5NBXMFIP5HZPAOJXUDNZYUAU,200,1,2014,http://negativeyouth.net/wp-content/uploads/2012/07/exo-200x200.jpg,
/wp-content/uploads/2012/07/exo.jpg,image,20140109193908,image/jpeg,391930,VIUAZEWYEPD2RPWIBQTB5CMIYALXZKN3,200,1,2014,http://negativeyouth.net/wp-content/uploads/2012/07/exo.jpg,
/wp-content/uploads/2012/07/exo1-200x200.jpg,image,20140109193221,image/jpeg,15179,HIVXZ5JCSNVVFMBYKEIZLZV5VQYQBBAB,200,1,2014,http://negativeyouth.net/wp-content/uploads/2012/07/exo1-200x200.jpg,
/wp-content/uploads/2012/07/exo1.jpg,image,20140109191903,image/jpeg,210194,AREMMYUQBY6FLLGND25DQIIPJF3L7BBM,200,1,2014,http://negativeyouth.net/wp-content/uploads/2012/07/exo1.jpg,
/wp-content/uploads/2012/07/feel-good-4-evr-200x200.png,image,20140109183744,image/png,72475,WIDDSTD6HSRSOMQOVQKQXMNN5PESHVIA,200,1,2014,http://negativeyouth.net/wp-content/uploads/2012/07/feel-good-4-evr-200x200.png,
/wp-content/uploads/2012/07/fri13th-200x200.jpg,image,20140109183155,image/jpeg,15070,GWUJMRQC33GRN7RLTM5R5N3SLUSWMAWK,200,1,2014,http://negativeyouth.net/wp-content/uploads/2012/07/fri13th-200x200.jpg,
/wp-content/uploads/2012/07/fri13th.jpg,image,20140109183959,image/jpeg,142390,5TL4RIFHXQOCPMCNAQU3ZMEPXSRVJLCD,200,1,2014,http://negativeyouth.net/wp-content/uploads/2012/07/fri13th.jpg,
/wp-content/uploads/2012/07/invisible-200x200.png,image,20140109194052,image/png,24103,TEVQYA6V4OH42PCKLEV4JDLX2XCMXZRM,200,1,2014,http://negativeyouth.net/wp-content/uploads/2012/07/invisible-200x200.png,
/wp-content/uploads/2012/07/le1f-200x200.png,image,20140109194229,image/png,33193,LB6C6LKPWKD3CSPCSZD5LAIOMK6LLYIR,200,1,2014,http://negativeyouth.net/wp-content/uploads/2012/07/le1f-200x200.png,
/wp-content/uploads/2012/07/nguzuaimon-200x200.jpg,image,20140109185519,image/jpeg,12062,JARM2TRFLS5OQ3ZDUDQHVJWXHHATVKNY,200,1,2014,http://negativeyouth.net/wp-content/uploads/2012/07/nguzuaimon-200x200.jpg,
/wp-content/uploads/2012/07/nguzuaimon.jpg,image,20140109191635,image/jpeg,271743,TQSZJBLTSBW6SUZV755VV2RVXIUIONR3,200,1,2014,http://negativeyouth.net/wp-content/uploads/2012/07/nguzuaimon.jpg,
/wp-content/uploads/2012/07/nina-sky-200x200.jpg,image,20140109194645,image/jpeg,15060,5KU6QEPQAJICL4HS7VYSN5TMIWWAKUV5,200,1,2014,http://negativeyouth.net/wp-content/uploads/2012/07/nina-sky-200x200.jpg,
/wp-content/uploads/2012/07/nina-sky.jpeg,image,20140109193603,image/jpeg,745977,3HGK2P7CP46IGIPGV3W3NMMHJQ5OG5MJ,200,1,2014,http://negativeyouth.net/wp-content/uploads/2012/07/nina-sky.jpeg,
/wp-content/uploads/2012/07/nunia-200x200.png,image,20140109191449,image/png,49284,DHAD3MFDUB4NQGPPCYYX7JWEWN75RY63,200,1,2014,http://negativeyouth.net/wp-content/uploads/2012/07/nunia-200x200.png,
/wp-content/uploads/2012/07/trst11-200x200.jpg,image,20140109183414,image/jpeg,7638,EVYIIVUEVDX4QIQAHDWPDAHHBLI2LIKQ,200,1,2014,http://negativeyouth.net/wp-content/uploads/2012/07/trst11-200x200.jpg,
/wp-content/uploads/2012/07/tumblr_m4iecj9YAs1qzpod3o1_1280-200x200.jpg,image,20140109184038,image/jpeg,24440,3UYQ7PET53OEEM6DZDOHKAOSZHT4FVZH,200,1,2014,http://negativeyouth.net/wp-content/uploads/2012/07/tumblr_m4iecj9YAs1qzpod3o1_1280-200x200.jpg,
/wp-content/uploads/2012/07/tumblr_m4iecj9YAs1qzpod3o1_1280.jpeg,image,20140109193150,image/jpeg,588795,5WERJLHTNWRLSND35PFKMZ6GQ6R5HRAK,200,1,2014,http://negativeyouth.net/wp-content/uploads/2012/07/tumblr_m4iecj9YAs1qzpod3o1_1280.jpeg,
/wp-content/uploads/2012/07/wallpaper_544377_RE_Robot_Unicorn_Attack-s1280x720-707831-200x200.jpg,image,20140109191822,image/jpeg,17706,PML7GKREHFBEADJ76NFZ42OCAFB6MMYM,200,1,2014,http://negativeyouth.net/wp-content/uploads/2012/07/wallpaper_544377_RE_Robot_Unicorn_Attack-s1280x720-707831-200x200.jpg,
/wp-content/uploads/2012/07/wallpaper_544377_RE_Robot_Unicorn_Attack-s1280x720-707831-700x720.jpg,image,20140109191752,image/jpeg,149999,JQX6WTBBDMM3LY6K3XC5O2Q656XTAGHC,200,1,2014,http://negativeyouth.net/wp-content/uploads/2012/07/wallpaper_544377_RE_Robot_Unicorn_Attack-s1280x720-707831-700x720.jpg,
/wp-content/uploads/2012/07/zola-seekir-200x200.png,image,20140109185131,image/png,38229,6CZL4EJCM7UGWBVZ3MB3D5XZOV37BRGN,200,1,2014,http://negativeyouth.net/wp-content/uploads/2012/07/zola-seekir-200x200.png,
/wp-content/uploads/2012/08/529022_387184791337049_188487035_n-200x200.jpg,image,20140109191809,image/jpeg,9395,TYEJJC6J43VOXXOLOWFC4NLT66DO2ADJ,200,1,2014,http://negativeyouth.net/wp-content/uploads/2012/08/529022_387184791337049_188487035_n-200x200.jpg,
/wp-content/uploads/2012/08/529022_387184791337049_188487035_n1.jpg,image,20131104103706,image/jpeg,102622,CCMTZUVP5FJLIJ5Z3DFYSN2B62A5BDPT,200,3,2013;2014;2025,http://negativeyouth.net/wp-content/uploads/2012/08/529022_387184791337049_188487035_n1.jpg,https://negativeyouth.net/wp-content/uploads/2012/08/529022_387184791337049_188487035_n1.jpg
/wp-content/uploads/2012/08/E+E-200x200.jpg,image,20140109190201,image/jpeg,23241,5JCNJIWS6VXIEUWH2XMDIXCZE4YVTSSN,200,1,2014,http://negativeyouth.net/wp-content/uploads/2012/08/E+E-200x200.jpg,
/wp-content/uploads/2012/08/E+E.jpg,image,20140109191532,image/jpeg,399685,4BXGHAVMUMPO7VEKLXDW4AQ3HU5PJ75I,200,1,2014,http://negativeyouth.net/wp-content/uploads/2012/08/E+E.jpg,
/wp-content/uploads/2012/08/LUX_11.jpg,image,20140109182407,image/jpeg,158110,ORKR24BRPKKQKRVAMRFDICSMZYMBSVFO,200,4,2013;2014,http://negativeyouth.net/wp-content/uploads/2012/08/LUX_11.jpg,
/wp-content/uploads/2012/08/LUX_21.jpg,image,20140110214247,image/jpeg,135628,F45AUWVVNBZH66W3SJJQDF3GUX537IEB,200,3,2013;2014,http://negativeyouth.net/wp-content/uploads/2012/08/LUX_21.jpg,
/wp-content/uploads/2012/08/LUX_3.jpg,image,20140110220123,image/jpeg,180031,3XPLMZHZW3EBSIJU6VX4OUKNHYHQ5VSW,200,3,2013;2014,http://negativeyouth.net/wp-content/uploads/2012/08/LUX_3.jpg,
/wp-content/uploads/2012/08/LUX_4.jpg,image,20140110220904,image/jpeg,181666,2KHHFTNHMX6ANP4CHUXF2JSJKSD72Z33,200,3,2013;2014,http://negativeyouth.net/wp-content/uploads/2012/08/LUX_4.jpg,
/wp-content/uploads/2012/08/LUX_5.jpg,image,20140110215349,image/jpeg,187748,V7QM7WNNUO3XMI62CW4KDKGI5XGPC7DG,200,3,2013;2014,http://negativeyouth.net/wp-content/uploads/2012/08/LUX_5.jpg,
/wp-content/uploads/2012/08/Screen-Shot-2012-08-07-at-11.23.51-AM-200x200.png,image,20140109183223,image/png,81965,EGLSSJNOX6I67Z4AQ2ODY6ZG5GFBRUR7,200,1,2014,http://negativeyouth.net/wp-content/uploads/2012/08/Screen-Shot-2012-08-07-at-11.23.51-AM-200x200.png,
/wp-content/uploads/2012/08/Screen-Shot-2012-08-24-at-1.39.00-PM.png,image,20140109194910,image/png,225983,2MBDDIB3MEYSVSMXG6WQ3OHHQ2SVB3UT,200,1,2014,http://negativeyouth.net/wp-content/uploads/2012/08/Screen-Shot-2012-08-24-at-1.39.00-PM.png,
/wp-content/uploads/2012/08/Screen-Shot-2012-08-24-at-1.42.25-PM.png,image,20140109191929,image/png,173002,TUX44B65MS6PVAO3PZSILHRLBOVFJKCT,200,1,2014,http://negativeyouth.net/wp-content/uploads/2012/08/Screen-Shot-2012-08-24-at-1.42.25-PM.png,
/wp-content/uploads/2012/08/Screen-Shot-2012-08-24-at-1.43.39-PM.png,image,20140109191540,image/png,273736,FM4ETA7DOGP3WXAHYR3GVQFJSLYWNFZ4,200,1,2014,http://negativeyouth.net/wp-content/uploads/2012/08/Screen-Shot-2012-08-24-at-1.43.39-PM.png,
/wp-content/uploads/2012/08/Screen-Shot-2012-08-24-at-1.43.44-PM.png,image,20140109191938,image/png,151423,ARSLW4AU2O4BYPYSHRFX5B7LF5TQXYSC,200,1,2014,http://negativeyouth.net/wp-content/uploads/2012/08/Screen-Shot-2012-08-24-at-1.43.44-PM.png,
/wp-content/uploads/2012/08/Screen-Shot-2012-08-24-at-1.43.45-PM.png,image,20140109191247,image/png,237685,XTIPZARNR6C4BENHCY7R2U5AEHWGB52S,200,1,2014,http://negativeyouth.net/wp-content/uploads/2012/08/Screen-Shot-2012-08-24-at-1.43.45-PM.png,
/wp-content/uploads/2012/08/Screen-Shot-2012-08-24-at-1.44.19-PM.png,image,20140109192746,image/png,254691,MIVEFNP62CAFJZQXO7JQXDFVTI5DQVSU,200,1,2014,http://negativeyouth.net/wp-content/uploads/2012/08/Screen-Shot-2012-08-24-at-1.44.19-PM.png,
/wp-content/uploads/2012/08/Screen-Shot-2012-08-24-at-1.44.28-PM.png,image,20140109194107,image/png,241789,2XHBSMQC3FLTLJ36SARKBH2THB3RAZZ6,200,1,2014,http://negativeyouth.net/wp-content/uploads/2012/08/Screen-Shot-2012-08-24-at-1.44.28-PM.png,
/wp-content/uploads/2012/08/Screen-Shot-2012-08-24-at-1.45.03-PM.png,image,20140109192200,image/png,190667,BRNBQILWYF72RZL23QLF5W5B6GSV6IKS,200,1,2014,http://negativeyouth.net/wp-content/uploads/2012/08/Screen-Shot-2012-08-24-at-1.45.03-PM.png,
/wp-content/uploads/2012/08/Screen-Shot-2012-08-24-at-1.45.30-PM.png,image,20140109193205,image/png,130202,AUF6IOTUAWEXINT62ARD4RIJPJPWL54S,200,1,2014,http://negativeyouth.net/wp-content/uploads/2012/08/Screen-Shot-2012-08-24-at-1.45.30-PM.png,
/wp-content/uploads/2012/08/Screen-Shot-2012-08-24-at-1.46.14-PM.png,image,20140109192116,image/png,185564,4EHWBJERFUUNPFIW5VHWZEF43KTQVMQH,200,1,2014,http://negativeyouth.net/wp-content/uploads/2012/08/Screen-Shot-2012-08-24-at-1.46.14-PM.png,
/wp-content/uploads/2012/08/Screen-Shot-2012-08-24-at-4.10.46-PM.png,image,20140109195021,image/png,119517,427ATVLPKTPNOAIRWJ7C3OH6B4DSP3LW,200,1,2014,http://negativeyouth.net/wp-content/uploads/2012/08/Screen-Shot-2012-08-24-at-4.10.46-PM.png,
/wp-content/uploads/2012/08/Screen-Shot-2012-08-24-at-4.10.49-PM.png,image,20140109192940,image/png,135030,NZJJBL75XIDM43EAKNCXFC3ZSCBBETFI,200,1,2014,http://negativeyouth.net/wp-content/uploads/2012/08/Screen-Shot-2012-08-24-at-4.10.49-PM.png,
/wp-content/uploads/2012/08/Screen-shot-2012-06-15-at-3.28.09-PM1-200x200.png,image,20140109193123,image/png,58555,OCCHR6GGJUGHLOJIBYPK5ROGKBCLLXPN,200,1,2014,http://negativeyouth.net/wp-content/uploads/2012/08/Screen-shot-2012-06-15-at-3.28.09-PM1-200x200.png,
/wp-content/uploads/2012/08/Screen-shot-2012-06-15-at-3.28.09-PM1-700x714.png,image,20140109201615,image/png,371149,TFONPFZFGISYY6TGIHERKL4CIEZZ45HM,200,1,2014,http://negativeyouth.net/wp-content/uploads/2012/08/Screen-shot-2012-06-15-at-3.28.09-PM1-700x714.png,
/wp-content/uploads/2012/08/VUH-NEGATIVE-YOUTH.mp4_snapshot_03.21_2012.08.16_16.15.45-200x200.jpg,image,20140109192348,image/jpeg,8468,V2CBLY3BJ5DR7W3LDMTILPBLDXIM2TOT,200,2,2014,http://negativeyouth.net/wp-content/uploads/2012/08/VUH-NEGATIVE-YOUTH.mp4_snapshot_03.21_2012.08.16_16.15.45-200x200.jpg,
/wp-content/uploads/2012/08/WAVVY-200x200.png,image,20140601073854,image/png,80502,S6QDR6Y5UVTIYARG3LVUR4BXNP5J6TYL,200,2,2014,http://negativeyouth.net/wp-content/uploads/2012/08/WAVVY-200x200.png,
/wp-content/uploads/2012/08/ara%C3%B1as-200x200.png,image,20140109184142,image/png,52678,56DZITMAPR2MBZR464DGO5D6JHHNDYZS,200,2,2014,http://negativeyouth.net/wp-content/uploads/2012/08/ara%C3%B1as-200x200.png,
/wp-content/uploads/2012/08/artworks-000028801636-zxfoyb-original-200x200.jpeg,image,20140109184457,image/jpeg,14653,VRJN2IOTQRTO4DD6OFHA3MQQ2F7QZYLW,200,1,2014,http://negativeyouth.net/wp-content/uploads/2012/08/artworks-000028801636-zxfoyb-original-200x200.jpeg,
/wp-content/uploads/2012/08/artworks-000028801636-zxfoyb-original-700x800.jpeg,image,20140109190951,image/jpeg,153870,FNEFGBWSEFCQJF24VN2FXH6UPDYAZKQF,200,1,2014,http://negativeyouth.net/wp-content/uploads/2012/08/artworks-000028801636-zxfoyb-original-700x800.jpeg,
/wp-content/uploads/2012/08/avatars-000012440415-eide1y-crop1-200x200.jpg,image,20140109184129,image/jpeg,8464,WH5NFPHLOAB4UP7QT5LOO4CIN7SRU7S7,200,1,2014,http://negativeyouth.net/wp-content/uploads/2012/08/avatars-000012440415-eide1y-crop1-200x200.jpg,
/wp-content/uploads/2012/08/borntosuffer-200x200.jpg,image,20140109194136,image/jpeg,11571,W5QCW4H2U4EIZVXJQVCJXURTTBBC6T76,200,1,2014,http://negativeyouth.net/wp-content/uploads/2012/08/borntosuffer-200x200.jpg,
/wp-content/uploads/2012/08/boys-200x200.jpg,image,20140109195708,image/jpeg,12194,E4QDFC6XAL2FVFYRKEYZURQAND53V5HU,200,1,2014,http://negativeyouth.net/wp-content/uploads/2012/08/boys-200x200.jpg,
/wp-content/uploads/2012/08/boys.jpg,image,20140109201445,image/jpeg,177662,PU2P76NREU4XY7D7RSHV56XZ4KGMMR6T,200,1,2014,http://negativeyouth.net/wp-content/uploads/2012/08/boys.jpg,
/wp-content/uploads/2012/08/efx-200x200.png,image,20131126085053,image/png,77878,GIUMSPPESOJJDGT4XOHKDJ5HMOH52FKJ,200,2,2013;2014,http://negativeyouth.net/wp-content/uploads/2012/08/efx-200x200.png,
/wp-content/uploads/2012/08/efx.png,image,20140109191959,image/png,671686,IPHNYRPQAP5C3YKPBM7EHCJW4DCG24V3,200,1,2014,http://negativeyouth.net/wp-content/uploads/2012/08/efx.png,
/wp-content/uploads/2012/08/element-copy.jpg,image,20140109191331,image/jpeg,220582,5ERVNBBTBRWPLS7CVN6MH5DYXDEEBZNL,200,2,2013;2014,http://negativeyouth.net/wp-content/uploads/2012/08/element-copy.jpg,
/wp-content/uploads/2012/08/endofsummer2k12mix-200x200.jpeg,image,20140109194440,image/jpeg,17760,MMKVWA35DSJANRULDKG4A43AGQFKWCIN,200,1,2014,http://negativeyouth.net/wp-content/uploads/2012/08/endofsummer2k12mix-200x200.jpeg,
/wp-content/uploads/2012/08/endofsummer2k12mix.jpeg,image,20140109191056,image/jpeg,421161,HG73C2THYMVIWWOCLWPNYE3LDAAMDB7M,200,1,2014,http://negativeyouth.net/wp-content/uploads/2012/08/endofsummer2k12mix.jpeg,
/wp-content/uploads/2012/08/fifty-grand-200x200.jpeg,image,20140109190940,image/jpeg,7847,B23V6Z7DRYVTPEMKUI6FOY4Y3QS3XFJO,200,1,2014,http://negativeyouth.net/wp-content/uploads/2012/08/fifty-grand-200x200.jpeg,
/wp-content/uploads/2012/08/fifty-grand.jpeg,image,20140109183906,image/jpeg,197532,GMYZ6IHPCRMNUO6TCKXHZOTRZHYQQEY7,200,1,2014,http://negativeyouth.net/wp-content/uploads/2012/08/fifty-grand.jpeg,
/wp-content/uploads/2012/08/goin-hamburger-200x200.png,image,20140109184716,image/png,91948,SFHHKULWT2POKV4HVYQCYLGWINASWUTS,200,1,2014,http://negativeyouth.net/wp-content/uploads/2012/08/goin-hamburger-200x200.png,
/wp-content/uploads/2012/08/grimes-200x200.png,image,20140109183052,image/png,85877,LDN52EXNHBPUFMCWCUNEFFI5F2S647FT,200,1,2014,http://negativeyouth.net/wp-content/uploads/2012/08/grimes-200x200.png,
/wp-content/uploads/2012/08/holy-other-held-200x200.jpg,image,20140109183930,image/jpeg,9014,ASIZGDX4QZXSMDZIWPKJGXSDCDCII5KA,200,1,2014,http://negativeyouth.net/wp-content/uploads/2012/08/holy-other-held-200x200.jpg,
/wp-content/uploads/2012/08/holy-other-held.jpg,image,20140109184201,image/jpeg,51445,ZND3YW3X7QVZEPNDLVYQFFCHG4TFQ2ZE,200,1,2014,http://negativeyouth.net/wp-content/uploads/2012/08/holy-other-held.jpg,
/wp-content/uploads/2012/08/jackie-lo-200x200.jpg,image,20140109185054,image/jpeg,8431,AEU7DGAOP46LPRYDZDRP6GP7LLBUWH5B,200,1,2014,http://negativeyouth.net/wp-content/uploads/2012/08/jackie-lo-200x200.jpg,
/wp-content/uploads/2012/08/jackie-lo.jpeg,image,20140109194145,image/jpeg,163009,3BOZSCV3DJHZBDSI72UXXNA62KXHK6YP,200,1,2014,http://negativeyouth.net/wp-content/uploads/2012/08/jackie-lo.jpeg,
/wp-content/uploads/2012/08/need-u-unicorn-kid-200x200.png,image,20140109191817,image/png,60846,M23KRRGPSHTQWTSHUSECZHQXJ2U3CSVL,200,2,2014,http://negativeyouth.net/wp-content/uploads/2012/08/need-u-unicorn-kid-200x200.png,
/wp-content/uploads/2012/08/nordp-200x200.gif,image,20140109191545,image/gif,25481,3W7ZNR3ZNIOI3VZRVEM2L5XDMUFUBNXG,200,1,2014,http://negativeyouth.net/wp-content/uploads/2012/08/nordp-200x200.gif,
/wp-content/uploads/2012/08/popcaan-200x200.png,image,20140109192318,image/png,91216,7DFI2B3PQ7YAWDSCTBYQ6VFP5PYJZT4O,200,1,2014,http://negativeyouth.net/wp-content/uploads/2012/08/popcaan-200x200.png,
/wp-content/uploads/2012/08/rachel-haircut-200x200.jpg,image,20140109191839,image/jpeg,7235,KMUO7UDGNL6NUIAKHKEI6MQZKTBDBYT3,200,1,2014,http://negativeyouth.net/wp-content/uploads/2012/08/rachel-haircut-200x200.jpg,
/wp-content/uploads/2012/08/rachel-haircut.jpg,image,20140109194724,image/jpeg,227146,DHB2VY4JJ2UKLMTLRIOQ77LQWY6AD6CN,200,1,2014,http://negativeyouth.net/wp-content/uploads/2012/08/rachel-haircut.jpg,
/wp-content/uploads/2012/08/skye-200x200.jpg,image,20140109182940,image/jpeg,11699,ZDKRUNJ6FSHY2DCCHEMDQCBNGSHVEAAS,200,1,2014,http://negativeyouth.net/wp-content/uploads/2012/08/skye-200x200.jpg,
/wp-content/uploads/2012/08/skye.jpg,image,20140109201421,image/jpeg,256027,MX26R7K4DQ7P53AMU44C52ZPE4DNDK3K,200,1,2014,http://negativeyouth.net/wp-content/uploads/2012/08/skye.jpg,
/wp-content/uploads/2012/08/skyferreira-200x200.jpg,image,20140110211314,image/jpeg,9001,H2357CBZDSIT6NVTHS53UNHYPJVJZ3JB,200,1,2014,http://negativeyouth.net/wp-content/uploads/2012/08/skyferreira-200x200.jpg,
/wp-content/uploads/2012/08/skyferreira.jpg,image,20130325032523,image/jpeg,159479,UG64WERI4SGMEAFENHF5KMXRK6YNMFOA,200,2,2013;2014,http://negativeyouth.net/wp-content/uploads/2012/08/skyferreira.jpg,
/wp-content/uploads/2012/08/taylor-200x200.jpg,image,20140109183853,image/jpeg,16315,VQ7ON3FOFIBNU2DU2MZQZCANZVCQE4XT,200,1,2014,http://negativeyouth.net/wp-content/uploads/2012/08/taylor-200x200.jpg,
/wp-content/uploads/2012/08/twin-gemz-200x200.jpg,image,20140109184752,image/jpeg,19187,QCZPK47NOR6ZXNPT43SY26RKGTE3TFQG,200,1,2014,http://negativeyouth.net/wp-content/uploads/2012/08/twin-gemz-200x200.jpg,
/wp-content/uploads/2012/08/twin-gemz.jpg,image,20140109200939,image/jpeg,191130,45OKY3Q6GEHQ2CXWQLYCUBEZ4KZ5IXTL,200,1,2014,http://negativeyouth.net/wp-content/uploads/2012/08/twin-gemz.jpg,
/wp-content/uploads/2012/09/204722_144823602255015_585928_o.jpeg,image,20140109200016,image/jpeg,117937,WJDTWTJDEAXLU6JYKGMTJJFQZWGXGLPT,200,1,2014,http://negativeyouth.net/wp-content/uploads/2012/09/204722_144823602255015_585928_o.jpeg,
/wp-content/uploads/2012/09/219816_144823502255025_4249634_o.jpeg,image,20140109200339,image/jpeg,125916,EI2BYM33UFKWSJ73VPQI5ECK7SCIKLR4,200,1,2014,http://negativeyouth.net/wp-content/uploads/2012/09/219816_144823502255025_4249634_o.jpeg,
/wp-content/uploads/2012/09/240851_144823552255020_1369968_o.jpeg,image,20140109201032,image/jpeg,179154,HGVR4JGEQQYV67AQZAPRRG5KQCFGP6YF,200,1,2014,http://negativeyouth.net/wp-content/uploads/2012/09/240851_144823552255020_1369968_o.jpeg,
/wp-content/uploads/2012/09/386284_495558597122371_775032729_n1-200x200.jpg,image,20140109190232,image/jpeg,19198,CZVKOL5ZZKJOGDOELXAXO555HXNKCQSU,200,1,2014,http://negativeyouth.net/wp-content/uploads/2012/09/386284_495558597122371_775032729_n1-200x200.jpg,
/wp-content/uploads/2012/09/576842_300882199998614_1493482648_n1-200x200.jpg,image,20140109192050,image/jpeg,11713,7QWUCEI4CWBWP5A72NNPXLQ27ATKANS2,200,1,2014,http://negativeyouth.net/wp-content/uploads/2012/09/576842_300882199998614_1493482648_n1-200x200.jpg,
/wp-content/uploads/2012/09/576842_300882199998614_1493482648_n1-700x600.jpg,image,20140109182409,image/jpeg,84791,243NOA6Y5A2Y52RZFDOWFSGQD37LY2F2,200,1,2014,http://negativeyouth.net/wp-content/uploads/2012/09/576842_300882199998614_1493482648_n1-700x600.jpg,
/wp-content/uploads/2012/09/EPNarte2-200x200.jpeg,image,20140109194530,image/jpeg,15543,PMMGIJEZFFKFNNQV3DVYEDF3MWCRAPTR,200,2,2014,http://negativeyouth.net/wp-content/uploads/2012/09/EPNarte2-200x200.jpeg,
/wp-content/uploads/2012/09/EPNarte2.jpeg,image,20140109192647,image/jpeg,283776,NE35AYQAH7VFHEPAP64UNOPNAY5TVGME,200,1,2014,http://negativeyouth.net/wp-content/uploads/2012/09/EPNarte2.jpeg,
/wp-content/uploads/2012/09/FIFTYGRAND-200x200.jpeg,image,20140109200135,image/jpeg,16194,D3OB7ATAG2UUITN5NU5XAK2PTBVDAORO,200,1,2014,http://negativeyouth.net/wp-content/uploads/2012/09/FIFTYGRAND-200x200.jpeg,
/wp-content/uploads/2012/09/III-200x200.jpg,image,20140109200918,image/jpeg,11940,ROHSDW7MVCFJHL3WJGGXVY2VT22EZ2JO,200,1,2014,http://negativeyouth.net/wp-content/uploads/2012/09/III-200x200.jpg,
/wp-content/uploads/2012/09/III.jpg,image,20140109185949,image/jpeg,371485,KSB5BMYN5HSKQCZDRSAPTRQW4QUCWGUJ,200,1,2014,http://negativeyouth.net/wp-content/uploads/2012/09/III.jpg,
/wp-content/uploads/2012/09/OCCULTD%CE%9BN%CF%9F%CE%A3.jpeg,image,20140109194540,image/jpeg,111389,NT7KGNKWG2F5A3EYQGXEDRFYQNSLE625,200,1,2014,http://negativeyouth.net/wp-content/uploads/2012/09/OCCULTD%CE%9BN%CF%9F%CE%A3.jpeg,
/wp-content/uploads/2012/09/PEEPR.jpg,image,20140109182639,image/jpeg,65100,FT4KSRPNFBRRVO3TLQ6PUZG7TLH5Z6DT,200,1,2014,http://negativeyouth.net/wp-content/uploads/2012/09/PEEPR.jpg,
/wp-content/uploads/2012/09/SELMAOXOR_COVER1-200x200.jpg,image,20140109190207,image/jpeg,12337,BDBV3KKHDS2L2ILU54XQSEUW2AMO6ORS,200,1,2014,http://negativeyouth.net/wp-content/uploads/2012/09/SELMAOXOR_COVER1-200x200.jpg,
/wp-content/uploads/2012/09/WEEKEND-UPDATE-200x200.jpg,image,20140109191548,image/jpeg,10959,YJ567P7W6PQ6TUOY562ZFMKG4PY2GVBL,200,1,2014,http://negativeyouth.net/wp-content/uploads/2012/09/WEEKEND-UPDATE-200x200.jpg,
/wp-content/uploads/2012/09/WEEKEND-UPDATE.jpg,image,20140109182712,image/jpeg,345754,K4W7CN4JBDYD24OJPO2YCCXPOEZAUKHD,200,1,2014,http://negativeyouth.net/wp-content/uploads/2012/09/WEEKEND-UPDATE.jpg,
/wp-content/uploads/2012/09/artworks-000030579755-8viovv-original1-200x200.jpg,image,20131031202214,image/jpeg,7924,IM7EL6IOZM7TTLKQNYDW3CVSJQP3YLLX,200,2,2013;2014,http://negativeyouth.net/wp-content/uploads/2012/09/artworks-000030579755-8viovv-original1-200x200.jpg,
/wp-content/uploads/2012/09/artworks-000030579755-8viovv-original1.jpg,image,20140109183750,image/jpeg,509201,4VTB55DXKIL55DXTAAJCAHWG2PWR2KJ5,200,1,2014,http://negativeyouth.net/wp-content/uploads/2012/09/artworks-000030579755-8viovv-original1.jpg,
/wp-content/uploads/2012/09/bart.jpeg,image,20140109203216,image/jpeg,123632,TRWRNNXFKD47KX62YS3RSK7X3X4HBKZD,200,1,2014,http://negativeyouth.net/wp-content/uploads/2012/09/bart.jpeg,
/wp-content/uploads/2012/09/blanco-200x200.jpg,image,20140109182247,image/jpeg,10468,FHLBSF34O6B6ZUV4AIBQUL52JGYSOS6L,200,2,2014,http://negativeyouth.net/wp-content/uploads/2012/09/blanco-200x200.jpg,
/wp-content/uploads/2012/09/blanco.jpg,image,20140109183412,image/jpeg,390014,MJHDEDFPCGKDAPYUY2EVZBENQMQEL4UM,200,1,2014,http://negativeyouth.net/wp-content/uploads/2012/09/blanco.jpg,
/wp-content/uploads/2012/09/bonsaibabies.jpeg,image,20140109191804,image/jpeg,246960,ULX2XUAKOE5K2DLDO54UUMHCUFIYVCBZ,200,1,2014,http://negativeyouth.net/wp-content/uploads/2012/09/bonsaibabies.jpeg,
/wp-content/uploads/2012/09/bruxa-200x200.jpg,image,20140109182136,image/jpeg,17367,IPOLTJJE46FGOU5CNFLEEYJI3YXYXSFO,200,1,2014,http://negativeyouth.net/wp-content/uploads/2012/09/bruxa-200x200.jpg,
/wp-content/uploads/2012/09/bruxa.jpg,image,20140110212630,image/jpeg,612385,XVADHW5YWZT6JU3MCF2A4FLVODGI44BC,200,1,2014,http://negativeyouth.net/wp-content/uploads/2012/09/bruxa.jpg,
/wp-content/uploads/2012/09/charlixcx-200x200.png,image,20140109185532,image/png,87308,CES5DQNSGJECDGBRALJOJZNUFJZMNAQY,200,1,2014,http://negativeyouth.net/wp-content/uploads/2012/09/charlixcx-200x200.png,
/wp-content/uploads/2012/09/djsmurphy.jpeg,image,20140110183346,image/jpeg,91170,QOJ7HGC7YKHAWPDQ2OIX6HYY4LPMWUDO,200,1,2014,http://negativeyouth.net/wp-content/uploads/2012/09/djsmurphy.jpeg,
/wp-content/uploads/2012/09/dressed-for-space-200x200.png,image,20140109182313,image/png,57893,OIA4TKESCTRPG6H2OEKVJWM3VXHAADYR,200,2,2014;2025,http://negativeyouth.net/wp-content/uploads/2012/09/dressed-for-space-200x200.png,https://negativeyouth.net/wp-content/uploads/2012/09/dressed-for-space-200x200.png
/wp-content/uploads/2012/09/famlay_lilinternet-200x200.jpg,image,20140109190354,image/jpeg,21908,XW7YVKDUT2LB4HJXNATQNFV6J47AVGEV,200,1,2014,http://negativeyouth.net/wp-content/uploads/2012/09/famlay_lilinternet-200x200.jpg,
/wp-content/uploads/2012/09/famlay_lilinternet.jpg,image,20140109191008,image/jpeg,366270,YKAFN464FKOCLR3NE4COT3LJD5MN4YDW,200,1,2014,http://negativeyouth.net/wp-content/uploads/2012/09/famlay_lilinternet.jpg,
/wp-content/uploads/2012/09/fiftygrand.jpeg,image,20140109194204,image/jpeg,256133,BU4W3TWKR2UVK6W2R3S5WCKRN5SLZS6O,200,1,2014,http://negativeyouth.net/wp-content/uploads/2012/09/fiftygrand.jpeg,
/wp-content/uploads/2012/09/kid606-200x200.jpg,image,20140109183320,image/jpeg,20298,435YBTWU46TEVSISKMSO4ETCKLM6RMYO,200,1,2014,http://negativeyouth.net/wp-content/uploads/2012/09/kid606-200x200.jpg,
/wp-content/uploads/2012/09/kid606.jpg,image,20140109194156,image/jpeg,310458,NTQ54MGNGNNHGPJM7FBBBVPBZVMPRTMG,200,1,2014,http://negativeyouth.net/wp-content/uploads/2012/09/kid606.jpg,
/wp-content/uploads/2012/09/lao.jpeg,image,20140109184609,image/jpeg,119173,RWV7FEK3WLF2MVCTNQMLRQ2UM36D5LKW,200,1,2014,http://negativeyouth.net/wp-content/uploads/2012/09/lao.jpeg,
/wp-content/uploads/2012/09/litanicmask-2.jpg,image,20140109203149,image/jpeg,222680,UYH6CNO3TTCMEGASUESXX4DU7MKKVJV7,200,1,2014,http://negativeyouth.net/wp-content/uploads/2012/09/litanicmask-2.jpg,
/wp-content/uploads/2012/09/litanicmask-web.jpg,image,20140109184558,image/jpeg,112805,7YVNCOLSLGEL37VLS65MOM5S57WH3MA6,200,1,2014,http://negativeyouth.net/wp-content/uploads/2012/09/litanicmask-web.jpg,
/wp-content/uploads/2012/09/maria_minerva.jpeg,image,20140110212618,image/jpeg,123240,XUWOGQXQCUVZU6O7IIIJESHOGLOHP3HD,200,1,2014,http://negativeyouth.net/wp-content/uploads/2012/09/maria_minerva.jpeg,
/wp-content/uploads/2012/09/mexico_bonsaibabies.jpg,image,20140110191614,image/jpeg,874477,4U5XEHN75QZMWX655U56DWO57T2LIRE4,200,1,2014,http://negativeyouth.net/wp-content/uploads/2012/09/mexico_bonsaibabies.jpg,
/wp-content/uploads/2012/09/mexico_javier_estrada1.jpg,image,20140109193859,image/jpeg,839481,DRDRVAYYCPBPLMIKDGK56S5ZC7WC7X6R,200,1,2014,http://negativeyouth.net/wp-content/uploads/2012/09/mexico_javier_estrada1.jpg,
/wp-content/uploads/2012/09/mexico_laosmurphy.jpg,image,20140110202055,image/jpeg,824074,MHTFCAZ2SV265ACTFRHCC3SOPVJ2K3T6,200,1,2014,http://negativeyouth.net/wp-content/uploads/2012/09/mexico_laosmurphy.jpg,
/wp-content/uploads/2012/09/mexico_nicolas.jpg,image,20140109185914,image/jpeg,866893,I75PVGOEQIE2WMT3J5YJ7FRPFGDL6DAF,200,1,2014,http://negativeyouth.net/wp-content/uploads/2012/09/mexico_nicolas.jpg,
/wp-content/uploads/2012/09/mexico_occultdanse.jpg,image,20140109194538,image/jpeg,855543,YHLTB3SOTXP3YQJZIL6X3DDV3V6CDS24,200,1,2014,http://negativeyouth.net/wp-content/uploads/2012/09/mexico_occultdanse.jpg,
/wp-content/uploads/2012/09/mexico_ritualz.jpg,image,20140109194005,image/jpeg,871406,TTCTQTQP6STIFMDUZTFDA4ZTIE35S2UY,200,1,2014,http://negativeyouth.net/wp-content/uploads/2012/09/mexico_ritualz.jpg,
/wp-content/uploads/2012/09/mexico_selmaoxor.jpg,image,20140109191859,image/jpeg,840196,QVSI4VKAWE7UWE4UKWL4PUZ5V7NLZ3ZG,200,1,2014,http://negativeyouth.net/wp-content/uploads/2012/09/mexico_selmaoxor.jpg,
/wp-content/uploads/2012/09/mexico_teehn_bwitches.jpg,image,20140109185631,image/jpeg,869938,ENDHEQ7LT7RODXL4DUXGPO6NQB35TCYH,200,1,2014,http://negativeyouth.net/wp-content/uploads/2012/09/mexico_teehn_bwitches.jpg,
/wp-content/uploads/2012/09/mexico_tuareg-geeks2.jpg,image,20140109193811,image/jpeg,837304,NB3M7523F4W4EKBKQCJ7CIJK4NAIT2WA,200,1,2014,http://negativeyouth.net/wp-content/uploads/2012/09/mexico_tuareg-geeks2.jpg,
/wp-content/uploads/2012/09/mexico_turbia.jpg,image,20140110201501,image/jpeg,870988,GSFPVGVK6UHP6ZKY3MGH5MLVHXSR5XII,200,1,2014,http://negativeyouth.net/wp-content/uploads/2012/09/mexico_turbia.jpg,
/wp-content/uploads/2012/09/nicolas_500.jpg,image,20140109184630,image/jpeg,260013,WX6P5UPILIXX63YKLSMFC7RZWC5WZJG3,200,1,2014,http://negativeyouth.net/wp-content/uploads/2012/09/nicolas_500.jpg,
/wp-content/uploads/2012/09/peepr-mx.jpeg,image,20140109200532,image/jpeg,856129,KHSOOIDZX4Q3DA7NI2E4CY3W44KD4X44,200,1,2014,http://negativeyouth.net/wp-content/uploads/2012/09/peepr-mx.jpeg,
/wp-content/uploads/2012/09/ritualz1.jpg,image,20140109184412,image/jpeg,239643,R5QOCBCLP5BF5KV4S7NODILSZS3SI3RN,200,1,2014,http://negativeyouth.net/wp-content/uploads/2012/09/ritualz1.jpg,
/wp-content/uploads/2012/09/selmaoxor.jpg,image,20140109184806,image/jpeg,220264,HBDGSVTEG23LMEYKTH2FFH2R7OBBCJYY,200,1,2014,http://negativeyouth.net/wp-content/uploads/2012/09/selmaoxor.jpg,
/wp-content/uploads/2012/09/ssion-kim-200x200.png,image,20140109185627,image/png,91286,PBXMKZZFTRU2532GKPSCPRSSZQFFH6I6,200,1,2014,http://negativeyouth.net/wp-content/uploads/2012/09/ssion-kim-200x200.png,
/wp-content/uploads/2012/09/supreme-cuts-200x200.jpg,image,20140109185635,image/jpeg,11840,DYTUAVDAM6KNHDTQRE73ANQVBI4BTYSG,200,1,2014,http://negativeyouth.net/wp-content/uploads/2012/09/supreme-cuts-200x200.jpg,
/wp-content/uploads/2012/09/supreme-cuts.jpg,image,20140109192115,image/jpeg,225647,NKSM6QWAI5HJMHN6ZBSSQQCCYZDPM24C,200,1,2014,http://negativeyouth.net/wp-content/uploads/2012/09/supreme-cuts.jpg,
/wp-content/uploads/2012/09/tamaramix-200x200.jpeg,image,20140109184658,image/jpeg,10468,DGTXWBU5KABUBGT46JBYJZUZ3LXDSBVO,200,4,2014;2025,http://negativeyouth.net/wp-content/uploads/2012/09/tamaramix-200x200.jpeg,https://negativeyouth.net/wp-content/uploads/2012/09/tamaramix-200x200.jpeg
/wp-content/uploads/2012/09/tamaramix-700x706.jpeg,image,20140109193205,image/jpeg,78815,LH3C3BXGRAWKLIIKZJBI6C4P327YA7RM,200,1,2014,http://negativeyouth.net/wp-content/uploads/2012/09/tamaramix-700x706.jpeg,
/wp-content/uploads/2012/09/teehn-bwitches.jpg,image,20140109185945,image/jpeg,104869,EHZ3HYOYB7JB3R6B64VNOCXQR6RGETX3,200,1,2014,http://negativeyouth.net/wp-content/uploads/2012/09/teehn-bwitches.jpg,
/wp-content/uploads/2012/09/tuareg.jpg,image,20140109185057,image/jpeg,201262,KBVRLKQOM36CKLGGWQRKLCN5OQIL6I7E,200,1,2014,http://negativeyouth.net/wp-content/uploads/2012/09/tuareg.jpg,
/wp-content/uploads/2012/09/tumblr_lzti4yJUBx1r7xa8f.jpeg,image,20131214025224,image/jpeg,46776,FCKZDIH7XYTWB3SYWQP3LMKNN2HTR4UB,200,2,2013;2014,http://negativeyouth.net/wp-content/uploads/2012/09/tumblr_lzti4yJUBx1r7xa8f.jpeg,
/wp-content/uploads/2012/09/turbia.jpeg,image,20140109183128,image/jpeg,112804,F6Q2LLV2GAOCPEK77SCGS34U6QZF5ZAA,200,1,2014,http://negativeyouth.net/wp-content/uploads/2012/09/turbia.jpeg,
/wp-content/uploads/2012/09/user69.jpg,image,20140109183244,image/jpeg,926366,64ARJX6YO3REI6HDYEMOR4UZSB3Q7QMN,200,1,2014,http://negativeyouth.net/wp-content/uploads/2012/09/user69.jpg,
/wp-content/uploads/2012/09/waka-200x200.jpg,image,20140109190134,image/jpeg,10271,A4CACG7A53GVKFAT4NQUOIWMVXJC5DD3,200,1,2014,http://negativeyouth.net/wp-content/uploads/2012/09/waka-200x200.jpg,
/wp-content/uploads/2012/09/waka.jpg,image,20140109190906,image/jpeg,155161,XJYGIA6BOUEFORXTKQHBHYBNE352F7KY,200,1,2014,http://negativeyouth.net/wp-content/uploads/2012/09/waka.jpg,
/wp-content/uploads/2012/09/what-we-see-200x200.png,image,20140109182256,image/png,64135,TCKYVA66RF7ZXA7WQ6SL4CTUR3TKGHX6,200,1,2014,http://negativeyouth.net/wp-content/uploads/2012/09/what-we-see-200x200.png,
/wp-content/uploads/2012/09/willhappinessfindme-200x200.jpeg,image,20140109183427,image/jpeg,10620,VY57QGINPGIGA7SCXX33EGXOT5RXTRIU,200,1,2014,http://negativeyouth.net/wp-content/uploads/2012/09/willhappinessfindme-200x200.jpeg,
/wp-content/uploads/2012/10/%C3%B1aka%C3%B1aka%C3%B1aka-200x200.jpg,image,20140109201240,image/jpeg,1584,22OEBYO5T4UF4SEJQWS562ZLY2SEHRWL,200,1,2014,http://negativeyouth.net/wp-content/uploads/2012/10/%C3%B1aka%C3%B1aka%C3%B1aka-200x200.jpg,
/wp-content/uploads/2012/10/%C3%B1aka%C3%B1aka%C3%B1aka.jpg,image,20140109185128,image/jpeg,15472,CJ4I7TG3LDQEOD3T7OIRVCC2EID746NG,200,2,2014;2025,http://negativeyouth.net/wp-content/uploads/2012/10/%C3%B1aka%C3%B1aka%C3%B1aka.jpg,https://negativeyouth.net/wp-content/uploads/2012/10/%C3%B1aka%C3%B1aka%C3%B1aka.jpg
/wp-content/uploads/2012/10/332255_310441485653268_1830449191_o-copy-200x200.jpg,image,20140109183717,image/jpeg,17328,4PMHPYUXAQNOHJ7L45TKWSWBIRAON732,200,1,2014,http://negativeyouth.net/wp-content/uploads/2012/10/332255_310441485653268_1830449191_o-copy-200x200.jpg,
/wp-content/uploads/2012/10/332255_310441485653268_1830449191_o-copy.jpg,image,20140109193450,image/jpeg,641883,BQOOA4SKNKLI6HUTGZZGGDMFODDDTXUS,200,1,2014,http://negativeyouth.net/wp-content/uploads/2012/10/332255_310441485653268_1830449191_o-copy.jpg,
/wp-content/uploads/2012/10/375386_2189417906742_1905785986_n.jpeg,image,20140109193010,image/jpeg,197978,VF7QEH7DAAPSFSQN3TMTIMWRMJQOU3E5,200,1,2014,http://negativeyouth.net/wp-content/uploads/2012/10/375386_2189417906742_1905785986_n.jpeg,
/wp-content/uploads/2012/10/471071_395139563893307_1817411937_o.png,image,20140109194125,image/png,289579,RQLKCNZPOFDMPVROBMUH62M5B672P5BN,200,1,2014,http://negativeyouth.net/wp-content/uploads/2012/10/471071_395139563893307_1817411937_o.png,
/wp-content/uploads/2012/10/545749_393724084034855_1627269541_n.jpeg,image,20140109194836,image/jpeg,187302,GBC6BEPFHNWS7BO47T33H744FHRMXDRP,200,1,2014,http://negativeyouth.net/wp-content/uploads/2012/10/545749_393724084034855_1627269541_n.jpeg,
/wp-content/uploads/2012/10/665511_429024007144649_1586248103_o-200x200.jpeg,image,20140109184318,image/jpeg,9823,KZZ4KOZELMJLWE6ARZG7OJY6ZMYCRRT2,200,1,2014,http://negativeyouth.net/wp-content/uploads/2012/10/665511_429024007144649_1586248103_o-200x200.jpeg,
/wp-content/uploads/2012/10/ACTUALLY_POSTER.jpg,image,20140109184910,image/jpeg,665784,FYHOLLSLJG7H3ZQQBC7XSIAZ4CYTMNGP,200,1,2014,http://negativeyouth.net/wp-content/uploads/2012/10/ACTUALLY_POSTER.jpg,
/wp-content/uploads/2012/10/AW2-200x200.jpg,image,20140109182340,image/jpeg,10334,IBNF56KGFAHH43ULSNUHAUOIPHY2PQRU,200,1,2014,http://negativeyouth.net/wp-content/uploads/2012/10/AW2-200x200.jpg,
/wp-content/uploads/2012/10/AW2.jpg,image,20140110213445,image/jpeg,161869,546SUKHAB3X54OTGNZJSS7US4QEU4KW3,200,1,2014,http://negativeyouth.net/wp-content/uploads/2012/10/AW2.jpg,
/wp-content/uploads/2012/10/BON-200x200.jpg,image,20140109193531,image/jpeg,13247,GT3ALNA62XZXKX47ELNMJYI2RHD7UHF4,200,1,2014,http://negativeyouth.net/wp-content/uploads/2012/10/BON-200x200.jpg,
/wp-content/uploads/2012/10/BON.jpg,image,20140109193350,image/jpeg,315074,EHWPIWFG52OTL5KCZZEATEOGBOIYOCPR,200,1,2014,http://negativeyouth.net/wp-content/uploads/2012/10/BON.jpg,
/wp-content/uploads/2012/10/COVER.jpg,image,20140109191351,image/jpeg,208550,GMWN6C3YML6Y7HOCC4SB2QPPMQBH3XDJ,200,1,2014,http://negativeyouth.net/wp-content/uploads/2012/10/COVER.jpg,
/wp-content/uploads/2012/10/Captura-de-pantalla-2012-10-19-a-las-00.53.35-200x200.png,image,20140109182956,image/png,52917,DLLZPFFYHIB6JF55DKMHDHQ5K7WPCHID,200,1,2014,http://negativeyouth.net/wp-content/uploads/2012/10/Captura-de-pantalla-2012-10-19-a-las-00.53.35-200x200.png,
/wp-content/uploads/2012/10/FAQDSEP-200x200.jpg,image,20140109191118,image/jpeg,10945,OTPXPY34NV7S6TWATLT4WF67JOFRGN4A,200,1,2014,http://negativeyouth.net/wp-content/uploads/2012/10/FAQDSEP-200x200.jpg,
/wp-content/uploads/2012/10/FAQDSEP.jpg,image,20140109184853,image/jpeg,364240,QCQNDC7OLUAMZEZXNXIXX6V6QJCWL772,200,1,2014,http://negativeyouth.net/wp-content/uploads/2012/10/FAQDSEP.jpg,
/wp-content/uploads/2012/10/FATIMA2-200x200.jpg,image,20131209125317,image/jpeg,17218,FQ7KTQ4MQ54H2YWJJNG2M2LY6GY2WD7W,200,3,2013;2014;2025,http://negativeyouth.net/wp-content/uploads/2012/10/FATIMA2-200x200.jpg,https://negativeyouth.net/wp-content/uploads/2012/10/FATIMA2-200x200.jpg
/wp-content/uploads/2012/10/FATIMA2.jpg,image,20140109185118,image/jpeg,462044,ZZBITKHONFBT5FCNBBB5L3MT4FO63PML,200,1,2014,http://negativeyouth.net/wp-content/uploads/2012/10/FATIMA2.jpg,
/wp-content/uploads/2012/10/HECKER-200x200.jpg,image,20140109194756,image/jpeg,14468,MISKUQGCG6CFFAEQB6QVVFCEB43NDDOY,200,1,2014,http://negativeyouth.net/wp-content/uploads/2012/10/HECKER-200x200.jpg,
/wp-content/uploads/2012/10/HECKER.jpg,image,20140109193139,image/jpeg,294225,WK4ORS2M7AJN4K5CSEIEPK44INZY5VO7,200,1,2014,http://negativeyouth.net/wp-content/uploads/2012/10/HECKER.jpg,
/wp-content/uploads/2012/10/HolyOther_lovesome1-200x200.jpg,image,20140601050408,image/jpeg,5227,2QITWS4AR5GVDJ6GXL7JX2JND2MRTIQC,200,2,2014,http://negativeyouth.net/wp-content/uploads/2012/10/HolyOther_lovesome1-200x200.jpg,
/wp-content/uploads/2012/10/HolyOther_lovesome1.jpg,image,20140109194724,image/jpeg,154762,FRENMWQN4JRSORI3KK4LDPU6M4AT4KEA,200,1,2014,http://negativeyouth.net/wp-content/uploads/2012/10/HolyOther_lovesome1.jpg,
/wp-content/uploads/2012/10/M4K3-200x200.gif,image,20140109200548,image/gif,11417,YJSIHL3DI5QUHRDGAQEUTAVE3CLLA4FE,200,1,2014,http://negativeyouth.net/wp-content/uploads/2012/10/M4K3-200x200.gif,
/wp-content/uploads/2012/10/M4K3.gif,image,20140109192822,image/gif,145230,GKATYUL5PLEZITPPQP5DESIA5BWPANFL,200,1,2014,http://negativeyouth.net/wp-content/uploads/2012/10/M4K3.gif,
/wp-content/uploads/2012/10/MEXICO_COVER-copy-200x200.jpg,image,20140109192932,image/jpeg,18547,AFWFSNVDPUZJ2PALXJZ76DITOLLYFOQL,200,1,2014,http://negativeyouth.net/wp-content/uploads/2012/10/MEXICO_COVER-copy-200x200.jpg,
/wp-content/uploads/2012/10/MEXICO_COVER-copy.jpg,image,20140109185711,image/jpeg,854438,J7BVZWMYZI532LOLNJBAU3GQXLV2APZR,200,1,2014,http://negativeyouth.net/wp-content/uploads/2012/10/MEXICO_COVER-copy.jpg,
/wp-content/uploads/2012/10/Nicolas_cover.jpg,image,20140109184806,image/jpeg,297915,GKY6O2M56S55CEYUHSLKDIYG4HTG226M,200,1,2014,http://negativeyouth.net/wp-content/uploads/2012/10/Nicolas_cover.jpg,
/wp-content/uploads/2012/10/Nicolas_post1.jpg,image,20140109190228,image/jpeg,188544,FKATE2WB7IWON6OE53FSKVN5VXPBKCY4,200,1,2014,http://negativeyouth.net/wp-content/uploads/2012/10/Nicolas_post1.jpg,
/wp-content/uploads/2012/10/Nicolas_post2.jpg,image,20140109183327,image/jpeg,306004,7DQA36YYFE6TWH532I5ZZEWDHSRJ2HHB,200,1,2014,http://negativeyouth.net/wp-content/uploads/2012/10/Nicolas_post2.jpg,
/wp-content/uploads/2012/10/Nicolas_post3.jpg,image,20140109182415,image/jpeg,167977,ZURV2CHHJKC5TC542CRIJIEGBGLOFKUU,200,1,2014,http://negativeyouth.net/wp-content/uploads/2012/10/Nicolas_post3.jpg,
/wp-content/uploads/2012/10/Nicolas_post4.jpg,image,20140109182623,image/jpeg,183238,NG76WQGSZZVU5D6SIBISJGDYXJMKJR2P,200,1,2014,http://negativeyouth.net/wp-content/uploads/2012/10/Nicolas_post4.jpg,
/wp-content/uploads/2012/10/SOLEDAD-200x200.jpg,image,20140109184606,image/jpeg,7912,6425I774ZMDTM5JICSPXR354Y3AKZ6UP,200,1,2014,http://negativeyouth.net/wp-content/uploads/2012/10/SOLEDAD-200x200.jpg,
/wp-content/uploads/2012/10/SOLEDAD.jpg,image,20140109192402,image/jpeg,355995,ECCZMRPT4KEHIPNN6ZEYUP43KEWPXNO4,200,1,2014,http://negativeyouth.net/wp-content/uploads/2012/10/SOLEDAD.jpg,
/wp-content/uploads/2012/10/Screen-Shot-2012-10-11-at-2.17.39-AM-200x200.jpg,image,20140109192451,image/jpeg,11721,VYOUNUQHFF4XFBSVYOVCFJQFPK77X3UP,200,1,2014,http://negativeyouth.net/wp-content/uploads/2012/10/Screen-Shot-2012-10-11-at-2.17.39-AM-200x200.jpg,
/wp-content/uploads/2012/10/Screen-Shot-2012-10-18-at-12.40.30-PM.png,image,20140109191451,image/png,167127,QHRXKKKMK45JUWOZWCRIBKGEVIFCOKPW,200,1,2014,http://negativeyouth.net/wp-content/uploads/2012/10/Screen-Shot-2012-10-18-at-12.40.30-PM.png,
/wp-content/uploads/2012/10/Screen-Shot-2012-10-18-at-12.41.04-PM.png,image,20140109182849,image/png,160833,INMKOJ5343LI7SO3NUNU7EOQ3ONGI2IG,200,1,2014,http://negativeyouth.net/wp-content/uploads/2012/10/Screen-Shot-2012-10-18-at-12.41.04-PM.png,
/wp-content/uploads/2012/10/Screen-Shot-2012-10-18-at-12.43.51-PM.png,image,20140109185124,image/png,167773,IRWV3BEFTS4FZYTVHLRKUTT5LY2OGPNY,200,1,2014,http://negativeyouth.net/wp-content/uploads/2012/10/Screen-Shot-2012-10-18-at-12.43.51-PM.png,
/wp-content/uploads/2012/10/Screen-Shot-2012-10-18-at-12.45.44-PM.png,image,20140109182723,image/png,141663,FNVPAUW2ITTHDPYL6UGPW2GR3432PUKZ,200,1,2014,http://negativeyouth.net/wp-content/uploads/2012/10/Screen-Shot-2012-10-18-at-12.45.44-PM.png,
/wp-content/uploads/2012/10/Screen-Shot-2012-10-18-at-12.46.04-PM.png,image,20140109191806,image/png,165424,FCRARRJZB3O2HOJIFBJ4YOY5A4EGNBBS,200,1,2014,http://negativeyouth.net/wp-content/uploads/2012/10/Screen-Shot-2012-10-18-at-12.46.04-PM.png,
/wp-content/uploads/2012/10/Screen-Shot-2012-10-18-at-12.48.34-PM.png,image,20140109182500,image/png,172094,4772VTVM2PQDTSCLF7NVTBTIPAKOAM6C,200,1,2014,http://negativeyouth.net/wp-content/uploads/2012/10/Screen-Shot-2012-10-18-at-12.48.34-PM.png,
/wp-content/uploads/2012/10/Screen-Shot-2012-10-18-at-12.48.37-PM.png,image,20140109182150,image/png,172725,43X63OVG275C64QZRV5IETW5JTM5O5YG,200,1,2014,http://negativeyouth.net/wp-content/uploads/2012/10/Screen-Shot-2012-10-18-at-12.48.37-PM.png,
/wp-content/uploads/2012/10/Screen-Shot-2012-10-18-at-12.49.39-PM.png,image,20140109183303,image/png,147638,HWQ2E6U7DGNBV27MPZUXLV2BVVXOHJNC,200,1,2014,http://negativeyouth.net/wp-content/uploads/2012/10/Screen-Shot-2012-10-18-at-12.49.39-PM.png,
/wp-content/uploads/2012/10/Screen-Shot-2012-10-18-at-12.50.01-PM.png,image,20140109183239,image/png,146032,G4ROBVXTS777WLYPQ2C5564YTFVR5ULO,200,1,2014,http://negativeyouth.net/wp-content/uploads/2012/10/Screen-Shot-2012-10-18-at-12.50.01-PM.png,
/wp-content/uploads/2012/10/Screen-Shot-2012-10-18-at-12.50.18-PM.png,image,20140109183534,image/png,81147,K7DUKGGLIKNVORB643PZREE3QTSIIO4U,200,1,2014,http://negativeyouth.net/wp-content/uploads/2012/10/Screen-Shot-2012-10-18-at-12.50.18-PM.png,
/wp-content/uploads/2012/10/Screen-Shot-2012-10-24-at-3.49.57-PM-200x200.png,image,20140109192018,image/png,52512,2F7PFKD67RMGSZPKQGCCM7K3Y3CUWW6X,200,1,2014,http://negativeyouth.net/wp-content/uploads/2012/10/Screen-Shot-2012-10-24-at-3.49.57-PM-200x200.png,
/wp-content/uploads/2012/10/VIOLENTO-CLUB-MIX-200x200.jpg,image,20140109182422,image/jpeg,14276,SWIFGW2YEAEQKLNWK2HK3PQTQDSXFNUP,200,2,2013;2014,http://negativeyouth.net/wp-content/uploads/2012/10/VIOLENTO-CLUB-MIX-200x200.jpg,
/wp-content/uploads/2012/10/VIOLENTO-CLUB-MIX.jpg,image,20140109191749,image/jpeg,99084,DMKUKC4DAZ2G3SUCNBNAEKKZUEN5JIXN,200,1,2014,http://negativeyouth.net/wp-content/uploads/2012/10/VIOLENTO-CLUB-MIX.jpg,
/wp-content/uploads/2012/10/WEEKEND-UPDATE-200x200.jpg,image,20140109185138,image/jpeg,10961,YJ567P7W6PQ6TUOY562ZFMKG4PY2GVBL,200,1,2014,http://negativeyouth.net/wp-content/uploads/2012/10/WEEKEND-UPDATE-200x200.jpg,
/wp-content/uploads/2012/10/WEEKEND-UPDATE.jpg,image,20140109193614,image/jpeg,345756,K4W7CN4JBDYD24OJPO2YCCXPOEZAUKHD,200,2,2014;2025,http://negativeyouth.net/wp-content/uploads/2012/10/WEEKEND-UPDATE.jpg,https://negativeyouth.net/wp-content/uploads/2012/10/WEEKEND-UPDATE.jpg
/wp-content/uploads/2012/10/WEEKEND-UPDATE1-200x200.jpg,image,20140109183947,image/jpeg,10962,YJ567P7W6PQ6TUOY562ZFMKG4PY2GVBL,200,2,2014,http://negativeyouth.net/wp-content/uploads/2012/10/WEEKEND-UPDATE1-200x200.jpg,
/wp-content/uploads/2012/10/WEEKEND-UPDATE1.jpg,image,20140109191555,image/jpeg,345756,K4W7CN4JBDYD24OJPO2YCCXPOEZAUKHD,200,1,2014,http://negativeyouth.net/wp-content/uploads/2012/10/WEEKEND-UPDATE1.jpg,
/wp-content/uploads/2012/10/acapulco.jpg,image,20140109192212,image/jpeg,206796,NZDYEZI2WYT3D5XJM7JXK2RMN4T23VQE,200,1,2014,http://negativeyouth.net/wp-content/uploads/2012/10/acapulco.jpg,
/wp-content/uploads/2012/10/araab-200x200.jpg,image,20140109182906,image/jpeg,8164,YYUQQDGHS75X4E2A3DTDV5D73FPLYBQC,200,1,2014,http://negativeyouth.net/wp-content/uploads/2012/10/araab-200x200.jpg,
/wp-content/uploads/2012/10/araab1.jpg,image,20140110212941,image/jpeg,94074,JUUGFEN2ISJUMPM4UW7OYDLLUMQAXQOS,200,1,2014,http://negativeyouth.net/wp-content/uploads/2012/10/araab1.jpg,
/wp-content/uploads/2012/10/archiduque-FF.jpg,image,20140109193240,image/jpeg,139744,BH5ABPYZVWPYMW5Y4HK4J27L3O7TM46S,200,1,2014,http://negativeyouth.net/wp-content/uploads/2012/10/archiduque-FF.jpg,
/wp-content/uploads/2012/10/camila-sodi-200x200.jpg,image,20140109182147,image/jpeg,10319,C3ERG3SRMGPVOEYXA65PPG4ZXPXJTI5E,200,2,2014,http://negativeyouth.net/wp-content/uploads/2012/10/camila-sodi-200x200.jpg,
/wp-content/uploads/2012/10/camila-sodi.jpg,image,20140109192012,image/jpeg,151045,FJYHK6CZU6N7XCSITNPBUAVXKEINFA3P,200,1,2014,http://negativeyouth.net/wp-content/uploads/2012/10/camila-sodi.jpg,
/wp-content/uploads/2012/10/coverhannabrujjas-200x200.jpg,image,20140109182425,image/jpeg,25597,LPCNSKJSO4KS2F7YQX6WKQJB2ONUYSMD,200,1,2014,http://negativeyouth.net/wp-content/uploads/2012/10/coverhannabrujjas-200x200.jpg,
/wp-content/uploads/2012/10/coverhannabrujjas.jpg,image,20140109193509,image/jpeg,691418,EBAVURY366NYLJRUGRDBIHT5FH5OAUTS,200,1,2014,http://negativeyouth.net/wp-content/uploads/2012/10/coverhannabrujjas.jpg,
/wp-content/uploads/2012/10/dani-shivers-200x200.png,image,20140109192019,image/png,37130,IPA37TNMBZJ2WR3VAYGR5DF7OWXGHIUV,200,1,2014,http://negativeyouth.net/wp-content/uploads/2012/10/dani-shivers-200x200.png,
/wp-content/uploads/2012/10/daniel-maloso-200x200.jpg,image,20140109184210,image/jpeg,14246,RPTPNGDNONWQ6S5WQ7V4WLKF4VDVCNSG,200,1,2014,http://negativeyouth.net/wp-content/uploads/2012/10/daniel-maloso-200x200.jpg,
/wp-content/uploads/2012/10/daniel-maloso1-700x904.jpg,image,20140109185705,image/jpeg,130144,OKFVF4VSWOTGWTLWNPVVXRKG5AMC32WT,200,1,2014,http://negativeyouth.net/wp-content/uploads/2012/10/daniel-maloso1-700x904.jpg,
/wp-content/uploads/2012/10/fauna-200x200.png,image,20140109192140,image/png,47305,C6TXY2REBKJSLTFNNTVHYRJLHHLEPUCF,200,1,2014,http://negativeyouth.net/wp-content/uploads/2012/10/fauna-200x200.png,
/wp-content/uploads/2012/10/glass_popcorn.jpeg,image,20140109194232,image/jpeg,242879,CSJB4HRJI2BZBHZFH2IOXCQW4R4HGX2U,200,1,2014,http://negativeyouth.net/wp-content/uploads/2012/10/glass_popcorn.jpeg,
/wp-content/uploads/2012/10/gregor.jpg,image,20140109194936,image/jpeg,230003,IRQW56HW5NAI3VDSVBQLXMBNMHBOE2SI,200,1,2014,http://negativeyouth.net/wp-content/uploads/2012/10/gregor.jpg,
/wp-content/uploads/2012/10/hate.jpg,image,20140109191127,image/jpeg,200438,NYL2U527ASCC7YQQYLJT4UWLOJD3ZYNQ,200,2,2013;2014,http://negativeyouth.net/wp-content/uploads/2012/10/hate.jpg,
/wp-content/uploads/2012/10/inc-200x200.jpeg,image,20140109182257,image/jpeg,10741,H4MJ7SLM33V33C7ZW46QRERFVT3FLIYD,200,1,2014,http://negativeyouth.net/wp-content/uploads/2012/10/inc-200x200.jpeg,
/wp-content/uploads/2012/10/jewels-of-indians-200x200.jpg,image,20140109184046,image/jpeg,18145,NH7DO3BUC5B7MXYHUK5HYKECDQSDTEDZ,200,1,2014,http://negativeyouth.net/wp-content/uploads/2012/10/jewels-of-indians-200x200.jpg,
/wp-content/uploads/2012/10/jewels-of-indians.jpg,image,20140109191749,image/jpeg,708194,JC5GZPZIMXSYX76C7F6MGQNETUZ4377Z,200,1,2014,http://negativeyouth.net/wp-content/uploads/2012/10/jewels-of-indians.jpg,
/wp-content/uploads/2012/10/kyary-200x200.png,image,20140601072813,image/png,77212,7MJWJOOTSCARM2F3LBMMOIK4L7OZN6LU,200,2,2014,http://negativeyouth.net/wp-content/uploads/2012/10/kyary-200x200.png,
/wp-content/uploads/2012/10/lil-b-200x200.jpg,image,20140109185040,image/jpeg,12978,SM7WPRWOSX3KSSKCME633MZFIVGSA24B,200,1,2014,http://negativeyouth.net/wp-content/uploads/2012/10/lil-b-200x200.jpg,
/wp-content/uploads/2012/10/lil-b.jpg,image,20140110212134,image/jpeg,206396,GWXCWTHI3URKIYAXUHRZAHWFDXNOGAPU,200,1,2014,http://negativeyouth.net/wp-content/uploads/2012/10/lil-b.jpg,
/wp-content/uploads/2012/10/marlboro-slut.jpg,image,20140109191434,image/jpeg,168328,F3AMCHEBSGL74L7KRGGSNE2HXYDINCC5,200,1,2014,http://negativeyouth.net/wp-content/uploads/2012/10/marlboro-slut.jpg,
/wp-content/uploads/2012/10/mib-200x200.jpg,image,20140109185934,image/jpeg,18385,E6EGNKIVDOJKBWI7ISIWBUC2SKB3B65M,200,1,2014,http://negativeyouth.net/wp-content/uploads/2012/10/mib-200x200.jpg,
/wp-content/uploads/2012/10/mib.jpg,image,20140109192150,image/jpeg,357765,2R2PE4A3GJZZ43JV6DVBWPW22ZG62VHX,200,1,2014,http://negativeyouth.net/wp-content/uploads/2012/10/mib.jpg,
/wp-content/uploads/2012/10/schonwald-200x200.jpeg,image,20140109194630,image/jpeg,12532,376ORYRSLDJB2TH72HF3I6TRM2GK4O5T,200,1,2014,http://negativeyouth.net/wp-content/uploads/2012/10/schonwald-200x200.jpeg,
/wp-content/uploads/2012/10/schonwald_moon.jpg,image,20140109182724,image/jpeg,136731,TX5SW55XVGBNYGZYBTYEY7OXNXGOQBPB,200,1,2014,http://negativeyouth.net/wp-content/uploads/2012/10/schonwald_moon.jpg,
/wp-content/uploads/2012/10/sky-200x200.jpg,image,20140109184433,image/jpeg,11509,5545SZ67DRS5ON73M576ICKP32AUZHS6,200,1,2014,http://negativeyouth.net/wp-content/uploads/2012/10/sky-200x200.jpg,
/wp-content/uploads/2012/10/sky-forever-200x200.png,image,20131209112626,image/png,54778,NQZCAQWXT5JSXYYP4EZJ3BGEZMXB3VSV,200,2,2013;2014,http://negativeyouth.net/wp-content/uploads/2012/10/sky-forever-200x200.png,
/wp-content/uploads/2012/10/sky-sky-sky.jpg,image,20140109183703,image/jpeg,301358,NBKNPCTUY3Y3HANABXYUFHR5FAXBMXOR,200,1,2014,http://negativeyouth.net/wp-content/uploads/2012/10/sky-sky-sky.jpg,
/wp-content/uploads/2012/10/tears-200x200.png,image,20140109192059,image/png,53997,TAFUZIAUCZTZULBC4EAJVJHEB7MGC5BE,200,1,2014,http://negativeyouth.net/wp-content/uploads/2012/10/tears-200x200.png,
/wp-content/uploads/2012/10/telepathe-200x200.jpg,image,20140109184139,image/jpeg,16921,MBZYG3YSQIYBUVMALVLMBCD3YKIB3OBR,200,2,2014,http://negativeyouth.net/wp-content/uploads/2012/10/telepathe-200x200.jpg,
/wp-content/uploads/2012/10/telepathe.jpg,image,20140109194553,image/jpeg,468271,7UEBXY44KHTHT3PV4THJVFH3EP7K46O4,200,1,2014,http://negativeyouth.net/wp-content/uploads/2012/10/telepathe.jpg,
/wp-content/uploads/2012/10/tumblr_m6cv04fbQJ1r5pi99o1_12801-200x200.jpg,image,20140109190928,image/jpeg,15246,IALIVYOKDBTD7SD7APREDV4HUE3U4R33,200,1,2014,http://negativeyouth.net/wp-content/uploads/2012/10/tumblr_m6cv04fbQJ1r5pi99o1_12801-200x200.jpg,
/wp-content/uploads/2012/10/tumblr_m6cv04fbQJ1r5pi99o1_12801.jpg,image,20140109200503,image/jpeg,400672,HT5EHB4GX5DKPTFW7DDW2MMWEZQDCYGS,200,1,2014,http://negativeyouth.net/wp-content/uploads/2012/10/tumblr_m6cv04fbQJ1r5pi99o1_12801.jpg,
/wp-content/uploads/2012/10/vally-girl-200x200.png,image,20140109190933,image/png,61108,U7VCH3P5SPB7K3YRYABITUQFHVP6W23L,200,1,2014,http://negativeyouth.net/wp-content/uploads/2012/10/vally-girl-200x200.png,
/wp-content/uploads/2012/10/vuh-200x200.png,image,20140109191402,image/png,98940,LZOXSMLFDWVYMDIBRUZVDLZGYHSQTO54,200,1,2014,http://negativeyouth.net/wp-content/uploads/2012/10/vuh-200x200.png,
/wp-content/uploads/2012/11/2223063229-1-200x200.jpeg,image,20131023045710,image/jpeg,5046,EUMTPFUHN2QKMNJIVA23EDGFCYNE7MPR,200,3,2013;2014,http://negativeyouth.net/wp-content/uploads/2012/11/2223063229-1-200x200.jpeg,
/wp-content/uploads/2012/11/2582425563-1-200x200.jpg,image,20140109193627,image/jpeg,17486,F42FARN7N5AGNEFLRDLOEGF3TP7RNESZ,200,1,2014,http://negativeyouth.net/wp-content/uploads/2012/11/2582425563-1-200x200.jpg,
/wp-content/uploads/2012/11/2582425563-1.jpg,image,20140109185057,image/jpeg,571256,K7FG4CDVCASYGOISNEXN4D3EO4JVKPS2,200,1,2014,http://negativeyouth.net/wp-content/uploads/2012/11/2582425563-1.jpg,
/wp-content/uploads/2012/11/3451097127-1-200x200.jpeg,image,20140109190226,image/jpeg,13847,WPCGV62J4PWTOGUNUFABC2U2EYCW3H3U,200,1,2014,http://negativeyouth.net/wp-content/uploads/2012/11/3451097127-1-200x200.jpeg,
/wp-content/uploads/2012/11/3451097127-1.jpeg,image,20140110183924,image/jpeg,592833,ZCFZ54BLYPA4BMO7YBFBYA2BFTEIFJ4V,200,1,2014,http://negativeyouth.net/wp-content/uploads/2012/11/3451097127-1.jpeg,
/wp-content/uploads/2012/11/386429_10152321831850457_1673804522_n-200x200.jpeg,image,20140109194103,image/jpeg,13373,MNN7A4RV2E4EXG3MPP74QDQDKBVZ7Q25,200,1,2014,http://negativeyouth.net/wp-content/uploads/2012/11/386429_10152321831850457_1673804522_n-200x200.jpeg,
/wp-content/uploads/2012/11/3964671530-1-200x200.jpeg,image,20140109184008,image/jpeg,19320,2U35HIWFOIIKOI4JJAPIF64P3B6IRIRR,200,1,2014,http://negativeyouth.net/wp-content/uploads/2012/11/3964671530-1-200x200.jpeg,
/wp-content/uploads/2012/11/77fd70c2-200x200.jpeg,image,20140109182045,image/jpeg,22340,DU5CMJ7B6Z3BTL2SCME4DYNMVIMXUD4S,200,1,2014,http://negativeyouth.net/wp-content/uploads/2012/11/77fd70c2-200x200.jpeg,
/wp-content/uploads/2012/11/ALLYRGIFS700-200x200.gif,image,20140109184517,image/gif,25364,VMJ5MGPON7GQDLFPCH6P5OUPKRJDC5HO,200,1,2014,http://negativeyouth.net/wp-content/uploads/2012/11/ALLYRGIFS700-200x200.gif,
/wp-content/uploads/2012/11/ALLYRGIFS700.gif,image,20140109185518,image/gif,3830416,WMNLK3Z2YCYPALFZPACECZYSIPFB5TRB,200,1,2014,http://negativeyouth.net/wp-content/uploads/2012/11/ALLYRGIFS700.gif,
/wp-content/uploads/2012/11/AUTUMN-MIX-copy-200x200.jpg,image,20140109183147,image/jpeg,12928,DUATJGEWXDREQKJB623VQJZT6R5RLEXD,200,1,2014,http://negativeyouth.net/wp-content/uploads/2012/11/AUTUMN-MIX-copy-200x200.jpg,
/wp-content/uploads/2012/11/AUTUMN-MIX-copy.jpg,image,20140109193939,image/jpeg,543092,6ZEZ67KFSU6CCEYLMMTNUZMA2WG7ONMK,200,1,2014,http://negativeyouth.net/wp-content/uploads/2012/11/AUTUMN-MIX-copy.jpg,
/wp-content/uploads/2012/11/INDIAN-JEWELRY-PEEL-IT-cover-200x200.jpeg,image,20140109182214,image/jpeg,18179,7257CRNFEYBLJWAYJURV4ZPJLSZUO3ZB,200,1,2014,http://negativeyouth.net/wp-content/uploads/2012/11/INDIAN-JEWELRY-PEEL-IT-cover-200x200.jpeg,
/wp-content/uploads/2012/11/Jummy-200x200.jpg,image,20140109192504,image/jpeg,24485,IAFPKABR654GBTLGQY655V5GJKMXK37T,200,1,2014,http://negativeyouth.net/wp-content/uploads/2012/11/Jummy-200x200.jpg,
/wp-content/uploads/2012/11/Jummy-700x1000.jpg,image,20140109202122,image/jpeg,380071,XQITDID5SEHSLXGQYFHP73DHSATD52SE,200,1,2014,http://negativeyouth.net/wp-content/uploads/2012/11/Jummy-700x1000.jpg,
/wp-content/uploads/2012/11/PEEL-IT-200x200.jpg,image,20140109195208,image/jpeg,18135,NH7DO3BUC5B7MXYHUK5HYKECDQSDTEDZ,200,1,2014,http://negativeyouth.net/wp-content/uploads/2012/11/PEEL-IT-200x200.jpg,
/wp-content/uploads/2012/11/PEEL-IT.jpg,image,20140109202126,image/jpeg,701977,FMXIWPRIO73CVV6SCAENTJLZPIJHNAAR,200,1,2014,http://negativeyouth.net/wp-content/uploads/2012/11/PEEL-IT.jpg,
/wp-content/uploads/2012/11/Screen-Shot-2012-11-22-at-3.21.12-PM-200x200.png,image,20140109194401,image/png,54519,4VE26SE5BXOF23UR4T6BIU5HGXYURK5M,200,1,2014,http://negativeyouth.net/wp-content/uploads/2012/11/Screen-Shot-2012-11-22-at-3.21.12-PM-200x200.png,
/wp-content/uploads/2012/11/Screen-Shot-2012-11-22-at-3.21.12-PM-700x645.png,image,20140109202131,image/png,278570,7O2OXH4TQBEVQ2YI7AGSUXQK7XFY7QAH,200,1,2014,http://negativeyouth.net/wp-content/uploads/2012/11/Screen-Shot-2012-11-22-at-3.21.12-PM-700x645.png,
/wp-content/uploads/2012/11/adeptus-200x200.jpg,image,20140109191708,image/jpeg,11516,RP5P2ZKQZPXHDGFFLCEDZCDF6AUWCGLY,200,1,2014,http://negativeyouth.net/wp-content/uploads/2012/11/adeptus-200x200.jpg,
/wp-content/uploads/2012/11/adeptus.jpg,image,20140109192756,image/jpeg,268616,WV6PEZ4HTJCZBTFSETWAPF4DCUB5NBUX,200,1,2014,http://negativeyouth.net/wp-content/uploads/2012/11/adeptus.jpg,
/wp-content/uploads/2012/11/aids3d-200x200.jpg,image,20140109185610,image/jpeg,16963,GGUO67U3LAYWUICUOQLEEW2UMLY65CZ5,200,1,2014,http://negativeyouth.net/wp-content/uploads/2012/11/aids3d-200x200.jpg,
/wp-content/uploads/2012/11/aids3d.jpg,image,20140109195151,image/jpeg,384130,5WHAIV6ZJ6ENNIZPZ5QO433T6WVDK3CV,200,1,2014,http://negativeyouth.net/wp-content/uploads/2012/11/aids3d.jpg,
/wp-content/uploads/2012/11/artworks-000032725321-btawkb-original-200x200.jpeg,image,20140109202401,image/jpeg,21861,QOOICJI3HBR6PONQAJU54BAUKXJX3IYA,200,1,2014,http://negativeyouth.net/wp-content/uploads/2012/11/artworks-000032725321-btawkb-original-200x200.jpeg,
/wp-content/uploads/2012/11/artworks-000032725321-btawkb-original.jpeg,image,20140109193526,image/jpeg,664190,5OXULRXTSU6PMGZ76LUJWX6J7JIMNUMA,200,1,2014,http://negativeyouth.net/wp-content/uploads/2012/11/artworks-000032725321-btawkb-original.jpeg,
/wp-content/uploads/2012/11/artworks-000033713235-i14smv-original-200x200.jpeg,image,20140109185036,image/jpeg,8516,YNIPOVBV7QPYXJPHBIVOXNIYJ4SZIX56,200,1,2014,http://negativeyouth.net/wp-content/uploads/2012/11/artworks-000033713235-i14smv-original-200x200.jpeg,
/wp-content/uploads/2012/11/artworks-000033713235-i14smv-original.jpeg,image,20140109190909,image/jpeg,86849,5FOU65VN2GLAMU2E22IE643UZMW5FSA6,200,1,2014,http://negativeyouth.net/wp-content/uploads/2012/11/artworks-000033713235-i14smv-original.jpeg,
/wp-content/uploads/2012/11/artworks-000033828513-8brjui-original1-200x200.png,image,20140109191829,image/png,14482,IPK3VXUMHV4B7XZA5ISKQJVZBQIG2A6X,200,1,2014,http://negativeyouth.net/wp-content/uploads/2012/11/artworks-000033828513-8brjui-original1-200x200.png,
/wp-content/uploads/2012/11/artworks-000033828513-8brjui-original1.png,image,20140109191848,image/png,933591,BBMCKGUFP2L55OCSD2MPBRK7732CYOBX,200,1,2014,http://negativeyouth.net/wp-content/uploads/2012/11/artworks-000033828513-8brjui-original1.png,
/wp-content/uploads/2012/11/artworks-000034282831-6kbql0-original-200x200.jpg,image,20140109201110,image/jpeg,9425,4FP5RF73UMJT3U45JOGCDLXPSBMBKPZZ,200,1,2014,http://negativeyouth.net/wp-content/uploads/2012/11/artworks-000034282831-6kbql0-original-200x200.jpg,
/wp-content/uploads/2012/11/artworks-000034282831-6kbql0-original-700x960.jpg,image,20140109183448,image/jpeg,174595,24KPC2VTJYI72M76WXACCTH3Z3KFS4KH,200,1,2014,http://negativeyouth.net/wp-content/uploads/2012/11/artworks-000034282831-6kbql0-original-700x960.jpg,
/wp-content/uploads/2012/11/artworks-000035154925-c4lttu-original1-200x200.png,image,20140109185121,image/png,59017,C27T4CJ7F4KLDDLWPN66AX2SEYNWULYA,200,1,2014,http://negativeyouth.net/wp-content/uploads/2012/11/artworks-000035154925-c4lttu-original1-200x200.png,
/wp-content/uploads/2012/11/artworks-000035154925-c4lttu-original1.png,image,20140109202215,image/png,524020,3DXJSOKRWUNXZFOQ37RQLYRENQM7MUNV,200,1,2014,http://negativeyouth.net/wp-content/uploads/2012/11/artworks-000035154925-c4lttu-original1.png,
/wp-content/uploads/2012/11/bestial-mouths-200x200.png,image,20140109182338,image/png,51540,HCLS5N735V4267QVNXT3PFOKDOFC3EFF,200,1,2014,http://negativeyouth.net/wp-content/uploads/2012/11/bestial-mouths-200x200.png,
/wp-content/uploads/2012/11/charli-brooke-200x200.png,image,20140601074035,image/png,67715,ZERDG6ZVICFP7CBDJIAOCZETUJUU2TMO,200,3,2013;2014,http://negativeyouth.net/wp-content/uploads/2012/11/charli-brooke-200x200.png,
/wp-content/uploads/2012/11/clarli-200x200.jpg,image,20140109195341,image/jpeg,14645,FHXJBVLPITRNYBPHI7Q7ILT4V3OU3KDO,200,1,2014,http://negativeyouth.net/wp-content/uploads/2012/11/clarli-200x200.jpg,
/wp-content/uploads/2012/11/clarli.jpg,image,20140109195635,image/jpeg,270889,27CX4PM7SXZ3VX2RCEEVKGK2X5FEJP5T,200,1,2014,http://negativeyouth.net/wp-content/uploads/2012/11/clarli.jpg,
/wp-content/uploads/2012/11/darksideart_082912-200x200.jpeg,image,20140109184448,image/jpeg,22143,F5EK2HPSKZZA6CAPWMCLHZSWHZUTJV3G,200,1,2014,http://negativeyouth.net/wp-content/uploads/2012/11/darksideart_082912-200x200.jpeg,
/wp-content/uploads/2012/11/darksideart_082912.jpeg,image,20140109203601,image/jpeg,147270,3SLR3NTZINPQHOLANL6PIUJYTHVDIOUS,200,1,2014,http://negativeyouth.net/wp-content/uploads/2012/11/darksideart_082912.jpeg,
/wp-content/uploads/2012/11/de-la-cabeza-200x200.jpg,image,20140110212411,image/jpeg,19079,TZASSEUY4UCUL2ODLFQOBRHGI7A3IZ5K,200,1,2014,http://negativeyouth.net/wp-content/uploads/2012/11/de-la-cabeza-200x200.jpg,
/wp-content/uploads/2012/11/de-la-cabeza2-e1352492522394.jpg,image,20140109191944,image/jpeg,123849,WZ7C47NQXXLH36Y2SLKUMEMJSRFMZFQX,200,1,2014,http://negativeyouth.net/wp-content/uploads/2012/11/de-la-cabeza2-e1352492522394.jpg,
/wp-content/uploads/2012/11/eldescenso-200x200.jpg,image,20140109194033,image/jpeg,12345,633QMF5VNUXJUP3E5MVRQQ7V5272265P,200,1,2014,http://negativeyouth.net/wp-content/uploads/2012/11/eldescenso-200x200.jpg,
/wp-content/uploads/2012/11/eldescenso.jpg,image,20140109203500,image/jpeg,384361,HZBKVHBPFVTOQMBRVGFUW25OILQMBZVB,200,1,2014,http://negativeyouth.net/wp-content/uploads/2012/11/eldescenso.jpg,
/wp-content/uploads/2012/11/fatherhood-200x200.jpg,image,20140109190430,image/jpeg,16660,LICCT2PTIIQQM5SETFFV2RCIYV4APGTP,200,1,2014,http://negativeyouth.net/wp-content/uploads/2012/11/fatherhood-200x200.jpg,
/wp-content/uploads/2012/11/fatherhood.jpg,image,20140109193256,image/jpeg,237582,63UGM4OPLS7W7GLWJAXOGFEQLAR5BOX4,200,1,2014,http://negativeyouth.net/wp-content/uploads/2012/11/fatherhood.jpg,
/wp-content/uploads/2012/11/hannah-200x200.jpg,image,20140109191821,image/jpeg,18561,QS4DOGZ7AMYMMP2MQCQYAAP7A3VF6SWN,200,2,2014;2025,http://negativeyouth.net/wp-content/uploads/2012/11/hannah-200x200.jpg,https://negativeyouth.net/wp-content/uploads/2012/11/hannah-200x200.jpg
/wp-content/uploads/2012/11/hannah.jpg,image,20140109203435,image/jpeg,356337,DMQGRB64W2RJWJYAJ43GIWYAXY5JESQ4,200,1,2014,http://negativeyouth.net/wp-content/uploads/2012/11/hannah.jpg,
/wp-content/uploads/2012/11/indian-jewelry-200x200.jpg,image,20140109195135,image/jpeg,11490,2IJSOZQL4R5EB6HHDQ7JJ2XACTFIZOZP,200,1,2014,http://negativeyouth.net/wp-content/uploads/2012/11/indian-jewelry-200x200.jpg,
/wp-content/uploads/2012/11/indian-jewelry.jpg,image,20140109193747,image/jpeg,324622,Y2BSWATA5GZRTUBXHBIKUHXTTPP7ZSSC,200,1,2014,http://negativeyouth.net/wp-content/uploads/2012/11/indian-jewelry.jpg,
/wp-content/uploads/2012/11/james-ferraro-200x200.png,image,20140109191758,image/png,69998,SSPLPIY5XJR5ZOCSXBYL5QWQW7TYQNOB,200,2,2014,http://negativeyouth.net/wp-content/uploads/2012/11/james-ferraro-200x200.png,
/wp-content/uploads/2012/11/le1f-200x200.png,image,20140109191803,image/png,70057,YS4PKGUKISWX4QL6D5ITX6P5EMSEPBQW,200,2,2014;2025,http://negativeyouth.net/wp-content/uploads/2012/11/le1f-200x200.png,https://negativeyouth.net/wp-content/uploads/2012/11/le1f-200x200.png
/wp-content/uploads/2012/11/life-and-death-200x200.jpg,image,20131205043902,image/jpeg,13054,PZBZUQ4REEWL6NHHVINECHCNZRFLJ2S5,200,2,2013;2014,http://negativeyouth.net/wp-content/uploads/2012/11/life-and-death-200x200.jpg,
/wp-content/uploads/2012/11/life-and-death-700x960.jpg,image,20140109190514,image/jpeg,193701,NX3KYFUXGHMYD33WVPY327SQYVHDL2HZ,200,1,2014,http://negativeyouth.net/wp-content/uploads/2012/11/life-and-death-700x960.jpg,
/wp-content/uploads/2012/11/monocromo-200x200.jpg,image,20140109192903,image/jpeg,13226,CTHMDFFEPLIOPLZMEITL3AUWF5SLAG3X,200,1,2014,http://negativeyouth.net/wp-content/uploads/2012/11/monocromo-200x200.jpg,
/wp-content/uploads/2012/11/msi-200x200.png,image,20140109191807,image/png,74442,VIG6EJR6PJF4EXEVA6LEDEF23VO6G25K,200,1,2014,http://negativeyouth.net/wp-content/uploads/2012/11/msi-200x200.png,
/wp-content/uploads/2012/11/mxxx-200x200.jpg,image,20140109191152,image/jpeg,7115,7OH52SQ35UI7RQOBDDWUM4KENDOVCML2,200,1,2014,http://negativeyouth.net/wp-content/uploads/2012/11/mxxx-200x200.jpg,
/wp-content/uploads/2012/11/mxxx.jpg,image,20140109191822,image/jpeg,56006,JJ7NMXMZPM4OSHVM6EWQQU7G3JVHNWSL,200,1,2014,http://negativeyouth.net/wp-content/uploads/2012/11/mxxx.jpg,
/wp-content/uploads/2012/11/stoned-boys-200x200.png,image,20140109191955,image/png,43601,K2KP2IC4RDI2OZV4ACSMS5YC7TT3EU6G,200,1,2014,http://negativeyouth.net/wp-content/uploads/2012/11/stoned-boys-200x200.png,
/wp-content/uploads/2012/11/sushi-200x200.jpg,image,20140109184501,image/jpeg,6713,EAAQAZK2XZ37GWMKCKZVIY5B625JQQFL,200,1,2014,http://negativeyouth.net/wp-content/uploads/2012/11/sushi-200x200.jpg,
/wp-content/uploads/2012/11/sushi.jpg,image,20140109184632,image/jpeg,108190,UPMWWPHIRQ3AREIN4UD6SYNPBO6FG6DJ,200,1,2014,http://negativeyouth.net/wp-content/uploads/2012/11/sushi.jpg,
/wp-content/uploads/2012/11/triadgod-200x200.jpg,image,20140109183123,image/jpeg,12765,Q5ASGZUXFH6ICL25G5IPL5GGN2HSVM3S,200,2,2013;2014,http://negativeyouth.net/wp-content/uploads/2012/11/triadgod-200x200.jpg,
/wp-content/uploads/2012/11/triadgod-700x960.jpg,image,20140109191320,image/jpeg,149523,EPDQHZXAMFU6ZDKNG2TNYPB2P677QGDY,200,1,2014,http://negativeyouth.net/wp-content/uploads/2012/11/triadgod-700x960.jpg,
/wp-content/uploads/2012/11/trust-200x200.png,image,20140109184841,image/png,54439,556XNWUMPSD4X3R37T3TM4KGB4KAWGIL,200,1,2014,http://negativeyouth.net/wp-content/uploads/2012/11/trust-200x200.png,
/wp-content/uploads/2012/11/twin-gemz-200x200.jpg,image,20140109192719,image/jpeg,15936,MS3PPEFHW4PEQPLFO2VP5WHVBEFNVHTO,200,1,2014,http://negativeyouth.net/wp-content/uploads/2012/11/twin-gemz-200x200.jpg,
/wp-content/uploads/2012/11/twin-gemz.jpg,image,20140109182544,image/jpeg,421442,PFVACWVSDQUEZXWTI4JZBDWUS7TI2KKT,200,1,2014,http://negativeyouth.net/wp-content/uploads/2012/11/twin-gemz.jpg,
/wp-content/uploads/2012/11/wife-200x200.png,image,20140109182222,image/png,51076,DF5SMXPW2HQL5WF4ZK66VTHGVB3MKB54,200,1,2014,http://negativeyouth.net/wp-content/uploads/2012/11/wife-200x200.png,
/wp-content/uploads/2012/12/5-200x200.jpg,image,20131104103733,image/jpeg,8302,B27VKIDDNF3FBUYMYCT6NPJADNZV7AOF,200,2,2013;2014,http://negativeyouth.net/wp-content/uploads/2012/12/5-200x200.jpg,
/wp-content/uploads/2012/12/5.jpg,image,20140109191153,image/jpeg,103570,FNI4MLRB4FVXXO7XAVR4CIZTAF2ZGNI7,200,1,2014,http://negativeyouth.net/wp-content/uploads/2012/12/5.jpg,
/wp-content/uploads/2012/12/ART-THOUGHTZ-200x200.png,image,20140109193855,image/png,52805,TSZFJWNHGLUZEV7TREOT5VXNIL53XYTM,200,1,2014,http://negativeyouth.net/wp-content/uploads/2012/12/ART-THOUGHTZ-200x200.png,
/wp-content/uploads/2012/12/FIREWIRE-SALUTATION-copy.jpg,image,20140109190426,image/jpeg,184876,ZXWJEYWDPEI3W4W3DUJSZTSXPNIV43Y6,200,1,2014,http://negativeyouth.net/wp-content/uploads/2012/12/FIREWIRE-SALUTATION-copy.jpg,
/wp-content/uploads/2012/12/HIPPIE-NEW-YEAR-ok-200x200.jpg,image,20140109183956,image/jpeg,11236,KUHCVNWPFEZ6KJ62YHLDRJ7CGVOHVSI6,200,1,2014,http://negativeyouth.net/wp-content/uploads/2012/12/HIPPIE-NEW-YEAR-ok-200x200.jpg,
/wp-content/uploads/2012/12/HIPPIE-NEW-YEAR-ok.jpg,image,20140110212846,image/jpeg,362604,WBR2PO7GL2S4RZNZX6CHJ3Q5VCVFDDSQ,200,1,2014,http://negativeyouth.net/wp-content/uploads/2012/12/HIPPIE-NEW-YEAR-ok.jpg,
/wp-content/uploads/2012/12/LIES-Presents-American-Noise-200x200.jpg,image,20140109192934,image/jpeg,19893,T6QTWTNZPACBZWZ4DHPEHKTOVKBRFD54,200,1,2014,http://negativeyouth.net/wp-content/uploads/2012/12/LIES-Presents-American-Noise-200x200.jpg,
/wp-content/uploads/2012/12/LIES-Presents-American-Noise.jpg,image,20140109194627,image/jpeg,113019,PM33CLZ35NZMICCMMNX5SBYMQDVTUERO,200,1,2014,http://negativeyouth.net/wp-content/uploads/2012/12/LIES-Presents-American-Noise.jpg,
/wp-content/uploads/2012/12/NEW-COLONY-200x200.png,image,20140109194224,image/png,44223,NW5VCSCNRJECKZT2YWSBVVANWQNQSFJB,200,1,2014,http://negativeyouth.net/wp-content/uploads/2012/12/NEW-COLONY-200x200.png,
/wp-content/uploads/2012/12/age_of_aquarius-copy.jpg,image,20140109191447,image/jpeg,204716,OZAHC7TEPQNEWO2IL4VHN6ZSFDSJJKJO,200,1,2014,http://negativeyouth.net/wp-content/uploads/2012/12/age_of_aquarius-copy.jpg,
/wp-content/uploads/2012/12/artworks-000035433923-hbd5pj-large-200x200.jpeg,image,20140109192829,image/jpeg,18863,QLZHZNTGKTLL7FBLZJTD2QNBKSYE5XRU,200,2,2014,http://negativeyouth.net/wp-content/uploads/2012/12/artworks-000035433923-hbd5pj-large-200x200.jpeg,
/wp-content/uploads/2012/12/artworks-000035433923-hbd5pj-large1.jpeg,image,20140109203558,image/jpeg,235896,DFIMDCXZOHEWSFAV25E3R3BN3JMHBKRH,200,1,2014,http://negativeyouth.net/wp-content/uploads/2012/12/artworks-000035433923-hbd5pj-large1.jpeg,
/wp-content/uploads/2012/12/boan-200x200.jpg,image,20140109183739,image/jpeg,8625,P2XZ4LANDRKYIWND7M55X6YSHFIKQ5O5,200,1,2014,http://negativeyouth.net/wp-content/uploads/2012/12/boan-200x200.jpg,
/wp-content/uploads/2012/12/boan.jpg,image,20140109192847,image/jpeg,175534,VIAIPRUSUGRE7XPV6NAQ7LRFXCJNCTX7,200,1,2014,http://negativeyouth.net/wp-content/uploads/2012/12/boan.jpg,
/wp-content/uploads/2012/12/cassie-200x200.jpg,image,20140109185344,image/jpeg,17306,MKKOUVJQQKBNDU3UXYDUDPCPEOZCJXSR,200,1,2014,http://negativeyouth.net/wp-content/uploads/2012/12/cassie-200x200.jpg,
/wp-content/uploads/2012/12/cassie.jpg,image,20140109190631,image/jpeg,578528,MYZ4OOOBQIDVU6JFP7OKR3SE5EBOKQB6,200,1,2014,http://negativeyouth.net/wp-content/uploads/2012/12/cassie.jpg,
/wp-content/uploads/2012/12/creep-200x200.jpg,image,20140109194908,image/jpeg,13622,OZWHUQ3UJDMJOW3SZJR72DQDW34XXFWH,200,1,2014,http://negativeyouth.net/wp-content/uploads/2012/12/creep-200x200.jpg,
/wp-content/uploads/2012/12/creep.jpg,image,20140109194250,image/jpeg,287035,T6LYUU623MWDTFAXF5VKI3EEHKASQQN6,200,1,2014,http://negativeyouth.net/wp-content/uploads/2012/12/creep.jpg,
/wp-content/uploads/2012/12/curse-200x200.jpg,image,20140109195321,image/jpeg,20176,TI2KXIWV375KHDTYU5TJR4SKQRXONHCU,200,2,2014;2025,http://negativeyouth.net/wp-content/uploads/2012/12/curse-200x200.jpg,https://negativeyouth.net/wp-content/uploads/2012/12/curse-200x200.jpg
/wp-content/uploads/2012/12/curse.jpg,image,20140110213539,image/jpeg,299763,3KEY7MNM7GPYLQGPNIGNZVPRC5WTUZNH,200,1,2014,http://negativeyouth.net/wp-content/uploads/2012/12/curse.jpg,
/wp-content/uploads/2012/12/doss-200x200.jpg,image,20140109185552,image/jpeg,6264,K6C3XSQZFGBUOILRROVUORJQZSWM4LRL,200,1,2014,http://negativeyouth.net/wp-content/uploads/2012/12/doss-200x200.jpg,
/wp-content/uploads/2012/12/doss.jpg,image,20140109184515,image/jpeg,102729,PUZ4E27DL7F4UKATDJBU4MPZ3UMOYBUY,200,1,2014,http://negativeyouth.net/wp-content/uploads/2012/12/doss.jpg,
/wp-content/uploads/2012/12/electric-copy.jpg,image,20140109190237,image/jpeg,175449,QTEMF4V2YLUHPO5E4QKSES4RFAMM5EGC,200,1,2014,http://negativeyouth.net/wp-content/uploads/2012/12/electric-copy.jpg,
/wp-content/uploads/2012/12/globalwarming-copy1.jpg,image,20140109190220,image/jpeg,255565,OJO7UFXFUDSEB5YF24ZOTZAZELKZKY4D,200,1,2014,http://negativeyouth.net/wp-content/uploads/2012/12/globalwarming-copy1.jpg,
/wp-content/uploads/2012/12/half_man_half_icalcalender-copy.jpg,image,20140109190929,image/jpeg,180263,CATVAHXB46TJ42IN6J5W5O4W45I7ALKB,200,1,2014,http://negativeyouth.net/wp-content/uploads/2012/12/half_man_half_icalcalender-copy.jpg,
/wp-content/uploads/2012/12/lemonade-200x200.jpg,image,20140109193300,image/jpeg,18037,ZBTTW3P56T2TYLV22MAH5MVBIG4KOAF3,200,1,2014,http://negativeyouth.net/wp-content/uploads/2012/12/lemonade-200x200.jpg,
/wp-content/uploads/2012/12/lemonade.jpg,image,20140109191910,image/jpeg,412272,GHX7CIZZL3A5AODR4D2WGQKNVAX7VY6D,200,1,2014,http://negativeyouth.net/wp-content/uploads/2012/12/lemonade.jpg,
/wp-content/uploads/2012/12/liquid-human-copy.jpg,image,20140109182613,image/jpeg,141974,FWDOHZGN725EB5XU6UYNCXTARLIJ6OFF,200,1,2014,http://negativeyouth.net/wp-content/uploads/2012/12/liquid-human-copy.jpg,
/wp-content/uploads/2012/12/mpia3-200x200.png,image,20140109191722,image/png,32968,ONUCLFWO2PFJ2NQ337UWHARYCWDY3RLW,200,1,2014,http://negativeyouth.net/wp-content/uploads/2012/12/mpia3-200x200.png,
/wp-content/uploads/2012/12/mpia31.jpg,image,20140111005505,image/jpeg,48849,IIDMWKZ4NZ2FOP4SWH7DNZHOYCN4LDC5,200,1,2014,http://negativeyouth.net/wp-content/uploads/2012/12/mpia31.jpg,
/wp-content/uploads/2012/12/mr-kitty-200x200.jpg,image,20140109192433,image/jpeg,9060,UUIFTVGQ3AKGBK7O73AISKIYH5IBNOYJ,200,1,2014,http://negativeyouth.net/wp-content/uploads/2012/12/mr-kitty-200x200.jpg,
/wp-content/uploads/2012/12/mr-kitty.jpg,image,20140109195211,image/jpeg,139470,QHUOKEB2HIPCBZ3KWOVKDXZFGCMJXI3P,200,1,2014,http://negativeyouth.net/wp-content/uploads/2012/12/mr-kitty.jpg,
/wp-content/uploads/2012/12/msi2-200x200.png,image,20140109183131,image/png,72539,XWHC7QCJ4WJ6Z543AAZF3NBQTJON7ZS7,200,1,2014,http://negativeyouth.net/wp-content/uploads/2012/12/msi2-200x200.png,
/wp-content/uploads/2012/12/namaste.jpg,image,20140109182311,image/jpeg,293609,S4GNGH2CVXD77G3GENSXETJ3R2JZHGOQ,200,1,2014,http://negativeyouth.net/wp-content/uploads/2012/12/namaste.jpg,
/wp-content/uploads/2012/12/nyota-200x200.jpg,image,20140109191422,image/jpeg,8107,2CRO2WHDCIU6XHB543OMVZSTLMU4BKTR,200,1,2014,http://negativeyouth.net/wp-content/uploads/2012/12/nyota-200x200.jpg,
/wp-content/uploads/2012/12/nyota.jpg,image,20140109204056,image/jpeg,154258,U5VKLTF6M6MQYDS2Q3AIUU233HHEF3UY,200,1,2014,http://negativeyouth.net/wp-content/uploads/2012/12/nyota.jpg,
/wp-content/uploads/2012/12/phoningchinchinitza-copy.jpg,image,20140601044709,image/jpeg,154447,QPPGWRWBIEDUHCQYZT2JG3B4D5I4JUB4,200,2,2014,http://negativeyouth.net/wp-content/uploads/2012/12/phoningchinchinitza-copy.jpg,
/wp-content/uploads/2012/12/rihanna-200x200.jpg,image,20140109182617,image/jpeg,11341,FN54O6CSZCCQHO755VWFNZLLLOVJXDNX,200,1,2014,http://negativeyouth.net/wp-content/uploads/2012/12/rihanna-200x200.jpg,
/wp-content/uploads/2012/12/rihanna.jpg,image,20140109203413,image/jpeg,376123,WW5QCTCTMR4LBXLBQ6YXED46UM2YQA3X,200,1,2014,http://negativeyouth.net/wp-content/uploads/2012/12/rihanna.jpg,
/wp-content/uploads/2012/12/ritalin-200x200.jpg,image,20140109192152,image/jpeg,15728,QGUD3PLSMAAD7SJQ3UB2H2NTAI4OSD4L,200,2,2013;2014,http://negativeyouth.net/wp-content/uploads/2012/12/ritalin-200x200.jpg,
/wp-content/uploads/2012/12/ritalin.jpg,image,20140109191344,image/jpeg,254113,BKGLLTLOLK6KXYXXIEVZGB4TECWVK7S2,200,1,2014,http://negativeyouth.net/wp-content/uploads/2012/12/ritalin.jpg,
/wp-content/uploads/2012/12/selma-200x200.jpg,image,20140109185334,image/jpeg,7983,5SZZOFXM7MZXXMYSEMLQLRFVYIF22SAN,200,1,2014,http://negativeyouth.net/wp-content/uploads/2012/12/selma-200x200.jpg,
/wp-content/uploads/2012/12/selma.jpg,image,20140109200141,image/jpeg,139199,W5LVK6VNCFAK6ZBKWKDA5AKIZFIUEWSL,200,1,2014,http://negativeyouth.net/wp-content/uploads/2012/12/selma.jpg,
/wp-content/uploads/2012/12/shaman-copy.jpg,image,20140109183323,image/jpeg,144029,EUAVWRXPFLKVY6G3JL6DRJJF6QTE7QPL,200,1,2014,http://negativeyouth.net/wp-content/uploads/2012/12/shaman-copy.jpg,
/wp-content/uploads/2012/12/solarpaneltoenails-copy.jpg,image,20140109184529,image/jpeg,202917,NHJXFNBJWNTFUHFVKDCOOOTYSGI2WCGI,200,1,2014,http://negativeyouth.net/wp-content/uploads/2012/12/solarpaneltoenails-copy.jpg,
/wp-content/uploads/2012/12/teehn-bwitches-remaining-EP-200x200.png,image,20140109183713,image/png,59003,C27T4CJ7F4KLDDLWPN66AX2SEYNWULYA,200,1,2014,http://negativeyouth.net/wp-content/uploads/2012/12/teehn-bwitches-remaining-EP-200x200.png,
/wp-content/uploads/2012/12/teehn-bwitches-remaining-EP.png,image,20140109192417,image/png,524013,3DXJSOKRWUNXZFOQ37RQLYRENQM7MUNV,200,1,2014,http://negativeyouth.net/wp-content/uploads/2012/12/teehn-bwitches-remaining-EP.png,
/wp-content/uploads/2012/12/telepathy-copy.jpg,image,20140109182245,image/jpeg,242859,5BRPWFVXTBDFNZPNO5TEJJRQWZRDYJAZ,200,1,2014,http://negativeyouth.net/wp-content/uploads/2012/12/telepathy-copy.jpg,
/wp-content/uploads/2012/12/unison-200x200.png,image,20140109191500,image/png,44081,EC5SFEFP3P337LSULGVSB7LINXCCL3S6,200,1,2014,http://negativeyouth.net/wp-content/uploads/2012/12/unison-200x200.png,
/wp-content/uploads/2012/12/vip-200x200.jpg,image,20140109195054,image/jpeg,27089,HX7UMMHAU3E4YG2YPT7KFIKEELW7CNYO,200,1,2014,http://negativeyouth.net/wp-content/uploads/2012/12/vip-200x200.jpg,
/wp-content/uploads/2012/12/vip.jpg,image,20140109194605,image/jpeg,593920,PYSP3YVXBVMOYFFJLFZDAXFB6GHPVDAI,200,1,2014,http://negativeyouth.net/wp-content/uploads/2012/12/vip.jpg,
/wp-content/uploads/2013/01/1383702182-1-200x200.jpeg,image,20140109193604,image/jpeg,8496,E6FQTDWOWQ2RUGSOCSI62K26QIXKGKYM,200,1,2014,http://negativeyouth.net/wp-content/uploads/2013/01/1383702182-1-200x200.jpeg,
/wp-content/uploads/2013/01/1383702182-1-700x657.jpeg,image,20140109201025,image/jpeg,47849,TIU7KPBVXB3NOQI37KXYJ7FCXNYXFWXV,200,1,2014,http://negativeyouth.net/wp-content/uploads/2013/01/1383702182-1-700x657.jpeg,
/wp-content/uploads/2013/01/775772_465388540175367_2094907964_o-200x200.jpeg,image,20140109191209,image/jpeg,10344,ZL67YB5LSQ7AHYF465W774TQXGMIBBVF,200,1,2014,http://negativeyouth.net/wp-content/uploads/2013/01/775772_465388540175367_2094907964_o-200x200.jpeg,
/wp-content/uploads/2013/01/775772_465388540175367_2094907964_o.jpeg,image,20140109184004,image/jpeg,208052,MKXV6C34PY6ZFKG23JUMFN62BFTK3KE4,200,1,2014,http://negativeyouth.net/wp-content/uploads/2013/01/775772_465388540175367_2094907964_o.jpeg,
/wp-content/uploads/2013/01/ADR-200x200.jpg,image,20140109182355,image/jpeg,8981,YC6EHEJFKWIN6WE3MMFNI2QMPSEDJY77,200,1,2014,http://negativeyouth.net/wp-content/uploads/2013/01/ADR-200x200.jpg,
/wp-content/uploads/2013/01/ADR.jpg,image,20140109190951,image/jpeg,92273,26IV6E66AZJV2XAOQABXYH437NSKFCTJ,200,1,2014,http://negativeyouth.net/wp-content/uploads/2013/01/ADR.jpg,
/wp-content/uploads/2013/01/BOY-FRIEND-200x200.jpg,image,20140109193335,image/jpeg,13107,OGI2SSE35MKVKVQHLMTCMEZV26G2WG3N,200,2,2014;2025,http://negativeyouth.net/wp-content/uploads/2013/01/BOY-FRIEND-200x200.jpg,https://negativeyouth.net/wp-content/uploads/2013/01/BOY-FRIEND-200x200.jpg
/wp-content/uploads/2013/01/BOY-FRIEND.jpg,image,20140109192818,image/jpeg,312666,PWDCCWCD2TN3M57BL2EE5SB26O3DR5TI,200,1,2014,http://negativeyouth.net/wp-content/uploads/2013/01/BOY-FRIEND.jpg,
/wp-content/uploads/2013/01/Crackwood-EP-200x200.jpg,image,20140109203650,image/jpeg,13593,VHISUOVEIDUVZVV7OEQBG6M2JVSHNN4Y,200,1,2014,http://negativeyouth.net/wp-content/uploads/2013/01/Crackwood-EP-200x200.jpg,
/wp-content/uploads/2013/01/ESCAPE_1.mp4_snapshot_00.19_2013.01.10_01.36.01-200x200.jpg,image,20140109192431,image/jpeg,7947,MVZGNR23HEBOLBF5S3QN2FJZ7EIW5OLL,200,1,2014,http://negativeyouth.net/wp-content/uploads/2013/01/ESCAPE_1.mp4_snapshot_00.19_2013.01.10_01.36.01-200x200.jpg,
/wp-content/uploads/2013/01/Electronic-Beats-Butterclock-Video-Premiere-700x5161-200x200.jpg,image,20140109193700,image/jpeg,12350,2PC7D5MSDZXMPWYWFZKDRABW6FM3DVLE,200,1,2014,http://negativeyouth.net/wp-content/uploads/2013/01/Electronic-Beats-Butterclock-Video-Premiere-700x5161-200x200.jpg,
/wp-content/uploads/2013/01/IRL-200x200.jpg,image,20140109192438,image/jpeg,18555,X6USXNLTUXQXG4MCDAE5NGWRZISJSTU6,200,1,2014,http://negativeyouth.net/wp-content/uploads/2013/01/IRL-200x200.jpg,
/wp-content/uploads/2013/01/IRL1.jpg,image,20140109204455,image/jpeg,573230,NBRDTSHNWGNQ3XJFKXFJOT2BTUSUJTD5,200,1,2014,http://negativeyouth.net/wp-content/uploads/2013/01/IRL1.jpg,
/wp-content/uploads/2013/01/MYKKI-200x200.png,image,20140109182909,image/png,57618,TLXMLWIYCY752MEECDINEQMVMMDHFUCG,200,1,2014,http://negativeyouth.net/wp-content/uploads/2013/01/MYKKI-200x200.png,
/wp-content/uploads/2013/01/TRAXLIST-200x200.jpg,image,20140109194323,image/jpeg,17191,ONABHSVNXRT7XICICFYJXPKZCX2YPFKF,200,1,2014,http://negativeyouth.net/wp-content/uploads/2013/01/TRAXLIST-200x200.jpg,
/wp-content/uploads/2013/01/TRAXLIST-copy.jpg,image,20140111005434,image/jpeg,273791,VW2MXZGYBLI5NOREQYQHMAJRBMFTDEI6,200,1,2014,http://negativeyouth.net/wp-content/uploads/2013/01/TRAXLIST-copy.jpg,
/wp-content/uploads/2013/01/Untitled-1-copy-200x200.jpg,image,20140109192753,image/jpeg,7886,FLFVAS5PGHB2PTL7DGQOASB26XKXZOAT,200,1,2014,http://negativeyouth.net/wp-content/uploads/2013/01/Untitled-1-copy-200x200.jpg,
/wp-content/uploads/2013/01/Untitled-1-copy1.jpg,image,20140109202443,image/jpeg,154504,SWLCFER7JFN6KZRHB3KFBTMZTMBPJ6IJ,200,1,2014,http://negativeyouth.net/wp-content/uploads/2013/01/Untitled-1-copy1.jpg,
/wp-content/uploads/2013/01/armand_van_helden-witch_doktor1-200x200.jpg,image,20140109183250,image/jpeg,12079,63WBALI6LTE22NOQ6YWDSB2RT244XL2G,200,1,2014,http://negativeyouth.net/wp-content/uploads/2013/01/armand_van_helden-witch_doktor1-200x200.jpg,
/wp-content/uploads/2013/01/armin.jpg,image,20140109185217,image/jpeg,248245,HWPJL7SI6EOR2PTX3WHARA3PVFO4SYNS,200,1,2014,http://negativeyouth.net/wp-content/uploads/2013/01/armin.jpg,
/wp-content/uploads/2013/01/artworks-000039079080-hd726o-t500x5001-200x200.jpg,image,20140109192700,image/jpeg,10376,SSV5THMLLXCR7GUZJTFPI44A4PQE4ZPV,200,1,2014,http://negativeyouth.net/wp-content/uploads/2013/01/artworks-000039079080-hd726o-t500x5001-200x200.jpg,
/wp-content/uploads/2013/01/autre-ne-veut-200x200.jpg,image,20140109193817,image/jpeg,10958,CY3XAVPWECEN44RESBMCXSLCWEEIFSD5,200,1,2014,http://negativeyouth.net/wp-content/uploads/2013/01/autre-ne-veut-200x200.jpg,
/wp-content/uploads/2013/01/bam-200x200.png,image,20140109190412,image/png,47510,YP2DTPQNY2I3MRVCWUO4HNBWJFDZ2UFR,200,1,2014,http://negativeyouth.net/wp-content/uploads/2013/01/bam-200x200.png,
/wp-content/uploads/2013/01/brite_aid700-200x200.png,image,20131104103835,image/png,68557,XCSB4NQLTB2Q4WZPSZ6ATDXGZOKMLSWN,200,3,2013;2014,http://negativeyouth.net/wp-content/uploads/2013/01/brite_aid700-200x200.png,
/wp-content/uploads/2013/01/chainless-copy-200x200.jpg,image,20140109182601,image/jpeg,12916,G6SOZQHSAC5T6BCXOUQE3FZFDZTOMYAN,200,1,2014,http://negativeyouth.net/wp-content/uploads/2013/01/chainless-copy-200x200.jpg,
/wp-content/uploads/2013/01/chainless-copy.jpg,image,20140109192729,image/jpeg,168264,E2KAMLPFMXHYQFFRSUK6I5JE7ANCRWJ6,200,1,2014,http://negativeyouth.net/wp-content/uploads/2013/01/chainless-copy.jpg,
/wp-content/uploads/2013/01/coins-200x200.jpg,image,20140109192110,image/jpeg,12931,ZBVYDLS2V2UE3U7UWFWP5YTJG22FP3L7,200,1,2014,http://negativeyouth.net/wp-content/uploads/2013/01/coins-200x200.jpg,
/wp-content/uploads/2013/01/coins.jpg,image,20140110212408,image/jpeg,307644,TCBMGRCB5Z7OTRZVJV5CHPGUPZHZOPBZ,200,1,2014,http://negativeyouth.net/wp-content/uploads/2013/01/coins.jpg,
/wp-content/uploads/2013/01/coverba.jpg,image,20140109182853,image/jpeg,297102,QYX6Q6NQBZXCDVQDNO2AMPHORCAFGQGJ,200,1,2014,http://negativeyouth.net/wp-content/uploads/2013/01/coverba.jpg,
/wp-content/uploads/2013/01/deathface-200x200.png,image,20140109183821,image/png,64132,BO6OAYNTN4CXZBEVDRPYZR77XDUOKHXR,200,1,2014,http://negativeyouth.net/wp-content/uploads/2013/01/deathface-200x200.png,
/wp-content/uploads/2013/01/delsin-700x960.jpg,image,20140109201702,image/jpeg,140064,4PVIP5V6A4QRKAHI26GDZUHTLMIYEBXY,200,1,2014,http://negativeyouth.net/wp-content/uploads/2013/01/delsin-700x960.jpg,
/wp-content/uploads/2013/01/drumcorps-2-200x200.jpg,image,20140109183606,image/jpeg,16238,FMQCRI2Y6CVDZNDW72GYSGHY6J5PBPFA,200,1,2014,http://negativeyouth.net/wp-content/uploads/2013/01/drumcorps-2-200x200.jpg,
/wp-content/uploads/2013/01/drumcorps-2.jpg,image,20140109194630,image/jpeg,554102,LNUGRRIHRI4ZRCTECLOTFYRAVACDA6YJ,200,1,2014,http://negativeyouth.net/wp-content/uploads/2013/01/drumcorps-2.jpg,
/wp-content/uploads/2013/01/ep%C3%B1-200x200.jpg,image,20140522002012,image/jpeg,17793,XQX2GSR4ZI76U7UDCG256HPGJZNWSE63,200,3,2013;2014,http://negativeyouth.net/wp-content/uploads/2013/01/ep%C3%B1-200x200.jpg,
/wp-content/uploads/2013/01/ep%C3%B1.jpg,image,20140109203737,image/jpeg,352679,7VEMJXEMTLHCUP4WWW7GMIO3DOYZR6SJ,200,2,2014;2025,http://negativeyouth.net/wp-content/uploads/2013/01/ep%C3%B1.jpg,https://negativeyouth.net/wp-content/uploads/2013/01/ep%C3%B1.jpg
/wp-content/uploads/2013/01/fauna-negativeyouth-copy-200x200.jpg,image,20140109184750,image/jpeg,12658,OS64QHZBT22GJXHBHAJC5SBHE47BJVEU,200,1,2014,http://negativeyouth.net/wp-content/uploads/2013/01/fauna-negativeyouth-copy-200x200.jpg,
/wp-content/uploads/2013/01/fauna-negativeyouth-copy.jpg,image,20140109191925,image/jpeg,280725,WPRJ3BH42LCDTVG33GSTEFQ3WZFS7A5Z,200,1,2014,http://negativeyouth.net/wp-content/uploads/2013/01/fauna-negativeyouth-copy.jpg,
/wp-content/uploads/2013/01/flyer-bahia-12-enerov4-200x200.jpg,image,20140109182127,image/jpeg,23533,ICCN46KF3OB6XJ3H2FQTIGXZJD6FL3NI,200,1,2014,http://negativeyouth.net/wp-content/uploads/2013/01/flyer-bahia-12-enerov4-200x200.jpg,
/wp-content/uploads/2013/01/flyer-bahia-12-enerov4.jpg,image,20140109194042,image/jpeg,601614,FD3JKNX36HPJBLHGFDYDBE7VMRSW25FB,200,1,2014,http://negativeyouth.net/wp-content/uploads/2013/01/flyer-bahia-12-enerov4.jpg,
/wp-content/uploads/2013/01/full-of-fire-200x200.png,image,20140109191748,image/png,58000,52WR5I7LJU6ZCWFINDPHAKQRJSBQOF6K,200,1,2014,http://negativeyouth.net/wp-content/uploads/2013/01/full-of-fire-200x200.png,
/wp-content/uploads/2013/01/grimmers-dansers-200x200.jpg,image,20140109203038,image/jpeg,17012,NLTSDARG4U3TIYPSPUJFMBAMMQB2JIX4,200,1,2014,http://negativeyouth.net/wp-content/uploads/2013/01/grimmers-dansers-200x200.jpg,
/wp-content/uploads/2013/01/grimmers-dansers.jpg,image,20140109192328,image/jpeg,366002,UD2IKE75SOMTBYWL5NFKEFLA65JB5DWZ,200,1,2014,http://negativeyouth.net/wp-content/uploads/2013/01/grimmers-dansers.jpg,
/wp-content/uploads/2013/01/hahaha-200x200.png,image,20140109193423,image/png,53241,42R2NCTT5RCZ77KXVC5CSNAJRSLK3GAL,200,1,2014,http://negativeyouth.net/wp-content/uploads/2013/01/hahaha-200x200.png,
/wp-content/uploads/2013/01/kyary-200x200.png,image,20140109195630,image/png,72301,CNC5NKENOT33B7FXH6SU4CKWA45B2VI6,200,1,2014,http://negativeyouth.net/wp-content/uploads/2013/01/kyary-200x200.png,
/wp-content/uploads/2013/01/lesphinxx-200x200.png,image,20140109182051,image/png,65107,WAQGQLOY2JQMHJGC4QBMA6JB34D65XHZ,200,1,2014,http://negativeyouth.net/wp-content/uploads/2013/01/lesphinxx-200x200.png,
/wp-content/uploads/2013/01/marathon-200x200.png,image,20140109190214,image/png,60078,CLUA3Q6JNEEL4Y7SOGLNXOVRUTZ434AB,200,1,2014,http://negativeyouth.net/wp-content/uploads/2013/01/marathon-200x200.png,
/wp-content/uploads/2013/01/men-in-burka-200x200.png,image,20140109183942,image/png,85246,OGHRLTUKOBMAQ7RO2KYX7RCAMQIHP7EM,200,1,2014,http://negativeyouth.net/wp-content/uploads/2013/01/men-in-burka-200x200.png,
/wp-content/uploads/2013/01/o3taac1-200x200.jpg,image,20140109182716,image/jpeg,13032,ON2GCYIVN65S3YOGBS6QP4JWTKDAV5SN,200,1,2014,http://negativeyouth.net/wp-content/uploads/2013/01/o3taac1-200x200.jpg,
/wp-content/uploads/2013/01/obsession-200x200.jpg,image,20140109182531,image/jpeg,11155,3MOKNUPEF6ST7B2E2TYQG6JCVSZWUFK7,200,1,2014,http://negativeyouth.net/wp-content/uploads/2013/01/obsession-200x200.jpg,
/wp-content/uploads/2013/01/obsession.jpg,image,20140109194909,image/jpeg,192547,DWAVKXM7PIJJYKA4HV4G4BK5MRQTLKBT,200,1,2014,http://negativeyouth.net/wp-content/uploads/2013/01/obsession.jpg,
/wp-content/uploads/2013/01/one-erection-200x200.jpg,image,20140109195221,image/jpeg,11025,FPGBKK4VSQG6XXZQA6HLHO2XGAL56NLC,200,1,2014,http://negativeyouth.net/wp-content/uploads/2013/01/one-erection-200x200.jpg,
/wp-content/uploads/2013/01/one-erection.jpg,image,20140109194314,image/jpeg,223369,IE4SG45DR6F4LUVCCWPBI6BID7T6MIGA,200,1,2014,http://negativeyouth.net/wp-content/uploads/2013/01/one-erection.jpg,
/wp-content/uploads/2013/01/rave4evar-200x200.png,image,20140109191830,image/png,72632,W4YHLRFA3Q47P3S6GSK7344T7L3MKRCO,200,1,2014,http://negativeyouth.net/wp-content/uploads/2013/01/rave4evar-200x200.png,
/wp-content/uploads/2013/01/ryder1-copy.jpg,image,20140109195330,image/jpeg,188623,F5KOPZ5ZIWHLEY6V2IBEDLE6P25Q6BD5,200,1,2014,http://negativeyouth.net/wp-content/uploads/2013/01/ryder1-copy.jpg,
/wp-content/uploads/2013/01/ryder2-copy.jpg,image,20140109191012,image/jpeg,78025,4U572WOTSR4C4RPXAHTU6KWASQVRHJWY,200,1,2014,http://negativeyouth.net/wp-content/uploads/2013/01/ryder2-copy.jpg,
/wp-content/uploads/2013/01/ryder3-copy.png,image,20140109191858,image/png,98395,DZIEBWW6I6LTUMK4A2LIPSPVNX6UNAKI,200,1,2014,http://negativeyouth.net/wp-content/uploads/2013/01/ryder3-copy.png,
/wp-content/uploads/2013/01/ryder4-copy.png,image,20140109191104,image/png,123100,H7XVT4XILFQ6ZVQTUH6HU335F33YUHXV,200,1,2014,http://negativeyouth.net/wp-content/uploads/2013/01/ryder4-copy.png,
/wp-content/uploads/2013/01/ryder5-copy.jpg,image,20140109190859,image/jpeg,151667,XK7Y5J4MDFHB57BMXFXQWOXHIZ4P7RTG,200,1,2014,http://negativeyouth.net/wp-content/uploads/2013/01/ryder5-copy.jpg,
/wp-content/uploads/2013/01/ryder6-copy.png,image,20140109194028,image/png,206244,RHXKBV3GQYHCUHDDGCKZ7RTRRFJOBVIC,200,1,2014,http://negativeyouth.net/wp-content/uploads/2013/01/ryder6-copy.png,
/wp-content/uploads/2013/01/sad-eyes-200x200.png,image,20140109191513,image/png,40416,SHLJOE6PD4P2XESZ6FP2MS4KLLRTSV5A,200,1,2014,http://negativeyouth.net/wp-content/uploads/2013/01/sad-eyes-200x200.png,
/wp-content/uploads/2013/01/sky-200x200.jpg,image,20140109190222,image/jpeg,13580,EJKVNBFW6JYEEKX3R2SCL3IFGKLM7GT2,200,1,2014,http://negativeyouth.net/wp-content/uploads/2013/01/sky-200x200.jpg,
/wp-content/uploads/2013/01/sky-200x200.png,image,20131104003838,image/png,60529,KQNEGPN2YXDDTWV3XL3RGBH5UAWNLYRI,200,3,2013;2014,http://negativeyouth.net/wp-content/uploads/2013/01/sky-200x200.png,
/wp-content/uploads/2013/01/sky.jpg,image,20140109194453,image/jpeg,262816,MWVGFKTSG3HUZ7XLVFFZFE4EHFUPMRWR,200,1,2014,http://negativeyouth.net/wp-content/uploads/2013/01/sky.jpg,
/wp-content/uploads/2013/01/sleep-ova-200x200.jpg,image,20140109190127,image/jpeg,11412,ZBFWZ64T4TIMJNLYYSUS4HIOW35LHSRK,200,1,2014,http://negativeyouth.net/wp-content/uploads/2013/01/sleep-ova-200x200.jpg,
/wp-content/uploads/2013/01/sleep-ova.jpg,image,20140109182935,image/jpeg,238446,OY6257WIAVCD2436OJII4EN2W6KGH6IB,200,1,2014,http://negativeyouth.net/wp-content/uploads/2013/01/sleep-ova.jpg,
/wp-content/uploads/2013/01/snow-crash-200x200.jpg,image,20140109190856,image/jpeg,21316,FPAWOFI5G6QCSQ7SV4QPOKRTULPECJ4L,200,1,2014,http://negativeyouth.net/wp-content/uploads/2013/01/snow-crash-200x200.jpg,
/wp-content/uploads/2013/01/snow-crash.jpg,image,20140109185138,image/jpeg,452531,XC5TPGQABBDUO3ZVOHXNSL6UGZ76LU2D,200,1,2014,http://negativeyouth.net/wp-content/uploads/2013/01/snow-crash.jpg,
/wp-content/uploads/2013/01/super-future-200x200.png,image,20140109191811,image/png,56452,IOSBTWFQVXZRSFZPBYNZPEDSNFDCV2CA,200,1,2014,http://negativeyouth.net/wp-content/uploads/2013/01/super-future-200x200.png,
/wp-content/uploads/2013/01/tiesto-guess.jpg,image,20140109195910,image/jpeg,211834,G3ZCDFO6ML6X6IVMMVYLB43IFSX4343F,200,1,2014,http://negativeyouth.net/wp-content/uploads/2013/01/tiesto-guess.jpg,
/wp-content/uploads/2013/01/tiesto-him.jpg,image,20140109192900,image/jpeg,202371,3RIMVWTI6RMZMAP7BUBFFJB4LYPWJSID,200,2,2014,http://negativeyouth.net/wp-content/uploads/2013/01/tiesto-him.jpg,
/wp-content/uploads/2013/01/tiesto-she.jpg,image,20140109201311,image/jpeg,158918,ZEU54BKZGTUE7DNCQPL2HFLTYUDRZ65L,200,1,2014,http://negativeyouth.net/wp-content/uploads/2013/01/tiesto-she.jpg,
/wp-content/uploads/2013/01/troll-city-200x200.png,image,20140109193708,image/png,84235,WJ2LZSTK75YORBGXUCST7XKMIVH3M7US,200,1,2014,http://negativeyouth.net/wp-content/uploads/2013/01/troll-city-200x200.png,
/wp-content/uploads/2013/02/00.jpg,image,20140109195606,image/jpeg,249619,4XAKEGIKMAWGTSNCBVPPAS2ELR26QQVI,200,1,2014,http://negativeyouth.net/wp-content/uploads/2013/02/00.jpg,
/wp-content/uploads/2013/02/011.jpg,image,20140109194856,image/jpeg,233972,FW5OUAWFG4VVZ2DUJJVOWXOAX44ER5TL,200,1,2014,http://negativeyouth.net/wp-content/uploads/2013/02/011.jpg,
/wp-content/uploads/2013/02/03.jpg,image,20140109204224,image/jpeg,163596,GAWVEXXXB6H3KPDZOQ46FSI4KV4GAG35,200,1,2014,http://negativeyouth.net/wp-content/uploads/2013/02/03.jpg,
/wp-content/uploads/2013/02/04.jpg,image,20140109203936,image/jpeg,125025,LETWEUX7ZCCIQW7KSM2XQ6SSP6CYK6O7,200,1,2014,http://negativeyouth.net/wp-content/uploads/2013/02/04.jpg,
/wp-content/uploads/2013/02/2533619025-11-200x200.jpg,image,20140109183950,image/jpeg,18307,63OHPJKVDLMQEADM3DE75CEIKJEKWMBD,200,2,2014,http://negativeyouth.net/wp-content/uploads/2013/02/2533619025-11-200x200.jpg,
/wp-content/uploads/2013/02/2533619025-11.jpg,image,20140110200530,image/jpeg,640299,VGKK3I364BVMKOXVSU3TFX56ME63ZUGD,200,1,2014,http://negativeyouth.net/wp-content/uploads/2013/02/2533619025-11.jpg,
/wp-content/uploads/2013/02/882934_10151333849979033_1985123180_o-200x200.png,image,20140601045610,image/png,50557,2I7BRWBD6NOKBQZRB6CSSMVUXXDNTSVT,200,3,2013;2014,http://negativeyouth.net/wp-content/uploads/2013/02/882934_10151333849979033_1985123180_o-200x200.png,
/wp-content/uploads/2013/02/ARTICULOS.png,image,20140109182125,image/png,3855,6UCZLHDLPAD5O4CTJYLGE7BPRO77IZBN,200,10,2013;2014;2025,http://negativeyouth.net/wp-content/uploads/2013/02/ARTICULOS.png,https://negativeyouth.net/wp-content/uploads/2013/02/ARTICULOS.png
/wp-content/uploads/2013/02/EVENTOS.png,image,20140109191744,image/png,3795,BTB4VUNO6PSI2IO5DEOMI2TC2NHREZTC,200,10,2013;2014;2025,http://negativeyouth.net/wp-content/uploads/2013/02/EVENTOS.png,https://negativeyouth.net/wp-content/uploads/2013/02/EVENTOS.png
/wp-content/uploads/2013/02/ICON-copy-16x16.jpg,image,20131023045702,image/jpeg,1162,67H7XJ6EFDQP7SCG53K27AAD6MZOQALT,200,9,2013;2014;2025,http://negativeyouth.net/wp-content/uploads/2013/02/ICON-copy-16x16.jpg,https://negativeyouth.net/wp-content/uploads/2013/02/ICON-copy-16x16.jpg
/wp-content/uploads/2013/02/In-Search-of-Downers-Pt.-1-200x200.jpg,image,20140521220447,image/jpeg,14769,3NUJ3BKTW5OPHDM6DAG7MO3UCZE46C2P,200,3,2014,http://negativeyouth.net/wp-content/uploads/2013/02/In-Search-of-Downers-Pt.-1-200x200.jpg,
/wp-content/uploads/2013/02/In-Search-of-Downers-Pt.-1.jpg,image,20140109204606,image/jpeg,243099,CIDEUCI5EQAZYX2DG45DYNKXIESBZ65P,200,1,2014,http://negativeyouth.net/wp-content/uploads/2013/02/In-Search-of-Downers-Pt.-1.jpg,
/wp-content/uploads/2013/02/MALIGNA-NY.png,image,20140521224627,image/png,7813,C4Z2XRY4Z3UVYZ3UBPWBOJFXZL7DMMMH,200,10,2013;2014;2025,http://negativeyouth.net/wp-content/uploads/2013/02/MALIGNA-NY.png,https://negativeyouth.net/wp-content/uploads/2013/02/MALIGNA-NY.png
/wp-content/uploads/2013/02/MIXTAPES.png,image,20140109183054,image/png,3870,6OQDLOFFBDCBE3VRUMOSJGCWRBOG4D6C,200,10,2013;2014;2025,http://negativeyouth.net/wp-content/uploads/2013/02/MIXTAPES.png,https://negativeyouth.net/wp-content/uploads/2013/02/MIXTAPES.png
/wp-content/uploads/2013/02/Screen-Shot-2013-02-20-at-4.39.32-PM-200x200.png,image,20140109193346,image/png,57477,D3P5QVSVIOYBETM4T3EGACRH2R42Y5VI,200,1,2014,http://negativeyouth.net/wp-content/uploads/2013/02/Screen-Shot-2013-02-20-at-4.39.32-PM-200x200.png,
/wp-content/uploads/2013/02/Screen-Shot-2013-02-28-at-8.55.55-AM-200x200.png,image,20140109190941,image/png,67398,5KLGUOXM6XNHK66F4LXDHZRWMDUMFZ6O,200,2,2014,http://negativeyouth.net/wp-content/uploads/2013/02/Screen-Shot-2013-02-28-at-8.55.55-AM-200x200.png,
/wp-content/uploads/2013/02/Trade-200x200.jpg,image,20140109183254,image/jpeg,5160,2MLLH2NSIKNYRUH4D32266NZ5QUJYW7A,200,1,2014,http://negativeyouth.net/wp-content/uploads/2013/02/Trade-200x200.jpg,
/wp-content/uploads/2013/02/Trade-700x960.jpg,image,20140109183511,image/jpeg,20419,YKXH5KK6R6SVNKBDJVGBFMAD7GNKYKVW,200,1,2014,http://negativeyouth.net/wp-content/uploads/2013/02/Trade-700x960.jpg,
/wp-content/uploads/2013/02/aaron-spectre-lion-mix-200x200.jpg,image,20140109191341,image/jpeg,16749,5SIJ6UHZG3MWSLEMPPR275XAU7MGLEPT,200,1,2014,http://negativeyouth.net/wp-content/uploads/2013/02/aaron-spectre-lion-mix-200x200.jpg,
/wp-content/uploads/2013/02/aaron-spectre-lion-mix.jpg,image,20140109201953,image/jpeg,307778,CNJFC7S2PJ6EQI2OSXMJZ5N4CGYTNHGK,200,1,2014,http://negativeyouth.net/wp-content/uploads/2013/02/aaron-spectre-lion-mix.jpg,
/wp-content/uploads/2013/02/about.png,image,20140109182048,image/png,3689,SNQRCOHOOVKGVF2OCG5A5E5SNB65KYIV,200,12,2013;2014;2025,http://negativeyouth.net/wp-content/uploads/2013/02/about.png,https://negativeyouth.net/wp-content/uploads/2013/02/about.png
/wp-content/uploads/2013/02/alienamv-200x200.png,image,20140109193337,image/png,64023,AUIFZUODY3UW6TE6RDWXA235VZLEUXBN,200,1,2014,http://negativeyouth.net/wp-content/uploads/2013/02/alienamv-200x200.png,
/wp-content/uploads/2013/02/araab.jpg,image,20140109201559,image/jpeg,244074,5Z5QK57IOW3QD4BXSWRGXAPTI27HNPLQ,200,1,2014,http://negativeyouth.net/wp-content/uploads/2013/02/araab.jpg,
/wp-content/uploads/2013/02/araabmuzik-200x200.jpg,image,20140109183142,image/jpeg,18162,ZDI4GO7N25NJOZ7JFLNITVMUX5XJOC23,200,2,2013;2014,http://negativeyouth.net/wp-content/uploads/2013/02/araabmuzik-200x200.jpg,
/wp-content/uploads/2013/02/araabmuzik.jpg,image,20140109191831,image/jpeg,244224,MX3HLK6NT6GD5R7BMIEX746V3GTKGK7N,200,1,2014,http://negativeyouth.net/wp-content/uploads/2013/02/araabmuzik.jpg,
/wp-content/uploads/2013/02/autre-200x200.jpg,image,20140109183557,image/jpeg,12042,GQULN3DBYGAQRUQ6LGV5RUQZXIQ4KBL5,200,1,2014,http://negativeyouth.net/wp-content/uploads/2013/02/autre-200x200.jpg,
/wp-content/uploads/2013/02/bahia-22-feb-copy-200x200.jpg,image,20140109184415,image/jpeg,19539,SCCBEN7W637J4GZTDJFKZJVJBZ66OLIB,200,2,2013;2014,http://negativeyouth.net/wp-content/uploads/2013/02/bahia-22-feb-copy-200x200.jpg,
/wp-content/uploads/2013/02/bahia-22-feb-copy.jpg,image,20140109195344,image/jpeg,486091,MODRBNIX4VCJ4S7K5HYHIYAWOKDFOYFM,200,1,2014,http://negativeyouth.net/wp-content/uploads/2013/02/bahia-22-feb-copy.jpg,
/wp-content/uploads/2013/02/chevy-200x200.png,image,20140109192732,image/png,53692,CQJFOBQ5GZNMSM7D4A6GICXBENEZUADF,200,1,2014,http://negativeyouth.net/wp-content/uploads/2013/02/chevy-200x200.png,
/wp-content/uploads/2013/02/comma-ruttus-200x200.jpg,image,20140109185230,image/jpeg,17411,A6JYBSGO2URAGKYLULRMFRB3YOTCG7TN,200,1,2014,http://negativeyouth.net/wp-content/uploads/2013/02/comma-ruttus-200x200.jpg,
/wp-content/uploads/2013/02/comma-ruttus.jpg,image,20140111005502,image/jpeg,302752,NZOSEKANZSYOKPI4NCXLSEBS2IIHQHTR,200,1,2014,http://negativeyouth.net/wp-content/uploads/2013/02/comma-ruttus.jpg,
/wp-content/uploads/2013/02/djq-uttu--200x200.png,image,20140109192112,image/png,69168,NNBDS5O5LDJSKYFR3VYIJ73DJBLVYE3N,200,1,2014,http://negativeyouth.net/wp-content/uploads/2013/02/djq-uttu--200x200.png,
/wp-content/uploads/2013/02/entrevistas.png,image,20140109185512,image/png,3993,JD3UFAOXENL3Y7IKSYU37LM224C4ZXEF,200,9,2013;2014;2025,http://negativeyouth.net/wp-content/uploads/2013/02/entrevistas.png,https://negativeyouth.net/wp-content/uploads/2013/02/entrevistas.png
/wp-content/uploads/2013/02/fostercare-200x200.jpg,image,20140109194114,image/jpeg,21466,ND4OARFMLZGKFFHBKJUJLL6WWVMUSNO7,200,1,2014,http://negativeyouth.net/wp-content/uploads/2013/02/fostercare-200x200.jpg,
/wp-content/uploads/2013/02/fostercare.jpg,image,20140109192724,image/jpeg,546214,NMZGU4QXNXN4LKU66WU3TW7BLUHVY5DQ,200,1,2014,http://negativeyouth.net/wp-content/uploads/2013/02/fostercare.jpg,
/wp-content/uploads/2013/02/gf-200x200.jpg,image,20140109184016,image/jpeg,16208,EL6WWNSKUT6RKDOZFXZICHGD7L22RUBN,200,1,2014,http://negativeyouth.net/wp-content/uploads/2013/02/gf-200x200.jpg,
/wp-content/uploads/2013/02/gf.jpg,image,20140109200435,image/jpeg,198707,T5PF67VOGZVPMCGQ5O7UBP2J47CAMH5Q,200,1,2014,http://negativeyouth.net/wp-content/uploads/2013/02/gf.jpg,
/wp-content/uploads/2013/02/ghost-raid-200x200.png,image,20140109192933,image/png,80181,YJCKRSAKJZVXZV6C6IWB7EP6EI2ITMQI,200,1,2014,http://negativeyouth.net/wp-content/uploads/2013/02/ghost-raid-200x200.png,
/wp-content/uploads/2013/02/glass-teeth-200x200.jpg,image,20140109191335,image/jpeg,14631,HTDW34UK4KLZD2PKODGWRPWCFPRNKYOG,200,1,2014,http://negativeyouth.net/wp-content/uploads/2013/02/glass-teeth-200x200.jpg,
/wp-content/uploads/2013/02/glass-teeth.jpg,image,20140109193937,image/jpeg,235894,UF4ZSBPUQAKZ3AH7VSQ2UMG4LVQGRWIR,200,1,2014,http://negativeyouth.net/wp-content/uploads/2013/02/glass-teeth.jpg,
/wp-content/uploads/2013/02/gringo.png,image,20131126092223,image/png,3747,AUEIJF6PVGWJOERL2LPR5H2NZQYWXPYN,200,10,2013;2014;2025,http://negativeyouth.net/wp-content/uploads/2013/02/gringo.png,https://negativeyouth.net/wp-content/uploads/2013/02/gringo.png
/wp-content/uploads/2013/02/header.png,image,20140109184632,image/png,496066,CF6Y4KYIIH7APENGURCUS6ZY2LUJTAG2,200,10,2013;2014;2025,http://negativeyouth.net/wp-content/uploads/2013/02/header.png,https://negativeyouth.net/wp-content/uploads/2013/02/header.png
/wp-content/uploads/2013/02/home.png,image,20140109184818,image/png,3622,Y2JNYHB5A6MBYAIYBFZEN7VGJD5TFIIH,200,10,2013;2014;2025,http://negativeyouth.net/wp-content/uploads/2013/02/home.png,https://negativeyouth.net/wp-content/uploads/2013/02/home.png
/wp-content/uploads/2013/02/katie-200x200.jpg,image,20140109184541,image/jpeg,7258,76OFR3KCSTG7LDTTGM564WW4YMAMPQXH,200,1,2014,http://negativeyouth.net/wp-content/uploads/2013/02/katie-200x200.jpg,
/wp-content/uploads/2013/02/katie.jpg,image,20140109201056,image/jpeg,149724,P4RUYVHKJMIOY2JBURLC2VVSIW6YPZJD,200,1,2014,http://negativeyouth.net/wp-content/uploads/2013/02/katie.jpg,
/wp-content/uploads/2013/02/kuchibiru-network-3-200x200.jpg,image,20140109184254,image/jpeg,11992,WMI24QT42JQOTITVIJOYHIIVQLNAYDFI,200,1,2014,http://negativeyouth.net/wp-content/uploads/2013/02/kuchibiru-network-3-200x200.jpg,
/wp-content/uploads/2013/02/kuchibiru-network-3.jpg,image,20140109193338,image/jpeg,290546,KRJ2PCZX2QPYBKPVAFEK46ZG3U2SVIZQ,200,1,2014,http://negativeyouth.net/wp-content/uploads/2013/02/kuchibiru-network-3.jpg,
/wp-content/uploads/2013/02/la-minitk-200x200.jpg,image,20140109185027,image/jpeg,12299,SIHU5NC7J7PCKHQVKF3D53ZCE2HXZNQU,200,1,2014,http://negativeyouth.net/wp-content/uploads/2013/02/la-minitk-200x200.jpg,
/wp-content/uploads/2013/02/la-minitk.jpg,image,20140109184448,image/jpeg,214630,GXZVZ7VTG2CW7B47XTXFW3646X3XA3KT,200,1,2014,http://negativeyouth.net/wp-content/uploads/2013/02/la-minitk.jpg,
/wp-content/uploads/2013/02/mod.png,image,20140109185624,image/png,3663,ACDWZVJSZQTNXBCZDSXM3R5PAFGOMRAK,200,10,2013;2014;2025,http://negativeyouth.net/wp-content/uploads/2013/02/mod.png,https://negativeyouth.net/wp-content/uploads/2013/02/mod.png
/wp-content/uploads/2013/02/musica.png,image,20131126090255,image/png,3775,PKREJDKPSKQXXE3PWW7NBX6UKDFCIGLC,200,10,2013;2014;2025,http://negativeyouth.net/wp-content/uploads/2013/02/musica.png,https://negativeyouth.net/wp-content/uploads/2013/02/musica.png
/wp-content/uploads/2013/02/polly-200x200.jpg,image,20140109183103,image/jpeg,12920,TAH5D7JTS2SRQ4UT75I6MKTY7W4JUOFE,200,1,2014,http://negativeyouth.net/wp-content/uploads/2013/02/polly-200x200.jpg,
/wp-content/uploads/2013/02/polly.jpg,image,20140109190924,image/jpeg,202807,XC2XLC3GCKGTLNRQRAY2TA42LAFKVZGA,200,1,2014,http://negativeyouth.net/wp-content/uploads/2013/02/polly.jpg,
/wp-content/uploads/2013/02/prurient-0688-200x200.jpeg,image,20140109192518,image/jpeg,9654,47OYZ32ETSBKX6VWYB5LCAUMR4KAMF4E,200,1,2014,http://negativeyouth.net/wp-content/uploads/2013/02/prurient-0688-200x200.jpeg,
/wp-content/uploads/2013/02/prurient-0688.jpeg,image,20140109192228,image/jpeg,156943,A5CGAJBERDURWW7OV3IWBDX3RKXWJ4ZC,200,1,2014,http://negativeyouth.net/wp-content/uploads/2013/02/prurient-0688.jpeg,
/wp-content/uploads/2013/02/sleeve-200x200.jpg,image,20140109191006,image/jpeg,8447,QABFXYIFXXLY7H6DWCO6HRRTT67TAIYD,200,1,2014,http://negativeyouth.net/wp-content/uploads/2013/02/sleeve-200x200.jpg,
/wp-content/uploads/2013/02/sleeve.jpg,image,20140109184235,image/jpeg,53918,MQQJYBVRPWGEKBTSNO6PTLWVDHVSEKGN,200,1,2014,http://negativeyouth.net/wp-content/uploads/2013/02/sleeve.jpg,
/wp-content/uploads/2013/02/smurphin-200x200.jpg,image,20140109182958,image/jpeg,13792,OP4XXBXU6ZR4MSDCK5TAGXQQ6YIIAIJI,200,1,2014,http://negativeyouth.net/wp-content/uploads/2013/02/smurphin-200x200.jpg,
/wp-content/uploads/2013/02/smurphin.jpg,image,20140109183350,image/jpeg,344646,QRBRCGNHNWYR6D4E27B6GRA2PXS7J2HD,200,1,2014,http://negativeyouth.net/wp-content/uploads/2013/02/smurphin.jpg,
/wp-content/uploads/2013/02/smurphwave-200x200.jpg,image,20140109184822,image/jpeg,20034,KIF3O6YTRFXJK35PJYQDTI4H6HYKETJ2,200,1,2014,http://negativeyouth.net/wp-content/uploads/2013/02/smurphwave-200x200.jpg,
/wp-content/uploads/2013/02/smurphwave.jpg,image,20140109192442,image/jpeg,307053,FYUSUTIGX5NZX7QCTBJOFEDSHVGAVSRW,200,1,2014,http://negativeyouth.net/wp-content/uploads/2013/02/smurphwave.jpg,
/wp-content/uploads/2013/02/tumblr.png,image,20140109182749,image/png,3695,JTMVGCLO4V3XFUW2W35Q4LT3BDM7G3TS,200,10,2013;2014;2025,http://negativeyouth.net/wp-content/uploads/2013/02/tumblr.png,https://negativeyouth.net/wp-content/uploads/2013/02/tumblr.png
/wp-content/uploads/2013/02/vermz-200x200.png,image,20140109185613,image/png,27598,2L7ZQUZ66BA5CO3XZT37I2EDZ4VGUUER,200,1,2014,http://negativeyouth.net/wp-content/uploads/2013/02/vermz-200x200.png,
/wp-content/uploads/2013/02/video.png,image,20140109190917,image/png,3646,JPJA6OWGS4FG4HVH2ILEGTSGOXUFGSJI,200,10,2013;2014;2025,http://negativeyouth.net/wp-content/uploads/2013/02/video.png,https://negativeyouth.net/wp-content/uploads/2013/02/video.png
/wp-content/uploads/2013/03/%C3%B1i%C3%B1-200x200.jpg,image,20140109195238,image/jpeg,23167,JDPQYKI7YXLAN7ZYK7J4KIO3YERFIFZV,200,1,2014,http://negativeyouth.net/wp-content/uploads/2013/03/%C3%B1i%C3%B1-200x200.jpg,
/wp-content/uploads/2013/03/%C3%B1i%C3%B1.jpg,image,20140109194620,image/jpeg,167124,OKMOIRYZCOHBKIBVDMSKHYYXT4O2IJPJ,200,2,2014;2025,http://negativeyouth.net/wp-content/uploads/2013/03/%C3%B1i%C3%B1.jpg,https://negativeyouth.net/wp-content/uploads/2013/03/%C3%B1i%C3%B1.jpg
/wp-content/uploads/2013/03/1214102894-11-200x200.jpg,image,20141224183458,image/jpeg,10011,FJG7MC4MI7I6UQRUMEHKI2BUOL3254Z3,200,2,2014,http://negativeyouth.net/wp-content/uploads/2013/03/1214102894-11-200x200.jpg,
/wp-content/uploads/2013/03/1551-200x200.jpg,image,20140109192338,image/jpeg,4680,QBZMQ26GDULIFNWKLTMKRZR5SDT7LNUX,200,1,2014,http://negativeyouth.net/wp-content/uploads/2013/03/1551-200x200.jpg,
/wp-content/uploads/2013/03/205257266-11-200x200.jpg,image,20140109185707,image/jpeg,10387,6JAFELZT6RKNSLN23EWIQS6HALU2BAB5,200,1,2014,http://negativeyouth.net/wp-content/uploads/2013/03/205257266-11-200x200.jpg,
/wp-content/uploads/2013/03/COLD-200x200.jpg,image,20140109184658,image/jpeg,8842,OVROFTOCU7GW4G6RXXVT3VBHI4OIV2AN,200,1,2014,http://negativeyouth.net/wp-content/uploads/2013/03/COLD-200x200.jpg,
/wp-content/uploads/2013/03/COLD.jpg,image,20140109193215,image/jpeg,187531,I4XJOAPTD7H4AP4YOJ5V3NOS62QQ3HHS,200,1,2014,http://negativeyouth.net/wp-content/uploads/2013/03/COLD.jpg,
/wp-content/uploads/2013/03/DIVASlol.gif,image,20140111005426,image/gif,1507858,ZJOUAXBQZNAYVC47IDL2DIJCA5C6TDDZ,200,1,2014,http://negativeyouth.net/wp-content/uploads/2013/03/DIVASlol.gif,
/wp-content/uploads/2013/03/GUIA-NY-NRMAL-2013.jpg,image,20140109192621,image/jpeg,695810,OALK2GTEZF5QGMAKZ3FPE47GGPXIXD3C,200,1,2014,http://negativeyouth.net/wp-content/uploads/2013/03/GUIA-NY-NRMAL-2013.jpg,
/wp-content/uploads/2013/03/Screen-Shot-2013-03-11-at-5.07.38-PM-200x200.png,image,20140109193105,image/png,66852,MQDSSZNV7IYI5QICQK6QDYY5GYI2RNQW,200,1,2014,http://negativeyouth.net/wp-content/uploads/2013/03/Screen-Shot-2013-03-11-at-5.07.38-PM-200x200.png,
/wp-content/uploads/2013/03/Screen-Shot-2013-03-12-at-11.21.19-AM-200x200.png,image,20140109184328,image/png,40671,KT23X4SU6AI6WDWAAUAWYWBYXVKD7UG3,200,1,2014,http://negativeyouth.net/wp-content/uploads/2013/03/Screen-Shot-2013-03-12-at-11.21.19-AM-200x200.png,
/wp-content/uploads/2013/03/booby-200x200.jpg,image,20140109193021,image/jpeg,15072,47JILSNSIMGVIWEPSKZAVY4COR6UAKRW,200,1,2014,http://negativeyouth.net/wp-content/uploads/2013/03/booby-200x200.jpg,
/wp-content/uploads/2013/03/booby-700x672.jpg,image,20140109204519,image/jpeg,106076,G4VLETHBODV2LSA63VLUEUJGSWMGZYLJ,200,1,2014,http://negativeyouth.net/wp-content/uploads/2013/03/booby-700x672.jpg,
/wp-content/uploads/2013/03/choco-13-03-lil-b-200x200.jpg,image,20140109200416,image/jpeg,11851,AL4VTZKQJMCMDNBB2OKUDCWEV7SJWBFX,200,1,2014,http://negativeyouth.net/wp-content/uploads/2013/03/choco-13-03-lil-b-200x200.jpg,
/wp-content/uploads/2013/03/choco-13-03-lil-b.jpg,image,20140109194126,image/jpeg,199663,LXOCTHLLBHUHO6QPB65CO4QEJVHTEHC7,200,1,2014,http://negativeyouth.net/wp-content/uploads/2013/03/choco-13-03-lil-b.jpg,
/wp-content/uploads/2013/03/chvrches-200x200.jpg,image,20140109184549,image/jpeg,18482,S4C3YFSBHGY3LLMZPADRUZU22U7WQ6YW,200,1,2014,http://negativeyouth.net/wp-content/uploads/2013/03/chvrches-200x200.jpg,
/wp-content/uploads/2013/03/chvrches.jpg,image,20140109183649,image/jpeg,291325,F4YZLORIUGYJQI5OP4U52LITSRUFHPU6,200,1,2014,http://negativeyouth.net/wp-content/uploads/2013/03/chvrches.jpg,
/wp-content/uploads/2013/03/digital-latex-200x200.jpg,image,20140109185227,image/jpeg,9293,P3KIDWUD2357Y63QKY6GED7E7Q6HGIEJ,200,1,2014,http://negativeyouth.net/wp-content/uploads/2013/03/digital-latex-200x200.jpg,
/wp-content/uploads/2013/03/digital-latex.jpg,image,20140109182155,image/jpeg,288618,AHYGIZTOHQQ5TOVOI3OZWPXNST2B4DQX,200,1,2014,http://negativeyouth.net/wp-content/uploads/2013/03/digital-latex.jpg,
/wp-content/uploads/2013/03/dj-boy-drama-200x200.png,image,20140109193651,image/png,62147,J5PLJLBS43A4HPJBNYBQXMMHAE3OPCVQ,200,1,2014,http://negativeyouth.net/wp-content/uploads/2013/03/dj-boy-drama-200x200.png,
/wp-content/uploads/2013/03/dj-boy-drama.jpg,image,20140109183517,image/jpeg,218462,I4SPBMT7IS2K2GSZFTHZ56WTWLHYKPNF,200,1,2014,http://negativeyouth.net/wp-content/uploads/2013/03/dj-boy-drama.jpg,
/wp-content/uploads/2013/03/dream-affair-200x200.png,image,20140109183306,image/png,55887,WC5FP2A3PFJR4PSPX2WYTN2BSFY2WFDY,200,2,2014,http://negativeyouth.net/wp-content/uploads/2013/03/dream-affair-200x200.png,
/wp-content/uploads/2013/03/endymion-200x200.jpg,image,20140109183659,image/jpeg,15455,OF5VOTLKZVXN36YBKEZGPDUIDN46MUGP,200,1,2014,http://negativeyouth.net/wp-content/uploads/2013/03/endymion-200x200.jpg,
/wp-content/uploads/2013/03/feathers-200x200.png,image,20140109183757,image/png,63472,EMKG6V3WFJZDBXPNEJBHFQFKVZQOMHIA,200,1,2014,http://negativeyouth.net/wp-content/uploads/2013/03/feathers-200x200.png,
/wp-content/uploads/2013/03/gatas1.jpg,image,20140109194707,image/jpeg,144223,QZXOPH7TLNVOR2W66RJQL77MOEIDO2N2,200,1,2014,http://negativeyouth.net/wp-content/uploads/2013/03/gatas1.jpg,
/wp-content/uploads/2013/03/iamx-200x200.png,image,20140109182458,image/png,50508,KU3KDFS5O5H2DR6SCR7Q2P3O2VCC5GP3,200,1,2014,http://negativeyouth.net/wp-content/uploads/2013/03/iamx-200x200.png,
/wp-content/uploads/2013/03/matrixx-200x200.jpg,image,20140109191838,image/jpeg,13673,ZUKAM7CJSEVD23B3T7JE4R66TECFA6US,200,1,2014,http://negativeyouth.net/wp-content/uploads/2013/03/matrixx-200x200.jpg,
/wp-content/uploads/2013/03/matrixx-700x960.jpg,image,20140109182943,image/jpeg,124641,SFTBZZ7AC5I53JD6EPBMUVPULQ7MWNDI,200,1,2014,http://negativeyouth.net/wp-content/uploads/2013/03/matrixx-700x960.jpg,
/wp-content/uploads/2013/03/maxwell-200x200.jpg,image,20140109191826,image/jpeg,8241,CLCNX7ZSSAFCNDST5C43XW3JUPEBQIYP,200,1,2014,http://negativeyouth.net/wp-content/uploads/2013/03/maxwell-200x200.jpg,
/wp-content/uploads/2013/03/maxwell.jpg,image,20140109191119,image/jpeg,151002,CZHKU3BVWQB34E74MGTUZEGKDICN5YRF,200,1,2014,http://negativeyouth.net/wp-content/uploads/2013/03/maxwell.jpg,
/wp-content/uploads/2013/03/nrmal-20131-200x200.jpg,image,20140109193100,image/jpeg,11727,EMROGGFMZ5OYCLE4VATWCWK3AVUMXQGL,200,1,2014,http://negativeyouth.net/wp-content/uploads/2013/03/nrmal-20131-200x200.jpg,
/wp-content/uploads/2013/03/nrmal-20131.jpg,image,20140109194936,image/jpeg,357661,Y6QMOK3OERG53WWFWAZZOZCXNWZMBWW3,200,1,2014,http://negativeyouth.net/wp-content/uploads/2013/03/nrmal-20131.jpg,
/wp-content/uploads/2013/03/nrmal-horarios.jpg,image,20140109185156,image/jpeg,129583,RAJGWGBZLIASJLILOXKVOBAM2KQR6USQ,200,1,2014,http://negativeyouth.net/wp-content/uploads/2013/03/nrmal-horarios.jpg,
/wp-content/uploads/2013/03/owm2-700.jpg,image,20140109183630,image/jpeg,443667,FRBFJWLTSMMBJCHDWCV2BJUGCCGTPE2I,200,1,2014,http://negativeyouth.net/wp-content/uploads/2013/03/owm2-700.jpg,
/wp-content/uploads/2013/03/owmII-200x200.jpg,image,20131209125149,image/jpeg,10112,JJ3HHTSUCWDR4UGATYN4H6DFJPRJO4QW,200,2,2013;2014,http://negativeyouth.net/wp-content/uploads/2013/03/owmII-200x200.jpg,
/wp-content/uploads/2013/03/owmII1-200x200.jpg,image,20140109192738,image/jpeg,10112,JJ3HHTSUCWDR4UGATYN4H6DFJPRJO4QW,200,1,2014,http://negativeyouth.net/wp-content/uploads/2013/03/owmII1-200x200.jpg,
/wp-content/uploads/2013/03/rainbow-arabia-200x200.jpg,image,20140109190940,image/jpeg,13180,5GZS7QLY2NVVE6JDWPMMJ65WJLY6PY5X,200,1,2014,http://negativeyouth.net/wp-content/uploads/2013/03/rainbow-arabia-200x200.jpg,
/wp-content/uploads/2013/03/rainbow-arabia.jpg,image,20140109192406,image/jpeg,390854,I5NXPFZ3YADJ3RJDX6THTX2QD7ZQQZE3,200,1,2014,http://negativeyouth.net/wp-content/uploads/2013/03/rainbow-arabia.jpg,
/wp-content/uploads/2013/03/selma-200x200.jpg,image,20140109182903,image/jpeg,14796,PZ2NVUOUYGNSNE4NU5DZTMW3XV5DHPPA,200,1,2014,http://negativeyouth.net/wp-content/uploads/2013/03/selma-200x200.jpg,
/wp-content/uploads/2013/03/selma.jpg,image,20140109203416,image/jpeg,344223,TWC72NEB5DHYSDYXYGXQZO4EJ2FKFJ36,200,1,2014,http://negativeyouth.net/wp-content/uploads/2013/03/selma.jpg,
/wp-content/uploads/2013/03/shaggy-2-dope-200x200.png,image,20140109185258,image/png,46781,SPDLUHEQJ25K2ONICJQVK5ICBTFB5Z7B,200,1,2014,http://negativeyouth.net/wp-content/uploads/2013/03/shaggy-2-dope-200x200.png,
/wp-content/uploads/2013/03/tanlines-200x200.jpg,image,20140109200514,image/jpeg,20519,WD5CR5LI5RWLIPLXQUB3GBFLQISWYPQ6,200,1,2014,http://negativeyouth.net/wp-content/uploads/2013/03/tanlines-200x200.jpg,
/wp-content/uploads/2013/03/tanlines1.jpg,image,20140109204355,image/jpeg,291093,7NO7B3Y6PZNMXJOBDUP66B2CNYMOHOOB,200,1,2014,http://negativeyouth.net/wp-content/uploads/2013/03/tanlines1.jpg,
/wp-content/uploads/2013/03/the-knife-200x200.png,image,20140109184932,image/png,59351,AONKN6R3OPHZVYJFBA74WFI7RV5ZOC32,200,1,2014,http://negativeyouth.net/wp-content/uploads/2013/03/the-knife-200x200.png,
/wp-content/uploads/2013/03/think-and-change-200x200.jpg,image,20140109194649,image/jpeg,6153,6QMSXSEYEFD5YRRDNPMCUE65NBLFBTDM,200,1,2014,http://negativeyouth.net/wp-content/uploads/2013/03/think-and-change-200x200.jpg,
/wp-content/uploads/2013/03/tiffany-200x200.jpg,image,20140109185413,image/jpeg,11995,ARJ2RRRCP4JTUVXOXRH4LIKOXRHIVPIG,200,1,2014,http://negativeyouth.net/wp-content/uploads/2013/03/tiffany-200x200.jpg,
/wp-content/uploads/2013/03/tiffany-200x200.png,image,20140109190556,image/png,57068,GJP6UFA532NJH5RR5VC2ESYYENZ5XX74,200,1,2014,http://negativeyouth.net/wp-content/uploads/2013/03/tiffany-200x200.png,
/wp-content/uploads/2013/03/tiffany.jpg,image,20140109192204,image/jpeg,298930,WSTLWWZO7FFDLQ6TNJXYIQ6BO7KY6ZA4,200,1,2014,http://negativeyouth.net/wp-content/uploads/2013/03/tiffany.jpg,
/wp-content/uploads/2013/03/ufomania-200x200.jpg,image,20140109183028,image/jpeg,12378,TECOHUH5RWEGMQM6NH6IL7KDNOK64ZDK,200,1,2014,http://negativeyouth.net/wp-content/uploads/2013/03/ufomania-200x200.jpg,
/wp-content/uploads/2013/03/ufomania.jpg,image,20140109192215,image/jpeg,281981,YQUORP2UTLIC6MCTJSCC7WDSPSUM4UDL,200,1,2014,http://negativeyouth.net/wp-content/uploads/2013/03/ufomania.jpg,
/wp-content/uploads/2013/03/wlrd-tour-200x200.png,image,20140109192102,image/png,75138,LM2Y2V6DCCH4FHPRKTF6GSRYX2TTXHGA,200,1,2014,http://negativeyouth.net/wp-content/uploads/2013/03/wlrd-tour-200x200.png,
/wp-content/uploads/2013/03/yung-rapunzel-200x200.jpg,image,20140109183709,image/jpeg,12122,GUDZJ3KFFYPQNAOIKIUKQOE5KTPAEF3G,200,1,2014,http://negativeyouth.net/wp-content/uploads/2013/03/yung-rapunzel-200x200.jpg,
/wp-content/uploads/2013/03/yung-rapunzel.jpg,image,20140109194635,image/jpeg,213203,XXA4SMWZVSTVW2FQZCUEOBH3SNW4Z5P2,200,1,2014,http://negativeyouth.net/wp-content/uploads/2013/03/yung-rapunzel.jpg,
/wp-content/uploads/2013/04/Captura-de-pantalla-2013-04-09-a-las-16.17.15-200x200.png,image,20140109183352,image/png,53422,OMPESYKBIVSIZH6GJXHPLQUQPSRPSQ6K,200,1,2014,http://negativeyouth.net/wp-content/uploads/2013/04/Captura-de-pantalla-2013-04-09-a-las-16.17.15-200x200.png,
/wp-content/uploads/2013/04/DBC-200x200.png,image,20140109191751,image/png,27988,NB6MNA4MDHLN2VUX5N76RF5EWZVNJ47V,200,2,2014,http://negativeyouth.net/wp-content/uploads/2013/04/DBC-200x200.png,
/wp-content/uploads/2013/04/GLASS-POPCORN-200x200.png,image,20140109184810,image/png,67527,TPNZWB3ZZ3I7OT3V4JUZQ23N3KHZJLWU,200,1,2014,http://negativeyouth.net/wp-content/uploads/2013/04/GLASS-POPCORN-200x200.png,
/wp-content/uploads/2013/04/MATHEMATIQUE-200x200.png,image,20140109183654,image/png,68476,4TT4MLAHMWUE3OO4BYELR74SGTHFCGHN,200,1,2014,http://negativeyouth.net/wp-content/uploads/2013/04/MATHEMATIQUE-200x200.png,
/wp-content/uploads/2013/04/bff-200x200.jpg,image,20140109194457,image/jpeg,19350,CMDQBFQ5EXXUOXXLZTXF4H4SJI44GT42,200,1,2014,http://negativeyouth.net/wp-content/uploads/2013/04/bff-200x200.jpg,
/wp-content/uploads/2013/04/brite-aid-neverland-200x200.png,image,20140109192751,image/png,49469,WX2JZLAA35GIDWMW54V24FLCXH3WEWHO,200,1,2014,http://negativeyouth.net/wp-content/uploads/2013/04/brite-aid-neverland-200x200.png,
/wp-content/uploads/2013/04/cdr.jpg,image,20140109082736,image/jpeg,635203,K5K5CHEY5W7EEOCZOFRI53R56GCNGM2J,200,1,2014,http://negativeyouth.net/wp-content/uploads/2013/04/cdr.jpg,
/wp-content/uploads/2013/04/covers.jpg,image,20140109082253,image/jpeg,258616,CKXPEXK6M5BDXHDC2BQ3DYLPNPNBD7HL,200,1,2014,http://negativeyouth.net/wp-content/uploads/2013/04/covers.jpg,
/wp-content/uploads/2013/04/coyote-200x200.png,image,20140109182117,image/png,51216,O7VDJOEWGMAUUCX2LLFRDAMNWYLHZC2E,200,1,2014,http://negativeyouth.net/wp-content/uploads/2013/04/coyote-200x200.png,
/wp-content/uploads/2013/04/digital-latex-200x200.jpg,image,20140109185926,image/jpeg,9136,LRNVJSTE25Q7CS63HGL7DEZ46MKD7F7G,200,2,2013;2014,http://negativeyouth.net/wp-content/uploads/2013/04/digital-latex-200x200.jpg,
/wp-content/uploads/2013/04/digital-latex.jpg,image,20140109192322,image/jpeg,293868,NPIDV4BUUUGG4OORXROWM5PK2YGXKE2R,200,1,2014,http://negativeyouth.net/wp-content/uploads/2013/04/digital-latex.jpg,
/wp-content/uploads/2013/04/first-prom-200x200.jpg,image,20140110220902,image/jpeg,8972,KRTY5L2D5TGM5QRFMNDOYRVBWNQF6IF4,200,1,2014,http://negativeyouth.net/wp-content/uploads/2013/04/first-prom-200x200.jpg,
/wp-content/uploads/2013/04/first-prom.jpg,image,20140109202925,image/jpeg,206504,ETRKH2KSQT4V2CECG7EOSXNISHJTCXB7,200,1,2014,http://negativeyouth.net/wp-content/uploads/2013/04/first-prom.jpg,
/wp-content/uploads/2013/04/gaw.jpg,image,20140109075708,image/jpeg,299055,4XMDP62KJ4ZA5UOINOOR2DWBB62HNC5H,200,1,2014,http://negativeyouth.net/wp-content/uploads/2013/04/gaw.jpg,
/wp-content/uploads/2013/04/gawmixes.jpg,image,20140109073433,image/jpeg,128912,PURPT7JVMFIO6S64FVYY6KFHHTAQ6P7G,200,1,2014,http://negativeyouth.net/wp-content/uploads/2013/04/gawmixes.jpg,
/wp-content/uploads/2013/04/injustice-200x200.jpg,image,20140109182315,image/jpeg,16921,HC5PWAUYVKFWODE7HVXLK5MMNNLSWU33,200,1,2014,http://negativeyouth.net/wp-content/uploads/2013/04/injustice-200x200.jpg,
/wp-content/uploads/2013/04/injustice.jpg,image,20140109194234,image/jpeg,194603,OF2N4ORXCPW6MKLMG5FDJP5ZVGWWBP6Y,200,1,2014,http://negativeyouth.net/wp-content/uploads/2013/04/injustice.jpg,
/wp-content/uploads/2013/04/is-tropical-200x200.png,image,20140109193738,image/png,67228,YSDYRSRQWXXBAMD7WPVE6K67SIZ5M5HV,200,1,2014,http://negativeyouth.net/wp-content/uploads/2013/04/is-tropical-200x200.png,
/wp-content/uploads/2013/04/juan-pesta%C3%B1as-200x200.jpg,image,20140109192119,image/jpeg,16669,LS4GURML2SLZM44Y3CSTJ4R4Y5W5PQ56,200,2,2013;2014,http://negativeyouth.net/wp-content/uploads/2013/04/juan-pesta%C3%B1as-200x200.jpg,
/wp-content/uploads/2013/04/juan-pesta%C3%B1as.jpg,image,20140109194951,image/jpeg,210748,Y2YP3XI55BTXFN7IVJW7GSJLN2NPAQWX,200,2,2014;2025,http://negativeyouth.net/wp-content/uploads/2013/04/juan-pesta%C3%B1as.jpg,https://negativeyouth.net/wp-content/uploads/2013/04/juan-pesta%C3%B1as.jpg
/wp-content/uploads/2013/04/lonely-boys-200x200.png,image,20140109185503,image/png,46216,MSCJVRIA7HSJCQGDPZSMDWCICJT44ES2,200,1,2014,http://negativeyouth.net/wp-content/uploads/2013/04/lonely-boys-200x200.png,
/wp-content/uploads/2013/04/metal-mother-200x200.jpg,image,20140109190309,image/jpeg,9022,DIEFOLYOHV2H7ZS2QWDIJQATKVFT6O65,200,1,2014,http://negativeyouth.net/wp-content/uploads/2013/04/metal-mother-200x200.jpg,
/wp-content/uploads/2013/04/metal-mother.png,image,20140109182721,image/png,393686,VEQDIGWTYSG25SRENNHVIZGKUEVSXYSN,200,1,2014,http://negativeyouth.net/wp-content/uploads/2013/04/metal-mother.png,
/wp-content/uploads/2013/04/ny-indiegogo-200x200.jpg,image,20131104103611,image/jpeg,15279,L5KORJDV5OG4SLEXBQ56P3ZD4BPHGFMI,200,2,2013;2014,http://negativeyouth.net/wp-content/uploads/2013/04/ny-indiegogo-200x200.jpg,
/wp-content/uploads/2013/04/ny-indiegogo.jpg,image,20140109203005,image/jpeg,473897,MSWUS56AOJGAMRTSFCRE66TZFFRAUO3D,200,1,2014,http://negativeyouth.net/wp-content/uploads/2013/04/ny-indiegogo.jpg,
/wp-content/uploads/2013/04/ooooo-200x200.jpg,image,20140109191016,image/jpeg,11054,JCE2ECXTNVUSKWPBBSAICPAK22RFNCOS,200,1,2014,http://negativeyouth.net/wp-content/uploads/2013/04/ooooo-200x200.jpg,
/wp-content/uploads/2013/04/ooooo.jpg,image,20140109200916,image/jpeg,115583,WPULSP6XM6H4NUMX5TTYYQJBXJ3T4VEB,200,1,2014,http://negativeyouth.net/wp-content/uploads/2013/04/ooooo.jpg,
/wp-content/uploads/2013/04/perfect-blue-200x200.jpg,image,20140109193828,image/jpeg,13183,JBD5E3LIEEJ3UBXLBIE4BG5ESUZRSZ6H,200,1,2014,http://negativeyouth.net/wp-content/uploads/2013/04/perfect-blue-200x200.jpg,
/wp-content/uploads/2013/04/perfect-blue.jpg,image,20140109194805,image/jpeg,513353,VGYFPST2B7EUVA7QB46RGZKNUZWBY6UW,200,1,2014,http://negativeyouth.net/wp-content/uploads/2013/04/perfect-blue.jpg,
/wp-content/uploads/2013/04/raymondstock-200x200.jpg,image,20140109185336,image/jpeg,25092,HWZVPC5EQZ5BRAPNWAXQ6EKOSK64XWI5,200,2,2014,http://negativeyouth.net/wp-content/uploads/2013/04/raymondstock-200x200.jpg,
/wp-content/uploads/2013/04/raymondstock.jpg,image,20140109200857,image/jpeg,464859,FLOMXCDAPFOLFYQXCZ7WRJH5LZFWKJP7,200,1,2014,http://negativeyouth.net/wp-content/uploads/2013/04/raymondstock.jpg,
/wp-content/uploads/2013/04/ritualz-mix-for-logo-200x200.jpg,image,20140109192741,image/jpeg,11551,RTC27CDUFZBLE32BLGXJIHEG5NLBVHJF,200,1,2014,http://negativeyouth.net/wp-content/uploads/2013/04/ritualz-mix-for-logo-200x200.jpg,
/wp-content/uploads/2013/04/ritualz-mix-for-logo.jpg,image,20140109191437,image/jpeg,135148,YJ4I3KMSWOZZNFWE5KLHC4WVFLIHGXV2,200,1,2014,http://negativeyouth.net/wp-content/uploads/2013/04/ritualz-mix-for-logo.jpg,
/wp-content/uploads/2013/04/vin-sol1-200x200.jpg,image,20140109193347,image/jpeg,13971,TLKNPRBLRLED4CCXFEO7MELNZDAYJWHK,200,1,2014,http://negativeyouth.net/wp-content/uploads/2013/04/vin-sol1-200x200.jpg,
/wp-content/uploads/2013/04/vortex.jpg,image,20140109193718,image/jpeg,215055,6NLE3MFOH7DTNERMST3OGO32XICLBN4U,200,1,2014,http://negativeyouth.net/wp-content/uploads/2013/04/vortex.jpg,
/wp-content/uploads/2013/05/01-copy-200x200.jpg,image,20131104103735,image/jpeg,18726,2IHGOIB4A2544HFHKGQF2ZG7QPLVNZQP,200,2,2013;2014,http://negativeyouth.net/wp-content/uploads/2013/05/01-copy-200x200.jpg,
/wp-content/uploads/2013/05/01-copy.jpg,image,20140109190929,image/jpeg,303728,DTH75V2P3BH2N2KHSME6PAZ7D6MPNYGI,200,1,2014,http://negativeyouth.net/wp-content/uploads/2013/05/01-copy.jpg,
/wp-content/uploads/2013/05/8698145611_982c61553f1.jpg,image,20140109193030,image/jpeg,236555,HQ7SUKI7GE43NLTQHWNFX34SR2OJINBK,200,1,2014,http://negativeyouth.net/wp-content/uploads/2013/05/8698145611_982c61553f1.jpg,
/wp-content/uploads/2013/05/8698402257_658f41f0e71.jpg,image,20140109195323,image/jpeg,127277,ELL3ZF26YT3KXGG4V6IJZNCUQ2LUKUPJ,200,1,2014,http://negativeyouth.net/wp-content/uploads/2013/05/8698402257_658f41f0e71.jpg,
/wp-content/uploads/2013/05/alicia-200x200.png,image,20140109194745,image/png,50093,6OKUMVUEDTNSBNA4APSRJFN3DQO6SBHH,200,1,2014,http://negativeyouth.net/wp-content/uploads/2013/05/alicia-200x200.png,
/wp-content/uploads/2013/05/broken-200x200.png,image,20140109184423,image/png,46886,E5HYCKKEOD2AIUCQBXBUW3US75UEHESW,200,1,2014,http://negativeyouth.net/wp-content/uploads/2013/05/broken-200x200.png,
/wp-content/uploads/2013/05/broken-copy.png,image,20140111005001,image/png,439491,U46SHEAPYBDXIV4CF3GKPLYCQA3YJ2VV,200,1,2014,http://negativeyouth.net/wp-content/uploads/2013/05/broken-copy.png,
/wp-content/uploads/2013/05/butteclock-200x200.png,image,20140109182103,image/png,67255,VVB65TQ3726ESMM6K3NIWTFINY4GVGLJ,200,1,2014,http://negativeyouth.net/wp-content/uploads/2013/05/butteclock-200x200.png,
/wp-content/uploads/2013/05/chvrches-200x200.jpg,image,20140109182106,image/jpeg,12484,2XHASWGNL6DCY5K4DI3SH4Z7RB7ZDMMS,200,1,2014,http://negativeyouth.net/wp-content/uploads/2013/05/chvrches-200x200.jpg,
/wp-content/uploads/2013/05/chvrches.jpg,image,20140109184912,image/jpeg,195826,C7S4TFS445LMXC5DZGLTM3BBPYTRC7BQ,200,1,2014,http://negativeyouth.net/wp-content/uploads/2013/05/chvrches.jpg,
/wp-content/uploads/2013/05/dstvv-200x200.png,image,20140109185315,image/png,78552,U2XCJFE76W67TDUYU6K4NDREC5327QHS,200,1,2014,http://negativeyouth.net/wp-content/uploads/2013/05/dstvv-200x200.png,
/wp-content/uploads/2013/05/feathers-200x200.png,image,20140109200458,image/png,46880,X3CPVCT2SWGMSVX27LPFOP7WLVUIRCAK,200,1,2014,http://negativeyouth.net/wp-content/uploads/2013/05/feathers-200x200.png,
/wp-content/uploads/2013/05/hdxd-200x200.jpg,image,20140109184058,image/jpeg,16998,W32WNRO7ETKZXWFZBMAZPX6EP2NQCWI7,200,1,2014,http://negativeyouth.net/wp-content/uploads/2013/05/hdxd-200x200.jpg,
/wp-content/uploads/2013/05/hdxd.jpg,image,20140109194651,image/jpeg,463652,A22QSBNVAOAXYQQX6OETCBMEJFLQDGW4,200,1,2014,http://negativeyouth.net/wp-content/uploads/2013/05/hdxd.jpg,
/wp-content/uploads/2013/05/kanye-200x200.png,image,20140109182130,image/png,44026,MGODKFITMWMD3NDW3PTTROT3FVH5APPM,200,1,2014,http://negativeyouth.net/wp-content/uploads/2013/05/kanye-200x200.png,
/wp-content/uploads/2013/05/kyary-200x200.png,image,20140109193122,image/png,78193,JXTYSNMOIK253DKN43NAODFKB4P3JHNS,200,1,2014,http://negativeyouth.net/wp-content/uploads/2013/05/kyary-200x200.png,
/wp-content/uploads/2013/05/kyle-200x200.jpg,image,20140109184059,image/jpeg,7677,7XM5GMDGYSONFLYWUF3ZCFNINOQRCAPH,200,1,2014,http://negativeyouth.net/wp-content/uploads/2013/05/kyle-200x200.jpg,
/wp-content/uploads/2013/05/kyle-700x960.jpg,image,20140109192601,image/jpeg,84443,GH2G3TJHNXN63PZRC3QJIYQZODDTF6GE,200,1,2014,http://negativeyouth.net/wp-content/uploads/2013/05/kyle-700x960.jpg,
/wp-content/uploads/2013/05/teamrockit-200x200.png,image,20140109190054,image/png,31040,5HBDJ44AX4JS7QOCXN5EDRMN2G4BTJ47,200,1,2014,http://negativeyouth.net/wp-content/uploads/2013/05/teamrockit-200x200.png,
/wp-content/uploads/2013/05/tell-me-200x200.jpg,image,20140110183523,image/jpeg,6944,PR6F5DQLNUXEPNLEQA7JKPAC6ZJJSTQM,200,1,2014,http://negativeyouth.net/wp-content/uploads/2013/05/tell-me-200x200.jpg,
/wp-content/uploads/2013/05/tell-me.jpg,image,20140109182837,image/jpeg,165271,X2YXOTXXTH4UMNJMJPDXHD36XN4ZOWMH,200,1,2014,http://negativeyouth.net/wp-content/uploads/2013/05/tell-me.jpg,
/wp-content/uploads/2013/05/tiff-200x200.png,image,20140109193547,image/png,67645,VUS7LQ3M5MGXSVNVJGHWWBOVRTKRWMY4,200,2,2014,http://negativeyouth.net/wp-content/uploads/2013/05/tiff-200x200.png,
/wp-content/uploads/2013/05/tumblr_mlj147lMAE1rdsie4o1_5001.jpg,image,20140109195340,image/jpeg,106258,72TXADFQU25FKQ4U33N3FEBDLT4SWL4J,200,1,2014,http://negativeyouth.net/wp-content/uploads/2013/05/tumblr_mlj147lMAE1rdsie4o1_5001.jpg,
/wp-content/uploads/2013/06/603730_519390134783802_50973685_n1-200x200.jpg,image,20140109193834,image/jpeg,8109,YQQEPTIY7B2GLUYQKHU3DIHSUJKQH54O,200,2,2014,http://negativeyouth.net/wp-content/uploads/2013/06/603730_519390134783802_50973685_n1-200x200.jpg,
/wp-content/uploads/2013/06/603730_519390134783802_50973685_n1-700x926.jpg,image,20140109183447,image/jpeg,107787,FTEPLLTXHNZQILQSOLIK66IWCCYPP3SV,200,1,2014,http://negativeyouth.net/wp-content/uploads/2013/06/603730_519390134783802_50973685_n1-700x926.jpg,
/wp-content/uploads/2013/06/Captura-de-pantalla-2013-06-18-a-las-11.09.25-200x200.png,image,20140109191111,image/png,66044,7BSCBVE66G2SUYB6SPWAFCX5EUTN3LN4,200,1,2014,http://negativeyouth.net/wp-content/uploads/2013/06/Captura-de-pantalla-2013-06-18-a-las-11.09.25-200x200.png,
/wp-content/uploads/2013/06/HOLLAGRAMZ-200x200.png,image,20140109183452,image/png,58776,WFKZHFP2ZCHQN2KUMJPOR6IC3JJXSLKM,200,2,2014;2025,http://negativeyouth.net/wp-content/uploads/2013/06/HOLLAGRAMZ-200x200.png,https://negativeyouth.net/wp-content/uploads/2013/06/HOLLAGRAMZ-200x200.png
/wp-content/uploads/2013/06/TRUST-x-PICTUREPLANE-200x200.jpg,image,20140109183554,image/jpeg,13060,5P4AFYI5WAVUU4CSBGCFBKFTMX2MCY5N,200,1,2014,http://negativeyouth.net/wp-content/uploads/2013/06/TRUST-x-PICTUREPLANE-200x200.jpg,
/wp-content/uploads/2013/06/TRUST-x-PICTUREPLANE.jpg,image,20140109190053,image/jpeg,191810,EXK4SVWH5SH6TD74QFIGTYC4LJPEJFDE,200,1,2014,http://negativeyouth.net/wp-content/uploads/2013/06/TRUST-x-PICTUREPLANE.jpg,
/wp-content/uploads/2013/06/alex-burkat-200x200.jpg,image,20140109194123,image/jpeg,15200,KWHD2QT5XP3N3ECBG7EEL3Z5JD7DXCVF,200,1,2014,http://negativeyouth.net/wp-content/uploads/2013/06/alex-burkat-200x200.jpg,
/wp-content/uploads/2013/06/blutengel-200x200.png,image,20140109182943,image/png,42085,RALOYPS3FJV47GQNTF27SBDB5PFO3ZAK,200,1,2014,http://negativeyouth.net/wp-content/uploads/2013/06/blutengel-200x200.png,
/wp-content/uploads/2013/06/calavera-200x200.png,image,20140109200458,image/png,34644,UAOBH33TISBR2KZ3U6B4L2RN764MUXSK,200,1,2014,http://negativeyouth.net/wp-content/uploads/2013/06/calavera-200x200.png,
/wp-content/uploads/2013/06/dawkins-200x200.png,image,20140109194912,image/png,65252,FEBTT5VGCTRRGNL5C24AWIDQHRLYNM6Y,200,1,2014,http://negativeyouth.net/wp-content/uploads/2013/06/dawkins-200x200.png,
/wp-content/uploads/2013/06/ebm-200x200.png,image,20140109194419,image/png,43160,LBI67NCQWKFH4I3P7O7FGIGYA6NGSRIE,200,1,2014,http://negativeyouth.net/wp-content/uploads/2013/06/ebm-200x200.png,
/wp-content/uploads/2013/06/favna-200x200.png,image,20140109184549,image/png,60194,I2CVTLKTHRNQ5DW44XVBMKFOM762ZICG,200,1,2014,http://negativeyouth.net/wp-content/uploads/2013/06/favna-200x200.png,
/wp-content/uploads/2013/06/fostercare-200x200.jpg,image,20140109182912,image/jpeg,12615,DB27Y53YW7QI2NPYUFEPOCWCUUMVLASJ,200,1,2014,http://negativeyouth.net/wp-content/uploads/2013/06/fostercare-200x200.jpg,
/wp-content/uploads/2013/06/fostercare.jpg,image,20131126085817,image/jpeg,318938,SOMYOQDIJUNW5PLZYN6HJTD7DGA3BKOW,200,2,2013;2014,http://negativeyouth.net/wp-content/uploads/2013/06/fostercare.jpg,
/wp-content/uploads/2013/06/fuck-buttons-200x200.png,image,20140111005423,image/png,58012,P7MLVP3PSGI4OBSL7SHMJTDPXYVQDRXL,200,1,2014,http://negativeyouth.net/wp-content/uploads/2013/06/fuck-buttons-200x200.png,
/wp-content/uploads/2013/06/funker-vogt-200x200.png,image,20140109184244,image/png,75051,ERGRQ3HNGNCBVJNMIWAW6PDTS5FTXZEE,200,1,2014,http://negativeyouth.net/wp-content/uploads/2013/06/funker-vogt-200x200.png,
/wp-content/uploads/2013/06/hdxd-demoticon-front-copy-200x200.jpg,image,20140109192217,image/jpeg,9408,PJDXROJNGENXD3NTVBG4LA3MKQOD4XLS,200,1,2014,http://negativeyouth.net/wp-content/uploads/2013/06/hdxd-demoticon-front-copy-200x200.jpg,
/wp-content/uploads/2013/06/hdxd-demoticon-front-copy.jpg,image,20140109194412,image/jpeg,327874,F4DU54AOFOGW5TJGP47GJCYWU3HNZZPJ,200,1,2014,http://negativeyouth.net/wp-content/uploads/2013/06/hdxd-demoticon-front-copy.jpg,
/wp-content/uploads/2013/06/june-200x200.png,image,20140109184648,image/png,60354,7EMAX4R6NFQEPF5BPD652BR5B2ZPMIUS,200,2,2014,http://negativeyouth.net/wp-content/uploads/2013/06/june-200x200.png,
/wp-content/uploads/2013/06/n4-200x200.png,image,20140109185230,image/png,86908,3VGPURQ76BQ64BN4D2NAAFDAYVPHCXSA,200,1,2014,http://negativeyouth.net/wp-content/uploads/2013/06/n4-200x200.png,
/wp-content/uploads/2013/06/nommo-ogo-200x200.png,image,20140109191906,image/png,70731,QT4VAH2WIK7S3B2WG3OYVNYZ5J23LVC4,200,1,2014,http://negativeyouth.net/wp-content/uploads/2013/06/nommo-ogo-200x200.png,
/wp-content/uploads/2013/06/sanfuentes-200x200.png,image,20140109191128,image/png,10258,ZTA2K7FV3GEE6FYXRCJIFJXUXP6WZQP2,200,1,2014,http://negativeyouth.net/wp-content/uploads/2013/06/sanfuentes-200x200.png,
/wp-content/uploads/2013/06/sanfuentes-700x800.png,image,20131126091445,image/png,56176,B5AK2W6VVJPCDSYBALJR3ZU6QHWM2OT7,200,2,2013;2014,http://negativeyouth.net/wp-content/uploads/2013/06/sanfuentes-700x800.png,
/wp-content/uploads/2013/06/trent-200x200.png,image,20140109183340,image/png,43940,EPPENHXDAOWKZNPMJ7XBQQQW6MJHUHLG,200,1,2014,http://negativeyouth.net/wp-content/uploads/2013/06/trent-200x200.png,
/wp-content/uploads/2013/06/yea-200x200.png,image,20140109191009,image/png,53694,6333F2HHJOHDB5UQJTUYW23BTO2IEQ76,200,1,2014,http://negativeyouth.net/wp-content/uploads/2013/06/yea-200x200.png,
/wp-content/uploads/2013/06/yentech-200x200.png,image,20140109183201,image/png,55698,BHJEA4TJPJVMI64I3FKDXWQCDZG4XBT6,200,1,2014,http://negativeyouth.net/wp-content/uploads/2013/06/yentech-200x200.png,
/wp-content/uploads/2013/06/yentech2-700x650.png,image,20140109192823,image/png,536428,S3HXY3UDS2T6YYN7IR3OS5IQBHFKLJQB,200,2,2013;2014,http://negativeyouth.net/wp-content/uploads/2013/06/yentech2-700x650.png,
/wp-content/uploads/2013/06/zola-jesus1-200x200.jpeg,image,20140109184349,image/jpeg,9180,G53XHWYGOR3AGCCPBSYPCE4FUCOCHDSZ,200,2,2013;2014,http://negativeyouth.net/wp-content/uploads/2013/06/zola-jesus1-200x200.jpeg,
/wp-content/uploads/2013/07/au-revoir-200x200.jpg,image,20140109194645,image/jpeg,16727,WIKL6GLKHEEVAGNV5V6MTHF2FTKJ5UGY,200,1,2014,http://negativeyouth.net/wp-content/uploads/2013/07/au-revoir-200x200.jpg,
/wp-content/uploads/2013/07/au-revoir.jpg,image,20140110212500,image/jpeg,276587,TZV3QZK5TEOUZOIFRGZQY3DSZPDA4HHL,200,8,2013;2014;2025,http://negativeyouth.net/wp-content/uploads/2013/07/au-revoir.jpg,https://negativeyouth.net/wp-content/uploads/2013/07/au-revoir.jpg
/wp-content/uploads/2013/09/ritualz-logo2.png,image,20140109141216,image/png,68071,IBJBQQ3DC5YLI2ZOF63DBDXXP4CRLIIB,200,5,2013;2014;2016,http://negativeyouth.net/wp-content/uploads/2013/09/ritualz-logo2.png,
/wp-content/uploads/2013/09/wallpaper.jpg,image,20140109141852,image/jpeg,1261327,XVN2GQP2RKOGXCD75PR4MUAONNVEAYZ6,200,2,2013;2014,http://negativeyouth.net/wp-content/uploads/2013/09/wallpaper.jpg,
/wp-content/uploads/2014/08/bg.jpg,image,20141223031050,image/jpeg,1017822,IT5ZK3C44MZAO6UYDNTBUH3NMRQEDKJE,200,3,2014;2016,http://negativeyouth.net/wp-content/uploads/2014/08/bg.jpg,
/wp-includes/images/smilies/icon_sad.gif,image,20140110212438,image/gif,638,U2YIQZBRLYLGK4GSHZERFMXD7I3HRVBR,200,1,2014,http://negativeyouth.net/wp-includes/images/smilies/icon_sad.gif,
/wp-includes/images/smilies/icon_smile.gif,image,20140109191755,image/gif,652,JXHAUHA5WC7VGIPFWMTQX66BWBM243XS,200,1,2014,http://negativeyouth.net/wp-includes/images/smilies/icon_smile.gif,
/wp-includes/images/smilies/icon_wink.gif,image,20140109191844,image/gif,643,Y6AOHFIFTKHA3TKDBIBJ5NRUMVOI7BXI,200,1,2014,http://negativeyouth.net/wp-includes/images/smilies/icon_wink.gif,
/wp-includes/js/jquery/jquery.js?ver=1.4.4,js,20210403201956,application/javascript,34426,7B2H7DXHATM26MOQSUABLYA5H6LDLMDQ,200,1,2021,http://negativeyouth.net/wp-includes/js/jquery/jquery.js?ver=1.4.4,
/wp-includes/js/jquery/jquery.js?ver=1.6.1,js,20110823024427,application/javascript,32454,XGCHWSGEHLHDUMFV57QRPYINLDEXL3EV,200,1,2011,http://negativeyouth.net/wp-includes/js/jquery/jquery.js?ver=1.6.1,
/wp-includes/js/jquery/jquery.js?ver=1.7.1,js,20150211213129,text/javascript,33271,4YL7WP5OIDJJYJB53T2OF3TPCLLQDRHR,200,1,2015,http://negativeyouth.net/wp-includes/js/jquery/jquery.js?ver=1.7.1,
/wp-includes/js/jquery/jquery.js?ver=1.7.2,js,20200607051423,application/javascript,34358,7B2H7DXHATM26MOQSUABLYA5H6LDLMDQ,200,1,2020,http://negativeyouth.net/wp-includes/js/jquery/jquery.js?ver=1.7.2,
/wp-includes/js/jquery/jquery.js?ver=1.8.3,js,20131023045641,text/javascript,33928,2JEBPUJ3IYTLCXRP2UPET4RRF4T6667F,200,5,2013;2014;2025,http://negativeyouth.net/wp-includes/js/jquery/jquery.js?ver=1.8.3,https://negativeyouth.net/wp-includes/js/jquery/jquery.js?ver=1.8.3
/wp-includes/wlwmanifest.xml,other_asset,20110823024404,application/xml,846,3OPY5NFF33YWVYTPXT3IDEMTZCGR67M7,200,13,2011;2013;2014,http://negativeyouth.net/wp-includes/wlwmanifest.xml,
/xeno-oaklander-the-staircase/,post,20131126094628,text/html,34209,4R24EAK5POI3KPRGUNVH4LAVDV7VQDU5,200,7,2011;2012;2013;2014,http://negativeyouth.net/xeno-oaklander-the-staircase/,
/xeno-oaklander-the-staircase/feed/,feed,20140109205637,text/xml,1074,SKN5TGYLIOE6VDHOBA4NQOSHDW4GJQHM,200,1,2014,http://negativeyouth.net/xeno-oaklander-the-staircase/feed/,
/xiu-xiu-always/,post,20131126084653,text/html,33747,DMDSWLCWH3BRTGPXHSJXGJL77HGF2MEQ,200,4,2012;2013;2014,http://negativeyouth.net/xiu-xiu-always/,
/xiu-xiu-always/feed/,feed,20140109191917,text/xml,833,MZHYSTFWQGSRQQ2NCAVJVSGUCWMHBOW6,200,1,2014,http://negativeyouth.net/xiu-xiu-always/feed/,
/xiu-xiu-born-to-suffer/,post,20131126082855,text/html,33764,VDCX2D5LQFLGGD2KQVFENQC6LS7XRBZT,200,4,2012;2013;2014,http://negativeyouth.net/xiu-xiu-born-to-suffer/,
/xiu-xiu-born-to-suffer/feed/,feed,20140109184934,text/xml,847,NFDX7AFGSPEL6K4O57BBQSMIMTMHZ2L5,200,1,2014,http://negativeyouth.net/xiu-xiu-born-to-suffer/feed/,
/xiu-xiu-hi/,post,20131126095103,text/html,33703,XLYOEGFIRXRTU4WNE5BZ64HCXQY6FF4F,200,4,2012;2013;2014,http://negativeyouth.net/xiu-xiu-hi/,
/xiu-xiu-hi/feed/,feed,20140109200448,text/xml,825,ZGO4BN6EUHSXNQDYZ6W7VP7VQJVK4RKO,200,1,2014,http://negativeyouth.net/xiu-xiu-hi/feed/,
/xiu-xiu-honeysuckle-2/,post,20131126095553,text/html,33466,MAAWHTQCTY6A3U47QVNTYCJX7GDVHIEI,200,4,2012;2013;2014,http://negativeyouth.net/xiu-xiu-honeysuckle-2/,
/xiu-xiu-honeysuckle-2/feed/,feed,20140109201524,text/xml,844,PTKB5J5TJMAWZSN5F4NX7UGQ3NRNLLE3,200,1,2014,http://negativeyouth.net/xiu-xiu-honeysuckle-2/feed/,
/xmlrpc.php,exclude,20110823024301,text/xml,647,ZTR2FSONWNSLJP4YS5RJM3OCMJSF4QFG,200,36,2011;2012;2013;2014,http://negativeyouth.net/xmlrpc.php,http://negativeyouth.net/xmlrpc.php?rsd
/yeasayer-xmas-2/,post,20131126112450,text/html,33766,BRJR26X54FJP6T7OO3KNUN7BZRCIQQ2R,200,8,2011;2012;2013;2014,http://negativeyouth.net/yeasayer-xmas-2/,
/yeasayer-xmas-2/feed/,feed,20140110214008,text/xml,826,OFHH66HMQC2TVDNBA63P3YZRAZFU4EOT,200,1,2014,http://negativeyouth.net/yeasayer-xmas-2/feed/,
/yen-tech/,post,20131126090558,text/html,33833,26KOKIH72ILJ6UTQHAFRJPPFJRQ2SI3T,200,4,2012;2013;2014,http://negativeyouth.net/yen-tech/,
/yen-tech/feed/,feed,20140109190655,text/xml,816,RZ2RUUWTQ7TASXNLRNJSNHHERTUFNYVY,200,1,2014,http://negativeyouth.net/yen-tech/feed/,
/yo-te-quiero-calavera/,post,20131126084537,text/html,33389,4HHEWCBPUZ67FKPQO46RUUGQPRKNUKJJ,200,2,2013;2014,http://negativeyouth.net/yo-te-quiero-calavera/,
/yo-te-quiero-calavera/feed/,feed,20140109191840,text/xml,838,HWRRYI63GUHJHEMEAPJ3BON3XXPJFEJW,200,1,2014,http://negativeyouth.net/yo-te-quiero-calavera/feed/,
/yohuna-2/,post,20131126122314,text/html,33999,QA22KJDBCUEIJLFPV5T4T6R2EK6IRONO,200,7,2011;2012;2013;2014,http://negativeyouth.net/yohuna-2/,
/yohuna-2/feed/,feed,20140110214316,text/xml,813,T43AVDROEUBGBHFQJSYS655F4YFZTT7X,200,1,2014,http://negativeyouth.net/yohuna-2/feed/,
/you-ha-ha-ha/,post,20131126082804,text/html,33322,PRO4F7QH56K5CAW7H4OH6V3Y2LHLKNXM,200,3,2013;2014,http://negativeyouth.net/you-ha-ha-ha/,
/you-ha-ha-ha/feed/,feed,20140109182411,text/xml,822,WRGCRASERUJOYNLGM3TDJNBJKOOZDEBS,200,1,2014,http://negativeyouth.net/you-ha-ha-ha/feed/,
/you-show-great-spirit/,post,20131126084457,text/html,34254,U4RIHA7SDZDI6REFQTOSIUIHUSSCHFU7,200,3,2013;2014,http://negativeyouth.net/you-show-great-spirit/,
/you-show-great-spirit/feed/,feed,20140109193432,text/xml,835,Y5EEZ4KB7K6VEWT6ECPKWSJDBXPCSJJ2,200,1,2014,http://negativeyouth.net/you-show-great-spirit/feed/,
/young-magic-sparkly/,post,20131126091503,text/html,33569,SSRQBC6KODXMP6I56Z6L4BPV6UQZQH5P,200,4,2012;2013;2014,http://negativeyouth.net/young-magic-sparkly/,
/young-magic-sparkly/feed/,feed,20140109191920,text/xml,843,WSAVNDSSLF5PCN5XBDQK2W37GKBLQS4K,200,1,2014,http://negativeyouth.net/young-magic-sparkly/feed/,
/young-magic/,post,20131126091535,text/html,33802,YG2Q7EGJPPAXEFSKTJESNILKI7DCXFLE,200,5,2011;2012;2013;2014,http://negativeyouth.net/young-magic/,
/young-magic/feed/,feed,20140109191445,text/xml,820,PZMBRWVORKUTMRD4Y6MH2W3XMPAYD745,200,1,2014,http://negativeyouth.net/young-magic/feed/,
/your-orders/,post,20131126105846,text/html,33973,XZMROE2MWSB77DFWBLP2547GIBCFLFO4,200,3,2013;2014,http://negativeyouth.net/your-orders/,
/your-orders/feed/,feed,20140110213700,text/xml,816,5677OKCNCKCXXLL4Z4Z4BIRTEBH6GVTV,200,1,2014,http://negativeyouth.net/your-orders/feed/,
/yung-jake-5/,post,20131126085344,text/html,33572,FNQBRBQKRM7KZRJ57QSIXOVR6QMZLZAQ,200,3,2013;2014,http://negativeyouth.net/yung-jake-5/,
/yung-jake-5/feed/,feed,20140109191846,text/xml,834,QWP52ZLA4XWXS3S25OWPGNZNGH5B322J,200,1,2014,http://negativeyouth.net/yung-jake-5/feed/,
/yung-jake-datamosh/,post,20131126105139,text/html,34232,XXZWJPUYHBEIDGKS72OF7LLPNK5XL5J5,200,8,2011;2012;2013;2014;2015,http://negativeyouth.net/yung-jake-datamosh/,
/yung-jake-datamosh/feed/,feed,20140110213435,text/xml,1311,U4ZEFPSPDF7R2R4AMONEKGLHKZ74ADVQ,200,1,2014,http://negativeyouth.net/yung-jake-datamosh/feed/,
/yung-jake-one-track-mixtapes/,post,20131126100736,text/html,34310,RW6GY7CIFXZGUGX46T77I7PC76P5NRPJ,200,5,2011;2012;2013;2014,http://negativeyouth.net/yung-jake-one-track-mixtapes/,
/yung-jake-one-track-mixtapes/feed/,feed,20140109203115,text/xml,861,XS6KSHIFK2DJ6BM6UDGUEXOE4BYXMION,200,1,2014,http://negativeyouth.net/yung-jake-one-track-mixtapes/feed/,
/yung-jake/,post,20131126110236,text/html,36884,23KVRZ6SWOYFRM2F64FD6CEXO3YEHIOL,200,10,2011;2012;2013;2014,http://negativeyouth.net/yung-jake/,
/yung-jake/feed/,feed,20140110213936,text/xml,1376,EZWRGUBYPVJ7O4S3GMHV56JBXYRM6TLA,200,1,2014,http://negativeyouth.net/yung-jake/feed/,
/yungrapunxel/,post,20131126084636,text/html,33472,L6ODWXE76VDF35VGKWCGOSRUZO6SLWIF,200,5,2013;2014,http://negativeyouth.net/yungrapunxel/,
/yungrapunxel/feed/,feed,20140109194435,text/xml,827,KY6THOFSENCG2FPF4ICUDLM7MPTGYJQ7,200,1,2014,http://negativeyouth.net/yungrapunxel/feed/,
/zak-matic-violento-club-mix/,post,20131126092153,text/html,35185,GVHLZOKFQNTAUOTDGKM2RQAQEVY3OHPU,200,3,2013;2014,http://negativeyouth.net/zak-matic-violento-club-mix/,
/zak-matic-violento-club-mix/feed/,feed,20140109192823,text/xml,860,W7KLBTXYW7WGBZHRQADYQJ4B4AMPHV4A,200,1,2014,http://negativeyouth.net/zak-matic-violento-club-mix/feed/,
/zebra-katz-feat-njena-reddd-foxxx-ima-read-2/,post,20131126095825,text/html,34317,IOLP3WYHKSTPAV3GMUHCSTCNYCLKACTO,200,4,2012;2013;2014,http://negativeyouth.net/zebra-katz-feat-njena-reddd-foxxx-ima-read-2/,
/zebra-katz-feat-njena-reddd-foxxx-ima-read-2/feed/,feed,20140109200419,text/xml,885,JUD4IV4TUJAB6RXI5EMONPMDFDIZXLLG,200,1,2014,http://negativeyouth.net/zebra-katz-feat-njena-reddd-foxxx-ima-read-2/feed/,
/zola-jesus-diamonds/,post,20131126084128,text/html,33745,WJDLIT6P5K722RSCXT5IZ2EF4DMMDKVE,200,3,2013;2014,http://negativeyouth.net/zola-jesus-diamonds/,
/zola-jesus-diamonds/feed/,feed,20140109183619,text/xml,865,J2RHWO3M5VG25FIRK3VB4VVAEPB77IVX,200,1,2014,http://negativeyouth.net/zola-jesus-diamonds/feed/,
/zola-jesus-en-mexico-2/,post,20110718230920,text/html,14814,5SQHXE3AOUC663K2SSTXMKEGUYVTUHUV,200,2,2011,http://negativeyouth.net/zola-jesus-en-mexico-2/,
/zola-jesus-seekir/,post,20131126093432,text/html,33571,C56L2ABION4XCVELBBSXHC4M7GBBDSYD,200,4,2012;2013;2014,http://negativeyouth.net/zola-jesus-seekir/,
/zola-jesus-seekir/feed/,feed,20140109203156,text/xml,843,DZL7E2ESXKXTD347N5GI4UETASGBCFFX,200,1,2014,http://negativeyouth.net/zola-jesus-seekir/feed/,
/zola-jesus-vessel-video/,post,20131126112526,text/html,33919,HDLWPA5SIDCM4TGVE7OJGCJXQMW6PTF3,200,5,2011;2012;2013;2014,http://negativeyouth.net/zola-jesus-vessel-video/,
/zola-jesus-vessel-video/feed/,feed,20140110213314,text/xml,1057,V6RWCZC6ENEIRNJRTMSD5352FIOYUPUE,200,1,2014,http://negativeyouth.net/zola-jesus-vessel-video/feed/,
/zola-jesus-vessel/,post,20131126093505,text/html,33633,CS3Z3BBUULPIHKUGZCHE2GR3VLIPDRIX,200,6,2011;2012;2013;2014,http://negativeyouth.net/zola-jesus-vessel/,
/zola-jesus-vessel/feed/,feed,20140109200710,text/xml,837,XBIS6Y53UF4GWPODI6PIC26UQM5ERDFK,200,1,2014,http://negativeyouth.net/zola-jesus-vessel/feed/,
/zonora-point-douster-2/,post,20131126085742,text/html,33810,HZ47UDHJWST5B6XSQGP67F6R52FNKMW5,200,8,2011;2012;2013;2014,http://negativeyouth.net/zonora-point-douster-2/,
/zonora-point-douster-2/feed/,feed,20140109195103,text/xml,841,SYP43IFTINZP5ALXXYD5DIMPAREBKBMT,200,1,2014,http://negativeyouth.net/zonora-point-douster-2/feed/,
/zutzut/,post,20131126092358,text/html,33925,5Y2WBXGFQ3QISEJ6ZNW5JGPC7S7J4AVI,200,4,2012;2013;2014,http://negativeyouth.net/zutzut/,
/zutzut/feed/,feed,20140109191032,text/xml,813,C2D6S7LVPR6PYHQ5KJG24P3ZMWXD3YHY,200,1,2014,http://negativeyouth.net/zutzut/feed/,
