date,path,archived,found_by,title,author,categories,tags,wayback_ts
2010-10-18,/grimes-2/,yes,A,GRIMES,cas,uncategorized,first;grimes;mp3,20131126110352
2010-10-19,/geneva-jacuzzi-bad-moods-2/,yes,A,GENEVA JACUZZI - BAD MOODS,cas,uncategorized,geneva-jacuzzi;video,20110718222624
2010-10-19,/geneva-jacuzzi-bad-moods/,yes,A,GENEVA JACUZZI - BAD MOODS,jc,video,geneva-jacuzzi;video,20131126094044
2010-10-19,/o-f-fgr%E2%80%A0llgr%E2%80%A0ll-emodancers-2/,yes,A,o F F/GR†LLGR†LL - EMODANCERS,cas,video,grill-grill;off;video,20110718222710
2010-10-19,/o-f-fgr%E2%80%A0llgr%E2%80%A0ll-emodancers/,yes,A,o F F/GR†LLGR†LL - EMODANCERS,cas,video,grill-grill;off;video,20131126121740
2010-10-19,/warpaint-the-fool-2/,yes,A,WARPAINT - THE FOOL,cas,uncategorized,mp3;stream;warpaint,20131126125941
2010-10-20,/beach-bum-im-go%E2%80%A0hsta-2/,yes,A,BEACH BUM - I'm Go†hsta,cas,uncategorized,beachbum;mp3,20131126111129
2010-10-20,/maluca-hector-2/,yes,A,MALUCA - HECTOR,cas,uncategorized,maluca;video,20110517220234
2010-10-20,/maluca-hector/,yes,A+C,MALUCA - HECTOR,jc,video,maluca;video,20131126094704
2010-10-22,/ohio-2/,yes,A+C,OHIO!,cas,uncategorized,funerals;mp3;petra-schelm,20131126085259
2010-10-22,/stoned-boys-dead-friends-2/,yes,A,STONED BOYS - DEAD FRIENDS,cas,uncategorized,stoned-boys;video,20110718230824
2010-10-22,/stoned-boys-dead-friends/,yes,A+C,STONED BOYS - DEAD FRIENDS,cas,video,stoned-boys;video,20131126094732
2010-10-25,/irhell-2/,yes,A+C,IRHELL,cas,uncategorized,damage;double-digits;dump-fm;fiesta;gatekeeper;naka-naka;ritualz;uforia;video;†‡†,20131126125600
2010-10-26,/crystal-castles-robert-smith-2/,yes,A,CRYSTAL CASTLES + ROBERT SMITH,cas,uncategorized,crystal-castles;mp3;robert-smith;the-cure;video,20110718224742
2010-10-29,/%E2%80%A0%E2%80%A1%E2%80%A0-halloween-2010-2/,yes,A+C,†‡† HALLOWEEN 2010,cas,uncategorized,fiesta;mp3;ritualz;†‡†,20131126092020
2010-11-01,/%E2%80%A0-de%E2%96%B2d-virgin-%C2%9D%E2%80%A0-2/,yes,A,† DE▲D VIRGIN †,cas,uncategorized,mp3;†-de▲d-virgin-†,20131126094229
2010-11-01,/fotos-gatekeeper-irhell-2/,yes,A,FOTOS: GATEKEEPER @ IRHELL,cas,uncategorized,fotos;gatekeeper;uforia,20131126094622
2010-11-02,/fotos-negative-%E2%80%A0-youth-2/,yes,A,FOTOS: NEGATIVE † YOUTH,cas,uncategorized,fiesta;fotos;negative-youth,20131126120148
2010-11-02,/negative-%E2%80%A0-youth-2-negative-%E2%80%A0-babes-2/,yes,A,NEGATIVE † YOUTH 2: NEGATIVE † BABES,cas,uncategorized,fiesta;negative-youth,20131126114537
2010-11-02,/robyn-indestructible-2/,yes,A,ROBYN - INDESTRUCTIBLE,cas,uncategorized,robyn;video,20110718225415
2010-11-02,/robyn-indestructible/,yes,A,ROBYN - INDESTRUCTIBLE,cas,video,robyn;video,20131126120119
2010-11-03,/hideous-men-sirens-2/,yes,A,HIDEOUS MEN - SIRENS,cas,musica,hideous-men;laserpalace;stream,20131126113148
2010-11-03,/ladytron-ace-of-hz-2/,yes,A,LADYTRON - ACE OF HZ,cas,uncategorized,ladytron;stream,20131126121825
2010-11-04,/nike7up-i-%E2%99%A1-u-4ever-nike7up-no-distance-remix-2/,yes,A,NIKE7UP - I ♡ U 4EVER NIKE7UP NO DISTANCE REMIX,cas,uncategorized,mp3;nike7up,20131126093438
2010-11-08,/fotos-negative-%E2%80%A0-babes-2/,yes,A,FOTOS: NEGATIVE † BABES,cas,eventos,fiesta;fotos;negative-youth;selma-oxor,20131126125607
2010-11-08,/horse-macgyver-en-vivo-en-un-coche-2/,yes,A,HORSE MACGYVER EN VIVO EN UN COCHE,cas,uncategorized,horse-macgyver;video,20131126121933
2010-11-08,/screen-vinyl-image-2/,yes,A,SCREEN VINYL IMAGE,cas,uncategorized,mp3;screen-vinyl-image,20110718223640
2010-11-08,/screen-vinyl-image/,yes,A,SCREEN VINYL IMAGE,jc,musica,mp3;screen-vinyl-image,20131126122127
2010-11-10,/come-clean-mallinali-rubalcaba-yautepec-2/,yes,A,COME CLEAN - MALLINALI RUBALCABA @ YAUTEPEC,cas,uncategorized,arte;yautepec,20131126110431
2010-11-10,/light-asylum-12-horsemen-2/,yes,A,LIGHT ASYLUM - 12 HORSEMEN,cas,uncategorized,light-asylum;mp3,20131126100642
2010-11-11,/teengirl-fantasy-dancing-in-slow-motion-2/,yes,A,TEENGIRL FANTASY - DANCING IN SLOW MOTION,cas,uncategorized,light-asylum;teengirl-fantasy;video,20110718223136
2010-11-11,/teengirl-fantasy-dancing-in-slow-motion/,yes,A,TEENGIRL FANTASY - DANCING IN SLOW MOTION,jc,video,light-asylum;teengirl-fantasy;video,20131126120055
2010-11-12,/bl%C2%A7%C2%A7d-%C3%B8u%E2%80%A0-%C2%A7pnnr%C2%A7-2/,yes,A,BL§§D ØU† - §PNNR§,cas,uncategorized,blissed-out;ceremonial-dagger;video,20110718230940
2010-11-12,/bl%C2%A7%C2%A7d-ou%E2%80%A0-%C2%A7pnnr%C2%A7/,yes,A,BL§§D ØU† - §PNNR§,jc,video,blissed-out;ceremonial-dagger;video,20131126111159
2010-11-15,/jay-z-99-problems-the-prodigy-remix-2/,yes,A,JAY-Z - 99 PROBLEMS (THE PRODIGY REMIX),cas,uncategorized,jay-z;remix;stream;the-prodigy,20131126100518
2010-11-17,/nachut-report-2/,yes,A,NAC/HUT REPORT,cas,uncategorized,death-to-the-brutes;disco-gratis;mp3;nachut-report;remix;ritualz;†‡†,20131126102326
2010-11-17,/pictureplane-dimensional-rip-6-2/,yes,A,PICTUREPLANE - DIMENSIONAL RIP 6,cas,uncategorized,mixtape;mp3;pictureplane,20131126112324
2010-11-17,/salem-asia-jokers-of-the-scene-remix-2/,yes,A,SALEM - ASIA (JOKERS OF THE SCENE REMIX),cas,uncategorized,jokers-of-the-scene;mp3;remix;salem,20131126112921
2010-11-19,/angelina-pivarnick-im-hot-2/,yes,A,ANGELINA PIVARNICK - I'M HOT,cas,uncategorized,angelina-pivarnick;jersey-shore;stream,20110718224014
2010-11-19,/angelina-pivarnick-im-hot/,yes,A,ANGELINA PIVARNICK - I'M HOT,jc,uncategorized,angelina-pivarnick;jersey-shore;stream,20131126103603
2010-11-19,/rikslyd-entrevista-mp3-2/,yes,A,RIKSLYD: ENTREVISTA + MP3,cas,entrevistas;uncategorized,entrevista;mp3;rikslyd;video,20131126091658
2010-11-19,/salem-finna-2/,yes,A,SALEM - FINNA,cas,uncategorized,salem;stream,20131126111029
2010-11-19,/white-ring-felt-u-2/,yes,A,WHITE RING - FELT U,cas,uncategorized,mp3;white-ring,20110718223206
2010-11-19,/white-ring-felt-u/,yes,A,WHITE RING - FELT U,jc,musica,download;mp3;white-ring,20131126085350
2010-11-19,/willow-smith-whip-my-hair-clit-talk-screw-2/,yes,A,WILLOW SMITH - WHIP MY HAIR (CLIT TALK SCREW),cas,uncategorized,clit-talk;mp3;willow-smith,20131126122101
2010-11-22,/n%E2%80%A0y-witch-night-2/,yes,A,N†Y: WITCH NIGHT,cas,uncategorized,arte;cosmotropia-de-xam;fiesta;mater-suspiria-vision;negative-youth,20131126085656
2010-11-23,/mater-suspiria-vision-zombie-r4ve-2/,yes,A,MATER SUSPIRIA VISION - ZOMBIE R4VE,cas,uncategorized,mater-suspiria-vision;stream,20110718222655
2010-11-24,/%D0%BC%D0%B8%D1%88%D0%BA%D0%B0-the-guide-to-grave-wave-2/,yes,A+C,Мишка - THE GUIDE TO GRAVE WAVE,cas,uncategorized,grave-wave;mishka;mp3,20131126100658
2010-11-24,/slayer-christmas-lightorama-2/,yes,A,SLAYER CHRISTMAS LIGHTORAMA,cas,uncategorized,slayer;video,20110718231133
2010-11-24,/slayer-christmas-lightorama/,yes,A+C,SLAYER CHRISTMAS LIGHTORAMA,jc,video,slayer;video,20131126102942
2010-11-25,/swag-slangin-yayo-2/,yes,A+C,SWAG! SLANGIN YAYO,jc,musica,lil-b;mixtape;mp3;salem;stream,20131126111206
2010-11-29,/david-lynch-good-day-todayi-know-2/,yes,A+C,DAVID LYNCH - GOOD DAY TODAY/I KNOW,cas,uncategorized,david-lynch;stream,20131126091905
2010-11-30,/all-american-orgy-2/,yes,A,ALL AMERICAN ORGY,cas,uncategorized,cine;yasmine-kittles,20110718225848
2010-11-30,/drugs-for-drunks-6-cassettes-2/,yes,A,DRUGS FOR DRUNKS - 6 CASSETTES,cas,uncategorized,clan-destine-records;drugs-for-drunks;petite-pistolette;video,20110718230638
2010-11-30,/drugs-for-drunks-6-cassettes/,yes,A+C,DRUGS FOR DRUNKS - 6 CASSETTES,jc,video,clan-destine-records;drugs-for-drunks;petite-pistolette;video,20131126111049
2010-11-30,/mushy-child-of-light-will-burn-2/,yes,A,MUSHY - CHILD OF LIGHT WILL BURN,cas,uncategorized,clan-destine-records;mushy;petite-pistolette;video,20110718230725
2010-12-02,/jj-2/,yes,A,JJ,cas,uncategorized,jj;mp3;video,20110718225959
2010-12-02,/jj/,yes,A,JJ,jc,video,jj;mp3;sincerely-yours;video,20131126110016
2010-12-02,/naka-naka-fantorama-drama-2/,yes,A,ÑAKA ÑAKA - FANTORAMA DRAMA,cas,musica,naka-naka;stream;uforia,20131126130042
2010-12-07,/health-en-mexico-2/,yes,A,HEALTH EN MEXICO,cas,uncategorized,concierto;health;video,20131126102350
2010-12-07,/salem-y-ooooo-remixean-a-him-2/,yes,A,SALEM Y oOoOO REMIXEAN A HIM (!),cas,uncategorized,him;mp3;ooooo;remix;salem,20131126111100
2010-12-08,/creep-days-2/,yes,A,CREEP - DAYS,cas,uncategorized,creep;stream,20131126112929
2010-12-09,/giza-gatekeeper-thunder-horse-2/,yes,A,GIZA: GATEKEEPER + THUNDER HORSE,cas,uncategorized,gatekeeper;thunder-horse;video,20131126094216
2010-12-13,/games-strawberry-skies-feat-laurel-halo-2/,yes,A,GAMES - STRAWBERRY SKIES (FEAT. LAUREL HALO),cas,uncategorized,games;laurel-halo;oneohtrix-point-never;video,20110718231015
2010-12-13,/games-strawberry-skies-feat-laurel-halo/,yes,A,GAMES - STRAWBERRY SKIES (FEAT. LAUREL HALO),jc,video,games;laurel-halo;oneohtrix-point-never;video,20131126091751
2010-12-13,/lo-mejor-del-2010-2/,yes,A,LO MEJOR DEL 2010,cas,uncategorized,2010;best-of;best-of-2010;lo-mejor-de-2010;mtymx;negative-youth;rio-55,20110718231051
2010-12-13,/lo-mejor-del-2010/,yes,A,LO MEJOR DEL 2010,jc,uncategorized,2010;best-of;best-of-2010;lo-mejor-de-2010;mtymx;negative-youth;rio-55,20131126092002
2010-12-13,/resena-health-y-%E2%80%A0%E2%80%A1%E2%80%A0-teatro-fru-fru-2/,yes,A,RESEÑA: HEALTH Y †‡† @ TEATRO FRU FRU,cas,uncategorized,concierto;health;resena;ritualz;†‡†,20110718223031
2010-12-13,/resena-health-y-%E2%80%A0%E2%80%A1%E2%80%A0-teatro-fru-fru/,yes,A,RESEÑA: HEALTH Y †‡† @ TEATRO FRU FRU,eduardo-caudilio,uncategorized,concierto;health;resena;ritualz;†‡†,20131126101319
2010-12-15,/house-of-ladosha-2/,yes,A,HOUSE OF LADOSHA,jc,musica,download;house-of-ladosha;mp3,20131126112842
2010-12-16,/big-magick-hustlas-2/,yes,A,BIG MAGICK HUSTLAS,cas,uncategorized,drugs-for-drunks;fiesta;negative-youth;petit-pistolette;ritualz;†‡†,20131126112832
2010-12-16,/ritualz-petit-pistolette-2/,yes,A,RITUALZ + PETIT PISTOLETTE,cas,uncategorized,petit-pistolette;ritualz;video;†‡†,20110718224208
2010-12-16,/ritualz-petit-pistolette/,yes,A,RITUALZ + PETIT PISTOLETTE,cas,video,petit-pistolette;ritualz;video;†‡†,20131126120137
2010-12-20,/fotos-big-magick-hustlas-2/,yes,A,FOTOS: BIG MAGICK HUSTLAS,cas,uncategorized,drugs-for-drunks;fiesta;fotografia;negative-youth;ritualz,20131126104603
2010-12-22,/%E2%96%BC%E2%96%B2%E2%96%BC-vagina-vangi-2/,yes,A,▼▲▼ VAGINA VANGI,cas,uncategorized,mp3;vagina-vangi,20131126091705
2010-12-22,/egyptrixx-start-from-the-beginning-2/,yes,A,EGYPTRIXX - START FROM THE BEGINNING,cas,uncategorized,datdatdat;egyptrixx;video,20110718223518
2010-12-22,/egyptrixx-start-from-the-beginning/,yes,A,EGYPTRIXX - START FROM THE BEGINNING,jc,video,datdatdat;egyptrixx;video,20131126110145
2010-12-23,/ritualz-2/,yes,A,RITUALZ,cas,uncategorized,mp3;ritualz;stream,20131126102223
2010-12-24,/jj-kills-2/,yes,A,JJ KILLS,cas,musica,jj;mixtape;mp3;sincerely-yours,20131126112845
2010-12-24,/kill-them-2/,yes,A,KILL THEM,cas,video,jj;video,20131126094835
2010-12-25,/yeasayer-xmas-2/,yes,A,YEASAYER XMAS,cas,musica,,20131126112450
2010-12-26,/dipset-trance-party-2/,yes,A,DIPSET TRANCE PARTY,cas,uncategorized,dipset;jack-donoghue;mixtape;the-diplomats,20110517222437
2010-12-26,/dipset-trance-party/,yes,A,DIPSET TRANCE PARTY,jc,musica,dipset;jack-donoghue;mixtape;the-diplomats,20131126085312
2010-12-27,/fin-de-ano-mixtape-2010-2/,yes,A,FIN DE AÑO MIXTAPE 2010,cas,uncategorized,mixtape;mp3;negative-youth,20110718224748
2010-12-27,/fin-de-ano-mixtape-2010/,yes,A,FIN DE AÑO MIXTAPE 2010,jc,musica,dj-maquina-de-muerte;mixtape;mp3;negative-youth,20131126122333
2010-12-28,/la-ultima-fiesta-del-ano-2/,yes,A,LA ULTIMA FIESTA DEL AÑO,cas,uncategorized,401;cce;fiesta;juan-cirerol;mp3;nwla;ritualz,20110718222640
2010-12-28,/la-ultima-fiesta-del-ano/,yes,A,LA ULTIMA FIESTA DEL AÑO,cas,eventos,401;cce;fiesta;juan-cirerol;mp3;nwla;ritualz,20131126104614
2010-12-28,/modern-witch-hollywood-babylon-nine-inch-witch-mix-2/,yes,A+C,MODERN WITCH - HOLLYWOOD BABYLON (NINE INCH WITCH MIX),cas,uncategorized,alphabets;modern-witch;stream,20131126112711
2010-12-29,/%E2%96%B2%E2%80%A0%E2%96%B2-2/,yes,A+C,~▲†▲~,cas,uncategorized,mp3;xwxwxwxwv;▲†▲,20131126100825
2010-12-29,/zonora-point-douster-2/,yes,A+C,ZONORA POINT + DOUSTER,cas,uncategorized,douster;mixtape;mp3;zonora-point,20131126085742
2010-12-31,/2011-2/,yes,A,2011,cas,uncategorized,2011;negative-youth,20110718224613
2010-12-31,/hola-2011/,yes,A+C,HOLA 2011,jc,video,2011;negative-youth,20131126100742
2010-12-31,/vicki-leekx-2/,yes,A,VICKI LEEKX,cas,uncategorized,m-i-a;mixtape;mp3,20110718230128
2010-12-31,/vicki-leekx/,yes,A+C,VICKI LEEKX,cas,musica,m-i-a;mixtape;mp3,20131126094249
2011-01-01,/%E2%96%82%E2%96%85%E2%96%87%E2%96%88%E2%96%93%E2%96%91%E2%9C%8C%E2%9C%8C%E2%9C%8C%E2%96%91%E2%96%93%E2%96%88%E2%96%87%E2%96%85%E2%96%82-2/,yes,A,▂▅▇█▓░✌✌✌░▓█▇▅▂,cas,mixtapes;musica,mixtape;mp3;teehn-bwitches,20131126112900
2011-01-01,/deeeep-2/,yes,A,DEEEEP,cas,uncategorized,drugs-for-drunks;video,20110718225303
2011-01-01,/deeeep/,yes,A,DEEEEP,jc,video,drugs-for-drunks;video,20131126112418
2011-01-02,/nike7up-hand-in-my-pocket-nike7up-lost-generation-mix-2/,yes,A,NIKE7UP - HAND IN MY POCKET NIKE7UP LOST GENERATION MIX,cas,uncategorized,mp3;nike7up,20110718230740
2011-01-02,/nike7up-hand-in-my-pocket-nike7up-lost-generation-mix/,yes,A,NIKE7UP - HAND IN MY POCKET NIKE7UP LOST GENERATION MIX,jc,musica,mp3;nike7up,20131126100851
2011-01-02,/wicked-games-2/,yes,A,WICKED GAMES,cas,uncategorized,how-i-quit-crack;mp3,20110718231335
2011-01-02,/wicked-games/,yes,A,WICKED GAMES,cas,musica,how-i-quit-crack;mp3,20131126100515
2011-01-04,/crossover-how-could-i-2/,yes,A,CROSSOVER - HOW COULD I,cas,uncategorized,crossover;mp3,20110718222609
2011-01-04,/konnichiwa-2/,yes,A,KONNICHIWA,cas,uncategorized,d-v-caputo;kaela-noel;konnichiwa;video,20110718224827
2011-01-04,/konnichiwa/,yes,A,KONNICHIWA,eduardo-caudilio,musica,d-v-caputo;kaela-noel;konnichiwa;video,20131126113235
2011-01-04,/nike7up-sin-parar-2/,yes,A,NIKE7UP SIN PARAR,cas,uncategorized,mp3;nike7up,20110718222705
2011-01-04,/nike7up-sin-parar/,yes,A,NIKE7UP SIN PARAR,jc,musica,mp3;nike7up,20131126102157
2011-01-04,/olivia-bolles-2/,yes,A,OLIVIA BOLLES,cas,uncategorized,arte;fotografia;olivia-bolles,20110718224146
2011-01-04,/olivia-bolles/,yes,A,OLIVIA BOLLES,cas,uncategorized,arte;fotografia;olivia-bolles,20131126091640
2011-01-05,/teaadora-2/,yes,A,TEAADORA,cas,uncategorized,teaadora;video,20110718224930
2011-01-05,/teaadora/,yes,A,TEAADORA,cas,musica,teaadora;video,20131126112406
2011-01-06,/mas-nike7up-2/,yes,A,MÁS NIKE7UP!,cas,uncategorized,mp3;nike7up,20110718224837
2011-01-06,/mas-nike7up/,yes,A,MÁS NIKE7UP!,jc,musica,mp3;nike7up,20131126125615
2011-01-06,/serpent-remixes-2/,yes,A,SERPENT REMIXES,cas,uncategorized,brenmar;deon;gatekeeper;mp3,20110718230817
2011-01-06,/serpent-remixes/,yes,A,SERPENT REMIXES,jc,musica,brenmar;deon;gatekeeper;mp3,20131126110320
2011-01-07,/health-australia-2/,yes,A,HEALTH AUSTRALIA,jc,uncategorized,health;video,20110718225938
2011-01-07,/health-australia/,yes,A,HEALTH AUSTRALIA,jc,video,health;video,20131126120127
2011-01-07,/peepr-2/,yes,A,PEEPR,cas,musica,andres-cendejas;mp3;peepr,20131126125817
2011-01-10,/h%E2%80%A2a%E2%80%A2m-2/,yes,A,H•A•M,jc,uncategorized,jay-z;kanye-west;mp3,20110718224753
2011-01-10,/ham/,yes,A,H•A•M,jc,musica,jay-z;kanye-west;mp3,20131126110858
2011-01-10,/hold-it-against-me-2/,yes,A,HOLD IT AGAINST ME,jc,uncategorized,britney-spears;mp3,20110718223601
2011-01-10,/hold-it-against-me/,yes,A,HOLD IT AGAINST ME,jc,musica,britney-spears;mp3,20131126102203
2011-01-11,/best-coast-%E2%99%A5-wavves-2/,yes,A,BEST COAST ♥ WAVVES,jc,uncategorized,best-coast;mp3;wavves,20110718224024
2011-01-11,/best-coast-%E2%99%A5-wavves/,yes,A,BEST COAST ♥ WAVVES,jc,musica,best-coast;mp3;wavves,20131126094609
2011-01-11,/kid-sister-kiss-kiss-kiss-mixtape-2/,yes,A,KID SISTER - KISS KISS KISS MIXTAPE,jc,uncategorized,kid-sister;mixtape;mp3,20110718230710
2011-01-11,/kid-sister-kiss-kiss-kiss-mixtape/,yes,A,KID SISTER - KISS KISS KISS MIXTAPE,jc,musica,kid-sister;mixtape;mp3,20131126112358
2011-01-11,/laser-palace-2011-2/,yes,A,LASER PALACE 2011,jc,uncategorized,candescenet;greencarpetedstairs;hideous-men;iuengliss;jededuah-logsdon;laser-palace;last-eyes;mixtape;mp3;mystic-bummer;night-of-joy;phonebooks;popdrone;psychic-handbook;rhinoceropolis;stoned-boys;thurdercade,20110718223630
2011-01-11,/laser-palace-2011/,yes,A,LASER PALACE 2011,jc,musica,candescenet;greencarpetedstairs;hideous-men;iuengliss;jededuah-logsdon;laser-palace;last-eyes;mixtape;mp3;mystic-bummer;night-of-joy;phonebooks;popdrone;psychic-handbook;rhinoceropolis;stoned-boys;thurdercade,20131126113343
2011-01-14,/1-2/,yes,A,#1,jc,uncategorized,kanye-west;locura-total,20131126121721
2011-01-14,/not-in-love/,yes,A,NOT IN LOVE,jc,video,crystal-castles;robert-smith;video,20131126105228
2011-01-14,/rip-trish-keenan-2/,yes,A,RIP TRISH KEENAN,jc,uncategorized,broadcast;video,20110718224201
2011-01-14,/rip-trish-keenan/,yes,A,RIP TRISH KEENAN,jc,video,broadcast;video,20131126105959
2011-01-14,/video-not-in-love-2/,yes,A,VIDEO: NOT IN LOVE,jc,uncategorized,crystal-castles;robert-smith;video,20110718230133
2011-01-15,/wavves-mutant-2/,yes,A,WAVVES - MUTANT,jc,uncategorized,mp3;wavves,20110718223151
2011-01-15,/wavves-mutant/,yes,A,WAVVES - MUTANT,jc,musica,mp3;wavves,20131126125659
2011-01-17,/zola-jesus-en-mexico-2/,yes,A,ZOLA JESUS EN MEXICO,jc,uncategorized,bear-in-heaven;conciertos;indie-o-fest;the-pains-of-being-pure-at-heart;zola-jesus,20110718230920
2011-01-18,/entrevista-bl%C2%A7%C2%A7d-%C3%B8u%E2%80%A0-2/,yes,A,ENTREVISTA: BL§§D ØU†,jc,entrevistas;uncategorized,blissed-out;bl§§d-øu†;entrevista;mp3,20110718225314
2011-01-18,/entrevista-blissed-out/,yes,A,ENTREVISTA: BL§§D ØU†,jc,entrevistas,blissed-out;bl§§d-øu†;entrevista;mp3,20131126125718
2011-01-19,/boy-friend-2/,yes,A,BOY FRIEND,jc,uncategorized,boy-friend;sleep-∞-over;stream,20110718224731
2011-01-19,/boy-friend/,yes,A,BOY FRIEND,jc,musica,boy-friend;sleep-∞-over;stream,20131126125849
2011-01-19,/la-mejor-costa-2/,yes,A,LA MEJOR COSTA,jc,uncategorized,best-coast;coachella;stream;video,20110718224126
2011-01-19,/la-mejor-costa/,yes,A,LA MEJOR COSTA,jc,musica;video,best-coast;coachella;stream;video,20131126101445
2011-01-21,/light-asylum-dark-allies/,yes,A,LIGHT ASYLUM - DARK ALLIES,jc,video,light-asylum;video,20131126111012
2011-01-21,/pop-is-black-2/,yes,A,POP IS BLACK,jc,uncategorized,fiesta;negative-youth,20110718230038
2011-01-21,/pop-is-black/,yes,A,POP IS BLACK,jc,eventos,fiesta;negative-youth,20131126094812
2011-01-23,/hold-it-against-me-nike7up-help-i%E2%80%99m-trapped-in-a-body-remix-2/,yes,A,HOLD IT AGAINST ME NIKE7UP HELP I’M TRAPPED IN A BODY REMIX,jc,uncategorized,britney-spears;mp3;nike7up,20110718230705
2011-01-23,/hold-it-against-me-nike7up-help-i%E2%80%99m-trapped-in-a-body-remix/,yes,A,HOLD IT AGAINST ME NIKE7UP HELP I’M TRAPPED IN A BODY REMIX,jc,musica,britney-spears;mp3;nike7up,20131126110908
2011-01-23,/pictureplane-vs-creep-2/,yes,A,PICTUREPLANE VS CREEP,jc,uncategorized,creep;pictureplane;stream,20110718224151
2011-01-23,/pictureplane-vs-creep/,yes,A,PICTUREPLANE VS CREEP,jc,musica,creep;pictureplane;stream,20131126102343
2011-01-25,/ocultismo-pop-2/,yes,A,OCULTISMO POP,jc,uncategorized,balam-acab;beyonce;conspiracy-theories;fiesta;loreal;moda;ocultismo;satanas;video,20110718230750
2011-01-25,/ocultismo-pop/,yes,A,OCULTISMO POP,jc,eventos,balam-acab;beyonce;conspiracy-theories;fiesta;loreal;moda;ocultismo;satanas;video,20131126100723
2011-01-26,/black-metal-kids-2/,yes,A,BLACK METAL KIDS,jc,video,black-metal;jogger;video,20131126113353
2011-01-26,/patrick-wolf-esta-de-vuelta-2/,yes,A,PATRICK WOLF ESTA DE VUELTA,jc,uncategorized,patrick-wolf;video,20110718231112
2011-01-28,/puro-instinct-2/,yes,A,PURO INSTINCT,jc,uncategorized,mp3;puro-instinct;video,20110804231354
2011-01-28,/puro-instinct/,yes,A+C,PURO INSTINCT,eduardo-caudilio,musica,mp3;puro-instinct;video,20131126090230
2011-01-28,/stoned-boys-forever-2/,yes,A,STONED BOYS FOREVER,jc,uncategorized,mp3;stoned-boys,20110718230830
2011-01-28,/stoned-boys-forever/,yes,A+C,STONED BOYS FOREVER,jc,musica,mp3;stoned-boys,20131126112939
2011-01-30,/hard-as-a-motherfucker-2/,yes,A,HARD AS A MOTHERFUCKER,jc,uncategorized,house-of-ladosha;stream,20110718223556
2011-01-30,/hard-as-a-motherfucker/,yes,A+C,HARD AS A MOTHERFUCKER,jc,musica,house-of-ladosha;stream,20131126112901
2011-01-30,/myr%E2%80%A0l3wyck%C3%B8ff-2/,yes,A,//MYR†L3//WYCKØFF//,jc,uncategorized,blissed-out;sterling-crispin;video,20110718230730
2011-01-30,/myr%E2%80%A0l3wyckoff/,yes,A+C,//MYR†L3//WYCKØFF//,jc,video,blissed-out;sterling-crispin;video,20131126092455
2011-01-31,/facebook-suicide-watch-2/,yes,A,FACEBOOK SUICIDE WATCH,jc,uncategorized,2011;dump-fm;facebook;next-level;ryder-ripps,20131126104532
2011-01-31,/pictureplane-en-mexico-4/,yes,A,PICTUREPLANE EN MEXICO,jc,uncategorized,concierto;mp3;negative-youth;pictureplane;video,20110718230800
2011-01-31,/pictureplane-mexico/,yes,A+C,PICTUREPLANE MEXICO,jc,eventos,concierto;mp3;negative-youth;pictureplane;video,20131126112725
2011-02-01,/alexico-gordo-grande-y-marica-2/,yes,A,ALEXICO GORDO GRANDE Y MARICA,jc,uncategorized,alexico;video,20110718230627
2011-02-01,/alexico-gordo-grande-y-marica/,yes,A,ALEXICO GORDO GRANDE Y MARICA,jc,video,alexico;video,20131126085841
2011-02-01,/rikslyd-the-heart-2/,yes,A,RIKSLYD - THE HEART,jc,uncategorized,rikslyd;video,20110718231118
2011-02-01,/rikslyd-the-heart/,yes,A,RIKSLYD - THE HEART,eduardo-caudilio,video,rikslyd;video,20131126112425
2011-02-02,/wavves-rolling-papers-2/,yes,A,WAVVES ROLLING PAPERS,jc,uncategorized,merch;wavves,20110718223156
2011-02-02,/wavves-rolling-papers/,yes,A,WAVVES ROLLING PAPERS,jc,uncategorized,merch;wavves,20131126094255
2011-02-03,/black-yellow-vs-green-yellow-2/,yes,A,BLACK & YELLOW VS GREEN & YELLOW,jc,uncategorized,lil-wayne;super-bowl;wiz-khalifa,20110718224623
2011-02-03,/black-yellow-vs-green-yellow/,yes,A,BLACK & YELLOW VS GREEN & YELLOW,jc,musica,lil-wayne;super-bowl;wiz-khalifa,20131126091733
2011-02-03,/fostercare-sunfreeze-blown-out-refix-2/,yes,A,FOSTERCARE - SUNFREEZE (BLOWN OUT REFIX),jc,uncategorized,fostercare;video,20110718223538
2011-02-03,/fostercare-sunfreeze-blown-out-refix/,yes,A,FOSTERCARE - SUNFREEZE (BLOWN OUT REFIX),jc,video,fostercare;video,20131126110949
2011-02-04,/yohuna-2/,yes,A,YOHUNA,jc,musica,mp3;stream;yohuna,20131126122314
2011-02-07,/damian-marley-nas-patience-2/,yes,A,DAMIAN MARLEY & NAS - PATIENCE,jc,video,damian-marley;nas;video,20110718225918
2011-02-07,/damian-marley-nas-patience/,yes,A,DAMIAN MARLEY &#038; NAS - PATIENCE,jc,video,damian-marley;nas;video,20131126085343
2011-02-09,/planningtorock-the-knife-doorway-2/,yes,A,Planningtorock + The knife &quot;DOORWAY&quot;,jc,uncategorized,planningtorock;the-knife;video,20110718230807
2011-02-09,/planningtorock-the-knife/,yes,A,PLANNINGTOROCK + THE KNIFE,eduardo-caudilio,video,planningtorock;the-knife;video,20131126102123
2011-02-10,/crackbusting-angels-remixes-2/,yes,A,CRACKBUSTING ANGELS REMIXES,jc,uncategorized,salem;the-carpenters;video,20110718230951
2011-02-10,/festival-nrmal-2011-2/,yes,A,FESTIVAL NRMAL 2011,jc,uncategorized,concierto;festival;festival-nrmal;fiesta;mixtape;mp3,20110718224105
2011-02-10,/festival-nrmal-2011/,yes,A,FESTIVAL NRMAL 2011,jc,eventos,concierto;festival;festival-nrmal;fiesta;mixtape;mp3,20131126105908
2011-02-11,/born-this-way-2/,yes,A,BORN THIS WAY,jc,uncategorized,lady-gaga;mp3;resena,20110718225908
2011-02-11,/born-this-way/,yes,A,BORN THIS WAY,jc,musica,lady-gaga;mp3;resena,20131126104638
2011-02-13,/dum-dum-girls-coverea-a-the-smiths-2/,yes,A,DUM DUM GIRLS COVEREA A THE SMITHS,jc,uncategorized,dum-dum-girls;mp3;the-smiths,20110718223513
2011-02-13,/dum-dum-girls-coverea-a-the-smiths/,yes,A,DUM DUM GIRLS COVEREA A THE SMITHS,jc,musica,dum-dum-girls;mp3;the-smiths,20131126110100
2011-02-14,/%E2%96%BC%E2%96%B2%E2%96%BC-vagina-vangi-orthodox-2/,yes,A,▼▲▼ VAGINA VANGI - ORTHODOX,eduardo-caudilio,musica,mp3;vagina-vangi;witch-house,20131126110213
2011-02-16,/creep-feat-nina-sky-you-2/,yes,A,CREEP FEAT. NINA SKY - YOU,jc,uncategorized,creep;nina-sky;video,20110718224045
2011-02-16,/creep-feat-nina-sky-you/,yes,A,CREEP FEAT. NINA SKY - YOU,eduardo-caudilio,video,creep;nina-sky;video,20131126110533
2011-02-16,/inca-gold-2/,yes,A,INCA GOLD,jc,uncategorized,download;inca-gold;mp3;stream,20110718223606
2011-02-22,/naomi-elizabeth-god-sent-me-here-to-rock-you-2/,yes,A+C,NAOMI ELIZABETH - GOD SENT ME HERE TO ROCK YOU,eduardo-caudilio,video,naomi-elizabeth;video,20131126110556
2011-02-22,/spoek-mathambo-control-2/,yes,A+C,SPOEK MATHAMBO - CONTROL,jc,musica,joy-division;spoek-mathambo;video,20131126094634
2011-02-23,/about/,yes,A,ABOUT,cas,,,20130621024203
2011-02-23,/sliders-a-digestible-video-retrospective-from-the-show-cave-archives-2/,yes,A,SLIDERS: A DIGESTIBLE VIDEO RETROSPECTIVE FROM THE SHOW CAVE ARCHIVES,jc,uncategorized;video,drugs-for-drunks;eventos;ritualz;showcave;yautepec,20110718224909
2011-02-23,/sliders-a-digestible-video-retrospective-from-the-show-cave-archives/,yes,A+C,SLIDERS: A DIGESTIBLE VIDEO RETROSPECTIVE FROM THE SHOW CAVE ARCHIVES,eduardo-caudilio,eventos,drugs-for-drunks;eventos;ritualz;showcave;yautepec,20131126091956
2011-02-24,/nazir-mazhar-en-lfw-2/,yes,A,NAZIR MAZHAR EN LFW,cas,uncategorized,fashion;lfw;moda;nazir-mazhar,20110718224141
2011-02-24,/nazir-mazhar-en-lfw/,yes,A+C,NAZIR MAZHAR EN LFW,cas,moda,fashion;lfw;moda;nazir-mazhar,20131126110006
2011-02-28,/sliders-2/,yes,A+C,SLIDERS,eduardo-caudilio,video,drugs-for-drunks;galeria-yautepec;ritualz;showcave,20131126121918
2011-03-01,/ritualz-ghetto-ass-witch-2/,yes,A,RITUALZ - GHETTO ASS WITCH,jc,uncategorized,ritualz;stream;witch-house,20110718225410
2011-03-01,/ritualz-ghetto-ass-witch/,yes,A,RITUALZ - GHETTO ASS WITCH,eduardo-caudilio,musica,ritualz;stream;witch-house,20131126090404
2011-03-02,/gang-gang-dance-glass-jar-2/,yes,A,GANG GANG DANCE - GLASS JAR,jc,musica,gang-gang-dance;stream,20131126112622
2011-03-02,/gvcci-hvcci-coyote-gang-2/,yes,A,GVCCI HVCCI + COYOTE GANG,jc,musica,billy-coven;coyote-gang;gvcci-hvcci;mp3;sushi-mane,20131126090433
2011-03-02,/sleep-%E2%88%9E-over-regresa-2/,yes,A,SLEEP ∞ OVER REGRESA,jc,musica,mp3;sleep-∞-over,20131126121817
2011-03-02,/tyler-the-creator-ofwgkta-2/,yes,A,"TYLER, THE CREATOR + OFWGKTA",jc,musica;video,disco-gratis;earl-sweatshirt;free-earl;mp3;odd-future;odd-future-wolfg-gang-kill-them-all;ofwgkta;tyler-the-creator,20131126104625
2011-03-03,/gucci-guilty-2/,yes,A,GUCCI GUILTY,cas,uncategorized,bat-for-lashes;depeche-mode;fashion;gucci;gucci-guilty;mp3,20110718223548
2011-03-03,/king-of-the-weed-2/,yes,A,KING OF THE WEED,cas,video,video;wavves,20110718224821
2011-03-03,/king-of-the-weed/,yes,A,KING OF THE WEED,cas,video,video;wavves,20131126100749
2011-03-04,/bored-this-way-2/,yes,A,BORED THIS WAY,jc,video,lady-gaga;video,20131126094207
2011-03-07,/mushy-too-far-crossover-satanic-ritual-abuse-2/,yes,A,MUSHY - &quot;TOO FAR&quot; CROSSOVER SATANIC RITUAL ABUSE,cas,uncategorized,crossover;mushy;stream;witch-house,20110718225346
2011-03-08,/21st-century-screw-2/,yes,A,21ST CENTURY SCREW,jc,musica,dj-maquina-de-muerte;mp3;willow-smith,20131126091832
2011-03-08,/6-foot-7-foot-2/,yes,A,6 FOOT 7 FOOT,cas,video,cory-gunz;lil-wayne;video,20110718222537
2011-03-08,/6-foot-7-foot/,yes,A,6 FOOT 7 FOOT,jc,video,cory-gunz;lil-wayne;video,20131126112355
2011-03-08,/mentira-mentira-turnaway-2/,yes,A,MENTIRA MENTIRA - TURNAWAY,cas,video,jaime-martinez;mentira-mentira;nene-records;video,20110718224842
2011-03-08,/mentira-mentira-turnaway/,yes,A,MENTIRA MENTIRA - TURNAWAY,jc,video,jaime-martinez;mentira-mentira;nene-records;video,20131126111038
2011-03-08,/willow-smith-21st-century-girl-2/,yes,A,WILLOW SMITH - 21ST CENTURY GIRL,cas,video,video;willow-smith,20131126110402
2011-03-09,/chillwave-checklist-2/,yes,A,CHILLWAVE CHECKLIST,cas,video,chillwave;j-viewz;video,20110718224034
2011-03-09,/chillwave-checklist/,yes,A,CHILLWAVE CHECKLIST,jc,video,chillwave;j-viewz;video,20131126102231
2011-03-09,/die-antwoord-rich-bitch-2/,yes,A,DIE ANTWOORD - RICH BITCH,cas,uncategorized;video,die-antwoord;ninja;video;yolandi-visser,20110718225928
2011-03-09,/die-antwoord-rich-bitch/,yes,A,DIE ANTWOORD - RICH BITCH,eduardo-caudilio,video,die-antwoord;ninja;video;yolandi-visser,20131126095726
2011-03-09,/fever-ray-the-wolf-2/,yes,A,FEVER RAY - THE WOLF,cas,musica,fever-ray;red-riding-hood;stream,20131126085327
2011-03-11,/amanda-palmer-map-of-tasmania-2/,yes,A,AMANDA PALMER - MAP OF TASMANIA,cas,uncategorized,amanda-palmer;download;stream;video,20110718230935
2011-03-14,/pictureplane-en-mexico-3/,yes,A,PICTUREPLANE EN MÉXICO,cas,uncategorized,concierto;fiesta;naka-naka;negative-youth;pictureplane;ritualz,20110718230031
2011-03-14,/pictureplane-en-mexico/,yes,A,PICTUREPLANE EN MÉXICO,jc,eventos,concierto;fiesta;naka-naka;negative-youth;pictureplane;ritualz,20131126093459
2011-03-15,/antes-de-que-nos-olviden-4/,yes,A,ANTES DE QUE NOS OLVIDEN,cas,eventos;musica,casa-rio-55;concierto;festival-antes;fiesta;negative-youth;stream,20131126112339
2011-03-16,/gif-mashup-2/,yes,A,GIF Mashup,cas,uncategorized;video,,20110718224121
2011-03-16,/gif-mashup/,yes,A,GIF Mashup,cas,video,arte;gif;video,20131126100427
2011-03-17,/fiebre-rey-2/,yes,A,"FIEBRE, REY",cas,musica,buraka-som-sistema;fever-ray;j-wow;mishka;mixtape;mp3,20131126085848
2011-03-17,/nuevo-material-de-drugs-for-drunks-2/,yes,A,NUEVO MATERIAL DE DRUGS FOR DRUNKS,cas,uncategorized,download;drugs-for-drunks;mixtape;stream,20110718230026
2011-03-22,/glass-popcorn-vs-rebecca-black-2/,yes,A,GLASS POPCORN VS REBECCA BLACK,cas,uncategorized;video,friday;glass-popcorn;rebecca-black;stream;teens;witch-house,20110718225331
2011-03-22,/uforia-grimes-deon-en-mexico-2/,yes,A,UFORIA: GRIMES + D'EON EN MÉXICO,cas,musica,concierto;deon;grimes;internet-archeology;mooses;mp3;nicolas-sassoon;uforia,20131126094751
2011-03-23,/antes-de-que-nos-olviden-3/,yes,A,ANTES DE QUE NOS OLVIDEN,cas,eventos,casa-rio-55;concierto;festival-antes;fiesta;negative-youth;stream,20131126112347
2011-03-24,/entrevista-con-jewels-of-the-nile-mp3s-2/,yes,A,ENTREVISTA CON JEWELS OF THE NILE + MP3s,eduardo-caudillo,entrevistas;uncategorized,download;entrevista;jewels-of-the-nile;mp3,20110718231000
2011-03-24,/entrevista-con-jewels-of-the-nile-mp3s/,yes,A,ENTREVISTA CON JEWELS OF THE NILE + MP3s,eduardo-caudilio,entrevistas,download;entrevista;jewels-of-the-nile;mp3,20131126113459
2011-03-24,/puro-instinct-feat-ariel-pink-stilyagi-2/,yes,A,PURO INSTINCT FEAT. ARIEL PINK - STILYAGI,jc,uncategorized;video,ariel-pink;puro-instinct;video,20110718224158
2011-03-24,/puro-instinct-feat-ariel-pink-stilyagi/,yes,A,PURO INSTINCT FEAT. ARIEL PINK - STILYAGI,eduardo-caudilio,video,ariel-pink;puro-instinct;video,20131126110804
2011-03-28,/freeblissedout-2/,yes,A+C,#FREEBLISSEDOUT,cas,musica,blissed-out;download;empire-state;freeblissedout;mp3;noticias,20131126094720
2011-03-28,/holy-other-touch-2/,yes,A,HOLY OTHER - TOUCH,jc,musica;uncategorized,holy-other;mp3;tri-angle,20110718225949
2011-03-28,/holy-other-touch/,yes,A,HOLY OTHER - TOUCH,jc,musica,holy-other;mp3;tri-angle,20131126102144
2011-03-29,/grimes-vanessa-2/,yes,A+C,GRIMES - VANESSA,eduardo-caudilio,musica,download;grimes;uforia,20131126093602
2011-03-29,/unison-blood-blood-blood-2/,yes,A,UNISON - BLOOD BLOOD BLOOD,jc,musica;uncategorized,lentonia;stream;unison,20110718225509
2011-03-29,/unison-blood-blood-blood/,yes,A+C,UNISON - BLOOD BLOOD BLOOD,jc,musica,lentonia;stream;unison,20131126094712
2011-03-30,/casi-xiu-xiu-casi-deerhoof-2/,yes,A+C,"CASI XIU XIU, CASI DEERHOOF",jc,musica,deerhoof;mp3;xiu-xiu,20131126110119
2011-03-30,/futuro-tropical-2/,yes,A+C,FUTURO TROPICAL,jc,musica,dutty-artz;kingdom;la-ola-criminal;mp3;new-york-tropical;nguzunguzu;rita-indiana;stream,20131126102332
2011-04-06,/entrevista-grimes-deon-parte-1-2/,yes,A,ENTREVISTA: GRIMES + D'EON // PARTE 1,jc,entrevistas;musica,arbustus;d’eon;entrevista;grimes;hippos-in-tanks;mp3;uforia,20131126122216
2011-04-07,/entrevista-grimes-deon-parte-2-2/,yes,A,ENTREVISTA: GRIMES + D'EON // PARTE 2,jc,entrevistas;musica,arbustus;deon;entrevista;grimes;hippos-in-tanks;mp3;uforia,20131126102934
2011-04-07,/mindkilla-2/,yes,A,MINDKILLA,jc,musica,4ad;dance;gang-gang;mp3,20131126112854
2011-04-08,/thee-negative-slave-2/,yes,A,THEE NEGATIVE SLAVE,jc,musica,dis-magazine;mixtape;mp3;pictureplane,20131126110932
2011-04-10,/ringo-deathstarr/,yes,A,RINGO DEATHSTARR,jc,musica;video,alex-gehring;dominguero;ringo-deathstarr;video;viktoria-a-lisbet,20131126113413
2011-04-11,/funerals-marae/,yes,A,FUNERALS - MARAE,jc,video,funerals;tundra-dubs;video,20131126085703
2011-04-12,/charli-xcx-stay-away-salems-angel-remix/,yes,A,CHARLI XCX - STAY AWAY (SALEM'S ANGEL REMIX),eduardo-caudilio,video,charli-xcx;remix;salem;video,20131126112555
2011-04-12,/darkbloom/,yes,A,DARKBLOOM,jc,video,arbustus;deon;grimes;hippos-in-tanks;video,20131126125757
2011-04-14,/korn-skrillex/,yes,A+C,KORN // SKRILLEX,jc,musica,korn;skrillex;stream,20131126113451
2011-04-18,/pictureplane-mix-para-mexico/,yes,A+C,PICTUREPLANE: MIX PARA MEXICO,jc,mixtapes;musica,mix;mixtape;mp3;pictureplane,20131126095832
2011-04-27,/telenovela-fantasmux/,yes,A+C,TELENOVELA FANTASMUX,jc,musica,mix;mp3;naka-naka,20131126113103
2011-04-28,/deon-transparency-how-to-dress-well-rework/,yes,A+C,D'EON - TRANSPARENCY (HOW TO DRESS WELL REWORK),jc,musica,deon;how-to-dress-well;mp3;remix,20131126120101
2011-04-29,/eternity-zone/,yes,A+C,ETERNITY ZONE,jc,entrevistas;musica,entrevista;eternity-zone;mp3,20131126094035
2011-05-03,/osama-bin-laden-is-dead/,yes,A,OSAMA BIN LADEN IS DEAD,jc,musica,la-style;mp3;osama-bin-laden;youtube,20131126091519
2011-05-04,/aftermath-negative-youth-presenta-pictureplane-df/,yes,A,AFTERMATH: NEGATIVE YOUTH PRESENTA PICTUREPLANE @ DF,jc,eventos,concierto;fotos;naka-naka;negative-youth;pictureplane;ritualz,20131126094904
2011-05-04,/ritualz-remixed/,yes,A,RITUALZ REMIXED,jc,musica,blissed-out;download;funerals;glass-popcorn;impulso;mp3;naka-naka;remix;ritualz;stream;teehn-bwitches;unison,20131126102400
2011-05-05,/18/,yes,A,18+,jc,video,18;video,20131126110328
2011-05-05,/hollagramz-vs-blissed-out/,yes,A,HOLLAGRAMZ VS BLISSED OUT,jc,musica,blissed-out;download;hollagramz;mp3;remix,20131126125729
2011-05-06,/innergaze/,yes,A,INNERGAZE,jc,musica;video,innergaze;stream;video,20131126095739
2011-05-08,/liturgy-returner/,yes,A,LITURGY - RETURNER,jc,video,black-metal;dominguero;liturgy;video,20131126105157
2011-05-09,/los-angeles-en-asia/,yes,A,LOS ANGELES EN ASIA,jc,video,jj;sincerely-yours;video,20131126121709
2011-05-09,/sleep-%E2%88%9E-over-casual-diamond-physical-therapy-remix/,yes,A,SLEEP ∞ OVER - CASUAL DIAMOND (PHYSICAL THERAPY REMIX),jc,musica,hippos-in-tanks;mp3;physical-therapy;sleep-∞-over,20131126113403
2011-05-11,/tearist-disposition/,yes,A,TEARIST - DISPOSITION,jc,video,tearist;video,20131126092353
2011-05-11,/thee-physical/,yes,A,THEE PHYSICAL,jc,musica,lovepump-united;mp3;pictureplane,20131126093724
2011-05-12,/teehn-bwitches-b133d-n-d13/,yes,A,TEEHN BWITCHES - B133D N D13,jc,video,teehn-bwitches;video,20131126101341
2011-05-12,/the-weeknd/,yes,A,THE WEEKND,jc,musica;video,altb;disco-gratis;download;mp3;the-weeknd;video,20131126090240
2011-05-14,/disaro-o-f-f/,yes,A,DISARO // O F F,jc,musica,chisme;disaro;grill-grill;off;stream,20131126094653
2011-05-14,/teen-witch-3d-slut-ii/,yes,A,TEEN WITCH - 3D SLUT II,jc,musica,mix;mp3;ratcatchers;stream;teen-witch,20131126093717
2011-05-16,/clams-casino-im-god-instrumental/,yes,A,CLAMS CASINO - I'M GOD (INSTRUMENTAL),eduardo-caudilio,musica;video,clams-casino;lil-b;mp3;tri-angle;video,20131126094158
2011-05-16,/creep-nina-sky/,yes,A,CREEP + NINA SKY,jc,video,creep;nina-sky;video,20131126110245
2011-05-18,/brenmar-taking-it-down/,yes,A,BRENMAR - TAKING IT DOWN,jc,video,brenmar;video,20131126110749
2011-05-18,/le1f/,yes,A,LE1F,jc,musica,diy;le1f;stream,20131126111109
2011-05-18,/telepathe-throw-away-this/,yes,A,TELEPATHE - THROW AWAY THIS,jc,musica,mp3;telepathe;white-iris,20131126122353
2011-05-19,/yung-jake-datamosh/,yes,A,YUNG JAKE - DATAMOSH,jc,musica;video,mp3;net-art;swag;video;yung-jake,20131126105139
2011-05-20,/jhene-aiko-stranger-nguzunguzu-rmx/,yes,A,JHENE AIKO - STRANGER (NGUZUNGUZU RMX),jc,musica,jhene-aiko;mp3;nguzunguzu,20131126105254
2011-05-20,/kreayshawn/,yes,A,KREAYSHAWN,jc,video,kreayshawn;lil-b;video,20131126100810
2011-05-23,/real-is-a-feeling/,yes,A+C,REAL IS A FEELING,jc,video,pictureplane;sterling-crispin;video,20131126091510
2011-05-26,/dani-shivers-witch/,yes,A+C,DANI SHIVERS - WITCH,eduardo-caudilio,video,dani-shivers;tijuana;video,20131126105145
2011-05-26,/leonora-carrington/,yes,A+C,LEONORA CARRINGTON,jc,uncategorized,arte;leonora-carrington;noticias;rip;triste,20131126110513
2011-05-26,/with-u/,yes,A+C,WITH U,jc,musica,holy-other;stream;tri-angle,20131126113208
2011-05-31,/apocalyptic-bote-shaking/,yes,A+C,APOCALYPTIC BOTE SHAKING,cas,musica,disco-gratis;mp3;reggothon;rizzla,20131126085648
2011-06-03,/fantorama-drama-plus/,yes,A,FANTORAMA DRAMA PLUS,cas,video,naka-naka;video,20131126113330
2011-06-03,/kidcity/,yes,A,KIDCITY,cas,musica,clip-hop;disco-gratis;download;kidcity;mp3,20131126111525
2011-06-04,/apache-warrior/,yes,A,APACHE WARRIOR,eduardo-caudilio,musica,dj-javier-estrada;monterrey;mp3;stream,20131126121716
2011-06-04,/drones/,yes,A,DRONES,cas,video,blissed-out;bl§§d-øu†;video,20131126094956
2011-06-06,/vagina-vangi-locked-forever/,yes,A,VAGINA VANGI - LOCKED FOREVER,eduardo-caudilio,musica,bandcamp;ep;mp3;resena;rusia;unison;vagina-vangi,20131126122428
2011-06-07,/balam-acab-oh-why/,yes,A,"BALAM ACAB - OH, WHY",eduardo-caudilio,musica,balam-acab;mp3;tri-angle,20131126100803
2011-06-07,/laurel-halo-hour-logic/,yes,A,LAUREL HALO - HOUR LOGIC,eduardo-caudilio,musica,hippos-in-tanks;laurel-halo;stream,20131126094803
2011-06-10,/love-fine-stoned-boys-live-in-kazan/,yes,A,LOVE-FINE &#038; STONED BOYS LIVE IN KAZAN,eduardo-caudilio,video,live;love-fine;pictureplane;stoned-boys,20131126091844
2011-06-13,/alexico-se-pone-bilet-con-vegan-cannibal/,yes,A,ALEXICO SE PONE BILET CON VEGAN CANNIBAL,cas,eventos,alexico;at-negative-house;fiesta;negative-youth;vegan-cannibal,20131126090417
2011-06-14,/opening-botiquin-by-petit-pistolette/,yes,A,OPENING: BOTIQUÍN BY PETIT PISTOLETTE,cas,eventos,drugs-for-drunks;lolshe;opening;petit-pistolette;yvan-fiend,20131126100706
2011-06-15,/post-physical/,yes,A,WE ARE ALL POST PHYSICAL,jc,musica,mp3;pictureplane;stream,20131126112755
2011-06-16,/ladytron-discovers-witch-house/,yes,A,LADYTRON DISCOVERS WITCH HOUSE,cas,musica,ladytron;mp3;stream,20131126085612
2011-06-16,/vegan-cannibal/,yes,A,VEGAN CANNIBAL,eduardo-caudilio,musica,alexico;mp3;negative-house;soundcloud;vegan-cannibal,20131126093612
2011-06-18,/que-que/,yes,A,QUE QUE,jc,video,dillon-francis;diplo;karmaloop;lil-internet;maluca;video,20131126105902
2011-06-23,/salem-remixea-a-blonde-redhead/,yes,A,SALEM REMIXEA A BLONDE REDHEAD,eduardo-caudilio,musica,blonde-redhead;mp3;remix;salem,20131126100634
2011-06-24,/katie-katie-katie/,yes,A,KATIE KATIE KATIE,cas,musica,blissed-out;dis-magazine;download;gatekeeper;glass-popcorn;max-barbaria;mixtape;pictureplane;ryan-trecartin;ryder-ripps,20131126112655
2011-06-25,/trance-forever/,yes,A,TRANCE FOREVER,jc,musica,download;mixtape;mp3;tabor-robak;thunder-horse;trance-forever,20131126102253
2011-06-27,/no-bueno/,yes,A+C,NO BUENO,jc,musica,nadia-oh;stream;verano,20131126100651
2011-06-27,/rhinoceropolis-anthem/,yes,A+C,RHINOCEROPOLIS ANTHEM,jc,musica;video,download;lil-internet;mp3;musica-del-futuro;pictureplane;rhinoceropolis,20131126112412
2011-06-28,/total-accoplishment-live/,yes,A+C,TOTAL ACCOPLISHMENT LIVE,eduardo-caudilio,eventos,at-negative-house;holly-herndon;scott-afford;total-accomplishment;vegan-cannibal,20131126121810
2011-06-29,/xeno-oaklander-the-staircase/,yes,A+C,XENO &#038; OAKLANDER - THE STAIRCASE,eduardo-caudilio,musica;video,mp3;video;wierd-records;xeno-oaklander,20131126094628
2011-06-29,/zola-jesus-vessel/,yes,A+C,ZOLA JESUS - VESSEL,eduardo-caudilio,musica,mp3;zola-jesus,20131126093505
2011-07-01,/ritualz-negative-youth-summer-mix/,yes,A,RITUALZ - NEGATIVE YOUTH SUMMER MIX,cas,mixtapes;musica,download;mixtape;mp3;ritualz;†‡†,20131005002253
2011-07-05,/heat/,yes,A,HEAT,jc,musica,download;mp3;ritualz;stream;super-super;verano,20131126091950
2011-07-08,/araabmuzik/,yes,A,YOU'RE NOW LISTENING TO ARAABMUZIK,jc,musica,araabmuzik;dipset;download;mp3,20131126112506
2011-07-11,/actually/,yes,A,ACTUALLY,jc,musica,actually;stream,20131126111139
2011-07-12,/theephysical-com/,yes,A,THEEPHYSICAL.COM,eduardo-caudilio,musica,mp3;pictureplane;stream;thee-physical,20131126110413
2011-07-13,/apart/,yes,A,APART,jc,musica,balam-acab;stream;tri-angle,20131126094120
2011-07-14,/hard-destiny-live-mixtape/,yes,A,HARD DESTINY LIVE MIXTAPE,jc,musica,download;ghe20-gothik;mixtape;mp3;stream;venus-x,20131126112914
2011-07-14,/nike7up-mixtape-july-2011/,yes,A,NIKE7UP MIXTAPE JULY 2011,jc,musica,cult-of-now;download;mixtape;mp3;nike7up;super-super,20131126112932
2011-07-14,/teeth-care-bear/,yes,A,TEETH - CARE BEAR,jc,video,teeth;video,20131126094242
2011-07-15,/ff-pictureplane/,yes,A,#FF @PICTUREPLANE,jc,video,2012;pictureplane;video,20131126104706
2011-07-18,/soft-metals/,yes,A,SOFT METALS,jc,musica,altered-zones;captured-tracks;download;mp3;soft-metals;stream,20131126122301
2011-07-19,/majical-cloudz/,yes,A,MAJICAL CLOUDZ,eduardo-caudilio,musica,arbutus;download;grimes;majical-cloudz;mp3,20131126095902
2011-07-19,/o-f-fgr%E2%80%A0llgr%E2%80%A0ll-happy-face/,yes,A,o F F/Gr†llGr†ll - HAPPY FACE,eduardo-caudilio,musica,bandcamp;grill-grill;off;stream,20131126094051
2011-07-20,/negative-youth-en-ensenada/,yes,A+C,NEGATIVE YOUTH EN ENSENADA,cas,eventos,dani-shivers;ensenada;eventos;teehn-bwitches,20131126102137
2011-07-25,/dark-killer-dance-night/,yes,A+C,DARK KILLER DANCE NIGHT,eduardo-caudilio,eventos,arte;casino-metropolitano;colaboraciones;dj-maquina-de-muerte;eventos;lorelle-meets-the-obsolete;negative-youth;sangree;vegan-cannibal,20131126122150
2011-07-25,/unpopshopness/,yes,A+C,UNPOPSHOPNESS,cas,video,eternity-zone;stream;video,20131126110524
2011-07-26,/supermad/,yes,A+C,SUPERMAD,eduardo-caudilio,musica,bandcamp;df;humanoid-mutations;supermad,20131126092029
2011-07-30,/dj-maquina-de-muerte-sangree/,yes,A+C,DJ MAQUINA DE MUERTE - SANGREE LIVE MIX,jc,musica,dj-maquina-de-muerte;download;mix;mp3;negative-youth;sangree;stream,20131126112703
2011-08-01,/lorelle-meets-the-obsolete-vegan-cannibal-sangree-live-set/,yes,A,LORELLE MEETS THE OBSOLETE + VEGAN CANNIBAL - SANGREE LIVE SET,jc,eventos;musica,download;lorelle-meets-the-obsolete;mp3;negative-youth;sangree;stream;vegan-cannibal,20131126100909
2011-08-01,/unicorn-slut/,yes,A,UNICORN SLUT,jc,musica,download;lol;mp3;stream;unicorn-slut;wtf,20131126100512
2011-08-03,/united-nation/,yes,A,UNITED NATION,eduardo-caudilio,entrevistas;musica,ayshay;bjork;dis-magazine;ee;entrevista;hatsune-miku;laurel-halo;mp3;ssion;stream;united-nation,20131126110833
2011-08-04,/blissed-out-drones-ritualz-remix/,yes,A,BLISSED OUT - DRONES (RITUALZ REMIX),jc,musica;video,blissed-out;download;mp3;rave;remix;ritualz;stream;video,20131126110153
2011-08-04,/high-places-year-off/,yes,A,HIGH PLACES - YEAR OFF,jc,musica,download;high-places;mp3,20131126112817
2011-08-05,/white-ring-chaind-vol-1/,yes,A,WHITE RING - CHAIND VOL. 1,jc,musica,cocteau-twins;download;fostercare;lil-b;mixtape;mp3;nine-inch-nails;pendu;rick-ross;rihanna;shams;waka-flocka;white-ring,20131126092400
2011-08-09,/deon-feat-marie-jane-kiss-me/,yes,A,D'EON FEAT MARIE JANE - KISS ME,eduardo-caudilio,musica,cassie;deon;marie-jane;mp3,20131126112733
2011-08-09,/pictureplane-negative-slave/,yes,A,PICTUREPLANE - NEGATIVE SLAVE,eduardo-caudilio,video,lsd;negative-slave;pictureplane;teotihuacan;thee-physical;video,20131126091614
2011-08-11,/hollagramz-galactic-leash-ep/,yes,A,HOLLAGRAMZ - GALACTIC LEASH EP,eduardo-caudilio,musica,bandcamp;download;ep;galactic-leash;hollagramz;mp3,20131126092433
2011-08-12,/everything-demo-ep/,yes,A,EVERYTHING - DEMO EP,eduardo-caudilio,musica;video,download;el-resplandor;ep;everything;galeria-yautepec;mp3,20131126112926
2011-08-15,/selma-oxor-siempre-en-mi-mente/,yes,A,SELMA OXOR - SIEMPRE EN MI MENTE,eduardo-caudilio,musica,download;mp3;selma-oxor;vale-vergas-discos,20131126102316
2011-08-16,/badd/,yes,A,BADD,cas,musica,download;mp3;teehn-bwitches,20131126125745
2011-08-19,/romantic-streams-naka-nakas-rio-de-lava-mix/,yes,A,ROMANTIC STREAMS (ÑAKA ÑAKA'S RIO DE LAVA MIX),jc,musica,download;el-futuro-de-mexico;mp3;naka-naka;remix;sleep-over;stream,20131126110202
2011-08-19,/thursday/,yes,A,THURSDAY,jc,musica,download;mixtape;mp3;the-weeknd,20131126112647
2011-08-20,/soft-metals-voices/,yes,A,SOFT METALS - VOICES,eduardo-caudilio,video,soft-metals;video,20131126125805
2011-08-22,/good-amount-orange-pack-glass-popcorn-remix/,yes,A,GOOD AMOUNT - ORANGE PACK (GLASS POPCORN REMIX),eduardo-caudilio,musica,bandcamp;download;glass-popcorn;good-amount;mp3;remix,20131126110422
2011-08-23,/elite-gymnastics/,yes,A,ELITE GYMNASTICS,jc,entrevistas,elite-gymnastics;entrevista,20131126102150
2011-08-24,/dj-one-destiny-100back2school200-mix/,yes,A,DJ ONE DESTINY - 100BACK2SCHOOL200 MIX,jc,mixtapes,dj-one-destiny;download;mix;mixtape;mp3;negative-youth,20131126110721
2011-08-25,/twin-gemz/,yes,A+C,TWIN-GEMZ,jc,musica,awesome;musica-del-futuro;stream;twin-gemz,20131126095810
2011-08-29,/freak-out/,yes,A+C,☯ FREAK OUT!! ☯,jc,eventos,bahia-bar;dj-maquina-de-muerte;dj-one-destiny;fiesta;freak-out;negative-youth;superhi;supermad;☯,20131126104543
2011-08-29,/los-macuanos-afilan-el-cuchillo-a-dani-shivers/,yes,A+C,LOS MACUANOS LE AFILAN EL CUCHILLO A DANI SHIVERS,cas,musica,dani-shivers;los-macuanos;tijuana,20131126101350
2011-08-30,/teeth-flowers/,yes,A+C,TEETH - FLOWERS,jc,musica,moshi-moshi;stream;teeth,20131126104655
2011-08-31,/baby-sloth-spirit/,yes,A+C,BABY SLOTH SPIRIT,eduardo-caudilio,musica,baby-sloth-spirit;bandcamp;bryan-kusenda;download;mediafire;mp3,20131126112853
2011-09-01,/ecstasy-motherfuckers/,yes,A,ECSTASY MOTHERFUCKERS,jc,musica,download;mix;mixtape;mp3;stream;supermad,20131126121942
2011-09-01,/health-goth-star-pictureplane-cover/,yes,A,HEALTH - GOTH STAR (PICTUREPLANE COVER),eduardo-caudilio,musica,cover;download;health;mp3;pictrure,20131126110735
2011-09-02,/video-sleep-%E2%88%9E-over-casual-diamond/,yes,A,VIDEO: SLEEP ∞ OVER - CASUAL DIAMOND,jc,video,hippos-in-tanks;sleep-over;sleep-∞-over,20131126091943
2011-09-09,/alternative-ulster-sub-rosa/,yes,A,ALTERNATIVE ULSTER &#038; SUB ROSA,jc,entrevistas;moda,alternative-ulster-sub-rosa;annie-su;health;pictureplane;tearist,20130729084740
2011-09-12,/das-racist-michael-jackson/,yes,A,DAS RACIST - MICHAEL JACKSON,eduardo-caudilio,video,das-racist;michael-jackson;video,20131126112817
2011-09-12,/resena-unison-unison/,yes,A,RESEÑA: UNISON - UNISON,jc,resenas,2011;download;lentonia-records;mp3;resena;unison,20131126122053
2011-09-13,/active-child-how-to-dress-well/,yes,A,ACTIVE CHILD + HOW TO DRESS WELL,jc,video,active-child;how-to-dress-well,20131126100627
2011-09-13,/resena-neon-indian-era-extrana/,yes,A,RESEÑA: NEON INDIAN - ERA EXTRAÑA,eduardo-caudilio,resenas,alan-palomo;era-extrana;ghost-hustler;mom-pop-music;mp3;neon-indian;resena;vega;video,20131126091449
2011-09-14,/toro-y-moi-freaking-out-ep/,yes,A,RESEÑA: TORO Y MOI - FREAKING OUT EP,maida,resenas,download;mp3;resena;toro-y-moi,20131126100713
2011-09-15,/video-salem-king-night/,yes,A,VIDEO: SALEM - KING NIGHT,cas,video,salem;video,20131126112333
2011-09-18,/butterclock-hustling-feat-ooooo/,yes,A,BUTTERCLOCK - HUSTLING (FEAT. oOoOO),jc,musica,butterclock;ooooo;rick-ross;stream,20131126095844
2011-09-19,/unicorn-kid-boys-of-paradise/,yes,A,UNICORN KID - BOYS OF PARADISE,eduardo-caudilio,musica;video,download;mp3;unicorn-kid;video,20131126125902
2011-09-19,/yung-jake/,yes,A,YUNG JAKE,eduardo-caudilio,entrevistas;musica;video,3d;animated-gif;arte;download;entrevista;gif;mp3;video;yung-jake,20131126110236
2011-09-20,/unison-brothers-sisters-live/,yes,A,UNISON - BROTHERS &#038; SISTERS (LIVE),eduardo-caudilio,video,live;unison;video,20131126095732
2011-09-22,/resena-teeth-whatever/,yes,A,RESEÑA: TEETH - WHATEVER,jc,resenas,download;moshi-moshi;mp3;resena;teeth,20131126114515
2011-09-22,/spc-eco/,yes,A,SPC ECO,jc,musica,bandcamp;big-fat-world;namedropping;spc-eco;stream,20131126110448
2011-09-23,/cvlt-classics-hun-came/,yes,A,CVLT CLASSICS - HUN CAMÉ,eduardo-caudilio,musica,cvlt-classics;download;mp3,20131126113220
2011-09-27,/finally-boys/,yes,A,FINALLY BOYS,jc,musica,download;finally-boys;mp3;stream,20131126102410
2011-09-27,/tamara-sky-lil-death/,yes,A,TAMARA SKY // LIL DEATH,jc,musica,download;lil-death;mixtape;mp3;overthrow;tamara-sky,20131126102131
2011-09-28,/vnv-nation-automatic/,yes,A+C,RESEÑA: VNV NATION - AUTOMATIC,jc,resenas,anachron-records;resena;vnv-nation,20131126094738
2011-09-29,/american-juggalo/,yes,A+C,AMERICAN JUGGALO,jc,video,american-juggalo;corto;documental;insane-clown-posse;juggalette;juggalo;pregnant-woman-smoking;sean-dunne,20131126113132
2011-09-29,/blackmilk/,yes,A+C,BLACKMILK,ella,moda,blackmilk;moda,20131126091630
2011-09-30,/resena-sleep-%E2%88%9E-over-forever/,yes,A+C,RESEÑA: SLEEP ∞ OVER - FOREVER,eduardo-caudilio,musica;resenas,boy-friend;download;hippos-in-tanks;mp3;resena;sleep-∞-over,20131126102925
2011-09-30,/yung-jake-one-track-mixtapes/,yes,A+C,YUNG JAKE - ONE TRACK MIXTAPES,eduardo-caudilio,musica,download;max-barbaria;mp3;yung-jake,20131126100736
2011-10-04,/lorelle-meets-the-obsolete-these-days/,yes,A,LORELLE MEETS THE OBSOLETE - THESE DAYS,eduardo-caudilio,video,1llum1n471-pr1nc3ss;jaime-martinez;lorelle-meets-the-obsolete;video,20131126085903
2011-10-05,/rikslyd-feat-house-of-drama-obsexed/,yes,A,RIKSLYD FEAT HOUSE OF DRAMA - OBSEXED,eduardo-caudilio,video,house-of-drama;obsexed;rikslyd;video;ylva-falk,20131126120157
2011-10-06,/nguzunguzu-kingdom-total-freedom-en-mexico/,yes,A,NGUZUNGUZU + KINGDOM + TOTAL FREEDOM EN MEXICO,jc,eventos;musica,401;bass;fiesta;kingdom;naafi;nguzunguzu;paul-marmota;total-freedom;uforia,20131126112835
2011-10-09,/synthetik/,yes,A,SYNTHETIK,jc,video,dominguero;htrk;video,20131126094820
2011-10-10,/naka-naka-el-pequeno-edgar-ep/,yes,A,ÑAKA ÑAKA - EL PEQUEÑO EDGAR EP,eduardo-caudilio,musica,cuna-de-lobos;download;el-pequeno-edgar;ep;mp3;naka-naka;producciones-modernas;simona;soundcloud;telenovela,20131126105151
2011-10-11,/high-places-sophia/,yes,A,HIGH PLACES - SOPHIA,jc,video,busy-gagnes;high-places;telepathe;video,20131126121803
2011-10-11,/pre-halloween-en-el-under/,yes,A,PRE HALLOWEEN EN EL UNDER,eduardo-caudilio,eventos,cine-mexico;d4d;dani-shivers;drugs-for-drunks;el-real-under;eventos;fiesta;live;mushy;negative-youth;petit-pistolette;ritualz;teehn-bwitches,20131126094937
2011-10-11,/suicide-dream-2-elite-gymnastics-baptism/,yes,A,SUICIDE DREAM 2 (ELITE GYMNASTICS BAPTISM),jc,musica,download;elite-gymnastics;how-to-dress-well;mp3;remix;stream,20131126110253
2011-10-12,/fatima-al-qadiri-vatican-vibes/,yes,A,FATIMA AL QADIRI - VATICAN VIBES,eduardo-caudilio,video,ayshay;dis-magazine;fatima-al-qadiri;tabor-robak;telfar;the-new-museum;tri-angle;video,20131126101515
2011-10-14,/hd-boyz-unzip/,yes,A,HD BOYZ - UNZIP,eduardo-caudilio,video,dis-magazine;hd-boyz;moma-ps1;ryder-ripps;tabor-robak,20131126094615
2011-10-14,/maria-minerva-gloria/,yes,A,MARIA MINERVA - GLORIA,eduardo-caudilio,musica;video,100-silk;download;maria-minerva;mp3;video,20131126092509
2011-10-16,/photoshopped/,yes,A,PHOTOSHOPPED,jc,video,hd-boyz;moma-ps1;video,20131126094745
2011-10-18,/%E2%80%A0%E2%80%A0-the-coven-%E2%80%A0%E2%80%A0/,yes,A,†† THE COVEN ††,ella,entrevistas;moda,entrevista;health;howl-clothing;mishka;moda;the-coven,20131126093518
2011-10-18,/grimes-oblivion/,yes,A,GRIMES - OBLIVION,eduardo-caudilio,musica,arbutus;claire-boucher;download;grimes;mp3,20131126110806
2011-10-19,/fostercare-remixes-01/,yes,A,FOSTERCARE - REMIXES 01,cas,uncategorized,antwerp;beacon-warm;diamond-black-hearted-boy;disco-gratis;download;fostercare;konnichiwa-rpg;mp3;pyramids-of-mu;remix;richard-richard;ritualz;tropic-of-cancer;twin-gemz,20131126093734
2011-10-19,/pictureplane-post-physical-physical-therapy-premix/,yes,A+C,PICTUREPLANE - POST PHYSICAL (PHYSICAL THERAPY PREMIX),eduardo-caudilio,musica;video,download;mp3;physical-therapy;pictureplane;remix;video,20131126112803
2011-10-19,/zola-jesus-vessel-video/,yes,A,ZOLA JESUS - VESSEL (VIDEO),eduardo-caudilio,video,vessel;video;zola-jesus,20131126112526
2011-10-24,/naka-naka-el-pequeno-edgar-video/,yes,A+C,ÑAKA ÑAKA - EL PEQUEÑO EDGAR (VIDEO),eduardo-caudilio,video,el-pequeno-edgar;naka-naka;video,20131126094915
2011-10-25,/resena-blissed-out-i-ep/,yes,A+C,RESEÑA: BLISSED OUT - I EP,cas,resenas,blissed-out;disco-gratis;download;mp3;resena;ritualz,20131126085931
2011-10-26,/dj-javier-estrada-adicta-fuck-you/,yes,A+C,DJ JAVIER ESTRADA - ADICTA / FUCK YOU,eduardo-caudilio,musica,chippy-nonstop;dj-javier-estrada;soundcloud;stream,20131126094948
2011-10-31,/master-of-none/,yes,A+C,MASTER OF NONE,ella,entrevistas;moda,adrian-glez;centro;master-of-none;moda,20131126110440
2011-11-01,/gimme-gimme-gimme/,yes,A,GIMME GIMME GIMME,jc,musica,abba;boy-friend;cover;stream;tour-tape,20131126121906
2011-11-02,/night-bus-ii/,yes,A,NIGHT BUS II,jc,musica,cfcf;download;gorillavsbear;mix;mixtape;mp3;night-bus,20131126112915
2011-11-03,/3d-slut-iii/,yes,A,3D SLUT III,jc,musica,3d-slut;mix;mixtape;stream;teen-witch,20131126091541
2011-11-04,/18-mixtape/,yes,A,18+ MIXTAPE,jc,musica,18;download;mixtape;mp3,20131126121842
2011-11-04,/black-nails/,yes,A,BLACK NAILS,jc,video,pictureplane;video,20131126112740
2011-11-04,/revolver/,yes,A,REVÓLVER,eduardo-caudilio,eventos,artenacion;casino-metropolitano;domestic-fine-arts;dorit-chrysler;los-lichis;negative-youth;revolver;tobias-bernstrup;tryo,20131126110729
2011-11-04,/young-magic/,yes,A,YOUNG MAGIC,jc,musica,bandcamp;cmj;stream;young-magic,20131126091535
2011-11-09,/bonsai-babies/,yes,A,BONSAI BABIES,eduardo-caudilio,musica,bandcamp;bonsai-babies;disco-gratis;download;mp3,20131126102952
2011-11-09,/peepr-foogarc-vlaxet/,yes,A,PEEPR - FOOGARC VLAXET,jc,video,andres-cendejas;genio;peepr;video,20131126125514
2011-11-10,/ener-y-deci/,yes,A,ENER Y DECI,cas,musica,download;ener-y-deci;mp3;party-trash,20131126113139
2011-11-10,/real-is-a-feeling-unicorn-kid-ecstasy-dream-mix/,yes,A,REAL IS A FEELING (UNICORN KID ECSTASY DREAM MIX),eduardo-caudilio,musica,pictureplane;remix;stream;thee-physical;unicorn-kid,20131126110812
2011-11-11,/roberto-sanchez/,yes,A,ROBERTO SÁNCHEZ,ella,moda,moda;roberto-sanchez;t-shirts,20131126094757
2011-11-11,/schonwald-mercurial/,yes,A,SCHONWALD - MERCURIAL,eduardo-caudilio,musica,schonwald;soundcloud,20131126104525
2011-11-13,/rumbo-al-2012/,yes,A,RUMBO AL 2012,jc,video,2012;apocalypse;dubstep;korn;skrillex,20131126105216
2011-11-14,/house-of-ladosha-this-is-your-brain/,yes,A,HOUSE OF LADOSHA - THIS IS YOUR BRAIN,eduardo-caudilio,musica,house-of-ladosha;soundcloud;stream,20131126110110
2011-11-14,/how-to-dress-well-change-yourself/,yes,A,HOW TO DRESS WELL - CHANGE YOURSELF,eduardo-caudilio,musica,how-to-dress-well;janet-jackson;mixtape;rihanna,20131126110938
2011-11-15,/better-off-alone/,yes,A,BETTER OFF ALONE,jc,video,salem;video,20131126091712
2011-11-15,/snakes/,yes,A,SNAKES,jc,musica,ford-lopatin;games;light-asylum;mexican-summer;stream;tamaryn,20131126100900
2011-11-16,/4-minute-ready-go/,yes,A,4 MINUTE - READY GO,jc,musica,4minute;asian-sex-goddess-hyuna-4-lyf;k-pop;video,20131126112949
2011-11-16,/shades/,yes,A,SHADES,eduardo-caudilio,musica;video,jaime-martinez;petit-pistolette;revolver;ritualz;santiago-cendejas;shades;teehn-bwitches,20131126110301
2011-11-20,/twin-gemz-car-windows/,yes,A,TWIN-GEMZ - CAR WINDOWS,eduardo-caudilio,musica,soundcloud;stream;twin-gemz,20131126094126
2011-11-24,/egyptian-wrinkle/,yes,A,EGYPTIAN WRINKLE,jc,musica,boy-friend;stream,20131126095852
2011-11-24,/hd-boyz-torrent-leak/,yes,A+C,HD BOYZ TORRENT LEAK,jc,musica,hd-boyz;leak;thepiratebay;thunder-horse;torrent,20131126121856
2011-11-24,/so-close-to-paradise-physical-theraphy-remix/,yes,A+C,SO CLOSE TO PARADISE (PHYSICAL THERAPY REMIX),jc,musica,acephale-records;download;elite-gymnastics;mp3;physical-therapy;remix;stream,20131126112719
2011-11-28,/sexy-sweaters/,yes,A+C,SEXY-SWEATERS,ella,moda,sexy-sweaters;tumblr,20131126110814
2011-11-28,/telenovela-fantasmux-ii/,yes,A+C,TELENOVELA FANTASMUX II,jc,musica,download;mixtape;mp3;naka-nana;stream;televisa,20131126125624
2011-11-30,/krusaders-be-my-guest-lilinternet-refix/,yes,A+C,KRUSADERS - BE MY GUEST (@LILINTERNET REFIX),jc,musica,download;krusaders;lil-internet;mp3;rave;stream,20131126094153
2011-12-02,/dark-sister/,yes,A,DARK SISTER,jc,musica,dark-sister;download;mp3;owl-head;stream;witch-hop,20131126104552
2011-12-03,/kara-step/,yes,A,KARA - STEP,jc,video,k-pop;kara;sabadaba;video,20131126091745
2011-12-05,/gary-war-born-of-the-light/,yes,A,GARY WAR - BORN OF THE LIGHT,eduardo-caudilio,video,adriana-alba;gary-war;headroom-films;video,20131126100537
2011-12-05,/gauntlet-hair-top-bunk/,yes,A,GAUNTLET HAIR - TOP BUNK,jc,video,arnold-schwarzenegger;gauntlet-hair;video,20131126095909
2011-12-06,/lost-planet/,yes,A,LOST PLANET,eduardo-caudilio,musica,bandcamp;dark-sister;lost-planet;party-trash;sortahuman,20131126105122
2011-12-07,/%E3%81%8D%E3%82%83%E3%82%8A%E3%83%BC%E3%81%B1%E3%81%BF%E3%82%85%E3%81%B1%E3%81%BF%E3%82%85-%E3%81%A4%E3%81%91%E3%81%BE%E3%81%A4%E3%81%91%E3%82%8B/,yes,A,きゃりーぱみゅぱみゅ - つけまつける,jc,musica,j-pop;kyary-pamyu-pamyu;video;weirdness;きゃりーぱみゅぱみゅ,20131126112727
2011-12-07,/creep-animals-feat-holly-miranda/,yes,A,CREEP - ANIMALS (FEAT HOLLY MIRANDA),eduardo-caudilio,video,creep;holy-miranda;video,20131126125830
2011-12-07,/the-whendays-untru-love-ii/,yes,A,THE WHENDAYS - UNTRU LOVE II,eduardo-caudilio,musica;video,cascine;ep;stream;the-whendays;video,20131126095755
2011-12-08,/la-fuerza-aerea/,yes,A,LA FUERZA AÉREA,eduardo-caudilio,musica,freak-out;la-fuerza-aerea;mp3,20131126105134
2011-12-09,/young-magic-sparkly/,yes,A,YOUNG MAGIC - SPARKLY,jc,video,video;young-magic,20131126091503
2011-12-13,/stoned-boys-dangerous-skies/,yes,A,STONED BOYS - DANGEROUS SKIES,jc,musica,download;lookatme-ru;mp3;rusia;stoned-boys;stream,20131126091622
2011-12-15,/bebetune/,yes,A,BEBETUNE$,jc,musica,bebetunes;download;james-ferraro;mixtape;mp3,20131126092051
2011-12-15,/fan-art-bedroom/,yes,A,FAN ART BEDROOM,jc,video,maximal;off;video,20131126112824
2011-12-19,/dj-symbiotix/,yes,A+C,DJ SYMBIOTIX,jc,entrevistas;mixtapes;musica,dj-symbiotix;download;entrevista;j-core;j-pop;kyary-pamyu;mix;mixtape;mp3;stream;きゃりーぱみゅぱみゅ,20131126085736
2011-12-19,/total-accomplishment-pigfat/,yes,A,TOTAL ACCOMPLISHMENT - PIGFAT,eduardo-caudilio,video,total-accomplishment;video,20131126105856
2011-12-25,/vi/,yes,A+C,VI,cas,video,2012;jj;sincerely-yours;video,20131126085335
2011-12-27,/narcissistic-cannibal-ritualz-remix/,yes,A+C,NARCISSISTIC CANNIBAL (RITUALZ REMIX),eduardo-caudilio,musica,korn;remix;ritualz;skrillex,20131126085306
2011-12-28,/geneva-jacuzzi-do-i-sad/,yes,A+C,GENEVA JACUZZI - DO I SAD,eduardo-caudilio,video,geneva-jacuzzi;video,20131126125525
2011-12-29,/naomi-elizabeth-id-hit-it/,yes,A+C,NAOMI ELIZABETH - I'D HIT IT,eduardo-caudilio,video,naomi-elizabeth;video,20131126094307
2012-01-03,/shades-lullaby/,yes,A,SHADES - LULLABY,jc,musica,download;mp3;shades;stream,20131126094640
2012-01-04,/grimes-genesis/,yes,A,GRIMES - GENESIS,jc,musica,4ad;arbustus;download;grimes;mp3,20131126122450
2012-01-05,/car-windows/,yes,A,CAR WINDOWS,jc,video,twin-gemz;video,20131126112935
2012-01-06,/popcaan-only-man-she-want/,yes,A,POPCAAN - ONLY MAN SHE WANT,cas,video,dancehall;jamaica;popcaan;portmore-empire;reggae;video,20131126093415
2012-01-09,/negative-youth-2012/,yes,A,NEGATIVE YOUTH 2012,jc,musica,2012;bonsai-babies;disco-gratis;download;drugs-for-drunks;korn;mp3;naka-naka;negative-youth;profecia;remixes;ritualz;skrillex;supermad;teehn-bwitches;tuareg-geeks,20131126110310
2012-01-11,/thee-physical-remixes/,yes,A,THEE PHYSICAL REMIXES,eduardo-caudilio,musica,adeptus;dis-magazine;disco-gratis;download;fire-for-effect;grimes;hollagramz;mp3;physical-therapy;pictureplane;remixes;ritualz;shams;teams;tearist;thee-physical;unicorn-kid,20131126094113
2012-01-12,/soledad-repetir-sombra/,yes,A,SOLEDAD - REPETIR / SOMBRA,eduardo-caudilio,musica,brett-shchultz;disco-gratis;download;esteban-aldrete;everything;mp3;soledad;vale-vergas-discos,20131126100531
2012-01-17,/light-asylum-skull-fuct/,yes,A,LIGHT ASYLUM - SKULL FUCT,eduardo-caudilio,video,light-asylum;video,20131126112543
2012-01-17,/salem-im-still-in-the-night/,yes,A,SALEM - I'M STILL IN THE NIGHT,eduardo-caudilio,video,salem;video,20131126112747
2012-01-19,/shams-absolutely-dreams/,yes,A,SHAMS - ABSOLUTELY DREAMS,jc,video,shams;video,20131126102959
2012-01-19,/zebra-katz-feat-njena-reddd-foxxx-ima-read-2/,yes,A,ZEBRA KATZ FEAT NJENA REDDD FOXXX - IMA READ,eduardo-caudilio,musica;video,download;house-of-ladosha;mp3;njena-reddd-foxxx;ojay-morgan;xlr8r;zebra-katz,20131126095825
2012-01-20,/glass-popcorn-twitter-bxtches/,yes,A,GLASS POPCORN - TWITTER BXTCHES,eduardo-caudilio,musica;video,bandcamp;download;glass-popcorn;mp3;ryder-ripps;video,20131126094301
2012-01-20,/gvcci-hvcci-crack-the-whip/,yes,A,GVCCI HVCCI - CRACK THE WHIP,jc,video,gvcci-hvcci;live;video,20131126102055
2012-01-23,/wassup-asap-rocky/,yes,A,WASSUP A$AP ROCKY,jc,video,asap-rocky;clams-casino;vice;video,20131126095803
2012-01-23,/xiu-xiu-hi/,yes,A,XIU XIU - HI,eduardo-caudilio,musica;video,mp3;video;xiu-xiu,20131126095103
2012-01-24,/fatima-al-qadiri-how-can-i-resist-u/,yes,A,FATIMA AL QADIRI - HOW CAN I RESIST U,eduardo-caudilio,video,ayshay;fatima-al-qadiri;genre-specific-experience;sophia-al-maria;video,20131126085620
2012-01-24,/the-internet-fastlane-cocaine/,yes,A,THE INTERNET - FASTLANE / COCAINE,eduardo-caudilio,video,matt-martians;ofwgkta;syd-tha-kid;the-internet;video,20131126092518
2012-01-25,/megafortress-ep-videos/,yes,A+C,MEGAFORTRESS - EP VIDEOS,eduardo-caudilio,video,bill-gillim;grant-nitsch;megafortress;video,20131126094647
2012-01-26,/c-e-o-shadow-msg-mordor-mixtape/,yes,A+C,C.E.O. SHADOW - MSG + MORDOR MIXTAPE,jc,mixtapes;musica,ceo-shadow;download;gregor-rozanski;mix;mixtape;mp3,20131126110705
2012-01-26,/lunar-lovers/,yes,A+C,LUNAR LOVERS,jc,musica,disaro;finally-boys;stream,20131126122342
2012-01-30,/ritualz-winter-2k12-mix/,yes,A+C,RITUALZ WINTER 2K12 MIX,eduardo-caudilio,mixtapes;musica,ace-of-base;araabmuzik;asap-rocky;butterclock;cape-cod;dark-sister;dolly-parton;grimes;hellow;men-in-burka;ritualz;zebra-katz,20131126103613
2012-01-31,/fostercare-sleepless/,yes,A+C,FOSTERCARE - SLEEPLESS,jc,musica,fostercare;stream,20131126122017
2012-02-08,/jj-brine/,yes,A,JJ BRINE,eduardo-caudilio,musica;video,druglordrecords;jj-brine;mp3;stream;video,20131126090357
2012-02-09,/lauren-devine-just-a-little-ready/,yes,A,LAUREN DEVINE - JUST A LITTLE READY,eduardo-caudilio,musica;video,cody-critcheloe;dis-magazine;laurel-halo;lauren-devine;mp3;nick-weiss;nightfeelings;soundcloud;stream;teengirl-fantasy,20131126111536
2012-02-09,/twin-gemz-strange-luv-magik/,yes,A,TWIN GEMZ - STRANGE LUV / MAGIK,eduardo-caudilio,musica,amber-ibarreche;bunny-michael;soundcloud;stream;twin-gemz,20131126092425
2012-02-10,/dj-smurphy-nightwaves/,yes,A,DJ SMURPHY - NIGHTWAVES,eduardo-caudilio,musica,dj-smurphy;download;mp3;smurph-wave;supermad;troll-house,20131126110027
2012-02-11,/catnapp/,yes,A,CATNAPP,victor,musica,argentina;catnapp;download;electro;mp3,20131126094235
2012-02-13,/alexico-el-nombre-del-perro/,yes,A,ALEXICO - EL NOMBRE DEL PERRO,eduardo-caudilio,musica;video,acosador-de-medianoche;alexico;crompefk;mp3,20131126102239
2012-02-13,/festival-nrmal-2012/,yes,A,FESTIVAL NRMAL 2012,jc,eventos,araabmuzik;dani-shivers;festival-nrmal;fiesta;gatekeeper;grimes;james-ferraro;javier-estrada;liturgy;monterrey;naka-naka;nrmal;pictureplane;ritualz;selma-oxor;soledad;teengirl-fantasy,20131126125949
2012-02-13,/lil-ugly-mane/,yes,A,LIL UGLY MANE,jc,musica,download;gratis;lil-ugly-mane;mixtape;mp3;stream,20131126093423
2012-02-14,/cassie-king-of-hearts/,yes,A,CASSIE - KING OF HEARTS,jc,musica;video,cassie;stream;video,20131126102115
2012-02-14,/red-velvet/,yes,A,RED VELVET,jc,video,dark-sister;sexy;video,20131126113421
2012-02-14,/stay-dandelion/,yes,A,STAY+ - DANDELION,victor,video,inglaterra;ramp-recordings;stay-positive;video,20131126101431
2012-02-14,/white-ring-mexico-df/,yes,A,WHITE RING + RITUALZ + TEEHN BWITCHES @ MEXICO DF,jc,eventos;musica,concierto;el-real-under;fiesta;illuminati;party;ritualz;teehn-bwitches;white-ring,20131126092502
2012-02-17,/shams-and-dj-dog-dick-in-alaska/,yes,A,SHAMS AND DJ DOG DICK IN ALASKA,jc,video,alaska;arte;corto;dj-dog-dick;documental;shams,20131126090252
2012-02-17,/shams-morales/,yes,A,SHAMS - MORALES,jc,video,genio;shams;video,20131126112602
2012-02-17,/tearist-unarmed/,yes,A,TEARIST - UNARMED,victor,video,tearist;terror-eyes;video,20131126112455
2012-02-21,/indian-jewelry-see-forever/,yes,A,INDIAN JEWELRY- SEE FOREVER,jc,video,indian-jewelry;jewels-of-the-nile;video,20131126094132
2012-02-22,/suffocation-health-remix/,yes,A,SUFFOCATION (HEALTH REMIX),jc,musica,crystal-castles;download;health;mp3;remix,20131126112826
2012-02-23,/bodyguard/,yes,A,#BODYGUARD,jc,musica,bodyguard;descarga;james-ferraro;mixtape;mp3,20131126113120
2012-02-23,/mykki-blanco-cosmic-angel/,yes,A,MYKKI BLANCO COSMIC ANGEL,jc,video,black-sailor-moon;mykki-blanco;video,20131126110129
2012-02-24,/dani-shivers-graves/,yes,A+C,DANI SHIVERS - GRAVES,eduardo-caudilio,musica;video,dani-shivers;download;jinx;mp3;stream;video,20131126113309
2012-02-24,/flosstradamus-total-recall/,yes,A+C,FLOSSTRADAMUS - TOTAL RECALL,jc,musica,download;flosstradamus;jeffres;mad-decent;mp3;rave;trap,20131126101334
2012-02-27,/ambassadeurs-m-o-p-e/,yes,A+C,AMBASSADEURS - M.O.P.E,victor,video,ambassadeurs;desmadre;inglaterra;video,20131126125553
2012-02-28,/korallreven-sa-sa-samoa-elite-gymnastics-remix/,yes,A+C,KORALLREVEN - SA SA SAMOA (ELITE GYMNASTICS REMIX),jc,musica,acephale;download;elite-gymnastics;julianna-barwick;korallreven;mp3;stream,20131126112518
2012-02-29,/my-love-grows-in-the-dark/,yes,A+C,MY LOVE GROWS IN THE DARK,jc,video,ssion;video,20131126100528
2012-03-01,/total-recall-minimix/,yes,A,TOTAL RECALL MINIMIX,jc,video,flosstradamus;futuro;locura;rave;video,20131126113301
2012-03-02,/nite-jewel-one-second-of-love/,yes,A,NITE JEWEL - ONE SECOND OF LOVE,eduardo-caudilio,musica;video,nite-jewel;secretly-canadian;stream;video,20131126112349
2012-03-02,/oblivion/,yes,A,OBLIVION,jc,video,grimes;vevo;video,20131126122205
2012-03-06,/deon-music-for-keyboards-vol1/,yes,A,D'EON - MUSIC FOR KEYBOARDS VOL1,eduardo-caudilio,musica,deon;hippos-in-tanks;stream,20131126102109
2012-03-06,/nina-sky-daydreaming/,yes,A,NINA SKY - DAYDREAMING,eduardo-caudilio,musica;video,mp3;nicole-natalie;nina-sky;stream;video,20131126100525
2012-03-07,/innocentia-obscura/,yes,A,INNOCENTIA OBSCURA,eduardo-caudilio,moda;video,sean-michael-pheanis;white-ring,20131126085711
2012-03-07,/tony-gallardo-ii-lider-juvenil-ep/,yes,A,TONY GALLARDO II - LÍDER JUVENIL EP,eduardo-caudilio,musica,bad-pop;disco-gratis;maria-y-jose;mp3;tony-gallardo-ii,20131126093545
2012-03-08,/the-airplane-boys-alignment/,yes,A,THE AIRPLANE BOYS - ALIGNMENT,victor,musica,gratis;the-airplane-boys;toronto,20131126122321
2012-03-13,/fostercare-the-empire-will-drain-u/,yes,A,FOSTERCARE - THE EMPIRE WILL DRAIN U,cas,video,fostercare;robot-elephant-records;video,20131126121926
2012-03-14,/craxxxmurf/,yes,A,CRAXXXMURF,victor,musica,craxxxmurf;gratis;mayhem4ever;mp3,20131126085918
2012-03-15,/sa-sa-moa-elite-gymnastics-remix/,yes,A,SA SA MOA (ELITE GYMNASTICS REMIX),victor,video,elite-gymnastics;remix;video,20131126112439
2012-03-15,/world-wide-gallery-traxx/,yes,A,WORLD WIDE GALLERY TRAXX,eduardo-caudilio,musica,arte;asa-cossaboom;brenmar;craxxxmurf;dm;djudju;dora-budor;lil-internet;m-e-s-h;maja-cule;off;pictureplane;slava,20131126104646
2012-03-16,/beta-frontiers/,yes,A,BETA FRONTIERS,victor,musica,beta-frontiers;daps-records;hype;toronto,20131126125734
2012-03-19,/httpe-m-bed-ded/,yes,A,HTTP://E.M-BED.DE/D,cas,video,interwebz;max-barbaria;net-art;video;yung-jake,20131126100534
2012-03-20,/k1llrgvp/,yes,A,K1llRGVP,victor,musica,gratis;k1llrgvp;mp3;rusia,20131126094105
2012-03-22,/ipc/,yes,A,IPC,jc,musica,download;light-asylum;mexican-summer;mp3;stream,20131126094029
2012-03-22,/men-in-burka/,yes,A,MEN IN BURKA,jc,musica,josh-powers;kamran-khan;mario-zoots;men-in-burka;stream,20131126092009
2012-03-23,/ambalance/,yes,A,AMBALANCE,victor,musica,ambalance;gratis;mp3;toronto,20131126122419
2012-03-26,/boyfriend-x-zebra-katz/,yes,A,BOYFRIEND x ZEBRA KATZ,jc,musica,boyfriend;brenmar;rizzla;stream;zebra-katz,20131126091630
2012-03-26,/maussan/,yes,A,MAUSSAN,jc,musica,2012;aliens;jaime-maussan;maya;naka-naka;stream,20131126121746
2012-03-27,/s-u-r-v-i-v-e/,yes,A+C,S U R V I V E,jc,musica,austin;holodeck-records;stream;survive,20131126091748
2012-03-27,/troller/,yes,A,TROLLER,jc,musica,austin;holodeck-records;stream;troller,20131126084112
2012-03-29,/cape-cod/,yes,A+C,CAPE COD,eduardo-caudilio,musica;video,ace-of-base;austin-paul;cape-cod;download;europa-del-este;mp3;remix;stream;ucrania;video,20131126084220
2012-03-29,/kidnap-kid/,yes,A+C,KIDNAP KID,victor,musica;video,inglaterra;kidnap-kid;video,20131126083135
2012-03-30,/sorry-hun/,yes,A+C,SORRY HUN,jc,musica,stream;tuareg-geeks,20131126091818
2012-03-30,/xiu-xiu-always/,yes,A+C,XIU XIU - ALWAYS,jc,musica,cover;erasure;omfg;stream;xiu-xiu,20131126084653
2012-04-09,/naka-naka-telenovela-fantasmux-iii/,yes,A,ÑAKA ÑAKA - TELENOVELA FANTASMUX III,eduardo-caudilio,musica,cadenas-de-amargura;cyhtnia-klitbo;jean-michel-jarre;naka-naka;rosa-salvaje;tangerine-dream;telenovela;telenovela-fantasmux;televisa;u-f-o-ria;veronica-castro,20131126092054
2012-04-10,/night-waves/,yes,A,NIGHT WAVES,jc,video,dj-smurphy;video,20131126082743
2012-04-10,/rikslyd-techno-club/,yes,A,RIKSLYD - TECHNO CLUB,eduardo-caudilio,musica,house-of-drama;rikslyd;ylva-falk,20131126100806
2012-04-11,/ooooo-coachbagg/,yes,A,oOoOO - COACHBAGG,jc,musica,download;mp3;ooooo;stream,20131126092242
2012-04-12,/las-brisas/,yes,A,LAS BRISAS,eduardo-caudilio,musica,cassettezultan;d4d;diego-de-regil;drugs-for-drunks;el-resplandor;esteban-aldrete;las-brisas;naka-naka;soledad;soma;vegan-cannibal,20131126091502
2012-04-13,/ana-caprix/,yes,A,ANA CAPRIX,jc,musica,ana-caprix;download;mp3;stream,20131126085906
2012-04-13,/shady-blaze-feat-blissed-out-i-dont-care/,yes,A,SHADY BLAZE (FEAT BLISSED OUT) - I DON'T CARE,eduardo-caudilio,musica,blissed-out;download;gratis;mp3;shady-blaze,20131126105957
2012-04-17,/ez-does-it/,yes,A,ETERNITY ZONE DOES IT,cas,musica,descarga;download;eternity-zone;mp3,20131126092048
2012-04-18,/rimar/,yes,A,RIMAR,eduardo-caudilio,musica;video,bandcamp;disco-gratis;download;mp3;rimar;rimar-villasenor;stream;video,20131209124755
2012-04-19,/craxxxmurf-r-i-p/,yes,A,CRAXXXMURF - R.I.P.,jc,musica,craxxxmurf;dis-magazine;download;mixtape;mp3;stream,20131205043421
2012-04-23,/dark-york/,yes,A,DARK YORK,jc,musica,download;le1f;mixtape;mp3,20131126091856
2012-04-23,/mykki-blanco-wavvy/,yes,A,MYKKI BLANCO - WAVVY,victor,musica,brenmar;mp3;mykki-blanco;stream,20131205040328
2012-04-24,/bodyguard-sex-with-axe-on/,yes,A,BODYGUARD - SEX WITH AXE™ ON,eduardo-caudilio,musica,bodyguard;hippos-in-tanks;james-ferraro;stream,20131126082938
2012-04-24,/jack-ie-lo-memorandum-colosio/,yes,A+C,JACK' IE LO - MEMORANDUM COLOSIO,jc,musica;video,download;extasis-records;jack-ie-lo;mp3;stream,20131126104210
2012-04-25,/%E3%81%8D%E3%82%83%E3%82%8A%E3%83%BC%E3%81%B1%E3%81%BF%E3%82%85%E3%81%B1%E3%81%BF%E3%82%85-candy-candy/,yes,A+C,きゃりーぱみゅぱみゅ- CANDY CANDY,eduardo-caudilio,video,breo;j-pop;kiriko-takemura;kyary-pamyu-pamyu;きゃりーぱみゅぱみゅ,20131126084915
2012-04-25,/dntel-enya-mixes/,yes,A+C,DNTEL - ENYA MIXES,jc,musica,dntel;download;dublab;enya;mp3,20131126094923
2012-04-26,/rl-grime/,yes,A+C,RL GRIME,victor,musica,rl-grime;stream,20131126082839
2012-04-26,/unicorn-kid/,yes,A+C,UNICORN KID,victor,musica;video,mixtape;mp3;stream;unicorn-kid;video,20131126084259
2012-05-02,/light-asylum-lp/,yes,A,LIGHT ASYLUM LP,eduardo-caudilio,musica,bruno-coviello;light-asylum;mexican-summer;shannon-funchess;stream,20131126090550
2012-05-02,/powwoww/,yes,A,POWWOWW,victor,musica,mp3;powwoww;stream,20131126102646
2012-05-03,/basketball/,yes,A,BASKETBALL,jc,musica,ache-records;basketball;stream,20131126084359
2012-05-03,/s-u-r-v-i-v-e-tllt21/,yes,A,S U R V I V E - TLLT21,cas,musica,stream;survive,20131126084724
2012-05-04,/aap-rocky-goldie/,yes,A,A$AP ROCKY - GOLDIE,victor,video,asap-rocky;video,20131126082813
2012-05-04,/ritualz-spring/,yes,A,RITUALZ - 春,cas,mixtapes;musica,download;mixtape;mp3;ritualz;†‡†,20131126082928
2012-05-04,/spaceghostpurrp/,yes,A,SPACEGHOSTPURRP PHEEL THA PHONK 1990,jc,musica;video,4ad;download;miami;mixtape;mp3;raider-klan;spaceghostpurrp;venom;video,20131126102505
2012-05-06,/xiu-xiu-honeysuckle-2/,yes,A,XIU XIU - HONEYSUCKLE,victor,video,video;xiu-xiu,20131126095553
2012-05-07,/dj-hoodcore/,yes,A,DJ HOODCORE,victor,musica,craxxxmurf;dj-hoodcore;download;mp3;stream,20131126090035
2012-05-07,/move-for-me/,yes,A,MOVE FOR ME,jc,musica,deadmau5;download;mp3;remix;stream-kaskade;white-ring,20131126082550
2012-05-07,/squarepusher-dark-steering/,yes,A,SQUAREPUSHER - DARK STEERING,jc,video,squarepusher;video;warp,20131126090706
2012-05-07,/zutzut/,yes,A,ZUTZUT,victor,musica;video,extasis-records;stream;video;zutzut,20131126092358
2012-05-08,/mar-de-protones/,yes,A,MAR DE PROTONES,jc,video,cato;christian-camacho;tuareg-geeks;video,20131126102617
2012-05-08,/mr-kitty-evaporating-sun/,yes,A,MR KITTY - EVAPORATING SUN,eduardo-caudilio,musica,bandcamp;disco-gratis;download;mp3;mr-kitty;ritualz,20131126094028
2012-05-08,/tamara-sky-lil-death-m1xx_-v2-0/,yes,A,TAMARA SKY - LIL DEATH M1XX_> V2.0,eduardo-caudilio,mixtapes;musica,download;lil-death;mixtape;overthrow;tamara-sky,20131126091513
2012-05-09,/arca-stretch-1-ep/,yes,A,ARCA - STRETCH 1 EP,eduardo-caudilio,musica,arca;disco-gratis;ep;mp3;uno-nyc,20131126093508
2012-05-09,/blood-orange-champagne-coast/,yes,A,BLOOD ORANGE - CHAMPAGNE COAST,eduardo-caudilio,video,blood-orange;fanvid;vanilla-ice;video,20131126090201
2012-05-09,/s-u-r-v-i-v-e-lp/,yes,A,S U R V I V E LP,jc,musica,austin;mannequin-records;stream;survive,20131126091754
2012-05-10,/grimes-nightmusic/,yes,A,VIDEO: GRIMES - NIGHTMUSIC (FT. MAJICAL CLOUDZ),cas,video,crusties;grimes;video,20131126100911
2012-05-11,/deon-al-qiyamah/,yes,A,D'EON - AL QIYAMAH,jc,musica,deon;download;hippos-in-tanks;mp3;stream;the-fader,20131126092514
2012-05-11,/icepunk-2-compilation/,yes,A,ICEPUNK 2 COMPILATION,eduardo-caudilio,musica,a1mill3r;bandcamp;cozy;disco-gratis;ghost-burqas;guilty-†-priest;i¢y-pharmaceuticals;juke-ellington;lake-radio;mp3;occultdanse;post-religion;δνδlιсσ,20131126093714
2012-05-11,/rl-grime-trap-on-acid/,yes,A,RL GRIME - TRAP ON ACID,victor,musica,download;mp3;rl-grime;stream,20131126090615
2012-05-11,/theblackgod/,yes,A,SPACEGHOSTPURRP - THE BLACK GOD,jc,video,raider-klan;spaceghostpurrp;video,20131126082615
2012-05-14,/amber-ibarreche-kewl-girl/,yes,A,AMBER IBARRECHE - KEWL GIRL,eduardo-caudilio,musica,amber-ibarreche;stream;twin-gemz,20131126093419
2012-05-15,/health-tears/,yes,A,HEALTH - TEARS,victor,musica,health;max-payne-3;stream;video-game,20131126084157
2012-05-15,/ritualz-outworld-music-i/,yes,A,RITUALZ - OUTWORLD MUSIC I,eduardo-caudilio,musica;video,manuel-solano;outworld-music;ritualz,20131126093633
2012-05-16,/corpcore-kingdom-remix/,yes,A,CORPCORE (KINGDOM REMIX),victor,musica,ayshay;download;fatima-al-qadiri;kingdom;mp3;nguzunguzu;uno-nyc,20131126104116
2012-05-16,/physical-therapy-record-sales/,yes,A,PHYSICAL THERAPY - RECORD SALES,jc,musica,download;hippos-in-tanks;mp3;physical-therapy;stream,20131126105949
2012-05-17,/elite-gymnastics-lifetrap/,yes,A,ELITE GYMNASTICS - LIFE/TRAP,victor,musica,acephale-records;download;elite-gymnastics;stream,20131126084439
2012-05-17,/lemonade-neptune/,yes,A,LEMONADE - NEPTUNE,jc,video,lemonade;true-panther;video,20131126100847
2012-05-17,/mykki-blanco-the-mutant-angels/,yes,A,MYKKI BLANCO &#038; THE MUTANT ANGELS,victor,musica;video,arca;brenmar;mykki-blanco;stream;the-mutant-angels;video,20131126084842
2012-05-18,/hustling/,yes,A,HUSTLING,victor,video,butterclock;ooooo;video,20131126104110
2012-05-18,/mi-ami-time-of-love/,yes,A,MI AMI - TIME OF LOVE,victor,video,100-silk;luke-wyatt;mi-ami;video,20131126104134
2012-05-18,/mixx-live-by-tamara-sky/,yes,A,M1XX_> L1VΞ BY ŦΔMΔRΔ_SKΨ,jc,musica,download;lil-death;mix;mixtape;mp3;overthrow;tamara-sky,20131126094917
2012-05-18,/solace/,yes,A,SOLACE,victor,moda;video,bk-phillips;breanna-box;charlene-bagcal;chelsea-wolfe;revelator;video;white-horse,20131126104141
2012-05-20,/house-of-ladosha-perched-rollin/,yes,A,HOUSE OF LADOSHA - PERCHED &#038; ROLLIN',victor,musica,house-of-ladosha;stream,20131126105731
2012-05-21,/lemonade-diver/,yes,A,LEMONADE - DIVER,victor,musica,lemonade;stream;true-panther,20131126091937
2012-05-21,/teengirl-fantasy-motif/,yes,A,TEENGIRL FANTASY - MOTIF,eduardo-caudilio,musica;video,stream;teengirl-fantasy;video,20131126082521
2012-05-22,/d-medley/,yes,A,D-MEDLEY,jc,video,fatima-al-qadiri;thunderhorse-video,20131126082926
2012-05-22,/dj-smurphy-troll-romance/,yes,A,DJ SMURPHY - TROLL ROMANCE,eduardo-caudilio,musica,dj-smurphy;teehn-bwitches;troll-house;troll-romance,20131126084704
2012-05-22,/ocean-floor-for-everything/,yes,A,OCEAN FLOOR FOR EVERYTHING,jc,musica,acephale;how-to-dress-well;stream,20131126082909
2012-05-22,/tuareg-geeks-uprise/,yes,A,TUAREG GEEKS - UPRISE,jc,musica,disco-gratis;download;mp3;stream;tuareg-geeks,20131126105853
2012-05-23,/light-asylum-heart-of-dust/,yes,A,LIGHT ASYLUM - HEART OF DUST,jc,video,light-asylum;mexican-summer;video,20131126104309
2012-05-23,/selma-oxor-quiero-salir/,yes,A,SELMA OXOR - QUIERO SALIR,eduardo-caudilio,musica,dr-dude;selma-oxor;stream,20131126090104
2012-05-24,/king-night-rotterdam-terror-corps-remix/,yes,A+C,KING NIGHT (ROTTERDAM TERROR CORPS REMIX),jc,musica,iamsound-records;rotterdam-terror-corps;salem;steam,20131126084344
2012-05-24,/soledad-invisible/,yes,A,SOLEDAD - INVISIBLE,eduardo-caudilio,uncategorized,download;mp3;soledad;vale-vergas-discos,20131126090659
2012-05-24,/yen-tech/,yes,A+C,YEN TECH,victor,musica,dis-magazine;download;mix;mp3;stream;yen-tech,20131126090558
2012-05-25,/gsx-remixes/,yes,A+C,GSX REMIXES,victor,musica,fatima-al-qadiri;ikonika;stream;uno-nyc,20131126092139
2012-05-28,/ritualz-alien/,yes,A+C,RITUALZ - ALIEN,eduardo-caudilio,video,funerals;mishka;ritualz;video,20131126084251
2012-05-30,/hypermotion-xb/,yes,A+C,HYPERMOTION X/B,eduardo-caudilio,musica;uncategorized,bandcamp;disco-gratis;funerals;mishka;mp3;ritualz;split;мишка;мишка-records,20131126105737
2012-06-04,/live-yourself-by-htdw/,yes,A,LIVE YOURSELF BY HTDW,cas,musica,how-to-dress-well;mixtape,20131126083050
2012-06-05,/dj-pablito-mix-moombathon-live-set-vol-1/,yes,A,DJ PABLITO MIX - MOOMBATHON LIVE SET VOL 1,eduardo-caudilio,mixtapes;musica,dj-pablito-mix;download;mixtape;mp3;perreo,20131126093220
2012-06-06,/haleek-maul/,yes,A,HALEEK MAUL,victor,musica,asap-ferg;asap-rocky;clams-casino;haleek-maul;merok;spaceghostpurrp;stream;the-drum,20131126082526
2012-06-06,/phone-sex/,yes,A,BLOOD DIAMONDS + GRIMES - PHONE SEX,victor,musica,4ad;blood-diamonds;grimes;perfect-pop-song;unicorn-kid,20131126090204
2012-06-07,/aap-rocky-brand-new-guy/,yes,A,A$AP ROCKY - BRAND NEW GUY,victor,video,asap-rocky;lyle;schoolboy-q;video,20131126093413
2012-06-07,/catamaran/,yes,A,CATAMARAN,jc,musica,catamaran;disco-gratis;download;mjmj-records;mp3;stream,20131126084722
2012-06-08,/amber-ibarreche-she-dont-no-me/,yes,A,AMBER IBARRECHE - SHE DONT NO ME,eduardo-caudilio,musica,amber-ibarreche;stream;twin-gemz,20131126084824
2012-06-11,/sewer-greats-volume-5/,yes,A,SEWER GREATS VOLUME 5,jc,musica,disco-gratis;download;glass-popcorn;kitty-pride;main-attraktionz;mp3;raider-simmie;sewage-tapes;stream,20131126104346
2012-06-12,/sky-ferreira-red-lips/,yes,A,SKY FERREIRA - RED LIPS,jc,video,cameltoe-coqueto;sky-ferreira;terry-richardson;video,20131126093740
2012-06-13,/adeptus/,yes,A,ADEPTUS,jc,musica,actually;adeptus;download;mp3;remix;ssion;stream,20131126105813
2012-06-13,/art-of-wor-blood-will-have-blood/,yes,A,ART OF WOR - BLOOD WILL HAVE BLOOD,jc,video,art-of-wor;video;viral,20131126090628
2012-06-14,/selma-oxor-lo-que-quiero-video/,yes,A,SELMA OXOR - LO QUE QUIERO (VIDEO),eduardo-caudilio,video,selma-oxor;vale-ver;vale-vergas-discos,20131126082658
2012-06-15,/likuid-khrome-bala-fria-mix/,yes,A,LIKUID KHROME - BALA FRÍA MIX,eduardo-caudilio,mixtapes;musica,extasis-records;feelings;lao;likuid-khrome;zut-zut,20131126084257
2012-06-19,/ssion-earthquake/,yes,A,SSION - EARTHQUAKE,eduardo-caudilio,video,bent;nightfeelings;ssion;video,20131126091830
2012-06-20,/ritualz-ana-caprix-finally-boys-remix/,yes,A,RITUALZ [ANA CAPRIX &#038; FINALLY BOYS REMIX],cas,musica,ana-caprix;descarga;finally-boys;gratis;mp3;ritualz,20131126084601
2012-06-21,/its-dangerous-to-go-alone-take-this/,yes,A+C,"IT'S DANGEROUS TO GO ALONE, TAKE THIS",eduardo-caudilio,eventos,brontos;clinica-regina;jaime-martinez;mister-ponny;parque-frenesi;vegan-cannibal,20131126092042
2012-06-25,/armin-van-buuren-i-dont-own-you-white-ring-pikachu-remix/,yes,A+C,ARMIN VAN BUUREN - I DON'T OWN YOU (WHITE RING PIKACHU REMIX),jc,musica,armin-van-buuren;pikachu;remix;stream;white-ring,20131126090242
2012-06-27,/fostercare-altered-creature/,yes,A+C,FOSTERCARE - ALTERED CREATURE,jc,musica,fostercare;robot-elephant-records;stream,20131126094858
2012-06-28,/a-tribe-called-red/,yes,A+C,A TRIBE CALLED RED,eduardo-caudilio,musica,a-tribe-called-red;disco-gratis;dj-javier-estrada;inez-jasper;javier-estrada;mp3;remix;rmx,20131126090038
2012-06-29,/kallisti-kali/,yes,A+C,KALLISTI KALI,eduardo-caudilio,musica,kallisti-kali;stream,20131126082848
2012-07-03,/charli-xcx-youre-the-one/,yes,A,CHARLI XCX - YOU'RE THE ONE,eduardo-caudilio,musica;video,charli-xcx;mixtape;mp3;stream;video,20131126091623
2012-07-09,/banned-from-mtv/,yes,A,BANNED FROM MTV,jc,musica,mix;stream;teen-witch,20131126093029
2012-07-09,/zola-jesus-seekir/,yes,A,ZOLA JESUS - SEEKIR,jc,video,video;wicca;zola-jesus,20131126093432
2012-07-10,/el-trance-de-la-tia-nunia/,yes,A,EL TRANCE DE LA TIA NUNIA,jc,uncategorized,dj-maquina-de-muerte;peepr;tuareg-geeks;video,20131126095305
2012-07-10,/teengirl-fantasy-end/,yes,A,TEENGIRL FANTASY - END,jc,musica,stream;teengirl-fantasy;true-panther-records,20131126104322
2012-07-11,/exo/,yes,A,EXO,jc,musica,futurista;gatekeeper;hippos-in-tanks;stream;tabor-robak,20131126084542
2012-07-11,/nite-jewel-clive/,yes,A,NITE JEWEL - CLIVE,eduardo-caudilio,video,nite-jewel;video,20131126094555
2012-07-12,/fri-13th-mix/,yes,A,FRI 13TH MIX,jc,musica,download;mix;mp3;stream;white-ring,20131126082623
2012-07-13,/magic-fades/,yes,A,MAGIC FADES,jc,musica,download;magic-fades;mp3;stream,20131126085312
2012-07-13,/nsfw-actually-huizenga/,yes,A,NSFW: ACTUALLY HUIZENGA,eduardo-caudilio,video,actually;actually-huizenga;bandcamp;jacinto-astiazaran;pop-porn;video,20131126085138
2012-07-16,/lauren-devine-this-is-how-we-do-dubai/,yes,A,LAUREN DEVINE - THIS IS HOW WE DO DUBAI,eduardo-caudilio,musica,dubai;laurel-halo;lauren-devine;nightfeelings,20131126090224
2012-07-18,/nguzunguzu-warm-pulse/,yes,A,NGUZUNGUZU - WARM PULSE,victor,musica,hippos-in-tanks;nguzunguzu,20131126090304
2012-07-19,/cold-nites/,yes,A,COLD NITES,victor,video,acephale;how-to-dress-well;stream,20131126095233
2012-07-19,/le1f-wut/,yes,A,LE1F - WUT,jc,video,le1f;video,20131126082701
2012-07-19,/massacooramaan/,yes,A,MASSACOORAMAAN,victor,musica;video,ep;fade-to-mind;kingdom;massacooramaan;stream;subtranca;video,20131126090256
2012-07-20,/phone-sex-unicorn-kid-remix/,yes,A,PHONE SEX (UNICORN KID REMIX),jc,musica,4ad;blood-diamonds;grimes;stream;unicorn-kid,20131126084151
2012-07-20,/smoke-alarm-%E2%88%86aimon-remix/,yes,A,SMOKE ALARM (∆AIMON REMIX),jc,uncategorized,aimon;nguzunguzu;remix;stream,20131126091946
2012-07-20,/ssion-feel-good-4-evr/,yes,A,SSION - FEELZ GOOD 4 EVR,eduardo-caudilio,video,bent;cody-critcheloe;ssion;video,20131126084815
2012-07-23,/trust-sulk/,yes,A,TRUST - SULK,jc,video,arts-and-crafts;trust;video,20131126082756
2012-07-25,/adeptus-from-the-valley/,yes,A,ADEPTUS - FROM THE VALLEY,jc,mixtapes;musica,adeptus;download;mp3;negative-youth;sir-dyno;stream;woodie,20131126092146
2012-07-25,/crystal-castles-plague/,yes,A,CRYSTAL CASTLES - PLAGUE,jc,musica,controversia;crystal-castles;download;mp3;stream,20131126083815
2012-07-25,/tree-drum-remixes/,yes,A,TREE DRUM REMIXES,jc,musica,download;gatekeeper;gobby;hippos-in-tanks;mp3;stream;the-fader;total-freedom,20131126085144
2012-07-26,/antwon-living-everydream-prod-pictureplane/,yes,A,ANTWON - LIVING EVERYDREAM (PROD. PICTUREPLANE),cas,video,antwon;bay-area;pictureplane,20131126093439
2012-07-26,/ritualz-rhythmic-release/,yes,A,RITUALZ - RHYTHMIC RELEASE,eduardo-caudilio,video,hypermotion-x;mishka;ritualz;uta;video,20131126095642
2012-07-27,/nordpolen-nar-mitt-blod-pumpar-i-dej/,yes,A+C,NORDPOLEN - NÄR MITT BLOD PUMPAR I DEJ,cas,musica,download;gratis;jj;mp3;nordpolen;sincerely-yours;suecia,20131126084544
2012-07-27,/soledad-invisible-video/,yes,A+C,SOLEDAD - INVISIBLE (VIDEO),eduardo-caudilio,video,brett-shchultz;esteban-aldrete;soledad;video,20131126105757
2012-07-28,/self-defense/,yes,A+C,SELF DEFENSE,victor,musica,arca;stream,20131126094549
2012-07-30,/fostercare-long-clothing-mixtape/,yes,A+C,FOSTERCARE - LONG CLOTHING MIXTAPE,eduardo-caudilio,musica,distorted-memory-x-lil-kim;download;fostercare;konichiwa;long-clothing;mixtape;mp3,20131126094817
2012-07-31,/nina-sky-nicole-natalie/,yes,A+C,NINA SKY - NICOLE &#038; NATALIE,eduardo-caudilio,musica;video,disco-gratis;download;mp3;nicole-natalie;nina-sky;stream;video,20131126091953
2012-08-01,/teengirl-fantasy-efx-feat-kelela/,yes,A,TEENGIRL FANTASY - EFX (FEAT. KELELA),cas,musica,kelela;stream;teengirl-fantasy;true-panther-records,20131126084426
2012-08-02,/jack-ie-lo-gimme_m%C2%A5_drug/,yes,A,JACK' IE LO - GIMME_M¥_DRUG$,eduardo-caudilio,musica,download;extasis-records;jack-ie-lo;mp3;stream,20131126090316
2012-08-04,/unicorn-kid-need-u/,yes,A,UNICORN KID - NEED U,eduardo-caudilio,video,drogas;unicorn-kid;video,20131126090322
2012-08-07,/exo-game/,yes,A,EXO,cas,uncategorized,del-futuro;exo;gatekeeper;gratis;tabor-robak;video-game,20131126084248
2012-08-08,/alexico-aranas/,yes,A,ALEXICO - ARAÑAS,eduardo-caudilio,musica;video,alexico;entrevista;video,20131126084647
2012-08-09,/twin-gemz-summer-slaying/,yes,A,TWIN-GEMZ - SUMMER SLAYING,eduardo-caudilio,musica;video,amber-ibarreche;bunny-michael;mp3;stream;twin-gemz,20131126093643
2012-08-10,/fifty-grand/,yes,A,FIFTY GRAND,eduardo-caudilio,musica,aural-sects;bandcamp;disco-gratis;fifty-grand;mp3,20131126084303
2012-08-13,/ana-caprix-yours-feat-taylor-swift/,yes,A,ANA CAPRIX - YOURS (FEAT. TAYLOR SWIFT),jc,musica,ana-caprix;download;mp3;stream;taylor-swift,20131104003753
2012-08-13,/selma-oxor-dotes-de-cocina-entrevista/,yes,A,SELMA OXOR - DOTES DE COCINA + ENTREVISTA,eduardo-caudilio,entrevistas;video,centro-cultural-gati;dotes-de-cocina;entrevista;maria-tejeda;selma-oxor;user-69;vale-vergas-discos,20131126113509
2012-08-15,/nite-jewel-nicholas-krgovich-thinking-about-you-frank-ocean-cover/,yes,A,Nite Jewel &#038; Nicholas Krgovich - Thinking About You (Frank Ocean Cover),cas,musica,cover;download;frank-ocean;free;mp3;nicholas-krgovich;nite-jewel,20131104003749
2012-08-16,/naka-naka-vuh-live/,yes,A,ÑAKA ÑAKA - VUH [LIVE @ NEGATIVE HOUSE],jc,video,live;naka-naka;negative-house;negative-youth;video,20131126105942
2012-08-16,/popcaan-system/,yes,A,Popcaan - System,cas,video,dancehall;dre-skull;popcaan;portmore-empire;video,20131104102759
2012-08-17,/feelings/,yes,A,FEELINGS,jc,musica,amdiscs;disco-gratis;download;finally-boys;mp3;stream,20131126093504
2012-08-21,/glass-popcorn-goin-hamburger/,yes,A,GLASS POPCORN - GOIN' HAMBURGER,eduardo-caudilio,video,dump-fm;glass-popcorn;hamburger;lex-luger;ryder-ripps,20131126095656
2012-08-21,/holy-other-held/,yes,A,HOLY OTHER - HELD,jc,musica,holy-other;stream;tri-angle,20131126084040
2012-08-21,/mykki-blanco-wavvy-video/,yes,A,Mykki Blanco - Wavvy (VIDEO),eduardo-caudilio,video,brenmar;francesco-carrozzini;mykki-blanco,20131126091808
2012-08-22,/genesis/,yes,A,GENESIS,jc,video,4ad;arbustus;grimes;video,20131126092009
2012-08-22,/ritualz-the-end-of-summer-2k12-mix/,yes,A,RITUALZ - THE END OF SUMMER 2K12 MIX,eduardo-caudilio,mixtapes;musica,gratis;mixtape;mp3;nightcore;ritualz,20131126090641
2012-08-23,/everyone-not-everyone/,yes,A,EVERYONE (NOT EVERYONE),jc,video,maxwell-velocity;video,20131126082519
2012-08-23,/promisee/,yes,A,PROMISE+E,jc,musica,descarga;ee;mixtape;mp3;stream,20131126084119
2012-08-24,/cold-nites-koreless-remix/,yes,A,COLD NITES (KORELESS REMIX),jc,musica,how-to-dress-well;koreless;stream,20131126094541
2012-08-24,/haleek-maul-supreme-cuts/,yes,A,HALEEK MAUL &#038; SUPREME CUTS,victor,musica,haleek-maul;mishka;stream;supreme-cuts,20131126083002
2012-08-24,/physical-therapy-drone-on/,yes,A,Physical Therapy - Drone On,cas,video,physical-therapy;video,20131126091822
2012-08-27,/rachel-haircut/,yes,A+C,RACHEL HAIRCUT,jc,musica,90s;aural-sects;disco-gratis;download;mp3;rachel-haircut;stream,20131126084848
2012-08-27,/xiu-xiu-born-to-suffer/,yes,A+C,XIU XIU - BORN TO SUFFER,eduardo-caudilio,video,adriana-alba;born-to-suffer;video;xiu-xiu,20131126082855
2012-08-28,/red-lips-elite-gymnastics-remix/,yes,A+C,RED LIPS (ELITE GYMNASTICS REMIX),victor,musica,elite-gymnastics;remix;sky-ferreira;stream,20131126100917
2012-08-29,/vid-nar-mitt-blod-pumpar-i-dig/,yes,A+C,Nordpolen - när mitt blod pumpar i dig (Video),cas,video,malditos-suecos;nordpolen;sincerely-yours;video,20131126094602
2012-08-30,/sky-ferreira-everything-is-embarrassing/,yes,A+C,Sky Ferreira - Everything Is Embarrassing,eduardo-caudilio,musica,blood-orange;download;mp3;sky-ferreira,20131126094824
2012-09-04,/julia-holter-nite-jewel-what-we-see/,yes,A,JULIA HOLTER &#038; NITE JEWEL - WHAT WE SEE,eduardo-caudilio,video,dublab;julia-holter;light-from-los-angeles;nite-jewel,20131126084640
2012-09-04,/user-69/,yes,A,USER 69,jc,musica,disco-gratis;dr-dude;mp3;selma-oxor;stream;vale-vergas-discos,20131126082708
2012-09-05,/maria-minerva-fire-feat-chase-royal/,yes,A,MARIA MINERVA - FIRE (FEAT CHASE ROYAL),eduardo-caudilio,musica,maria-minerva;mp3;not-not-fun;stream,20131126104123
2012-09-05,/punish-me-for-fun/,yes,A,PUNISH ME FOR FUN,jc,musica,adeptus;download;mp3;mykki-blanco;stream,20131126083028
2012-09-05,/stargate/,yes,A,STARGATE,jc,musica,hundebiss-records;stargate;stream,20131126082645
2012-09-06,/recordando-a-carl-crack/,yes,A,RECORDANDO A CARL CRACK,jc,video,atari-teenage-riot;carl-crack;rip;video,20131126085900
2012-09-10,/naka-naka-vuh/,yes,A,ÑAKA ÑAKA - VUH,eduardo-caudilio,musica,download;epn;mp3;naka-naka;third-world-doom-dance;u-f-o-ria;uforia,20131126091846
2012-09-11,/bruxa/,yes,A,BRUXA,jc,musica,bruxa;disco-gratis;download;mishka;mp3;strea,20131126105833
2012-09-11,/fam-lay-look-into-my-eyes-lilinternet-killam-ave-remix/,yes,A,FAM-LAY - LOOK INTO MY EYES (@LILINTERNET KILLAM AVE REMIX),eduardo-caudilio,musica,fam-lay;lil-internet;mp3;remix,20131126084747
2012-09-12,/ssion-kim/,yes,A,SSION - &#8220;KIM&#8221;,eduardo-caudilio,video,kim-gordon;kim-kardashian;ssion,20131126091653
2012-09-13,/dressed-for-space/,yes,A,DRESSED FOR SPACE,jc,video,trust;video,20131126090605
2012-09-13,/mexico-x-teehn-bwitches/,yes,A,MÉXICO X TEEHN BWITCHES,eduardo-caudilio,musica,enrique-pena-nieto;epn;mexico;teehn-bwitches,20131126083044
2012-09-16,/waka-flocka-flame-murda/,yes,A,WAKA FLOCKA FLAME - MURDA (WHITE RING 2K12 REMIX),jc,musica,download;mp3;remix;stream;waka-flocka-flame;white-ring,20131126083058
2012-09-17,/lost-in-the-game/,yes,A,LOST IN THE GAME,jc,musica,kid606;stream;tigerbeat6;xiu-xiu,20131126085853
2012-09-17,/mexico-x-javier-estrada/,yes,A,MÉXICO X JAVIER ESTRADA,eduardo-caudilio,musica,dj-javier-estrada;el-futuro-de-mexico;mexico,20131126085301
2012-09-19,/mexico-x-occultdanse/,yes,A,MÉXICO X OCCULTDΛNϟΣ,eduardo-caudilio,musica,mexico;occultdanse;oliver-playrats,20131126084140
2012-09-19,/stoned-boys-andromeda/,yes,A,STONED BOYS - ANDROMEDA,jc,musica,disco-gratis;download;mp3;stoned-boys;stream,20131126084301
2012-09-20,/fifty-grand-exceptional/,yes,A,FIFTY GRAND - EXCEPTIONAL,eduardo-caudilio,musica,aural-sects;disco-gratis;ep;fifty-grand;mp3,20131126085252
2012-09-20,/mexico-x-selma-oxor/,yes,A,MÉXICO X SELMA OXOR,eduardo-caudilio,musica,el-futuro-de-mexico;mexico;selma-oxor,20131126090111
2012-09-21,/charli-xcx-so-far-away-princes-video-remix/,yes,A,CHARLI XCX - SO FAR AWAY (PRINCES VIDEO REMIX),eduardo-caudilio,video,charli-xcx;mamasita;tumblr;video,20131126104059
2012-09-21,/mexico-x-tuareg-geeks/,yes,A,MÉXICO X TUAREG GEEKS,eduardo-caudilio,musica,mexico;tuareg-geeks,20131126085844
2012-09-24,/mexico-x-lao-dj-smurphy/,yes,A,MÉXICO X LAO + DJ SMURPHY,eduardo-caudilio,musica,dj-smurphy;jessica-smurphy;lao;lauro-robles;mexico,20131126102539
2012-09-24,/weekend-update/,yes,A,WEEKEND UPDATE,jc,musica,ana-caprix;download;hippos-in-tanks;james-ferraro;javier-estrada;lao;laurel-halo;mp3;naka-naka;selma-oxor;stream;superpost;weekend-update,20131126082950
2012-09-25,/mexico-x-ritualz/,yes,A,MÉXICO X RITUALZ,eduardo-caudilio,musica,mexico;mp3;ritualz;stream,20131126084523
2012-09-26,/crystal-castles-iii/,yes,A,CRYSTAL CASTLES III,jc,musica,crystal-castles;download;mp3;stream,20131126084309
2012-09-26,/litanic-mask-virgin-spring-video/,yes,A,LITANIC MASK - VIRGIN SPRING (VIDEO + ENTREVISTA),eduardo-caudilio,entrevistas;musica;video,entrevista;litanic-mask;video,20131126093242
2012-09-26,/mexico-x-turbia/,yes,A+C,MEXICO X TURBIA,eduardo-caudilio,musica,mexico;turbia;zeamx,20131126102637
2012-09-26,/supreme-cuts-reanimated/,yes,A,SUPREME CUTS REANIMATED,jc,musica,brenmar;disco-gratis;dovecot-records;download;howse;mp3;physical-therapy;stream;supreme-cuts,20131126090653
2012-09-27,/mexico-x-bonsai-babies/,yes,A+C,MEXICO X BONSAI BABIES,eduardo-caudilio,musica,bonsai-babies;lalala4e;mexico,20131126102526
2012-09-28,/mexico-x-nicolas/,yes,A+C,MÉXICO X NICOLAS,eduardo-caudilio,musica,cassettezultan;ediciones-conquista;esteban-aldrete;mexico;nicolas,20131126084513
2012-09-28,/mexico-x-peepr/,yes,A+C,MEXICO X PEEPR,jc,musica,mexico;peepr;stream,20131126093538
2012-09-28,/tamara-sky-mixtape-para-long-clothing/,yes,A+C,TAMARA SKY: Mixtape para Long Clothing,cas,musica,download;lil-death;long-clothing;mix;mixtape;mp3;tamara-sky,20131126085822
2012-10-02,/%E3%81%8D%E3%82%83%E3%82%8A%E3%83%BC%E3%81%B1%E3%81%BF%E3%82%85%E3%81%B1%E3%81%BF%E3%82%85-%E3%83%95%E3%82%A1%E3%83%83%E3%82%B7%E3%83%A7%E3%83%B3%E3%83%A2%E3%83%B3%E3%82%B9%E3%82%BF%E3%83%BC/,yes,A,きゃりーぱみゅぱみゅ - ファッションモンスター,jc,video,j-pop;kyary-pamyu-pamyu;video;きゃりーぱみゅぱみゅ,20131126091825
2012-10-03,/ella-y-el-muerto/,yes,A,ELLA Y EL MUERTO,jc,musica,camila-sodi;ella-y-el-muerto;noiselab;snake-river-conspiracy;stream;wtf,20131126092059
2012-10-03,/everything-is-embarrassing-video/,yes,A,EVERYTHING IS EMBARRASSING [VIDEO],jc,video,sky-ferreira;video,20131126084125
2012-10-03,/mal001-negative-youth-mexico/,yes,A,[MAL001] NEGATIVE YOUTH MÉXICO,jc,musica,bonsai-babies;disco-gratis;dj-smurphy;download;javier-estrada;lao;maligna;mexico;mp3;negative-youth;nicolas;occultdanse;peepr;ritualz;selma-oxor;stream;teehn-bwitches;tuareg-geeks;turbia,20131126083809
2012-10-04,/fatima-al-qadiri-desert-strike-ep/,yes,A,FATIMA AL QADIRI - DESERT STRIKE EP,jc,musica,fade-to-mind;fatima-al-qadiri;stream,20131126083023
2012-10-04,/inc-the-place/,yes,A,.inc - the place,cas,video,inc;4ad;andrew-aged;daniel-aged;download;gratis;mp3;teen-inc;video,20131126095225
2012-10-05,/araab-weekend/,yes,A,ARAAB WEEKEND,jc,musica,araabmuzik;remix;sleigh-bells;stream,20131126105807
2012-10-05,/holy-other-love-some1-teengirl-fantasy-remix-featuring-kelela/,yes,A,HOLY OTHER - LOVE SOME1 (TEENGIRL FANTASY REMIX FEATURING KELELA),eduardo-caudilio,musica,holy-other;kelela;remix;teengirl-fantasy,20131126090422
2012-10-05,/naka-naka-vuh-video/,yes,A,ÑAKA ÑAKA - VUH (VIDEO),eduardo-caudilio,musica,naka-naka;u-f-o-ria;uforia,20131126082506
2012-10-09,/schonwald-moon/,yes,A,SCHONWALD - MOON,eduardo-caudilio,musica,schonwald;stream,20131126082604
2012-10-10,/eva-cherie/,yes,A,EVA CHERIE,jc,musica,indian-jewelry;stream,20131126084412
2012-10-11,/destroyer-remix/,yes,A,DESTROYER + REMIX,jc,musica,alessandro-cortini;atticus-ross;federal-prism;stream;telepathe;trent-reznor,20131126090320
2012-10-11,/haleek-maul-88/,yes,A,HALEEK MAUL - 88,victor,video,haleek-maul;video,20131126082544
2012-10-11,/vally-girl-4g/,yes,A,VALLY GIRL - 4G,jc,musica;video,disco-gratis;download;freak-city;la-rap;mp3;old-young;stream;vally-girl;video,20131126095631
2012-10-12,/brujjas-deejay-feat-hanna-shinohara/,yes,A,Brujjas Deejay feat Hanna Shinohara,eduardo-caudilio,musica,brujas-deejay;dj-javier-estrada;dj-vintage-ghetto;hanna-shinohara;javier-estrada,20131126090431
2012-10-15,/glass-popcorn-2011-2012-entrevista/,yes,A,GLASS POPCORN 2011 - 2012 + ENTREVISTA,eduardo-caudilio,entrevistas;musica,disco-gratis;entrevista;glass-popcorn;mixtape;mp3;ryder-ripps;stream;will-neibergall,20131126085325
2012-10-15,/sky-sky-sky/,yes,A,"SKY, SKY, SKY",jc,musica,com-truise;gatekeeper;patrik-sandberg;remix;salem;sky-ferreira;stream,20131126083115
2012-10-15,/weekend-update-ii/,yes,A,WEEKEND UPDATE II,jc,musica,antwon;brite-aid;domus;download;mp3;naka-naka;stream;teams;unicorn-kid;wasted-youth;weekend-update,20131126100926
2012-10-16,/maxwell-velocity/,yes,A,MAXWELL VELOCITY,jc,entrevistas;musica,disco-gratis;download;entrevista;gvcci-hvcci;hd-boyz;maxwell-velocity;mp3,20131126085244
2012-10-17,/music-for-keyboards-vol-ii-iii/,yes,A,MUSIC FOR KEYBOARDS VOL II &#038; III,jc,musica,deon;disco-gratis;download;hippos-in-tanks;mp3;music-for-keyboards;stream,20131126091636
2012-10-17,/musica-para-clubs-clausurados/,yes,A,MÚSICA PARA CLUBS CLAUSURADOS,jc,musica,naka-naka;stream,20131126084533
2012-10-18,/actually-huizenga-live-softrock-1-3/,yes,A,ACTUALLY HUIZENGA LIVE + SOFTROCK 1-3,eduardo-caudilio,eventos,actually;actually-huizenga;cine-tonala;eventos;socrates-mitsios,20131126082512
2012-10-18,/fauna/,yes,A,FAUNA,jc,video,fauna;moun10;video,20131126082701
2012-10-18,/la-vampires-x-maria-minerva/,yes,A,LA VAMPIRES x MARIA MINERVA,el-carlos,video,la-vampires;maria-minerva;not-not-fun;video,20131126090214
2012-10-19,/held-tim-hecker-remix/,yes,A,HELD (TIM HECKER REMIX),victor,musica,holy-other;stream;tim-hecker;tri-angle,20131126090357
2012-10-19,/zak-matic-violento-club-mix/,yes,A,ZAK MATIC - VIOLENTO CLUB MIX,eduardo-caudilio,musica;video,azul-azul;dj-pablito-mix;la-bomba;maluca;mixtape;mykki-blanco;plan-b;rollz-royce;traphouse;zak-matic,20131126092153
2012-10-22,/in-and-out/,yes,A,IN AND OUT,el-carlos,musica,comeme;daniel-maloso;stream,20131126084507
2012-10-22,/liar-strange-love/,yes,A,LIAR — STRANGE LOVE,victor,musica;video,download;infinite-machine;liar;stream;video,20131126084809
2012-10-23,/corona-capitalismo/,yes,A,CORONA CAPITALISMO,gregor,articulos,articulo;corona-capital;gregor-rozanski,20131126092159
2012-10-23,/soledad-fe-ep/,yes,A,SOLEDAD - FE EP,eduardo-caudilio,musica,brett-shchultz;disco-gratis;download;esteban-aldrete;mp3;soledad;vale-vergas-discos,20131126085936
2012-10-24,/18-ft-aids-3d-nectar/,yes,A,18+ FT AIDS-3D - NECTAR,eduardo-caudilio,musica;video,18;aids-3d;stream;video,20131126091617
2012-10-25,/desert-strike-ep-stream/,yes,A,DESERT STRIKE EP [STREAM],jc,musica,fade-to-mind;fatima-al-qadiri;stream,20131126084548
2012-10-26,/araab-weekend-2/,yes,A,ARAAB WEEKEND 2,jc,musica,araabmuzik;stream;styles-p,20131126105743
2012-10-26,/blood-orange-neptune-ft-starchild/,yes,A,BLOOD ORANGE - NEPTUNE (FT. STARCHILD),jc,musica,blood-orange;lemonade;starchild;stream,20131126092339
2012-10-29,/weekend-update-iii/,yes,A,WEEKEND UPDATE III,jc,musica,ana-caprix;brite-aid;download;fauna;men-in-burka;mp3;physical-therapy;project-pat;ssion;stream;weekend-update,20131126084451
2012-10-30,/lil-b-halloween-h20/,yes,A+C,LIL B - HALLOWEEN H20,jc,musica,datpiff;disco-gratis;download;halloween;lil-b;mixtape;mp3,20131126102532
2012-10-31,/crystal-casltes-affection/,yes,A+C,CRYSTAL CASLTES - AFFECTION,jc,musica,buzz;crystal-castles;hype;stream,20131126100825
2012-10-31,/dani-shivers-up/,yes,A+C,DANI SHIVERS - UP!,jc,video,dani-shivers;video;witch-house,20131126102459
2012-10-31,/health-tears-video/,yes,A+C,HEALTH - TEARS [VIDEO],jc,video,health;max-payne-3;video;zombie-babies,20131126085333
2012-10-31,/men-in-burka-warmagic/,yes,A+C,MEN IN BURKA - WAR/MAGIC,jc,musica,disco-gratis;download;mario-zoots;men-in-burka;mp3,20131126084629
2012-11-01,/peepr-el-descenso-mal002/,yes,A,PEEPR - EL DESCENSO [MAL002],jc,musica,disco-gratis;dj-maquina-de-muerte;download;maligna;mp3;peepr;stream,20131126100757
2012-11-05,/tales-from-the-darkside/,yes,A,TALES FROM THE DARKSIDE,el-carlos,musica,dj-haus;unknown-to-the-unknown,20131126095716
2012-11-06,/entrevista-nicolas/,yes,A,ENTREVISTA: NICOLAS,eduardo-caudilio,entrevistas;musica,cassettezultan;ediciones-conquista;entrevista;esteban-aldrete;nicolas;stream,20131126082840
2012-11-07,/featureless-ghost/,yes,A,FEATURELESS GHOST,victor,musica;video,featureless-ghost;night-people;stream,20131126084245
2012-11-07,/james-ferraro-sushi/,yes,A,JAMES FERRARO — SUSHI,victor,musica,food;hippos-in-tanks;james-ferraro;stream,20131126082723
2012-11-07,/prince-rama/,yes,A,PRINCE RAMA,victor,musica,paw-tracks;pop;prince-rama;stream,20131126091456
2012-11-07,/super-ultra-mixtape/,yes,A,SUPER ULTRA MIXTAPE,jc,musica,brooke-candy;charli-xcx;disco-gratis;download;how-to-dress-well;mixtape;mp3;stream,20131126094834
2012-11-08,/gn-ep/,yes,A,GN$ EP,victor,musica,dollar-bin;download;free;hucci,20131126102533
2012-11-08,/see-forever/,yes,A,SEE FOREVER,victor,video,indian-jewelry;stream;video,20131126105904
2012-11-09,/cosmic-angel-the-illuminati-princess/,yes,A,COSMIC ANGEL: THE ILLUMINATI PRINCE/SS,jc,musica,brenmar;disco-gratis;download;flosstradamus;gobby;mixtape;mp3;mykki-blanco;stream;teengirl-fantasy,20131126082659
2012-11-09,/de-la-cabeza/,yes,A,DE LA CABEZA,el-carlos,musica,comeme;djs-pareja;stream,20131126090210
2012-11-09,/evian-christ-no-experiences/,yes,A,EVIAN CHRIST - NO EXPERIENCES,victor,mixtapes,evian-christ;tri-angle,20131126083001
2012-11-12,/%E6%83%85%E5%A0%B1%E3%83%87%E3%82%B9%E3%82%AFvirtual/,yes,A,情報デスクVIRTUAL,victor,musica;video,beer-on-the-rug;laserdisc-vision;new-dreams-ltd;stream;情報デスクvirtual,20131126095619
2012-11-12,/ritualz-autumn-mix-4-future-perfect/,yes,A,RITUALZ AUTUMN 2012 MIX 4 FUTURE PERFECT,jc,musica,download;future-perfect;mix;mixtape;mp3;ritualz;stream,20131126084801
2012-11-13,/white-eyes/,yes,A,WHITE EYES,jc,video,beastial-mouths;video,20131126090416
2012-11-14,/triad-god-i-never-told-you/,yes,A,TRIAD GOD - I NEVER TOLD YOU,cas,musica,hippos-in-tanks;musica-del-futuro;palmistry;tobias-lee;triad-god,20131126092319
2012-11-16,/zola-jesus-diamonds/,yes,A,ZOLA JESUS – DIAMONDS (RIHANNA COVER),cas,musica,rihanna;snl;zola-jesus,20131126084128
2012-11-19,/soda/,yes,A,BOODY &#038; LE1F - SODA,jc,musica;video,boody;boys-noize;ceeda;le1f;mike-q;stream;video,20131126105839
2012-11-20,/eww/,yes,A,EWW,jc,musica,fatherhood;house-of-ladosha;physical-therapy;stream,20131126091647
2012-11-20,/nc-guest-mix-63-indian-jewelry/,yes,A,NC GUEST MIX#63: INDIAN JEWELRY,jc,musica,download;indian-jewelry;mix;mp3;no-conclusion;stream,20131126090314
2012-11-20,/profligate/,yes,A,PROFLIGATE,victor,musica;video,more-records;not-not-fun;profligate;stream;video,20131126084417
2012-11-21,/msi-kickstarter/,yes,A,MSI KICKSTARTER,jc,musica;video,kickstarter;mindless-self-indulgence;stream;video,20131126091917
2012-11-21,/peel-it-stream-it/,yes,A,PEEL IT STREAM IT,jc,musica,indian-jewelry;reverberation-appreciation-society;streaming,20131126095707
2012-11-21,/unbear/,yes,A,UNBEAR,jc,arte-2;musica,arte;download;hannah-birch-carl;mp3;stream;unbear,20131126093650
2012-11-22,/festival-revolver-2da-edicion/,yes,A,FESTIVAL REVÓLVER: 2DA EDICIÓN,cas,arte-2,adult;festival-revolver;ghostigital;khan;revolver;teehn-bwitches;tobias-bernstrup,20131126101033
2012-11-22,/life-death/,yes,A,LIFE &#038; DEATH,el-carlos,musica,get-physical;kris-wadsworth;stream,20131126082735
2012-11-22,/stranger%C2%A7-of-a-lst-art/,yes,A,STRANGER§ OF A L(())ST ART,jc,musica,download;mp3;stream;twin-gemz,20131126083234
2012-11-22,/sulk-revolution-recording-piano-version/,yes,A,Sulk [Revolution Recording Piano Version],jc,video,trust;video,20131126104242
2012-11-23,/drift-kings/,yes,A,DRIFT KINGS,jc,musica,adeptus;download;mp3;nissan-300zx;stream,20131126090346
2012-11-23,/james-ferraro-condom/,yes,A,JAMES FERRARO - CONDOM,jc,video,hippos-in-tanks;james-ferraro;video,20131126090334
2012-11-23,/monocromo/,yes,A,MONOCROMO,tomas-diaz,arte-2,arte;monocromo;neter,20131126104249
2012-11-23,/strain/,yes,A,STRAIN,jc,video,stoned-boys;video,20131126091908
2012-11-23,/wife/,yes,A,WIFE,jc,video,altar-of-plagues;left_blank;tri-angle;video;wife,20131126092022
2012-11-26,/all-your-gifs-are-belong-to-us/,yes,A+C,ALL YOUR GIFS ARE BELONG TO US,gaby-cepeda,articulos,articulo;azealia-banks;lil-internet;rihanna;seapunk;trends;video,20131126083035
2012-11-26,/archival-dirge-mix/,yes,A+C,ARCHIVAL DIRGE MIX,jc,musica,aids-3d;download;mix;mp3,20131126085130
2012-11-26,/crime-fetish/,yes,A,CRIME FETISH,victor,video,datpiff;disco-gratis;download;lil-b;mixtape;mp3;stream,20131126094955
2012-11-28,/cloud-aura/,yes,A+C,CLOUD AURA,jc,video,brooke-candy;charli-xcx;video,20131126092346
2012-11-29,/out-of-body-m-t/,yes,A+C,OUT OF BODY M.T.,jc,musica,maligna;stream;teehn-bwitches,20131126100938
2012-11-30,/hmmmmmmexico/,yes,A+C,HMMMMMMEXICO,jc,articulos,401;all-my-friends;articulo;extasis-records;mexico-df;monterrey;naafi;negative-youth;nrmal;tijuana;todd-p;uforia,20131126084657
2012-12-03,/feel-so-real/,yes,A,FEEL SO REAL,victor,video,unicorn-kid;video,20131126082911
2012-12-03,/jummy/,yes,A,JUMMY,el-carlos,musica,fourth-wave;gerry-read;stream,20131126095545
2012-12-03,/wish-book-volume-1/,yes,A,WISH BOOK VOLUME 1,victor,musica,dan-deacon;stream,20131126094853
2012-12-05,/it-was-u-doss-remix/,yes,A,&#038; IT WAS U (DOSS REMIX),jc,musica,acephale;doss;download;how-to-dress-well;mp3;stream,20131126083034
2012-12-06,/msi-kickstarter-ii/,yes,A,MSI KICKSTARTER II,jc,musica,kickstarter;mindless-self-indulgence;stream;video,20131126092254
2012-12-06,/teehn-bwitches-remain-mal003/,yes,A,TEEHN BWITCHES - REMAIN [MAL003],jc,musica,disco-gratis;download;maligna;mp3;stream;teehn-bwitches,20131126084830
2012-12-07,/your-orders/,yes,A,YOUR ORDERS,el-carlos,musica,mpia3;rs;stream,20131126105846
2012-12-11,/cassie-trilogy/,yes,A,CASSIE TRILOGY,jc,musica,cassie;disco-gratis;download;mp3,20131126084855
2012-12-11,/kingdom-vip-edition/,yes,A,KINGDOM VIP EDITION,jc,musica,fade-to-mind;kingdom;stream,20131126085101
2012-12-12,/art-thoughtz/,yes,A,ART THOUGHTZ,tomas-diaz,arte-2,art-thoughtz;arte;hennesy-youngman;jayson-musson,20131126093657
2012-12-13,/call-her/,yes,A,CALL HER,jc,musica,alejandra-de-la-deheza;creep;tricky,20131126084908
2012-12-13,/ritalin-24-7/,yes,A,RITALIN 24.7,jc,mixtapes;musica,download;k-pop;maligna;mixtape;mp3;negative-youth;nightcore;panamerika;teehn-bwitches,20131126091837
2012-12-14,/yung-jake-5/,yes,A,YUNG JAKE - 5,jc,musica,download;mp3;stream;yung-jake,20131126085344
2012-12-18,/curse/,yes,A,CURSE,jc,musica,bandcamp;curse;doom;electro;stream,20131126104156
2012-12-19,/brenmar-x-rihanna/,yes,A,BRENMAR x RIHANNA,jc,musica,brenmar;download;mp3;rihanna;stream,20131126093022
2012-12-19,/lemonade-remixes/,yes,A,LEMONADE REMIXES,jc,uncategorized,chupacabras;contakt;faith-and-carter;jdh;lemonade;panteros666;pegasvs;remix;rush-midnight;stream;tezeo,20131126084609
2012-12-21,/boan/,yes,A,BOAN,jc,musica,boan;medio-mutante;ssleeperhold;stream;tense,20131126085150
2012-12-21,/estrategias-exitosas-de-estilos-de-vida-para-el-fin-del-mundo/,yes,A,ESTRATEGIAS EXITOSAS DE ESTILOS DE VIDA PARA EL FIN DEL MUNDO,tomas-diaz,arte-2,antonio-lopez;arte;jacinto-astiazaran;nora-ricchi;rachel-de-joode;tomas-diaz,20131126084307
2012-12-26,/do-it/,yes,A,DO IT,jc,musica,disco-gratis;discos-tormento;download;mp3;selma-oxor;stream,20131126093247
2012-12-26,/emotional-physical/,yes,A,EMOTIONAL / PHYSICAL,jc,uncategorized,disco-gratis;download;mp3;mr-kitty;stream,20131126085107
2012-12-28,/new-colony/,yes,A+C,NEW COLONY,jc,video,suicide-girls;tying-tiffany;video,20131126093229
2012-12-28,/safe-in-the-cells/,yes,A+C,SAFE IN THE CELLS,jc,musica,download;hollagramz;mp3;nyota;stream,20131126094900
2012-12-31,/%E2%97%95%E2%96%B2-%E2%99%A8-%E2%98%AF-hippie-new-year%E2%98%AF-%E2%99%A8-%E2%96%B2%E2%97%95/,yes,A+C,◕▲ ♨ ☯ HIPPIE NEW YEAR☯ ♨ ▲◕,jc,mixtapes;musica,dj-smurphy;download;mixtape;mp3;stream,20131126104252
2012-12-31,/american-noise/,yes,A+C,AMERICAN NOISE,el-carlos,musica,l-i-e-s;legowelt;stream,20131126085158
2012-12-31,/blood-blood-blood/,yes,A+C,BLOOD BLOOD BLOOD,jc,video,lentonia-records;unison;video,20131126092110
2013-01-01,/when-doves-cry/,yes,A,WHEN DOVES CRY,jc,musica,boy-friend;cover;download;mp3;prince;stream,20131126084715
2013-01-02,/one-direction/,yes,A,ONE DIRECTION,jc,musica,download;mp3;one-direction;remix;stream;teen-witch,20131126090158
2013-01-02,/udown-kit/,yes,A,UDOWN KIT,jc,musica,download;fauna;mp3;stream,20131126093235
2013-01-03,/leaving/,yes,A,LEAVING,jc,musica,disco-gratis;download;mp3;skrillex;stream,20131126095311
2013-01-03,/lost-in-my-bedroom/,yes,A,LOST IN MY BEDROOM,jc,video,sky-ferreira;video,20131126092327
2013-01-07,/nys-man-of-the-year-2012-ryder-ripps/,yes,A,NY'S MAN OF THE YEAR 2012: RYDER RIPPS,gaby-cepeda,arte-2;articulos,aritculos;arte;man-of-the-year;ryder-ripps,20131126090712
2013-01-08,/2013-1/,yes,A,2013 #1,jc,eventos,bahia-bar;df;jack-ie-lo;ritualz;selma-oxor;teehn-bwitches,20131126091742
2013-01-10,/teehn-bwitches-escape/,yes,A,TEEHN BWITCHES - ESCAPE,jc,video,maligna;teehn-bwitches;video,20131126104329
2013-01-11,/%E3%81%8D%E3%82%83%E3%82%8A%E3%83%BC%E3%81%B1%E3%81%BF%E3%82%85%E3%81%B1%E3%81%BF%E3%82%85-%E3%81%B5%E3%82%8A%E3%81%9D%E3%81%A7%E3%83%BC%E3%81%97%E3%82%87%E3%82%93/,yes,A,きゃりーぱみゅぱみゅ - ふりそでーしょん,jc,video,japon;kyary-pamyu-pamyu;video,20131126092306
2013-01-11,/dont/,yes,A,DON'T,jc,video,butterclock;electronic-beats;video,20131126083424
2013-01-15,/ep-n/,yes,A,EP &#8216;Ñ',jc,musica,naka-naka;streaming;uforia,20131126100932
2013-01-16,/brite-aid-sour-ep-mal004/,yes,A,BRITE AID - SOUR EP [MAL004],cas,musica,brite-aid;disco-gratis;download;maligna;mp3;stream,20131126084427
2013-01-17,/occultd%CE%BBn%CF%9F%CF%83-ufo13-mix/,yes,A,OCCULTDΛNϟΣ - UFO13 MIX,jc,mixtapes;musica,download;maligna;mix;mixtape;mp3;occultdanse;stream,20131126105722
2013-01-17,/six-feet-deep/,yes,A,SIX FEET DEEP,jc,video,deathface;juggalo;karmaloop;lil-internet;mishka;video,20131126084315
2013-01-18,/everything-is-embarrassing-twin-shadow-remix/,yes,A,EVERYTHING IS EMBARRASSING (TWIN SHADOW REMIX),jc,musica,remix;sky-ferreira;stream;twin-shadow,20131126091908
2013-01-20,/sad-eyes/,yes,A,SAD EYES,jc,articulos;video,articulo;crystal-castles;pictureplane;ritualz;salem;sterling-crispin;teehn-bwitches;video;white-ring,20131126083002
2013-01-21,/glossata/,yes,A,GLOSSATA,victor,musica,alteria-percepsyne;emily-griffiths;glossata,20131126100836
2013-01-22,/guess-tiesto-nyt-lyf-collection/,yes,A,GUESS/TIËSTO NYT LYF COLLECTION,daniela-quant,moda,guess;moda;tiesto,20131126100854
2013-01-22,/troll-city/,yes,A,TROLL CITY,jc,video,dj-smurphy;freak-city;video,20131126093521
2013-01-22,/witch-doktor-l-vis-1990-edit/,yes,A,WITCH DOKTOR (L-VIS 1990 EDIT),el-carlos,musica,armand-van-helden;download;edit;l-vis-1990;mp3,20131126082621
2013-01-23,/coins/,yes,A,COINS,jc,musica,,20131126104315
2013-01-23,/fauna-negative-youth-mix-2013-1/,yes,A,FAUNA - NEGATIVE YOUTH MIX // 2013 #1,jc,mixtapes;musica,download;fauna;mix;mixtape;moun10;mp3,20131126084719
2013-01-24,/lesphinxx/,yes,A,LESPHINXX,jc,video,lesphinxx;video,20131126100930
2013-01-24,/mohenjo-daro/,yes,A,MOHENJO DARO,jc,video,mario-zoots;men-in-burka;video,20131126093513
2013-01-24,/mos-deep-essentials/,yes,A,MOS Deep Essentials,el-carlos,musica,delsin;g-string;mos_deep;stream,20131126093621
2013-01-25,/heaven/,yes,A,HEAVEN,jc,musica;video,arts-and-crafts;petra-collins;stream;trust;video,20131126085839
2013-01-25,/kingpinning/,yes,A,KINGPINNING,jc,video,brenmar;mykki-blanco;video,20131126082604
2013-01-25,/slush-fund/,yes,A,SLUSH FUND,jc,musica,adr;download;mp3;stream,20131126092226
2013-01-25,/you-ha-ha-ha/,yes,A,YOU (HA HA HA),jc,uncategorized,charli-xcx;video,20131126082804
2013-01-28,/arena/,yes,A,ARENA,victor,musica,download;mp3;stream;yen-tech,20131126084234
2013-01-28,/full-of-fire/,yes,A,FULL OF FIRE,jc,video,marit-otsberg;rabid-records;the-knife;video,20131126084446
2013-01-28,/occultd%CE%BBn%CF%9F%CF%83-grimmers-dansers-mal005/,yes,A,OCCULTDΛNϞΣ - GRIMMERS DANSERS [MAL005],jc,musica,disco-gratis;download;maligna;mp3;occultdanse;stream,20131126084340
2013-01-29,/irl/,yes,A,IRL,el-carlos,musica,dj-paypal;interscape-recordings;stream,20131126101007
2013-01-30,/apes/,yes,A,APES,el-carlos,video,claude-violante;crackwood;tiger-sushi-records;video,20131126095320
2013-01-30,/chainless/,yes,A,CHAINLESS,jc,musica,chainless;download;moun10;mp3;stream,20131126084217
2013-01-30,/play-by-play/,yes,A+C,PLAY BY PLAY,jc,musica;video,autre-ne-veut;software;video,20131126082905
2013-01-30,/super-future/,yes,A,SUPER FUTURE,jc,video,actually;chad-alva;cheetahs;video,20131126090647
2013-01-31,/bend-my-dick-to-my-ass/,yes,A+C,BEND MY DICK TO MY ASS,jc,video,bam-margera;full-retard;video,20131126090221
2013-01-31,/obsession/,yes,A+C,OBSESSION,jc,musica,disco-gratis;download;magic-fades;mishka;mp3;stream,20131126092312
2013-01-31,/rooftop-i-want-to-be-alone/,yes,A+C,ROOFTOP/I WANT TO BE ALONE,jc,musica,hippos-in-tanks;sleep-over;stream;vashti-bunyan,20131126082747
2013-01-31,/snow-crash/,yes,A+C,SNOW CRASH,jc,musica,disco-gratis;download;mishka;mp3;stream;xander-harris,20131126082955
2013-02-01,/drumcorps/,yes,A,DRUMCORPS,jc,musica,aaron-spectre;download;drumcorps;mp3;stream,20131126090101
2013-02-01,/marathon/,yes,A,MARATHON,jc,video,maxwell-velocity;video,20131126084333
2013-02-01,/rave4evar/,yes,A,#RAVE4EVAR,jc,video,dillon-francis;karmaloop;karmalooptv;lil-internet;rave4evar;video,20131126082648
2013-02-04,/ghost-raid/,yes,A,GHOST RAID,jc,video,fade-to-mind;fatima-al-qadiri;thunderhorse;thunderhorse-video;video,20131126084705
2013-02-04,/glass-teeth-x-funerals/,yes,A,GLASS TEETH x FUNERALS,jc,musica,download;funerals;glass-teeth;mp3;stream,20131126090326
2013-02-04,/world-war/,yes,A,WORLD WAR,victor,video,autre-ne-veut;live;software;video,20131126102458
2013-02-05,/the-prince-is-coming/,yes,A,THE PRINCE IS COMING,jc,musica,araabmuzik;stream,20131126090438
2013-02-06,/pure-one-imports/,yes,A,PURE ONE IMPORTS,jc,entrevistas;musica,alexandra-crotta;download;entrevista;mp3;pure-one-imports;stream;video,20131126094846
2013-02-06,/you-show-great-spirit/,yes,A,YOU SHOW GREAT SPIRIT,victor,musica,blackest-ever-black;dominick-fernow;jk-flesh;prurient,20131126084457
2013-02-07,/comma-ruttus/,yes,A,COMMA RUTTUS,jc,musica,dj-smurphy;maligna;stream,20131126105826
2013-02-08,/fart-face-mix/,yes,A,FART-FACE MIX,jc,mixtapes;musica,dj-smurphy;download;maligna;mix;mixtape;mp3;negative-youth;panamerika;stream,20131126084159
2013-02-11,/dj-smurphy-smurphwave-mal006/,yes,A,DJ SMURPHY - #SMURPHWAVE [MAL006],jc,musica,disco-gratis;dj-smurphy;download;lao;maligna;mp3;stream,20131126090342
2013-02-12,/maniqui-lazer-negative-youth-mix-2013-2/,yes,A,MANIQUI LAZER - NEGATIVE YOUTH MIX // 2013 #2,jc,mixtapes;musica,download;maniqui-lazer;mix;mixtape;mp3;stream,20131126082833
2013-02-15,/this-is-for-the-ones-who-care/,yes,A,THIS IS FOR THE ONES WHO CARE,jc,musica,araabmuzik;disco-gratis;download;livemixtapes;mixtape;mp3;stream,20131126100817
2013-02-15,/trade/,yes,A,TRADE,el-carlos,musica,blawan;sheworks;surgeon;trade,20131126084320
2013-02-18,/katie-got-bandz-i-need-a-hitta-ludgehammer-blackened-drillwave-bootleg/,yes,A,KATIE GOT BANDZ - I NEED A HITTA ($LUDGEHAMMER BLACKENED DRILLWAVE BOOTLEG),jc,musica,ludgehammer;burzum;download;katie-got-banz;mp3;remix;stream,20131126101024
2013-02-19,/ladatel/,yes,A,LADATEL,jc,musica;video,disco-gratis;download;ladatel;mexico;mp3;stream;video,20131126102521
2013-02-20,/maligna-showcase/,yes,A,MALIGNA SHOWCASE,jc,eventos,bahia-bar;dj-maquina-de-muerte;dj-smurphy;maligna;occultdanse;teehn-bwitches,20131126090241
2013-02-20,/nuevo-video-de-physical-therapy-do-it-all/,yes,A,NUEVO VIDEO DE PHYSICAL THERAPY: DO IT ALL,cas,musica,musica-2;physical-therapy;video,20131126090622
2013-02-20,/parallax/,yes,A,PARALLAX,jc,musica,fostercare;stream;true-parameters,20131126084615
2013-02-21,/wanderlust/,yes,A,WANDERLUST,jc,musica,download;mp3;polly-scattergood;stream,20131126084227
2013-02-22,/bb-pinkblue/,yes,A,BB PINK/BLUE,jc,arte-2;musica,ana-caprix;arte;download;mp3;nightcoregirl;priz-tats;stream,20131126094840
2013-02-22,/classified/,yes,A,CLASSIFIED,el-carlos,musica;video,dj-haus;dj-q;unknown-to-the-unknown;video,20131126092300
2013-02-26,/vermz-la-petite-mort/,yes,A,VERMZ - LA PETITE MORT,jc,musica,maligna;stream;vermz,20131126102509
2013-02-27,/aaron-spectre-lion-mix/,yes,A,AARON SPECTRE LION MIX,jc,musica,aaron-spectre;download;drumcorps;mix;mixtape;mp3;stream,20131126094907
2013-02-27,/alien-amv/,yes,A,ALIEN AMV,jc,video,mishka;ritualz;video,20131126100919
2013-02-27,/kuchibiru-network-3/,yes,A+C,KUCHIBIRU NETWORK 3,jc,musica,disco-gratis;download;finally-boys;friendzone;jerome-lol;kuchibiru-network;main-attraktionz;mixtape;mp3;stream;svengali,20131126093522
2013-02-28,/forever-ballin/,yes,A+C,FOREVER BALLIN,victor,video,priz-tats;video;yen-tech,20131126084104
2013-02-28,/la-minitk-del-miedo/,yes,A+C,LA MINITK DEL MIEDO,jc,musica,download;la-minitk-del-miedo;mp3;stream,20131126082719
2013-02-28,/la-petite-mort/,yes,A+C,LA PETITE MORT,jc,video,maligna;vermz;video,20131126085828
2013-02-28,/sierra-city-center-diamond-club/,yes,A+C,SIERRA CITY CENTER (DIAMOND CLUB),jc,musica,stream;teams,20131126102542
2013-03-01,/chvrches/,yes,A,CHVRCHES,jc,musica,chvrches;cid-rim;stream,20131126084241
2013-03-01,/not-the-same/,yes,A,NOT THE SAME,jc,arte-2;musica,arte;ok-focus;ryder-ripps;tanlines;video,20131126094913
2013-03-01,/perra-sucia/,yes,A,PERRA SUCIA,jc,musica,dr-dude;selma-oxor;stream,20131126093712
2013-03-01,/pisces/,yes,A,PISCES,jc,musica,ritualz;stream,20131126082917
2013-03-01,/tannhausser-gate-obsession/,yes,A,OBSESSION,victor,video,featureless-ghost;tannhauser-gate;video,20131126085224
2013-03-02,/cel/,yes,A,CEL,jc,musica,naka-naka;stream,20131126092333
2013-03-04,/krenshaw/,yes,A,KRENSHAW,el-carlos,musica,bobby-champs;stream;wncl-records,20131126100912
2013-03-04,/outworld-music-ii/,yes,A,OUTWORLD MUSIC II,jc,musica,ritualz;stream,20131126105928
2013-03-05,/guia-ny-a-nrmal-2013/,yes,A,GUÍA NY A NRMAL 2013,jc,articulos,a-life-once-lost;articulo;brujeria;daniel-maloso;diiv;dj-dog-dick;doomsday-student;dr-dude;fear-of-men;festival-nrmal;javier-estrada;maniqui-lazer;mortuary;mueran-humanos;mykki-blanco;nguzunguzu;pc-worship;pictureplane;run-dmt;selma-oxor;sky-ferreira;solar-year;soledad;the-dreebs;tonstartssbandht;twin-shadow;vegan-cannibal;weird-magic;white-ninja,20131126102513
2013-03-05,/vermz-in-search-of-downers-pt-1-mal007/,yes,A,VERMZ - IN SEARCH OF DOWNERS PT. 1 [MAL007],jc,musica,maligna;stream;vermz,20131126093449
2013-03-06,/blood-flow/,yes,A,BLOOD FLOW,jc,musica,download;hippos-in-tanks;james-ferraro;stream,20131126084745
2013-03-06,/boy-ruins-lives/,yes,A,BOY RUINS LIVES,el-carlos,musica,disco-gratis;dj-boy-drama;download;mall-music;mp3;sewage-tapes;stream,20131126082500
2013-03-07,/full-hearts/,yes,A,FULL HEARTS,jc,musica,acephale;doss;stream;wildarms,20131126082716
2013-03-07,/one/,yes,A,ONE,jc,musica,download;mp3;stream;tying-tiffany,20131126084544
2013-03-08,/a-tooth-for-an-eye/,yes,A,A TOOTH FOR AN EYE,jc,video,the-knife;video,20131126100927
2013-03-08,/i-come-with-knives/,yes,A,I COME WITH KNIVES,jc,video,iamx;video,20131126084648
2013-03-08,/volume-control/,yes,A,VOLUME CONTROL,jc,musica,disco-gratis;maxpiff-com;maxwell-velocity;mixtape;mp3,20131126084621
2013-03-11,/dresden-dresses/,yes,A,DRESDEN DRESSES,cas,musica,dresden-dresses;montreal;video,20131126084737
2013-03-11,/one-video/,yes,A,ONE VIDEO,jc,video,tying-tiffany;video,20131126084713
2013-03-11,/yungrapunxel/,yes,A,#YUNGRAPUNXEL,jc,musica,azealia-banks;lil-internet;stream,20131126084636
2013-03-13,/fotos-nrmal-2013/,yes,A,FOTOS NRMAL 2013,jc,fotos-2,festival-nrmal;fotos;nrmal,20131126092000
2013-03-13,/the-prince-is-coming-video/,yes,A,THE PRINCE IS COMING (VIDEO),victor,video,araabmuzik;video,20131126090318
2013-03-15,/think-change/,yes,A,THINK &#038; CHANGE,el-carlos,musica;video,basic-soul-unit;boddika;nonplus,20131126095537
2013-03-16,/feathers/,yes,A,FEATHERS,jc,video,austin;feathers;video,20131126093721
2013-03-18,/bloody-knives/,yes,A,BLOODY KNIVES,jc,musica;video,austin;bloody-knives;stream;sxsw-2013;video,20131126090231
2013-03-18,/occultd%CE%BBn%CF%9F%CF%83-ufomania-negative-youth-2013-3/,yes,A,OCCULTDΛNϞΣ - UFOmania! // NEGATIVE YOUTH 2013 #3,jc,mixtapes;musica,download;mix;mixtape;mp3;occultdanse,20131126084732
2013-03-20,/dream-affair/,yes,A,DREAM AFFAIR,jc,musica;video,brooklyn;download;dream-affair;mp3;stream;sxsw-2013;video,20131126084903
2013-03-21,/kontravoid/,yes,A,KONTRAVOID,jc,musica;video,kontravoid;stream;sxsw-2013;toronto;video,20131126091809
2013-03-21,/teamsincerity/,yes,A,#TEAMSINCERITY,gaby-cepeda,articulos,articulo,20131126104204
2013-03-22,/god-created-the-beat/,yes,A,GOD CREATED THE BEAT,el-carlos,musica,grizzly-records;matrixxman;mykki-blanco;physical-therapy,20131126084209
2013-03-22,/wheres-god/,yes,A,WHERE'S GOD?,jc,video,icp;insance-clown-posee;juggalo;video,20131126093728
2013-03-26,/f-m-sushi/,yes,A+C,F.M. SUSHI,jc,musica,rainbow-arabia;stream,20131126084337
2013-03-26,/rain/,yes,A+C,RAIN,jc,musica,digital-latex;maligna;stream,20131126082903
2013-03-28,/pretty-young-thug/,yes,A+C,PRETTY YOUNG THUG,victor,mixtapes,basedgod;disco-gratis;download;lil-b;mixtape;mp3,20131126105910
2013-03-29,/house-of-comments/,yes,A+C,HOUSE OF COMMENTS,jc,video,brooklyn;video;wrld-tovr,20131126091700
2013-03-29,/on-the-road-to-make-some-noise/,yes,A+C,ON THE ROAD TO MAKE SOME NOISE,jc,video,documental;endymion,20131126104149
2013-04-01,/my-circle/,yes,A,MY CIRCLE,jc,video,glass-popcorn;video,20131126093528
2013-04-02,/digital-latex-pattern-recognition-mal008/,yes,A,DIGITAL LATEX - PATTERN RECOGNITION [MAL008],jc,musica,boston;digital-latex;disco-gratis;download;maligna;mp3;stream,20131126090209
2013-04-03,/secret-city/,yes,A,SECRET CITY,jc,musica;video,austin;boy-friend;night-people,20131126082556
2013-04-08,/ritualz-mix-4-logo/,yes,A,RITUALZ MIX 4 LOGO,jc,musica,download;logo;mexico;mix;mixtape;mp3;rave;ritualz;stream,20131126091900
2013-04-09,/edges-of-vortex/,yes,A,EDGES OF VORTEX,el-carlos,musica,matrixxman;unknown-to-the-unknown;vin-sol,20131126084346
2013-04-09,/stay-here/,yes,A,STAY HERE,jc,musica,nihjgt-feelings;ooooo;san-francisco;stream,20131126100939
2013-04-10,/hyper-reality/,yes,A,HYPER REALITY,el-carlos,video,francia;marble-records;panteros666;video,20131126090258
2013-04-10,/pure-war/,yes,A,PURE WAR,jc,musica,brooklyn;dc-comics;injustice-gods-among-us;pictureplane;stream,20131126090216
2013-04-16,/ionika/,yes,A,IONIKA,jc,musica,metal-mother;oakland;post-primal;stream,20131126082639
2013-04-18,/mathematique-ft-dresden-dresses/,yes,A,MATHEMATIQUE FT DRESDEN DRESSES,jc,video,dresden-dresses;mathematique;montreal;video,20131126094937
2013-04-19,/first-prom/,yes,A,FIRST PROM,jc,musica,berlin;butterclock;f-a-n-t-a-s-y;stream,20131126095609
2013-04-23,/campana-malignaritualz-en-indiegogo/,yes,A,CAMPAÑA MALIGNA/RITUALZ EN INDIEGOGO,jc,articulos;musica,articulo;buena-causa;indiegogo;ladytron;maligna;ritualz;stream,20131126093615
2013-04-23,/dancing-anymore/,yes,A,DANCING ANYMORE,jc,video,3d-porn;is-tropical;kitsune;sex;uk;video,20131126101014
2013-04-24,/lonely-boys/,yes,A+C,LONELY BOYS,jc,musica;video,arte;chichis;londres;lonely-boys;moun10;stream;video;vienna,20131126094923
2013-04-25,/raymondstock/,yes,A+C,RAYMONDSTOCK,jc,eventos;musica,alexico;colonia-roma;df;dj-smurphy;occultdanse;raymondstock;ritualz;selma-oxor;teehn-bwitches;vegan-cannibal,20131126101045
2013-04-26,/neverland-video/,yes,A+C,NEVERLAND [VIDEO],jc,musica;video,brite-aid;disco-gratis;download;houston;maligna;mp3;napoles;stream;video,20131126084213
2013-04-30,/coyote/,yes,A+C,COYOTE,jc,video,electric-set;indian-jewelry;maligna;neverstop;video,20131126084254
2013-04-30,/naka-naka-opal-tape/,yes,A+C,ÑAKA ÑAKA OPAL TAPE,jc,musica,mexico;naka-naka;nyc;opal-tapes;stream,20131126085216
2013-05-01,/dangerous-boys-club/,yes,A,DANGEROUS BOYS CLUB,jc,video,dais-records;dangerous-boys-club;video,20131126083043
2013-05-01,/perfect-blue/,yes,A,PERFECT BLUE,jc,musica,download;lemonade;mp3;stream,20131126084643
2013-05-02,/soft/,yes,A,SOFT,jc,video,austin;feathers;nyc;nyx;video,20131126085207
2013-05-02,/tell-me/,yes,A,TELL ME,jc,musica,captured-tracks;los-angeles;soft-metals;stream,20131126084237
2013-05-03,/holograms/,yes,A,HOLOGRAMS,jc,video,butterclock;fantasy;video,20131126090055
2013-05-06,/broken/,yes,A,BROKEN,jc,video,nine-inch-nails;nsfw;pelicula;peter-christopherson;snuff;video,20131126104338
2013-05-07,/electric-set-everything-in-your-power-mal009/,yes,A,ELECTRIC SET - EVERYTHING IN YOUR POWER [MAL009],jc,musica,disco-gratis;downdload;electric-set;maligna;mp3;neverstop;nyc;stream,20131126083415
2013-05-13,/%E3%81%8D%E3%82%83%E3%82%8A%E3%83%BC%E3%81%B1%E3%81%BF%E3%82%85%E3%81%B1%E3%81%BF%E3%82%85-%E3%82%A4%E3%83%B3%E3%83%99%E3%83%BC%E3%83%80%E3%83%BC%E3%82%A4%E3%83%B3%E3%83%99%E3%83%BC%E3%83%80/,yes,A,きゃりーぱみゅぱみゅ - インベーダーインベーダー,jc,video,japon;kyary-pamyu-pamyu;video,20131126084058
2013-05-15,/dstvv/,yes,A,DSTVV,jc,video,dstvv;san-francisco;video;wormhole-records,20131126082823
2013-05-17,/aura-team-rockit/,yes,A,aura - team rockit,cas,uncategorized,sincerely-yours;team-rockit,20131126084646
2013-05-21,/one-place/,yes,A,ONE PLACE,jc,video,italia;italy;tying-tiffany;video;zerokilled-music,20131126091833
2013-05-21,/the-eternal-internet-brotherhood/,yes,A,THE ETERNAL INTERNET BROTHERHOOD,tomas-diaz,arte-2;entrevistas,angelo-plassas;arte;entrevista;internet;the-eternal-internet-brotherood,20131126084308
2013-05-22,/black-skinhead/,yes,A+C,BLACK SKINHEAD,jc,video,chicago;def-jam;good-music;kanye-west;roc-nation;roc-a-fella;snl;video,20131126082828
2013-05-27,/gun/,yes,A+C,GUN,jc,musica,chvrches;glasgow;goodbye-records;stream,20131126084503
2013-05-28,/little-fetish/,yes,A+C,LITTLE FETISH,jc,musica,chile;hdxd;maligna;mexico;stream,20131126084553
2013-05-30,/the-architect/,yes,A+C,THE ARCHITECT,el-carlos,musica,detroit;kyle-hall;wild-oats-music,20131126091845
2013-05-31,/affection/,yes,A+C,AFFECTION,jc,uncategorized,bandwagon;crystal-castles;toronto;trap;video,20131126082840
2013-06-04,/hdxd-demoticon-mal010/,yes,A,HDXD - DEMOTICON [MAL010],jc,musica,chile;disco-gratis;download;hdxd;maligna;mexico;mp3,20131126084406
2013-06-10,/june/,yes,A,JUNE,jc,video,dj-smurphy;maligna;mexico;video,20131126084434
2013-06-11,/revengeance-mixtape/,yes,A,REVENGEANCE Mixtape,cas,musica,download;mp3;stream;yen-tech,20131126102551
2013-06-11,/tarot/,yes,A,TAROT,el-carlos,video,100-silk;alex-burkat,20131126091903
2013-06-11,/yo-te-quiero-calavera/,yes,A,YO TE QUIERO CALAVERA,jc,video,colombia;la-minitk-del-miedo;video,20131126084537
2013-06-13,/fostercare-b-sides/,yes,A,FOSTERCARE B-SIDES,jc,musica,fostearcare;minneapolis;stream,20131126100834
2013-06-14,/the-ring-modulator/,yes,A,THE RING MODULATOR,el-carlos,musica,crackboy;sanfuentes-records;stream,20131126113517
2013-06-17,/gesaffelstein-pursuit/,yes,A,GESAFFELSTEIN - PURSUIT,jc,video,gesaffelstein;paris;video,20131126095056
2013-06-18,/levantate-diegors/,yes,A,LEVANTATE DIEGORS,el-carlos,video,chile;comeme;matias-aguayo,20140109200412
2013-06-25,/%ED%8B%B0%EC%95%84%EB%9D%BC-n4-%EC%A0%84%EC%9B%90%EC%9D%BC%EA%B8%B0/,yes,A,티아라 N4 - 전원일기,jc,video,k-pop;seoul;t-ara;t-ara-n4;video,20140102150510
2013-06-25,/avalanche-slow/,yes,A+C,AVALANCHE SLOW,jc,video,adelle;florence-and-the-machine;phoenix;sacred-bones-records;video;zola-jesus,20140404044259
2013-06-25,/just-for-hits-richard-dawkins/,yes,A+C,JUST FOR HITS RICHARD DAWKINS,jc,arte-2,internet;richard-dawkins;the-saatchi-saatchi-new-directors-showcase,20150220145453
2013-06-25,/the-firm/,yes,A+C,THE FIRM,jc,video,alemania;funker-vogt;out-of-line,20140102150856
2013-06-28,/nin-x-david-lynch/,yes,A+C,NIN x DAVID LYNCH,jc,video,columbia-records;david-lynch;los-angeles;nine-inch-nails;video,20140601045220
2013-06-28,/nommo-ogo/,yes,A+C,NOMMO OGO,jc,musica;video,anchorage;nommo-ogo;record-label-records;stream;video,20140601065717
2013-07-03,/later-fags/,yes,A+C,LATER FAGS,jc,arte-2,chavvos-was-here;death-to-posers;el-adios;mexico;negative-youth,20140601013948
,/about,yes,A,,,,,20110207073038
,/archive,yes,A,,,,,20110207072924
,/ask,yes,A,,,,,20110207072333
,/freak-out-2/,yes,A,,,,,20131126110713
,/mobile,yes,A,,,,,20110207073043
,/nosotros,yes,A,,,,,20110207072357
,/post/2946548866/black-metal-kids,yes,A,,,,,20110204205842
,/post/3053617238/alexico-gordo-grande-y-marica,yes,A,,,,,20110205125241
,/tagged/alexico,yes,A,,,,,20110207073102
,/tagged/gatekeeper/,yes,A,,,,,20140530004814
,/tagged/video,yes,A,,,,,20110207073106
