path,kind,status,detail,bytes,expected_length,stamp
/,homepage,ok,digest ok,168371,32740,20131030072153id_
/%D0%BC%D0%B8%D1%88%D0%BA%D0%B0-the-guide-to-grave-wave-2/,post,ok,digest ok,164588,34924,20131126100658id_
/%D0%BC%D0%B8%D1%88%D0%BA%D0%B0-the-guide-to-grave-wave-2/feed/,feed,ok,digest ok,860,894,20140109203908id_
/%E2%80%A0%E2%80%A0-the-coven-%E2%80%A0%E2%80%A0/,post,ok,digest ok,167987,35756,20131126093518id_
/%E2%80%A0%E2%80%A0-the-coven-%E2%80%A0%E2%80%A0/feed/,feed,ok,digest ok,823,848,20140109204625id_
/%E2%80%A0%E2%80%A1%E2%80%A0-halloween-2010-2/,post,ok,digest ok,163748,34165,20131126092020id_
/%E2%80%A0%E2%80%A1%E2%80%A0-halloween-2010-2/feed/,feed,ok,digest ok,818,856,20140109194623id_
/%E2%80%A0-de%E2%96%B2d-virgin-%C2%9D%E2%80%A0-2/,post,ok,digest ok,162530,33972,20131126094229id_
/%E2%80%A0-de%E2%96%B2d-virgin-%C2%9D%E2%80%A0-2/feed/,feed,ok,digest ok,823,872,20140109202611id_
/%E2%96%82%E2%96%85%E2%96%87%E2%96%88%E2%96%93%E2%96%91%E2%9C%8C%E2%9C%8C%E2%9C%8C%E2%96%91%E2%96%93%E2%96%88%E2%96%87%E2%96%85%E2%96%82-2/,post,ok,digest ok,164617,33990,20131126112900id_
/%E2%96%82%E2%96%85%E2%96%87%E2%96%88%E2%96%93%E2%96%91%E2%9C%8C%E2%9C%8C%E2%9C%8C%E2%96%91%E2%96%93%E2%96%88%E2%96%87%E2%96%85%E2%96%82-2/feed/,feed,ok,digest ok,1025,900,20140110220218id_
/%E2%96%B2%E2%80%A0%E2%96%B2-2/,post,ok,digest ok,163399,34524,20131126100825id_
/%E2%96%B2%E2%80%A0%E2%96%B2-2/feed/,feed,ok,digest ok,775,846,20140109201658id_
/%E2%96%BC%E2%96%B2%E2%96%BC-vagina-vangi-2/,post,ok,digest ok,163167,34180,20131126091705id_
/%E2%96%BC%E2%96%B2%E2%96%BC-vagina-vangi-2/feed/,feed,ok,digest ok,812,858,20140109193853id_
/%E2%96%BC%E2%96%B2%E2%96%BC-vagina-vangi-orthodox-2/,post,ok,digest ok,164130,34438,20131126110213id_
/%E2%96%BC%E2%96%B2%E2%96%BC-vagina-vangi-orthodox-2/feed/,feed,ok,digest ok,847,882,20140110213740id_
/%E2%97%95%E2%96%B2-%E2%99%A8-%E2%98%AF-hippie-new-year%E2%98%AF-%E2%99%A8-%E2%96%B2%E2%97%95/,post,ok,digest ok,166149,34867,20131126104252id_
/%E2%97%95%E2%96%B2-%E2%99%A8-%E2%98%AF-hippie-new-year%E2%98%AF-%E2%99%A8-%E2%96%B2%E2%97%95/feed/,feed,ok,digest ok,1579,1105,20140110212701id_
/%E3%81%8D%E3%82%83%E3%82%8A%E3%83%BC%E3%81%B1%E3%81%BF%E3%82%85%E3%81%B1%E3%81%BF%E3%82%85-%E3%81%A4%E3%81%91%E3%81%BE%E3%81%A4%E3%81%91%E3%82%8B/,post,ok,digest ok,166131,34204,20131126112727id_
/%E3%81%8D%E3%82%83%E3%82%8A%E3%83%BC%E3%81%B1%E3%81%BF%E3%82%85%E3%81%B1%E3%81%BF%E3%82%85-%E3%81%A4%E3%81%91%E3%81%BE%E3%81%A4%E3%81%91%E3%82%8B/feed/,feed,ok,digest ok,2303,1180,20140110213226id_
/%E3%81%8D%E3%82%83%E3%82%8A%E3%83%BC%E3%81%B1%E3%81%BF%E3%82%85%E3%81%B1%E3%81%BF%E3%82%85-%E3%81%B5%E3%82%8A%E3%81%9D%E3%81%A7%E3%83%BC%E3%81%97%E3%82%87%E3%82%93/,post,ok,digest ok,163479,33567,20131126092306id_
/%E3%81%8D%E3%82%83%E3%82%8A%E3%83%BC%E3%81%B1%E3%81%BF%E3%82%85%E3%81%B1%E3%81%BF%E3%82%85-%E3%81%B5%E3%82%8A%E3%81%9D%E3%81%A7%E3%83%BC%E3%81%97%E3%82%87%E3%82%93/feed/,feed,ok,digest ok,1095,936,20140109200442id_
/%E3%81%8D%E3%82%83%E3%82%8A%E3%83%BC%E3%81%B1%E3%81%BF%E3%82%85%E3%81%B1%E3%81%BF%E3%82%85-%E3%82%A4%E3%83%B3%E3%83%99%E3%83%BC%E3%83%80%E3%83%BC%E3%82%A4%E3%83%B3%E3%83%99%E3%83%BC%E3%83%80/,post,ok,digest ok,163961,33520,20131126084058id_
/%E3%81%8D%E3%82%83%E3%82%8A%E3%83%BC%E3%81%B1%E3%81%BF%E3%82%85%E3%81%B1%E3%81%BF%E3%82%85-%E3%82%A4%E3%83%B3%E3%83%99%E3%83%BC%E3%83%80%E3%83%BC%E3%82%A4%E3%83%B3%E3%83%99%E3%83%BC%E3%83%80/feed/,feed,ok,digest ok,1161,934,20140109194917id_
/%E3%81%8D%E3%82%83%E3%82%8A%E3%83%BC%E3%81%B1%E3%81%BF%E3%82%85%E3%81%B1%E3%81%BF%E3%82%85-%E3%83%95%E3%82%A1%E3%83%83%E3%82%B7%E3%83%A7%E3%83%B3%E3%83%A2%E3%83%B3%E3%82%B9%E3%82%BF%E3%83%BC/,post,ok,digest ok,164275,33650,20131126091825id_
/%E3%81%8D%E3%82%83%E3%82%8A%E3%83%BC%E3%81%B1%E3%81%BF%E3%82%85%E3%81%B1%E3%81%BF%E3%82%85-%E3%83%95%E3%82%A1%E3%83%83%E3%82%B7%E3%83%A7%E3%83%B3%E3%83%A2%E3%83%B3%E3%82%B9%E3%82%BF%E3%83%BC/feed/,feed,ok,digest ok,1158,959,20140109192543id_
/%E3%81%8D%E3%82%83%E3%82%8A%E3%83%BC%E3%81%B1%E3%81%BF%E3%82%85%E3%81%B1%E3%81%BF%E3%82%85-candy-candy/,post,ok,digest ok,164233,34064,20131126084915id_
/%E3%81%8D%E3%82%83%E3%82%8A%E3%83%BC%E3%81%B1%E3%81%BF%E3%82%85%E3%81%B1%E3%81%BF%E3%82%85-candy-candy/feed/,feed,ok,digest ok,953,896,20140109191551id_
/%E6%83%85%E5%A0%B1%E3%83%87%E3%82%B9%E3%82%AFvirtual/,post,ok,digest ok,164345,34600,20131126095619id_
/%E6%83%85%E5%A0%B1%E3%83%87%E3%82%B9%E3%82%AFvirtual/feed/,feed,ok,digest ok,832,883,20140109202329id_
/%ED%8B%B0%EC%95%84%EB%9D%BC-n4-%EC%A0%84%EC%9B%90%EC%9D%BC%EA%B8%B0/,post,ok,digest ok,38482,9707,20140102150510id_
/1-2/,post,ok,digest ok,160349,33446,20131126121721id_
/1-2/feed/,feed,ok,digest ok,714,806,20140110214218id_
/18-ft-aids-3d-nectar/,post,ok,digest ok,161717,33693,20131126091617id_
/18-ft-aids-3d-nectar/feed/,feed,ok,digest ok,775,847,20140109191055id_
/18-mixtape/,post,ok,digest ok,161471,33632,20131126121842id_
/18-mixtape/feed/,feed,ok,digest ok,737,820,20140110215557id_
/18/,post,ok,digest ok,161597,33743,20131126110328id_
/18/feed/,feed,ok,digest ok,713,806,20140110213458id_
/2010/,date_archive,ok,digest ok,165126,32702,20131126102247id_
/2010/10/,date_archive,ok,digest ok,165976,32986,20131126102305id_
/2010/11/,date_archive,ok,digest ok,166055,32958,20131126113020id_
/2010/12/,date_archive,ok,digest ok,165146,32658,20131126112431id_
/2011-2/,post,ok,digest ok,62508,14566,20110718224613id_
/2011/,date_archive,ok,digest ok,166613,33043,20131126094828id_
/2011/01/,date_archive,ok,digest ok,165440,32997,20131126112952id_
/2011/02/,date_archive,ok,digest ok,166816,33226,20131126113429id_
/2011/03/,date_archive,ok,digest ok,166399,33156,20131126122457id_
/2011/04/,date_archive,ok,digest ok,166136,33027,20131126125543id_
/2011/05/,date_archive,ok,digest ok,165458,32957,20131126101455id_
/2011/06/,date_archive,ok,digest ok,166293,32927,20131126112943id_
/2011/07/,date_archive,ok,digest ok,166920,33162,20131126090317id_
/2011/08/,date_archive,ok,digest ok,166573,33277,20131126110043id_
/2011/09/,date_archive,ok,digest ok,166748,33299,20131126090258id_
/2011/10/,date_archive,ok,digest ok,167559,33208,20131126113006id_
/2011/11/,date_archive,ok,digest ok,166817,33014,20131126091852id_
/2011/12/,date_archive,ok,digest ok,166556,33042,20131126110850id_
/2012/,date_archive,ok,digest ok,166086,32923,20131126082938id_
/2012/01/,date_archive,ok,digest ok,167339,33328,20131126125916id_
/2012/02/,date_archive,ok,digest ok,167084,33212,20131126092407id_
/2012/03/,date_archive,ok,digest ok,165947,32936,20131126084513id_
/2012/04/,date_archive,ok,digest ok,166734,32940,20131126090044id_
/2012/05/,date_archive,ok,digest ok,166932,33231,20131126082518id_
/2012/06/,date_archive,ok,digest ok,166832,33084,20131126105934id_
/2012/07/,date_archive,ok,digest ok,167301,33232,20131126093423id_
/2012/08/,date_archive,ok,digest ok,166430,32960,20131126105916id_
/2012/09/,date_archive,ok,digest ok,166459,33069,20131126093308id_
/2012/10/,date_archive,ok,digest ok,166200,33002,20131126083105id_
/2012/11/,date_archive,ok,digest ok,166596,33103,20131126093704id_
/2012/12/,date_archive,ok,digest ok,166083,32892,20131126095600id_
/2013-1/,post,ok,digest ok,164875,34638,20131126091742id_
/2013-1/feed/,feed,ok,digest ok,1488,1102,20140109191859id_
/2013/,date_archive,ok,digest ok,165073,32290,20131126090219id_
/2013/01/,date_archive,ok,digest ok,165698,32658,20131126084753id_
/2013/02/,date_archive,ok,digest ok,165030,32293,20131126090030id_
/2013/03/,date_archive,ok,digest ok,164593,32376,20131126082454id_
/2013/04/,date_archive,ok,digest ok,167408,33119,20131126082508id_
/2013/05/,date_archive,ok,digest ok,165222,32572,20131126084534id_
/2013/06/,date_archive,ok,digest ok,165181,32352,20131126093301id_
/21st-century-screw-2/,post,ok,digest ok,162026,33799,20131126091832id_
/21st-century-screw-2/feed/,feed,ok,digest ok,764,832,20140109194328id_
/3d-slut-iii/,post,ok,digest ok,162356,33841,20131126091541id_
/3d-slut-iii/feed/,feed,ok,digest ok,739,819,20140109195200id_
/4-minute-ready-go/,post,ok,digest ok,161503,33604,20131126112949id_
/4-minute-ready-go/feed/,feed,ok,digest ok,765,841,20140110214402id_
/6-foot-7-foot-2/,post,ok,digest ok,63107,14854,20110718222537id_
/6-foot-7-foot/,post,ok,digest ok,162074,33837,20131126112355id_
/6-foot-7-foot/feed/,feed,ok,digest ok,745,817,20140110212126id_
/_host/cas.negativeyouth.net/robots.txt,exclude,ok,digest ok,274,574,20170127214609id_
/_host/cas.negativeyouth.net/tb/style.css,css,ok,digest ok,6497,2325,20160208083348id_
/_host/maligna.negativeyouth.net/favicon.ico,image,ok,digest ok,822,548,20131104094138id_
/_host/maligna.negativeyouth.net/robots.txt,exclude,ok,digest ok,274,576,20170130124029id_
/_host/maligna.negativeyouth.net/wp-content/uploads/2013/09/LINKIN-PARK-ART-900.jpg,image,ok,digest ok,743175,728698,20131103231841id_
/_host/maligna.negativeyouth.net/wp-content/uploads/2013/09/hdxd.jpg,image,ok,digest ok,211516,197859,20131103232705id_
/_host/maligna.negativeyouth.net/wp-content/uploads/2013/09/maligna-2.jpg,image,ok,digest ok,257290,248533,20131103232316id_
/_host/www.negativeyouth.net/robots.txt,exclude,ok,"shorter than indexed (59 vs 446), content valid",59,446,20140601065919id_
/a-tooth-for-an-eye/,post,ok,digest ok,160590,33341,20131126100927id_
/a-tooth-for-an-eye/feed/,feed,ok,digest ok,760,830,20140109202059id_
/a-tribe-called-red/,post,ok,digest ok,163709,34208,20131126090038id_
/a-tribe-called-red/feed/,feed,ok,digest ok,760,829,20140109193325id_
/aap-rocky-brand-new-guy/,post,ok,digest ok,161584,33622,20131126093413id_
/aap-rocky-brand-new-guy/feed/,feed,ok,digest ok,784,852,20140109200631id_
/aap-rocky-goldie/,post,ok,digest ok,162604,34087,20131126082813id_
/aap-rocky-goldie/feed/,feed,ok,digest ok,763,841,20140109190204id_
/aaron-spectre-lion-mix/,post,ok,digest ok,161501,33539,20131126094907id_
/aaron-spectre-lion-mix/feed/,feed,ok,digest ok,772,839,20140109195957id_
/about,page,ok,digest ok,26693,6388,20110207073038id_
/about/,page,ok,digest ok,153629,31187,20130621024203id_
/active-child-how-to-dress-well/,post,ok,digest ok,161191,33505,20131126100627id_
/active-child-how-to-dress-well/feed/,feed,ok,digest ok,798,849,20140109203933id_
/actually-huizenga-live-softrock-1-3/,post,ok,digest ok,167849,35130,20131126082512id_
/actually-huizenga-live-softrock-1-3/feed/,feed,missing,,0,862,
/actually/,post,ok,digest ok,162243,33955,20131126111139id_
/actually/feed/,feed,ok,digest ok,1469,1100,20140110212336id_
/adeptus-from-the-valley/,post,ok,digest ok,165370,34895,20131126092146id_
/adeptus-from-the-valley/feed/,feed,ok,digest ok,783,851,20140109191854id_
/adeptus/,post,ok,digest ok,162450,33799,20131126105813id_
/adeptus/feed/,feed,ok,digest ok,727,814,20140110213207id_
/affection/,post,ok,digest ok,161063,33410,20131126082840id_
/affection/feed/,feed,ok,digest ok,733,816,20140109182720id_
/aftermath-negative-youth-presenta-pictureplane-df/,post,ok,digest ok,173164,36340,20131126094904id_
/aftermath-negative-youth-presenta-pictureplane-df/feed/,feed,ok,digest ok,5896,2016,20140109201104id_
/alexico-aranas/,post,ok,digest ok,166642,35922,20131126084647id_
/alexico-aranas/feed/,feed,ok,digest ok,757,843,20140109191812id_
/alexico-el-nombre-del-perro/,post,ok,digest ok,162940,33955,20131126102239id_
/alexico-el-nombre-del-perro/feed/,feed,ok,digest ok,795,859,20140110211312id_
/alexico-gordo-grande-y-marica-2/,post,ok,digest ok,62529,14547,20110718230627id_
/alexico-gordo-grande-y-marica/,post,ok,digest ok,161364,33582,20131126085841id_
/alexico-gordo-grande-y-marica/feed/,feed,ok,digest ok,793,848,20140109191338id_
/alexico-se-pone-bilet-con-vegan-cannibal/,post,ok,digest ok,163841,34299,20131126090417id_
/alexico-se-pone-bilet-con-vegan-cannibal/feed/,feed,ok,digest ok,1573,1138,20140109192555id_
/alien-amv/,post,ok,digest ok,160474,33316,20131126100919id_
/alien-amv/feed/,feed,ok,digest ok,733,820,20140109203722id_
/all-american-orgy-2/,post,ok,digest ok,62790,14743,20110718225848id_
/all-your-gifs-are-belong-to-us/,post,ok,digest ok,167896,36228,20131126083035id_
/all-your-gifs-are-belong-to-us/feed/,feed,missing,,0,1025,
/alternative-ulster-sub-rosa/,post,ok,digest ok,168638,36614,20130729084740id_
/alternative-ulster-sub-rosa/feed/,feed,ok,digest ok,792,842,20131214022837id_
/amanda-palmer-map-of-tasmania-2/,post,ok,digest ok,63289,14837,20110718230935id_
/ambalance/,post,ok,digest ok,162543,34007,20131126122419id_
/ambalance/feed/,feed,ok,digest ok,733,817,20140110221919id_
/ambassadeurs-m-o-p-e/,post,ok,digest ok,162095,33738,20131126125553id_
/ambassadeurs-m-o-p-e/feed/,feed,ok,digest ok,774,846,20140110221130id_
/amber-ibarreche-kewl-girl/,post,ok,digest ok,163586,34319,20131126093419id_
/amber-ibarreche-kewl-girl/feed/,feed,ok,digest ok,1751,1178,20140109204602id_
/amber-ibarreche-she-dont-no-me/,post,ok,digest ok,162551,33781,20131126084824id_
/amber-ibarreche-she-dont-no-me/feed/,feed,ok,digest ok,804,860,20140109191717id_
/american-juggalo/,post,ok,digest ok,162895,33985,20131126113132id_
/american-juggalo/feed/,feed,ok,digest ok,754,831,20140111005032id_
/american-noise/,post,ok,digest ok,162372,33859,20131126085158id_
/american-noise/feed/,feed,ok,digest ok,748,827,20140109192045id_
/ana-caprix-yours-feat-taylor-swift/,post,ok,digest ok,161865,33623,20131104003753id_
/ana-caprix-yours-feat-taylor-swift/feed/,feed,ok,digest ok,819,872,20140109191001id_
/ana-caprix/,post,ok,digest ok,162618,34074,20131126085906id_
/ana-caprix/feed/,feed,ok,digest ok,736,820,20140109193113id_
/angelina-pivarnick-im-hot-2/,post,ok,digest ok,63324,14909,20110718224014id_
/angelina-pivarnick-im-hot/,post,ok,digest ok,162407,33844,20131126103603id_
/angelina-pivarnick-im-hot/feed/,feed,ok,digest ok,796,860,20140110213755id_
/antes-de-que-nos-olviden-3/,post,ok,digest ok,166180,35530,20131126112347id_
/antes-de-que-nos-olviden-3/feed/,feed,ok,digest ok,782,845,20140110213129id_
/antes-de-que-nos-olviden-4/,post,ok,digest ok,165747,34739,20131126112339id_
/antes-de-que-nos-olviden-4/feed/,feed,ok,digest ok,782,845,20140110213801id_
/antwon-living-everydream-prod-pictureplane/,post,ok,digest ok,163425,34160,20131126093439id_
/antwon-living-everydream-prod-pictureplane/feed/,feed,ok,digest ok,843,888,20140109202215id_
/apache-warrior/,post,ok,digest ok,164501,34901,20131126121716id_
/apache-warrior/feed/,feed,ok,digest ok,748,825,20140110214214id_
/apart/,post,ok,digest ok,161156,33557,20131126094120id_
/apart/feed/,feed,ok,digest ok,721,811,20140109202954id_
/apes/,post,ok,digest ok,161820,33842,20131126095320id_
/apes/feed/,feed,ok,digest ok,718,810,20140109202256id_
/apocalyptic-bote-shaking/,post,ok,digest ok,163122,34029,20131126085648id_
/apocalyptic-bote-shaking/feed/,feed,ok,digest ok,778,842,20140109193839id_
/araab-weekend-2/,post,ok,digest ok,162308,33888,20131126105743id_
/araab-weekend-2/feed/,feed,ok,digest ok,751,831,20140110212644id_
/araab-weekend/,post,ok,digest ok,162724,34077,20131126105807id_
/araab-weekend/feed/,feed,ok,digest ok,745,825,20140111005454id_
/araabmuzik/,post,ok,digest ok,162679,34014,20131126112506id_
/araabmuzik/feed/,feed,ok,digest ok,766,852,20140110212507id_
/arca-stretch-1-ep/,post,ok,digest ok,162027,33786,20131126093508id_
/arca-stretch-1-ep/feed/,feed,ok,digest ok,765,842,20140109200237id_
/archival-dirge-mix/,post,ok,digest ok,161617,33579,20131126085130id_
/archival-dirge-mix/feed/,feed,ok,digest ok,760,834,20140109193902id_
/archive,page,ok,digest ok,101304,13843,20110207072924id_
/arena/,post,ok,digest ok,161679,33640,20131126084234id_
/arena/feed/,feed,ok,digest ok,721,811,20140109184312id_
/armin-van-buuren-i-dont-own-you-white-ring-pikachu-remix/,post,ok,digest ok,162390,33724,20131126090242id_
/armin-van-buuren-i-dont-own-you-white-ring-pikachu-remix/feed/,feed,ok,digest ok,891,910,20140109191658id_
/art-of-wor-blood-will-have-blood/,post,ok,digest ok,162056,33843,20131126090628id_
/art-of-wor-blood-will-have-blood/feed/,feed,ok,digest ok,810,859,20140109194646id_
/art-thoughtz/,post,ok,digest ok,162048,33836,20131126093657id_
/art-thoughtz/feed/,feed,ok,digest ok,742,825,20140109203135id_
/ask,page,ok,digest ok,25926,5936,20110207072333id_
/aura-team-rockit/,post,ok,digest ok,160953,33450,20131126084646id_
/aura-team-rockit/feed/,feed,ok,digest ok,762,832,20140109195236id_
/author/cas/,author,ok,digest ok,165050,32619,20131126093255id_
/author/daniela-quant/,author,ok,digest ok,30940,7928,20140319144918id_
/author/eduardo-caudilio/,author,ok,digest ok,160658,31856,20130410221924id_
/author/eduardo-caudillo/,author,ok,digest ok,69483,14473,20110718225904id_
/author/el-carlos/,author,ok,digest ok,164290,32559,20131126082545id_
/author/ella/,author,ok,digest ok,41672,9437,20140315231953id_
/author/jc/,author,ok,digest ok,165043,32529,20131126112938id_
/author/victor/,author,ok,digest ok,41287,9253,20140319145010id_
/avalanche-slow/,post,ok,digest ok,37394,9583,20140404044259id_
/baby-sloth-spirit/,post,ok,digest ok,163267,34276,20131126112853id_
/baby-sloth-spirit/feed/,feed,ok,digest ok,757,831,20140110213532id_
/badd/,post,ok,digest ok,161870,33761,20131126125745id_
/badd/feed/,feed,ok,digest ok,718,811,20140110221004id_
/balam-acab-oh-why/,post,ok,digest ok,161890,33734,20131126100803id_
/balam-acab-oh-why/feed/,feed,ok,digest ok,766,841,20140109200401id_
/banned-from-mtv/,post,ok,digest ok,161838,33794,20131126093029id_
/banned-from-mtv/feed/,feed,ok,digest ok,751,829,20140109203014id_
/basketball/,post,ok,digest ok,162183,33956,20131126084359id_
/basketball/feed/,feed,ok,digest ok,736,820,20140109194952id_
/bb-pinkblue/,post,ok,digest ok,163110,34140,20131126094840id_
/bb-pinkblue/feed/,feed,missing,,0,823,
/beach-bum-im-go%E2%80%A0hsta-2/,post,ok,digest ok,161797,33827,20131126111129id_
/beach-bum-im-go%E2%80%A0hsta-2/feed/,feed,ok,digest ok,803,869,20140110212613id_
/bebetune/,post,ok,digest ok,162385,33969,20131126092051id_
/bebetune/feed/,feed,ok,digest ok,1498,1116,20140109192827id_
/bend-my-dick-to-my-ass/,post,ok,digest ok,160834,33431,20131126090221id_
/bend-my-dick-to-my-ass/feed/,feed,ok,digest ok,772,838,20140109192355id_
/best-coast-%E2%99%A5-wavves-2/,post,ok,digest ok,63064,14790,20110718224024id_
/best-coast-%E2%99%A5-wavves/,post,ok,digest ok,162222,33813,20131126094609id_
/best-coast-%E2%99%A5-wavves/feed/,feed,ok,digest ok,781,851,20140109203829id_
/beta-frontiers/,post,ok,digest ok,164148,34447,20131126125734id_
/beta-frontiers/feed/,feed,ok,digest ok,2680,1250,20140110222436id_
/better-off-alone/,post,ok,digest ok,161590,33721,20131126091712id_
/better-off-alone/feed/,feed,ok,digest ok,754,830,20140109191520id_
/big-magick-hustlas-2/,post,ok,digest ok,164263,34387,20131126112832id_
/big-magick-hustlas-2/feed/,feed,ok,digest ok,764,835,20140110214547id_
/bl%C2%A7%C2%A7d-%C3%B8u%E2%80%A0-%C2%A7pnnr%C2%A7-2/,post,ok,digest ok,64081,15162,20110718230940id_
/bl%C2%A7%C2%A7d-ou%E2%80%A0-%C2%A7pnnr%C2%A7/,post,ok,digest ok,163478,34260,20131126111159id_
/bl%C2%A7%C2%A7d-ou%E2%80%A0-%C2%A7pnnr%C2%A7/feed/,feed,ok,digest ok,825,877,20140110212710id_
/black-metal-kids-2/,post,ok,digest ok,161931,33731,20131126113353id_
/black-metal-kids-2/feed/,feed,ok,digest ok,758,830,20140110215325id_
/black-nails/,post,ok,digest ok,161032,33535,20131126112740id_
/black-nails/feed/,feed,ok,digest ok,739,822,20140110213528id_
/black-skinhead/,post,ok,digest ok,161268,33577,20131126082828id_
/black-skinhead/feed/,feed,ok,digest ok,748,827,20140109184512id_
/black-yellow-vs-green-yellow-2/,post,ok,digest ok,63569,14999,20110718224623id_
/black-yellow-vs-green-yellow/,post,ok,digest ok,162788,34024,20131126091733id_
/black-yellow-vs-green-yellow/feed/,feed,ok,digest ok,802,852,20140109200455id_
/blackmilk/,post,ok,digest ok,163298,34419,20131126091630id_
/blackmilk/feed/,feed,ok,digest ok,733,819,20140109191650id_
/blissed-out-drones-ritualz-remix/,post,ok,digest ok,162995,33880,20131126110153id_
/blissed-out-drones-ritualz-remix/feed/,feed,ok,digest ok,812,868,20140110212222id_
/blood-blood-blood/,post,ok,digest ok,161555,33505,20131126092110id_
/blood-blood-blood/feed/,feed,ok,digest ok,757,818,20140109191826id_
/blood-flow/,post,ok,digest ok,161051,33522,20131126084745id_
/blood-flow/feed/,feed,ok,digest ok,736,820,20140109192318id_
/blood-orange-champagne-coast/,post,ok,digest ok,162693,34043,20131126090201id_
/blood-orange-champagne-coast/feed/,feed,ok,digest ok,798,859,20140109194552id_
/blood-orange-neptune-ft-starchild/,post,ok,digest ok,164233,34363,20131126092339id_
/blood-orange-neptune-ft-starchild/feed/,feed,ok,digest ok,2229,1300,20140109193236id_
/bloody-knives/,post,ok,digest ok,161358,33538,20131126090231id_
/bloody-knives/feed/,feed,ok,digest ok,745,825,20140109194215id_
/boan/,post,ok,digest ok,163343,34326,20131126085150id_
/boan/feed/,feed,ok,digest ok,1215,1005,20140109193851id_
/bodyguard-sex-with-axe-on/,post,ok,digest ok,161922,33677,20131126082938id_
/bodyguard-sex-with-axe-on/feed/,feed,ok,digest ok,793,865,20140109182641id_
/bodyguard/,post,ok,digest ok,163108,34200,20131126113120id_
/bodyguard/feed/,feed,ok,digest ok,1378,1069,20140110214813id_
/bonsai-babies/,post,ok,digest ok,162622,34080,20131126102952id_
/bonsai-babies/feed/,feed,ok,digest ok,745,824,20140110213448id_
/bored-this-way-2/,post,ok,digest ok,165003,35265,20131126094207id_
/bored-this-way-2/feed/,feed,ok,digest ok,752,829,20140109203925id_
/born-this-way-2/,post,ok,digest ok,63621,15219,20110718225908id_
/born-this-way/,post,ok,digest ok,162679,34282,20131126104638id_
/born-this-way/feed/,feed,ok,digest ok,745,825,20140110212517id_
/boy-friend-2/,post,ok,digest ok,63572,15091,20110718224731id_
/boy-friend/,post,ok,digest ok,162527,34093,20131126125849id_
/boy-friend/feed/,feed,ok,digest ok,736,819,20140110222353id_
/boy-ruins-lives/,post,ok,digest ok,161879,33685,20131126082500id_
/boy-ruins-lives/feed/,feed,ok,digest ok,751,829,20140109190359id_
/boyfriend-x-zebra-katz/,post,ok,digest ok,162401,33866,20131126091630id_
/boyfriend-x-zebra-katz/feed/,feed,ok,digest ok,772,842,20140109193649id_
/brenmar-taking-it-down/,post,ok,digest ok,161414,33592,20131126110749id_
/brenmar-taking-it-down/feed/,feed,ok,digest ok,780,849,20140110213236id_
/brenmar-x-rihanna/,post,ok,digest ok,161916,33628,20131126093022id_
/brenmar-x-rihanna/feed/,feed,ok,digest ok,757,830,20140109203655id_
/brite-aid-sour-ep-mal004/,post,ok,digest ok,164155,34490,20131126084427id_
/brite-aid-sour-ep-mal004/feed/,feed,ok,digest ok,1199,1009,20140109184334id_
/broken/,post,ok,digest ok,161935,33752,20131126104338id_
/broken/feed/,feed,ok,digest ok,724,813,20140110212537id_
/brujjas-deejay-feat-hanna-shinohara/,post,ok,digest ok,163939,34316,20131126090431id_
/brujjas-deejay-feat-hanna-shinohara/feed/,feed,ok,digest ok,811,848,20140109194658id_
/bruxa/,post,ok,digest ok,162836,34154,20131126105833id_
/bruxa/feed/,feed,ok,digest ok,721,812,20140110213922id_
/butterclock-hustling-feat-ooooo/,post,ok,digest ok,162988,34064,20131126095844id_
/butterclock-hustling-feat-ooooo/feed/,feed,ok,digest ok,1462,1102,20140109204511id_
/c-e-o-shadow-msg-mordor-mixtape/,post,ok,digest ok,162867,33903,20131126110705id_
/c-e-o-shadow-msg-mordor-mixtape/feed/,feed,ok,digest ok,810,867,20140110213212id_
/call-her/,post,ok,digest ok,161418,33590,20131126084908id_
/call-her/feed/,feed,ok,digest ok,730,816,20140109191214id_
/campana-malignaritualz-en-indiegogo/,post,ok,digest ok,164578,34477,20131126093615id_
/campana-malignaritualz-en-indiegogo/feed/,feed,ok,digest ok,813,871,20140109202250id_
/cape-cod/,post,ok,digest ok,163237,34185,20131126084220id_
/cape-cod/feed/,feed,ok,digest ok,730,816,20140109191615id_
/car-windows/,post,ok,digest ok,160500,33353,20131126112935id_
/car-windows/feed/,feed,ok,digest ok,739,821,20140110213130id_
/casi-xiu-xiu-casi-deerhoof-2/,post,ok,digest ok,163142,34305,20131126110119id_
/casi-xiu-xiu-casi-deerhoof-2/feed/,feed,ok,digest ok,789,840,20140110212913id_
/cassie-king-of-hearts/,post,ok,digest ok,162705,34012,20131126102115id_
/cassie-king-of-hearts/feed/,feed,ok,digest ok,777,849,20140110194948id_
/cassie-trilogy/,post,ok,digest ok,162095,33861,20131126084855id_
/cassie-trilogy/feed/,feed,ok,digest ok,748,827,20140109195139id_
/catamaran/,post,ok,digest ok,163740,34510,20131126084722id_
/catamaran/feed/,feed,ok,digest ok,1245,1016,20140109194036id_
/category/articulos/,category,ok,digest ok,172943,35943,20131126104723id_
/category/entrevistas/,category,ok,digest ok,173339,36267,20131126093547id_
/category/eventos/,category,ok,"digest differs (unstable replay), content valid",49667,35544,20131126102418id_
/category/mixtapes/,category,ok,digest ok,168784,33621,20131126104715id_
/category/moda/,category,ok,digest ok,166505,34062,20131126100435id_
/category/moda/page/2/,category,ok,digest ok,44743,11290,20140318110741id_
/category/musica/,category,ok,digest ok,164616,32581,20131126093541id_
/category/musica/page/2/,category,ok,digest ok,156981,30930,20130407175544id_
/category/resenas/,category,ok,digest ok,97018,20480,20111222193026id_
/category/uncategorized/,category,ok,digest ok,61660,14266,20110517222126id_
/category/video/,category,ok,digest ok,163115,32291,20131126130051id_
/category/video/page/2/,category,ok,digest ok,38093,8160,20140103043412id_
/catnapp/,post,ok,digest ok,162813,34139,20131126094235id_
/catnapp/feed/,feed,ok,digest ok,727,814,20140109200510id_
/cel/,post,ok,digest ok,160450,33404,20131126092333id_
/cel/feed/,feed,ok,digest ok,715,808,20140109195141id_
/chainless/,post,ok,digest ok,161900,33737,20131126084217id_
/chainless/feed/,feed,ok,digest ok,733,818,20140109191434id_
/charli-xcx-so-far-away-princes-video-remix/,post,ok,digest ok,161545,33521,20131126104059id_
/charli-xcx-so-far-away-princes-video-remix/feed/,feed,ok,digest ok,842,887,20140110213622id_
/charli-xcx-stay-away-salems-angel-remix/,post,ok,digest ok,162734,33939,20131126112555id_
/charli-xcx-stay-away-salems-angel-remix/feed/,feed,ok,digest ok,840,884,20140110212513id_
/charli-xcx-youre-the-one/,post,ok,digest ok,162479,33946,20131126091623id_
/charli-xcx-youre-the-one/feed/,feed,ok,digest ok,793,855,20140109194625id_
/chillwave-checklist-2/,post,ok,digest ok,63679,15120,20110718224034id_
/chillwave-checklist/,post,ok,digest ok,162678,34145,20131126102231id_
/chillwave-checklist/feed/,feed,ok,digest ok,763,834,20140111004849id_
/chvrches/,post,ok,digest ok,161284,33499,20131126084241id_
/chvrches/feed/,feed,ok,digest ok,730,819,20140109183446id_
/clams-casino-im-god-instrumental/,post,ok,digest ok,163864,34457,20131126094158id_
/clams-casino-im-god-instrumental/feed/,feed,ok,digest ok,819,874,20140109202608id_
/classified/,post,ok,digest ok,161759,33709,20131126092300id_
/classified/feed/,feed,ok,digest ok,736,818,20140109200439id_
/cloud-aura/,post,ok,digest ok,161235,33519,20131126092346id_
/cloud-aura/feed/,feed,ok,digest ok,736,820,20140109193103id_
/coins/,post,ok,digest ok,161780,33846,20131126104315id_
/coins/feed/,feed,ok,digest ok,721,814,20140110212726id_
/cold-nites-koreless-remix/,post,ok,digest ok,161724,33718,20131126094541id_
/cold-nites-koreless-remix/feed/,feed,ok,digest ok,783,850,20140109202246id_
/cold-nites/,post,ok,digest ok,161588,33690,20131126095233id_
/cold-nites/feed/,feed,ok,digest ok,736,820,20140109203141id_
/come-clean-mallinali-rubalcaba-yautepec-2/,post,ok,digest ok,163249,34382,20131126110431id_
/come-clean-mallinali-rubalcaba-yautepec-2/feed/,feed,ok,digest ok,837,884,20140110213751id_
/comma-ruttus/,post,ok,digest ok,161851,33703,20131126105826id_
/comma-ruttus/feed/,feed,ok,digest ok,742,822,20140110213844id_
/comments/feed/,feed,ok,digest ok,9197,2902,20140210081941id_
/corona-capitalismo/,post,ok,digest ok,168855,36629,20131126092159id_
/corona-capitalismo/feed/,feed,ok,digest ok,1189,995,20140109192834id_
/corpcore-kingdom-remix/,post,ok,digest ok,163960,34386,20131126104116id_
/corpcore-kingdom-remix/feed/,feed,ok,digest ok,1497,1116,20140110212325id_
/cosmic-angel-the-illuminati-princess/,post,ok,digest ok,163407,34081,20131126082659id_
/cosmic-angel-the-illuminati-princess/feed/,feed,ok,digest ok,816,865,20140109190215id_
/coyote/,post,ok,digest ok,162018,33811,20131126084254id_
/coyote/feed/,feed,ok,digest ok,724,813,20140109190627id_
/crackbusting-angels-remixes-2/,post,ok,digest ok,70452,15935,20110718230951id_
/craxxxmurf-r-i-p/,post,ok,digest ok,161734,33667,20131205043421id_
/craxxxmurf-r-i-p/feed/,feed,ok,digest ok,763,841,20140109183355id_
/craxxxmurf/,post,ok,digest ok,162716,34039,20131126085918id_
/craxxxmurf/feed/,feed,ok,digest ok,736,822,20140109192246id_
/creep-animals-feat-holly-miranda/,post,ok,digest ok,163014,34109,20131126125830id_
/creep-animals-feat-holly-miranda/feed/,feed,ok,digest ok,1285,1048,20140110220252id_
/creep-days-2/,post,ok,digest ok,162469,33994,20131126112929id_
/creep-days-2/feed/,feed,ok,digest ok,748,831,20140110212723id_
/creep-feat-nina-sky-you-2/,post,ok,digest ok,63464,15015,20110718224045id_
/creep-feat-nina-sky-you/,post,ok,digest ok,162668,34069,20131126110533id_
/creep-feat-nina-sky-you/feed/,feed,ok,digest ok,784,850,20140110212532id_
/creep-nina-sky/,post,ok,digest ok,162503,34040,20131126110245id_
/creep-nina-sky/feed/,feed,ok,digest ok,1689,1175,20140110213311id_
/crime-fetish/,post,ok,digest ok,162369,33845,20131126094955id_
/crime-fetish/feed/,feed,ok,digest ok,742,825,20140109203438id_
/crossover-how-could-i-2/,post,ok,digest ok,63109,14755,20110718222609id_
/crystal-casltes-affection/,post,ok,digest ok,163016,34117,20131126100825id_
/crystal-casltes-affection/feed/,feed,ok,digest ok,1291,1046,20140109203158id_
/crystal-castles-iii/,post,ok,digest ok,162018,33771,20131126084309id_
/crystal-castles-iii/feed/,feed,ok,digest ok,763,836,20140109182447id_
/crystal-castles-plague/,post,ok,digest ok,162518,33889,20131126083815id_
/crystal-castles-plague/feed/,feed,ok,digest ok,780,848,20140109183113id_
/crystal-castles-robert-smith-2/,post,ok,digest ok,63465,14895,20110718224742id_
/curse/,post,ok,digest ok,162296,34041,20131126104156id_
/curse/feed/,feed,ok,digest ok,721,814,20140111004853id_
/cvlt-classics-hun-came/,post,ok,digest ok,162203,33798,20131126113220id_
/cvlt-classics-hun-came/feed/,feed,ok,digest ok,781,849,20140110214628id_
/d-medley/,post,ok,digest ok,161359,33683,20131126082926id_
/d-medley/feed/,feed,ok,digest ok,730,816,20140109183653id_
/damian-marley-nas-patience-2/,post,ok,digest ok,63179,14830,20110718225918id_
/damian-marley-nas-patience/,post,ok,digest ok,162251,33879,20131126085343id_
/damian-marley-nas-patience/feed/,feed,ok,digest ok,798,858,20140109193250id_
/dancing-anymore/,post,ok,digest ok,161166,33476,20131126101014id_
/dancing-anymore/feed/,feed,ok,digest ok,751,831,20140109203547id_
/dangerous-boys-club/,post,ok,digest ok,160692,33387,20131126083043id_
/dangerous-boys-club/feed/,feed,ok,digest ok,763,838,20140109191816id_
/dani-shivers-graves/,post,ok,digest ok,163036,34053,20131126113309id_
/dani-shivers-graves/feed/,feed,ok,digest ok,771,844,20140110214903id_
/dani-shivers-up/,post,ok,digest ok,163381,34473,20131126102459id_
/dani-shivers-up/feed/,feed,ok,digest ok,2018,1264,20140110202740id_
/dani-shivers-witch/,post,ok,digest ok,163157,34178,20131126105145id_
/dani-shivers-witch/feed/,feed,ok,digest ok,1629,1150,20140110213349id_
/dark-killer-dance-night/,post,ok,digest ok,166080,35226,20131126122150id_
/dark-killer-dance-night/feed/,feed,ok,digest ok,1401,1081,20140110214145id_
/dark-sister/,post,ok,digest ok,162245,33910,20131126104552id_
/dark-sister/feed/,feed,ok,digest ok,739,821,20140110212801id_
/dark-york/,post,ok,digest ok,163911,34486,20131126091856id_
/dark-york/feed/,feed,ok,digest ok,2363,1289,20140109191010id_
/darkbloom/,post,ok,digest ok,163017,33885,20131126125757id_
/darkbloom/feed/,feed,ok,digest ok,733,817,20140110222846id_
/das-racist-michael-jackson/,post,ok,digest ok,162190,33820,20131126112817id_
/das-racist-michael-jackson/feed/,feed,ok,digest ok,792,857,20140110213122id_
/david-lynch-good-day-todayi-know-2/,post,ok,digest ok,161975,33789,20131126091905id_
/david-lynch-good-day-todayi-know-2/feed/,feed,ok,digest ok,815,868,20140109191822id_
/de-la-cabeza/,post,ok,digest ok,163379,34335,20131126090210id_
/de-la-cabeza/feed/,feed,ok,digest ok,742,825,20140109192231id_
/deeeep-2/,post,ok,digest ok,62755,14567,20110718225303id_
/deeeep/,post,ok,digest ok,161247,33596,20131126112418id_
/deeeep/feed/,feed,ok,digest ok,724,812,20140110213312id_
/deon-al-qiyamah/,post,ok,digest ok,161963,33758,20131126092514id_
/deon-al-qiyamah/feed/,feed,ok,digest ok,766,844,20140109192321id_
/deon-feat-marie-jane-kiss-me/,post,ok,digest ok,162540,33893,20131126112733id_
/deon-feat-marie-jane-kiss-me/feed/,feed,ok,digest ok,805,861,20140111004857id_
/deon-music-for-keyboards-vol1/,post,ok,digest ok,162919,34059,20131126102109id_
/deon-music-for-keyboards-vol1/feed/,feed,ok,digest ok,808,869,20140110183354id_
/deon-transparency-how-to-dress-well-rework/,post,ok,digest ok,162703,33923,20131126120101id_
/deon-transparency-how-to-dress-well-rework/feed/,feed,ok,digest ok,849,888,20140110215306id_
/desert-strike-ep-stream/,post,ok,digest ok,162028,33789,20131126084548id_
/desert-strike-ep-stream/feed/,feed,ok,digest ok,777,844,20140109185615id_
/destroyer-remix/,post,ok,digest ok,163737,34395,20131126090320id_
/destroyer-remix/feed/,feed,ok,digest ok,753,831,20140109194545id_
/die-antwoord-rich-bitch-2/,post,ok,digest ok,63003,14711,20110718225928id_
/die-antwoord-rich-bitch/,post,ok,digest ok,162000,33700,20131126095726id_
/die-antwoord-rich-bitch/feed/,feed,ok,digest ok,783,846,20140109201500id_
/digital-latex-pattern-recognition-mal008/,post,ok,digest ok,162617,33734,20131126090209id_
/digital-latex-pattern-recognition-mal008/feed/,feed,ok,digest ok,836,884,20140109192253id_
/dipset-trance-party-2/,post,ok,digest ok,52881,12897,20110517222437id_
/dipset-trance-party/,post,ok,digest ok,162953,34207,20131126085312id_
/dipset-trance-party/feed/,feed,ok,digest ok,1638,1171,20140109192153id_
/disaro-o-f-f/,post,ok,digest ok,164421,34821,20131126094653id_
/disaro-o-f-f/feed/,feed,ok,digest ok,1344,1055,20140109202751id_
/dj-hoodcore/,post,ok,digest ok,162857,33954,20131126090035id_
/dj-hoodcore/feed/,feed,ok,digest ok,739,820,20140109191625id_
/dj-javier-estrada-adicta-fuck-you/,post,ok,digest ok,164062,34349,20131126094948id_
/dj-javier-estrada-adicta-fuck-you/feed/,feed,ok,digest ok,816,870,20140109203403id_
/dj-maquina-de-muerte-sangree/,post,ok,digest ok,165846,34792,20131126112703id_
/dj-maquina-de-muerte-sangree/feed/,feed,ok,digest ok,1788,1134,20140111004932id_
/dj-one-destiny-100back2school200-mix/,post,ok,digest ok,163880,34263,20131126110721id_
/dj-one-destiny-100back2school200-mix/feed/,feed,ok,digest ok,822,872,20140111005012id_
/dj-pablito-mix-moombathon-live-set-vol-1/,post,ok,digest ok,164662,34685,20131126093220id_
/dj-pablito-mix-moombathon-live-set-vol-1/feed/,feed,ok,digest ok,1781,1222,20140109202643id_
/dj-smurphy-nightwaves/,post,ok,digest ok,162627,33931,20131126110027id_
/dj-smurphy-nightwaves/feed/,feed,ok,digest ok,777,849,20140110212147id_
/dj-smurphy-smurphwave-mal006/,post,ok,digest ok,165481,34711,20131126090342id_
/dj-smurphy-smurphwave-mal006/feed/,feed,ok,digest ok,2435,1331,20140109192656id_
/dj-smurphy-troll-romance/,post,ok,digest ok,162328,33854,20131126084704id_
/dj-smurphy-troll-romance/feed/,feed,ok,digest ok,786,853,20140109193328id_
/dj-symbiotix/,post,ok,digest ok,173141,38204,20131126085736id_
/dj-symbiotix/feed/,feed,ok,digest ok,742,825,20140109192613id_
/dntel-enya-mixes/,post,ok,digest ok,161710,33604,20131126094923id_
/dntel-enya-mixes/feed/,feed,ok,digest ok,762,838,20140109200831id_
/do-it/,post,ok,digest ok,161829,33730,20131126093247id_
/do-it/feed/,feed,ok,digest ok,721,811,20140109200451id_
/dont/,post,ok,digest ok,161944,33656,20131126083424id_
/dont/feed/,feed,missing,,0,818,
/dream-affair/,post,ok,digest ok,161501,33607,20131126084903id_
/dream-affair/feed/,feed,ok,digest ok,742,824,20140109195105id_
/dresden-dresses/,post,ok,digest ok,161742,33654,20131126084737id_
/dresden-dresses/feed/,feed,ok,digest ok,751,824,20140109190932id_
/dressed-for-space/,post,ok,digest ok,161227,33522,20131126090605id_
/dressed-for-space/feed/,feed,ok,digest ok,757,831,20140109191635id_
/drift-kings/,post,ok,digest ok,161976,33712,20131126090346id_
/drift-kings/feed/,feed,ok,digest ok,739,822,20140109190659id_
/drones/,post,ok,digest ok,162047,33880,20131126094956id_
/drones/feed/,feed,ok,digest ok,1507,1114,20140109195623id_
/drugs-for-drunks-6-cassettes-2/,post,ok,digest ok,63858,14963,20110718230638id_
/drugs-for-drunks-6-cassettes/,post,ok,digest ok,162819,33944,20131126111049id_
/drugs-for-drunks-6-cassettes/feed/,feed,ok,digest ok,798,854,20140110213452id_
/drumcorps/,post,ok,digest ok,162451,33961,20131126090101id_
/drumcorps/feed/,feed,ok,digest ok,733,820,20140109192542id_
/dstvv/,post,ok,digest ok,161229,33434,20131126082823id_
/dstvv/feed/,feed,ok,digest ok,721,809,20140109182528id_
/dum-dum-girls-coverea-a-the-smiths-2/,post,ok,digest ok,63550,15015,20110718223513id_
/dum-dum-girls-coverea-a-the-smiths/,post,ok,digest ok,162737,34096,20131126110100id_
/dum-dum-girls-coverea-a-the-smiths/feed/,feed,ok,digest ok,808,859,20140110212540id_
/ecstasy-motherfuckers/,post,ok,digest ok,162990,34004,20131126121942id_
/ecstasy-motherfuckers/feed/,feed,ok,digest ok,769,837,20140110220904id_
/edges-of-vortex/,post,ok,digest ok,161520,33625,20131126084346id_
/edges-of-vortex/feed/,feed,ok,digest ok,751,828,20140109194315id_
/egyptian-wrinkle/,post,ok,digest ok,161817,33742,20131126095852id_
/egyptian-wrinkle/feed/,feed,ok,digest ok,754,830,20140109200912id_
/egyptrixx-start-from-the-beginning-2/,post,ok,digest ok,62977,14554,20110718223518id_
/egyptrixx-start-from-the-beginning/,post,ok,digest ok,161631,33541,20131126110145id_
/egyptrixx-start-from-the-beginning/feed/,feed,ok,digest ok,816,871,20140110212232id_
/el-trance-de-la-tia-nunia/,post,ok,digest ok,162072,33786,20131126095305id_
/el-trance-de-la-tia-nunia/feed/,feed,ok,digest ok,781,844,20140109201024id_
/electric-set-everything-in-your-power-mal009/,post,ok,digest ok,163739,33989,20131126083415id_
/electric-set-everything-in-your-power-mal009/feed/,feed,ok,digest ok,848,885,20140109183759id_
/elite-gymnastics-lifetrap/,post,ok,digest ok,161721,33660,20131126084439id_
/elite-gymnastics-lifetrap/feed/,feed,ok,digest ok,790,856,20140109195144id_
/elite-gymnastics/,post,ok,digest ok,171589,38110,20131126102150id_
/elite-gymnastics/feed/,feed,ok,digest ok,754,829,20140110193649id_
/ella-y-el-muerto/,post,ok,digest ok,162469,33975,20131126092059id_
/ella-y-el-muerto/feed/,feed,ok,digest ok,754,830,20140109191912id_
/emotional-physical/,post,ok,digest ok,162534,33904,20131126085107id_
/emotional-physical/feed/,feed,ok,digest ok,762,834,20140109195245id_
/ener-y-deci/,post,ok,digest ok,162319,33976,20131126113139id_
/ener-y-deci/feed/,feed,ok,digest ok,739,819,20140110214255id_
/entrevista-bl%C2%A7%C2%A7d-%C3%B8u%E2%80%A0-2/,post,ok,digest ok,73578,19027,20110718225314id_
/entrevista-blissed-out/,post,ok,digest ok,172754,38264,20131126125718id_
/entrevista-blissed-out/feed/,feed,ok,digest ok,776,857,20140110220329id_
/entrevista-con-jewels-of-the-nile-mp3s-2/,post,ok,digest ok,72217,18621,20110718231000id_
/entrevista-con-jewels-of-the-nile-mp3s/,post,ok,digest ok,171228,37706,20131126113459id_
/entrevista-con-jewels-of-the-nile-mp3s/feed/,feed,ok,digest ok,822,866,20140110214622id_
/entrevista-grimes-deon-parte-1-2/,post,ok,digest ok,172483,37785,20131126122216id_
/entrevista-grimes-deon-parte-1-2/feed/,feed,ok,digest ok,1431,1083,20140110214418id_
/entrevista-grimes-deon-parte-2-2/,post,ok,digest ok,177501,39188,20131126102934id_
/entrevista-grimes-deon-parte-2-2/feed/,feed,ok,digest ok,2011,1218,20140110213906id_
/entrevista-nicolas/,post,ok,digest ok,169885,36546,20131126082840id_
/entrevista-nicolas/feed/,feed,ok,digest ok,761,836,20140109185509id_
/ep-n/,post,ok,digest ok,161759,33689,20131126100932id_
/ep-n/feed/,feed,ok,digest ok,733,826,20140109195746id_
/estrategias-exitosas-de-estilos-de-vida-para-el-fin-del-mundo/,post,ok,digest ok,166678,34544,20131126084307id_
/estrategias-exitosas-de-estilos-de-vida-para-el-fin-del-mundo/feed/,feed,ok,digest ok,889,894,20140109183853id_
/eternity-zone/,post,ok,digest ok,164920,34818,20131126094035id_
/eternity-zone/feed/,feed,ok,digest ok,1917,1168,20140109204109id_
/eva-cherie/,post,ok,digest ok,163664,34250,20131126084412id_
/eva-cherie/feed/,feed,ok,digest ok,2584,1250,20140109182606id_
/everyone-not-everyone/,post,ok,digest ok,163251,34298,20131126082519id_
/everyone-not-everyone/feed/,feed,ok,digest ok,1711,1174,20140109182438id_
/everything-demo-ep/,post,ok,digest ok,164166,34476,20131126112926id_
/everything-demo-ep/feed/,feed,ok,digest ok,1673,1172,20140110220857id_
/everything-is-embarrassing-twin-shadow-remix/,post,ok,digest ok,162471,33762,20131126091908id_
/everything-is-embarrassing-twin-shadow-remix/feed/,feed,ok,digest ok,840,878,20140109193300id_
/everything-is-embarrassing-video/,post,ok,digest ok,163922,34224,20131126084125id_
/everything-is-embarrassing-video/feed/,feed,ok,digest ok,2467,1334,20140109193426id_
/evian-christ-no-experiences/,post,ok,digest ok,162832,34081,20131126083001id_
/evian-christ-no-experiences/feed/,feed,missing,,0,858,
/eww/,post,ok,digest ok,162264,33881,20131126091647id_
/eww/feed/,feed,ok,digest ok,715,806,20140109194428id_
/exo-game/,post,ok,digest ok,161927,33667,20131126084248id_
/exo-game/feed/,feed,ok,digest ok,725,812,20140109182653id_
/exo/,post,ok,digest ok,161912,33850,20131126084542id_
/exo/feed/,feed,ok,digest ok,715,809,20140109193347id_
/ez-does-it/,post,ok,digest ok,161199,33559,20131126092048id_
/ez-does-it/feed/,feed,missing,,0,833,
/f-m-sushi/,post,ok,digest ok,161158,33507,20131126084337id_
/f-m-sushi/feed/,feed,ok,digest ok,734,818,20140109192143id_
/facebook-suicide-watch-2/,post,ok,digest ok,161126,33437,20131126104532id_
/facebook-suicide-watch-2/feed/,feed,ok,digest ok,776,841,20140110212638id_
/fam-lay-look-into-my-eyes-lilinternet-killam-ave-remix/,post,ok,digest ok,162221,33688,20131126084747id_
/fam-lay-look-into-my-eyes-lilinternet-killam-ave-remix/feed/,feed,ok,digest ok,880,905,20140109194557id_
/fan-art-bedroom/,post,ok,digest ok,161253,33545,20131126112824id_
/fan-art-bedroom/feed/,feed,ok,digest ok,751,830,20140110212238id_
/fantorama-drama-plus/,post,ok,digest ok,161183,33547,20131126113330id_
/fantorama-drama-plus/feed/,feed,ok,digest ok,766,835,20140110220137id_
/fart-face-mix/,post,ok,digest ok,163009,34024,20131126084159id_
/fart-face-mix/feed/,feed,ok,digest ok,745,825,20140109182111id_
/fatima-al-qadiri-desert-strike-ep/,post,ok,digest ok,162056,33612,20131126083023id_
/fatima-al-qadiri-desert-strike-ep/feed/,feed,ok,digest ok,813,869,20140109190433id_
/fatima-al-qadiri-how-can-i-resist-u/,post,ok,digest ok,164430,34369,20131126085620id_
/fatima-al-qadiri-how-can-i-resist-u/feed/,feed,ok,digest ok,819,871,20140109195012id_
/fatima-al-qadiri-vatican-vibes/,post,ok,digest ok,165570,35014,20131126101515id_
/fatima-al-qadiri-vatican-vibes/feed/,feed,ok,digest ok,2047,1283,20140110211523id_
/fauna-negative-youth-mix-2013-1/,post,ok,digest ok,164780,34746,20131126084719id_
/fauna-negative-youth-mix-2013-1/feed/,feed,ok,digest ok,1467,1083,20140109192719id_
/fauna/,post,ok,digest ok,161544,33777,20131126082701id_
/fauna/feed/,feed,ok,digest ok,721,811,20140109184915id_
/favicon.ico,image,ok,digest ok,822,569,20130113201903id_
/feathers/,post,ok,digest ok,160707,33429,20131126093721id_
/feathers/feed/,feed,ok,digest ok,730,815,20140109203414id_
/featureless-ghost/,post,ok,digest ok,163075,34290,20131126084245id_
/featureless-ghost/feed/,feed,ok,digest ok,757,829,20140109182308id_
/feed/,feed,ok,digest ok,21196,5790,20110517221747id_
/feel-so-real/,post,ok,digest ok,160868,33438,20131126082911id_
/feel-so-real/feed/,feed,ok,digest ok,742,822,20140109183528id_
/feelings/,post,ok,digest ok,162671,34062,20131126093504id_
/feelings/feed/,feed,ok,digest ok,730,816,20140109202615id_
/festival-nrmal-2011-2/,post,ok,digest ok,65376,15780,20110718224105id_
/festival-nrmal-2011/,post,ok,digest ok,164310,34799,20131126105908id_
/festival-nrmal-2011/feed/,feed,ok,digest ok,763,827,20140110213218id_
/festival-nrmal-2012/,post,ok,digest ok,170722,35765,20131126125949id_
/festival-nrmal-2012/feed/,feed,ok,digest ok,5289,1802,20140110220459id_
/festival-revolver-2da-edicion/,post,ok,digest ok,164819,34363,20131126101033id_
/festival-revolver-2da-edicion/feed/,feed,ok,digest ok,2416,1271,20140109202938id_
/fever-ray-the-wolf-2/,post,ok,digest ok,162454,33901,20131126085327id_
/fever-ray-the-wolf-2/feed/,feed,ok,digest ok,772,844,20140109190636id_
/ff-pictureplane/,post,ok,digest ok,162661,34045,20131126104706id_
/ff-pictureplane/feed/,feed,ok,digest ok,2185,1269,20140110212451id_
/fiebre-rey-2/,post,ok,digest ok,164014,34553,20131126085848id_
/fiebre-rey-2/feed/,feed,ok,digest ok,741,821,20140109194847id_
/fifty-grand-exceptional/,post,ok,digest ok,162656,33896,20131126085252id_
/fifty-grand-exceptional/feed/,feed,ok,digest ok,783,851,20140109192652id_
/fifty-grand/,post,ok,digest ok,163421,34356,20131126084303id_
/fifty-grand/feed/,feed,ok,digest ok,739,818,20140109184628id_
/fin-de-ano-mixtape-2010-2/,post,ok,digest ok,62878,14713,20110718224748id_
/fin-de-ano-mixtape-2010/,post,ok,digest ok,162404,33908,20131126122333id_
/fin-de-ano-mixtape-2010/feed/,feed,ok,digest ok,776,846,20140110221455id_
/finally-boys/,post,ok,digest ok,163511,34067,20131126102410id_
/first-prom/,post,ok,digest ok,160773,33421,20131126095609id_
/first-prom/feed/,feed,ok,digest ok,736,820,20140109204302id_
/flosstradamus-total-recall/,post,ok,digest ok,163649,34243,20131126101334id_
/flosstradamus-total-recall/feed/,feed,ok,digest ok,1381,1055,20140109200927id_
/forever-ballin/,post,ok,digest ok,161474,33577,20131126084104id_
/forever-ballin/feed/,feed,ok,digest ok,748,828,20140109182853id_
/fostercare-altered-creature/,post,ok,digest ok,164005,34374,20131126094858id_
/fostercare-altered-creature/feed/,feed,ok,digest ok,1657,1150,20140109202311id_
/fostercare-b-sides/,post,ok,digest ok,161844,33715,20131126100834id_
/fostercare-b-sides/feed/,feed,ok,digest ok,760,832,20140109200658id_
/fostercare-long-clothing-mixtape/,post,ok,digest ok,164147,34310,20131126094817id_
/fostercare-long-clothing-mixtape/feed/,feed,ok,digest ok,810,867,20140109201543id_
/fostercare-remixes-01/,post,ok,digest ok,163660,34024,20131126093734id_
/fostercare-remixes-01/feed/,feed,ok,digest ok,778,848,20140109195805id_
/fostercare-sleepless/,post,ok,digest ok,161905,33730,20131126122017id_
/fostercare-sleepless/feed/,feed,ok,digest ok,774,844,20140110220908id_
/fostercare-sunfreeze-blown-out-refix-2/,post,ok,digest ok,62936,14562,20110718223538id_
/fostercare-sunfreeze-blown-out-refix/,post,ok,digest ok,161613,33586,20131126110949id_
/fostercare-sunfreeze-blown-out-refix/feed/,feed,ok,digest ok,824,875,20140110213720id_
/fostercare-the-empire-will-drain-u/,post,ok,digest ok,162100,33631,20131126121926id_
/fostercare-the-empire-will-drain-u/feed/,feed,ok,digest ok,816,870,20140110220920id_
/fotos-big-magick-hustlas-2/,post,ok,digest ok,161619,33543,20131126104603id_
/fotos-big-magick-hustlas-2/feed/,feed,ok,digest ok,783,847,20140110212651id_
/fotos-gatekeeper-irhell-2/,post,ok,digest ok,161520,33599,20131126094622id_
/fotos-gatekeeper-irhell-2/feed/,feed,ok,digest ok,782,846,20140109202418id_
/fotos-negative-%E2%80%A0-babes-2/,post,ok,digest ok,163719,34418,20131126125607id_
/fotos-negative-%E2%80%A0-babes-2/feed/,feed,ok,digest ok,797,852,20140911101112id_
/fotos-negative-%E2%80%A0-youth-2/,post,ok,digest ok,161928,33638,20131126120148id_
/fotos-negative-%E2%80%A0-youth-2/feed/,feed,ok,digest ok,795,844,20140110214141id_
/fotos-nrmal-2013/,post,ok,digest ok,160809,33416,20131126092000id_
/fotos-nrmal-2013/feed/,feed,ok,digest ok,754,829,20140109192427id_
/freak-out-2/,post,ok,digest ok,159267,32958,20131126110713id_
/freak-out/,post,ok,digest ok,163679,34391,20131126104543id_
/freak-out/feed/,feed,ok,digest ok,1461,1116,20140110213557id_
/freeblissedout-2/,post,ok,digest ok,164220,34714,20131126094720id_
/freeblissedout-2/feed/,feed,ok,digest ok,1541,1138,20140109204325id_
/fri-13th-mix/,post,ok,digest ok,162496,34046,20131126082623id_
/fri-13th-mix/feed/,feed,ok,digest ok,742,824,20140109183319id_
/full-hearts/,post,ok,digest ok,161619,33795,20131126082716id_
/full-hearts/feed/,feed,ok,digest ok,1279,1031,20140109190123id_
/full-of-fire/,post,ok,digest ok,161654,33683,20131126084446id_
/full-of-fire/feed/,feed,ok,digest ok,742,824,20140109182732id_
/funerals-marae/,post,ok,digest ok,162065,33787,20131126085703id_
/funerals-marae/feed/,feed,ok,digest ok,756,837,20140109194457id_
/futuro-tropical-2/,post,ok,digest ok,166553,35731,20131126102332id_
/futuro-tropical-2/feed/,feed,ok,digest ok,1576,1143,20140110203644id_
/games-strawberry-skies-feat-laurel-halo-2/,post,ok,digest ok,64450,15234,20110718231015id_
/games-strawberry-skies-feat-laurel-halo/,post,ok,digest ok,163622,34330,20131126091751id_
/games-strawberry-skies-feat-laurel-halo/feed/,feed,ok,digest ok,834,882,20140109194045id_
/gang-gang-dance-glass-jar-2/,post,ok,digest ok,162801,33986,20131126112622id_
/gang-gang-dance-glass-jar-2/feed/,feed,ok,digest ok,793,852,20140110213525id_
/gary-war-born-of-the-light/,post,ok,digest ok,162745,34028,20131126100537id_
/gary-war-born-of-the-light/feed/,feed,ok,digest ok,792,856,20140109200625id_
/gauntlet-hair-top-bunk/,post,ok,digest ok,161033,33461,20131126095909id_
/gauntlet-hair-top-bunk/feed/,feed,missing,,0,849,
/genesis/,post,ok,digest ok,160509,33378,20131126092009id_
/genesis/feed/,feed,ok,digest ok,727,813,20140109193622id_
/geneva-jacuzzi-bad-moods-2/,post,ok,digest ok,62888,14715,20110718222624id_
/geneva-jacuzzi-bad-moods/,post,ok,digest ok,161923,33701,20131126094044id_
/geneva-jacuzzi-bad-moods/feed/,feed,ok,digest ok,786,854,20140109200240id_
/geneva-jacuzzi-do-i-sad/,post,ok,digest ok,162063,33756,20131126125525id_
/geneva-jacuzzi-do-i-sad/feed/,feed,ok,digest ok,783,853,20140110222135id_
/gesaffelstein-pursuit/,post,ok,digest ok,160985,33354,20131126095056id_
/gesaffelstein-pursuit/feed/,feed,ok,digest ok,777,850,20140109203330id_
/ghost-raid/,post,ok,digest ok,161530,33563,20131126084705id_
/ghost-raid/feed/,feed,ok,digest ok,736,820,20140109192641id_
/gif-mashup-2/,post,ok,digest ok,62044,14500,20110718224121id_
/gif-mashup/,post,ok,digest ok,161258,33519,20131126100427id_
/gif-mashup/feed/,feed,ok,digest ok,736,819,20140109195836id_
/gimme-gimme-gimme/,post,ok,digest ok,162289,33903,20131126121906id_
/gimme-gimme-gimme/feed/,feed,ok,digest ok,757,820,20140110220901id_
/giza-gatekeeper-thunder-horse-2/,post,ok,digest ok,166291,34281,20131126094216id_
/giza-gatekeeper-thunder-horse-2/feed/,feed,ok,digest ok,800,852,20140109201118id_
/glass-popcorn-2011-2012-entrevista/,post,ok,digest ok,171383,37495,20131126085325id_
/glass-popcorn-2011-2012-entrevista/feed/,feed,ok,digest ok,818,864,20140109194832id_
/glass-popcorn-goin-hamburger/,post,ok,digest ok,161868,33604,20131126095656id_
/glass-popcorn-goin-hamburger/feed/,feed,ok,digest ok,805,863,20140109203527id_
/glass-popcorn-twitter-bxtches/,post,ok,digest ok,163547,34210,20131126094301id_
/glass-popcorn-twitter-bxtches/feed/,feed,ok,digest ok,801,862,20140109203631id_
/glass-popcorn-vs-rebecca-black-2/,post,ok,digest ok,64394,15146,20110718225331id_
/glass-teeth-x-funerals/,post,ok,digest ok,161727,33653,20131126090326id_
/glass-teeth-x-funerals/feed/,feed,ok,digest ok,772,837,20140109195042id_
/glossata/,post,ok,digest ok,162443,34000,20131126100836id_
/glossata/feed/,feed,ok,digest ok,730,814,20140109203915id_
/gn-ep/,post,ok,digest ok,162487,34143,20131126102533id_
/gn-ep/feed/,feed,ok,digest ok,722,814,20140110203550id_
/god-created-the-beat/,post,ok,digest ok,163201,34194,20131126084209id_
/god-created-the-beat/feed/,feed,ok,digest ok,1267,1033,20140109185607id_
/good-amount-orange-pack-glass-popcorn-remix/,post,ok,digest ok,164525,34518,20131126110422id_
/good-amount-orange-pack-glass-popcorn-remix/feed/,feed,ok,digest ok,1556,1159,20140110212430id_
/grimes-2/,post,ok,digest ok,161908,33952,20131126110352id_
/grimes-2/feed/,feed,ok,digest ok,728,814,20140110213751id_
/grimes-genesis/,post,ok,digest ok,161759,33679,20131126122450id_
/grimes-genesis/feed/,feed,ok,digest ok,756,838,20140110220334id_
/grimes-nightmusic/,post,ok,digest ok,161002,33434,20131126100911id_
/grimes-nightmusic/feed/,feed,ok,digest ok,793,869,20140109201933id_
/grimes-oblivion/,post,ok,digest ok,162394,33895,20131126110806id_
/grimes-oblivion/feed/,feed,ok,digest ok,759,839,20140110213435id_
/grimes-vanessa-2/,post,ok,digest ok,162140,33929,20131126093602id_
/grimes-vanessa-2/feed/,feed,ok,digest ok,760,837,20140109200228id_
/gsx-remixes/,post,ok,digest ok,162138,33772,20131126092139id_
/gsx-remixes/feed/,feed,ok,digest ok,739,822,20140109192734id_
/gucci-guilty-2/,post,ok,digest ok,63835,15096,20110718223548id_
/guess-tiesto-nyt-lyf-collection/,post,ok,digest ok,164039,34471,20131126100854id_
/guess-tiesto-nyt-lyf-collection/feed/,feed,ok,digest ok,800,858,20140109202623id_
/guia-ny-a-nrmal-2013/,post,ok,digest ok,173829,37380,20131126102513id_
/guia-ny-a-nrmal-2013/feed/,feed,ok,digest ok,767,839,20140110202832id_
/gun/,post,ok,digest ok,160743,33432,20131126084503id_
/gun/feed/,feed,ok,digest ok,715,809,20140109184601id_
/gvcci-hvcci-coyote-gang-2/,post,ok,digest ok,163132,34143,20131126090433id_
/gvcci-hvcci-coyote-gang-2/feed/,feed,ok,digest ok,781,838,20140109194600id_
/gvcci-hvcci-crack-the-whip/,post,ok,digest ok,162748,34033,20131126102055id_
/gvcci-hvcci-crack-the-whip/feed/,feed,ok,digest ok,1565,1144,20140110211236id_
/h%E2%80%A2a%E2%80%A2m-2/,post,ok,digest ok,62678,14746,20110718224753id_
/haleek-maul-88/,post,ok,digest ok,161133,33504,20131126082544id_
/haleek-maul-88/feed/,feed,ok,digest ok,756,837,20140109184405id_
/haleek-maul-supreme-cuts/,post,ok,digest ok,163083,34072,20131126083002id_
/haleek-maul-supreme-cuts/feed/,feed,ok,digest ok,784,850,20140109182524id_
/haleek-maul/,post,ok,digest ok,164247,34552,20131126082526id_
/haleek-maul/feed/,feed,ok,digest ok,2145,1320,20140109185650id_
/ham/,post,ok,digest ok,161538,33757,20131126110858id_
/ham/feed/,feed,ok,digest ok,721,818,20140110212245id_
/hard-as-a-motherfucker-2/,post,ok,digest ok,65436,14933,20110718223556id_
/hard-as-a-motherfucker/,post,ok,digest ok,164879,34024,20131126112901id_
/hard-as-a-motherfucker/feed/,feed,ok,digest ok,772,839,20140110212453id_
/hard-destiny-live-mixtape/,post,ok,digest ok,163055,34110,20131126112914id_
/hard-destiny-live-mixtape/feed/,feed,ok,digest ok,781,843,20140110212442id_
/hd-boyz-torrent-leak/,post,ok,digest ok,161930,33694,20131126121856id_
/hd-boyz-torrent-leak/feed/,feed,ok,digest ok,766,840,20140110214822id_
/hd-boyz-unzip/,post,ok,digest ok,163149,34296,20131126094615id_
/hd-boyz-unzip/feed/,feed,ok,digest ok,753,839,20140109203711id_
/hdxd-demoticon-mal010/,post,ok,digest ok,161914,33612,20131126084406id_
/hdxd-demoticon-mal010/feed/,feed,ok,digest ok,779,852,20140109195107id_
/health-australia-2/,post,ok,digest ok,62411,14571,20110718225938id_
/health-australia/,post,ok,digest ok,161568,33619,20131126120127id_
/health-australia/feed/,feed,ok,digest ok,754,829,20140110215929id_
/health-en-mexico-2/,post,ok,digest ok,162705,34128,20131126102350id_
/health-en-mexico-2/feed/,feed,ok,digest ok,758,831,20140110191718id_
/health-goth-star-pictureplane-cover/,post,ok,digest ok,164650,34637,20131126110735id_
/health-goth-star-pictureplane-cover/feed/,feed,ok,digest ok,1390,1095,20140110212242id_
/health-tears-video/,post,ok,digest ok,162087,33822,20131126085333id_
/health-tears-video/feed/,feed,ok,digest ok,770,846,20140109191831id_
/health-tears/,post,ok,digest ok,162912,34124,20131126084157id_
/health-tears/feed/,feed,ok,digest ok,1645,1133,20140109192714id_
/heat/,post,ok,digest ok,161514,33703,20131126091950id_
/heat/feed/,feed,ok,digest ok,718,809,20140109192813id_
/heaven/,post,ok,digest ok,161626,33643,20131126085839id_
/heaven/feed/,feed,ok,digest ok,724,812,20140109193046id_
/held-tim-hecker-remix/,post,ok,digest ok,162274,33863,20131126090357id_
/held-tim-hecker-remix/feed/,feed,ok,digest ok,771,842,20140109194609id_
/hideous-men-sirens-2/,post,ok,digest ok,162986,34045,20131126113148id_
/hideous-men-sirens-2/feed/,feed,ok,digest ok,772,846,20140110213043id_
/high-places-sophia/,post,ok,digest ok,162069,33755,20131126121803id_
/high-places-sophia/feed/,feed,ok,digest ok,768,843,20140110215718id_
/high-places-year-off/,post,ok,digest ok,161936,33765,20131126112817id_
/high-places-year-off/feed/,feed,ok,digest ok,774,847,20140110215820id_
/hmmmmmmexico/,post,ok,digest ok,179617,40211,20131126084657id_
/hmmmmmmexico/feed/,feed,ok,digest ok,4626,1798,20140109194742id_
/hola-2011/,post,ok,digest ok,161115,33507,20131126100742id_
/hola-2011/feed/,feed,ok,digest ok,733,815,20140109204529id_
/hold-it-against-me-2/,post,ok,digest ok,62881,14856,20110718223601id_
/hold-it-against-me-nike7up-help-i%E2%80%99m-trapped-in-a-body-remix-2/,post,ok,digest ok,63476,14721,20110718230705id_
/hold-it-against-me-nike7up-help-i%E2%80%99m-trapped-in-a-body-remix/,post,ok,digest ok,163022,33892,20131126110908id_
/hold-it-against-me-nike7up-help-i%E2%80%99m-trapped-in-a-body-remix/feed/,feed,ok,digest ok,901,919,20140111005508id_
/hold-it-against-me/,post,ok,digest ok,162124,33895,20131126102203id_
/hold-it-against-me/feed/,feed,ok,digest ok,760,830,20140110200121id_
/hollagramz-galactic-leash-ep/,post,ok,digest ok,162743,33913,20131126092433id_
/hollagramz-galactic-leash-ep/feed/,feed,ok,digest ok,798,860,20140109193400id_
/hollagramz-vs-blissed-out/,post,ok,digest ok,162239,33734,20131126125729id_
/hollagramz-vs-blissed-out/feed/,feed,ok,digest ok,781,846,20140110220951id_
/holograms/,post,ok,digest ok,160315,33346,20131126090055id_
/holograms/feed/,feed,ok,digest ok,733,819,20140109191516id_
/holy-other-held/,post,ok,digest ok,161950,33746,20131126084040id_
/holy-other-held/feed/,feed,ok,digest ok,759,839,20140109184134id_
/holy-other-love-some1-teengirl-fantasy-remix-featuring-kelela/,post,ok,digest ok,163126,33821,20131126090422id_
/holy-other-love-some1-teengirl-fantasy-remix-featuring-kelela/feed/,feed,missing,,0,917,
/holy-other-touch-2/,post,ok,digest ok,63774,15047,20110718225949id_
/holy-other-touch/,post,ok,digest ok,164317,34648,20131126102144id_
/holy-other-touch/feed/,feed,ok,digest ok,2570,1369,20140110185507id_
/horse-macgyver-en-vivo-en-un-coche-2/,post,ok,digest ok,161474,33547,20131126121933id_
/horse-macgyver-en-vivo-en-un-coche-2/feed/,feed,ok,digest ok,812,863,20140110215726id_
/house-of-comments/,post,ok,digest ok,160863,33417,20131126091700id_
/house-of-comments/feed/,feed,ok,digest ok,757,832,20140109193711id_
/house-of-ladosha-2/,post,ok,digest ok,162579,34072,20131126112842id_
/house-of-ladosha-2/feed/,feed,ok,digest ok,758,831,20140110212357id_
/house-of-ladosha-perched-rollin/,post,ok,digest ok,161877,33705,20131126105731id_
/house-of-ladosha-perched-rollin/feed/,feed,ok,digest ok,820,877,20140110213237id_
/house-of-ladosha-this-is-your-brain/,post,ok,digest ok,164759,34099,20131126110110id_
/house-of-ladosha-this-is-your-brain/feed/,feed,ok,digest ok,819,869,20140110213102id_
/how-to-dress-well-change-yourself/,post,ok,digest ok,163317,34109,20131126110938id_
/how-to-dress-well-change-yourself/feed/,feed,ok,digest ok,813,863,20140110212513id_
/httpe-m-bed-ded/,post,ok,digest ok,161975,33765,20131126100534id_
/httpe-m-bed-ded/feed/,feed,ok,digest ok,755,827,20140109203042id_
/hustling/,post,ok,digest ok,160985,33524,20131126104110id_
/hustling/feed/,feed,ok,digest ok,730,817,20140110213017id_
/hyper-reality/,post,ok,digest ok,160565,33446,20131126090258id_
/hyper-reality/feed/,feed,ok,digest ok,745,825,20140109195233id_
/hypermotion-xb/,post,ok,digest ok,164637,34411,20131126105737id_
/hypermotion-xb/feed/,feed,ok,digest ok,1550,1131,20140110212834id_
/i-come-with-knives/,post,ok,digest ok,160544,33312,20131126084648id_
/i-come-with-knives/feed/,feed,ok,digest ok,760,834,20140109191709id_
/icepunk-2-compilation/,post,ok,digest ok,166189,35029,20131126093714id_
/icepunk-2-compilation/feed/,feed,missing,,0,1192,
/in-and-out/,post,ok,digest ok,162436,33998,20131126084507id_
/in-and-out/feed/,feed,ok,digest ok,736,817,20140109183625id_
/inc-the-place/,post,ok,digest ok,162312,33907,20131126095225id_
/inc-the-place/feed/,feed,ok,digest ok,754,832,20140109200257id_
/inca-gold-2/,post,ok,digest ok,62683,14734,20110718223606id_
/indian-jewelry-see-forever/,post,ok,digest ok,163068,34220,20131126094132id_
/indian-jewelry-see-forever/feed/,feed,ok,digest ok,785,851,20140109201643id_
/innergaze/,post,ok,digest ok,162251,33984,20131126095739id_
/innergaze/feed/,feed,ok,digest ok,733,820,20140109201738id_
/innocentia-obscura/,post,ok,digest ok,162052,33810,20131126085711id_
/innocentia-obscura/feed/,feed,ok,digest ok,760,834,20140109191319id_
/ionika/,post,ok,digest ok,161464,33627,20131126082639id_
/ionika/feed/,feed,ok,digest ok,724,812,20140109191454id_
/ipc/,post,ok,digest ok,162539,34033,20131126094029id_
/ipc/feed/,feed,ok,digest ok,715,808,20140109202545id_
/irhell-2/,post,ok,digest ok,164336,34615,20131126125600id_
/irhell-2/feed/,feed,ok,digest ok,1670,1193,20140110220924id_
/irl/,post,ok,digest ok,162072,33829,20131126101007id_
/irl/feed/,feed,ok,digest ok,715,808,20140109195858id_
/it-was-u-doss-remix/,post,ok,digest ok,162241,33803,20131126083034id_
/it-was-u-doss-remix/feed/,feed,ok,digest ok,771,847,20140109184216id_
/its-dangerous-to-go-alone-take-this/,post,ok,digest ok,163821,34317,20131126092042id_
/its-dangerous-to-go-alone-take-this/feed/,feed,ok,digest ok,819,873,20140109191820id_
/jack-ie-lo-gimme_m%C2%A5_drug/,post,ok,digest ok,162819,33931,20131126090316id_
/jack-ie-lo-gimme_m%C2%A5_drug/feed/,feed,ok,digest ok,805,874,20140109193112id_
/jack-ie-lo-memorandum-colosio/,post,ok,digest ok,163405,34074,20131126104210id_
/jack-ie-lo-memorandum-colosio/feed/,feed,ok,digest ok,808,867,20140111004945id_
/james-ferraro-condom/,post,ok,digest ok,161716,33639,20131126090334id_
/james-ferraro-condom/feed/,feed,ok,digest ok,774,846,20140109191018id_
/james-ferraro-sushi/,post,ok,digest ok,162336,33905,20131126082723id_
/james-ferraro-sushi/feed/,feed,ok,digest ok,767,846,20140109183822id_
/jay-z-99-problems-the-prodigy-remix-2/,post,ok,digest ok,162472,33829,20131126100518id_
/jay-z-99-problems-the-prodigy-remix-2/feed/,feed,ok,digest ok,825,874,20140109202458id_
/jhene-aiko-stranger-nguzunguzu-rmx/,post,ok,digest ok,161598,33540,20131126105254id_
/jhene-aiko-stranger-nguzunguzu-rmx/feed/,feed,ok,digest ok,818,874,20140110212902id_
/jj-2/,post,ok,digest ok,63682,15122,20110718225959id_
/jj-brine/,post,ok,digest ok,162767,34066,20131126090357id_
/jj-brine/feed/,feed,ok,digest ok,730,817,20140109191752id_
/jj-kills-2/,post,ok,digest ok,162485,34113,20131126112845id_
/jj-kills-2/feed/,feed,ok,digest ok,1490,1116,20140110212918id_
/jj/,post,ok,digest ok,162670,34122,20131126110016id_
/jj/feed/,feed,ok,digest ok,712,807,20140110213249id_
/julia-holter-nite-jewel-what-we-see/,post,ok,digest ok,162076,33636,20131126084640id_
/julia-holter-nite-jewel-what-we-see/feed/,feed,missing,,0,879,
/jummy/,post,ok,digest ok,161661,33741,20131126095545id_
/jummy/feed/,feed,ok,digest ok,721,813,20140109200920id_
/june/,post,ok,digest ok,160986,33502,20131126084434id_
/june/feed/,feed,ok,digest ok,718,809,20140109190728id_
/just-for-hits-richard-dawkins/,post,ok,digest ok,37933,9600,20150220145453id_
/k1llrgvp/,post,ok,digest ok,161981,33918,20131126094105id_
/k1llrgvp/feed/,feed,ok,digest ok,730,818,20140109195642id_
/kallisti-kali/,post,ok,digest ok,162394,34020,20131126082848id_
/kallisti-kali/feed/,feed,ok,digest ok,1266,1030,20140109183326id_
/kara-step/,post,ok,digest ok,160866,33486,20131126091745id_
/kara-step/feed/,feed,ok,digest ok,741,831,20140109195211id_
/katie-got-bandz-i-need-a-hitta-ludgehammer-blackened-drillwave-bootleg/,post,ok,digest ok,163860,33855,20131126101024id_
/katie-got-bandz-i-need-a-hitta-ludgehammer-blackened-drillwave-bootleg/feed/,feed,ok,digest ok,927,931,20140109201617id_
/katie-katie-katie/,post,ok,digest ok,162941,33959,20131126112655id_
/katie-katie-katie/feed/,feed,ok,digest ok,757,816,20140110212839id_
/kid-sister-kiss-kiss-kiss-mixtape-2/,post,ok,digest ok,62936,14682,20110718230710id_
/kid-sister-kiss-kiss-kiss-mixtape/,post,ok,digest ok,162349,33775,20131126112358id_
/kid-sister-kiss-kiss-kiss-mixtape/feed/,feed,ok,digest ok,813,856,20140111004936id_
/kidcity/,post,ok,digest ok,162055,33868,20131126111525id_
/kidcity/feed/,feed,ok,digest ok,727,816,20140110213941id_
/kidnap-kid/,post,ok,digest ok,161853,33817,20131126083135id_
/kidnap-kid/feed/,feed,ok,digest ok,736,819,20140109183825id_
/kill-them-2/,post,ok,digest ok,160956,33525,20131126094835id_
/kill-them-2/feed/,feed,ok,digest ok,737,820,20140109201425id_
/king-night-rotterdam-terror-corps-remix/,post,ok,digest ok,162184,33717,20131126084344id_
/king-night-rotterdam-terror-corps-remix/feed/,feed,missing,,0,871,
/king-of-the-weed-2/,post,ok,digest ok,62711,14699,20110718224821id_
/king-of-the-weed/,post,ok,digest ok,162050,33741,20131126100749id_
/king-of-the-weed/feed/,feed,ok,digest ok,754,826,20140109203928id_
/kingdom-vip-edition/,post,ok,digest ok,161780,33664,20131126085101id_
/kingdom-vip-edition/feed/,feed,ok,digest ok,763,833,20140109192452id_
/kingpinning/,post,ok,digest ok,161716,33807,20131126082604id_
/kingpinning/feed/,feed,ok,digest ok,739,820,20140109185049id_
/konnichiwa-2/,post,ok,digest ok,63723,15207,20110718224827id_
/konnichiwa/,post,ok,digest ok,163305,34372,20131126113235id_
/konnichiwa/feed/,feed,ok,digest ok,736,821,20140110214817id_
/kontravoid/,post,ok,digest ok,160829,33447,20131126091809id_
/kontravoid/feed/,feed,ok,digest ok,736,820,20140109193443id_
/korallreven-sa-sa-samoa-elite-gymnastics-remix/,post,ok,digest ok,164223,34304,20131126112518id_
/korallreven-sa-sa-samoa-elite-gymnastics-remix/feed/,feed,ok,digest ok,1673,1163,20140110213428id_
/korn-skrillex/,post,ok,digest ok,164673,34391,20131126113451id_
/korn-skrillex/feed/,feed,ok,digest ok,2623,1286,20140110220858id_
/kreayshawn/,post,ok,digest ok,161020,33552,20131126100810id_
/kreayshawn/feed/,feed,ok,digest ok,736,819,20140109203045id_
/krenshaw/,post,ok,digest ok,161570,33721,20131126100912id_
/krenshaw/feed/,feed,ok,digest ok,730,816,20140109201539id_
/krusaders-be-my-guest-lilinternet-refix/,post,ok,digest ok,162829,33837,20131126094153id_
/krusaders-be-my-guest-lilinternet-refix/feed/,feed,ok,digest ok,834,884,20140109201421id_
/kuchibiru-network-3/,post,ok,digest ok,162211,33693,20131126093522id_
/kuchibiru-network-3/feed/,feed,ok,digest ok,763,837,20140109204105id_
/la-fuerza-aerea/,post,ok,digest ok,162340,33850,20131126105134id_
/la-fuerza-aerea/feed/,feed,ok,digest ok,752,835,20140110213309id_
/la-mejor-costa-2/,post,ok,digest ok,64096,15108,20110718224126id_
/la-mejor-costa/,post,ok,digest ok,165096,34679,20131126101445id_
/la-mejor-costa/feed/,feed,ok,digest ok,1727,1087,20140110204812id_
/la-minitk-del-miedo/,post,ok,digest ok,161917,33494,20131126082719id_
/la-minitk-del-miedo/feed/,feed,ok,digest ok,763,835,20140109184238id_
/la-petite-mort/,post,ok,digest ok,160864,33370,20131126085828id_
/la-petite-mort/feed/,feed,ok,digest ok,748,825,20140109200506id_
/la-ultima-fiesta-del-ano-2/,post,ok,digest ok,63667,14889,20110718222640id_
/la-ultima-fiesta-del-ano/,post,ok,digest ok,162786,34022,20131126104614id_
/la-ultima-fiesta-del-ano/feed/,feed,ok,digest ok,779,850,20140110212420id_
/la-vampires-x-maria-minerva/,post,ok,digest ok,163423,34194,20131126090214id_
/la-vampires-x-maria-minerva/feed/,feed,ok,digest ok,1315,1039,20140109192857id_
/ladatel/,post,ok,digest ok,163291,34188,20131126102521id_
/ladatel/feed/,feed,ok,digest ok,727,815,20140110192118id_
/ladytron-ace-of-hz-2/,post,ok,digest ok,161942,33795,20131126121825id_
/ladytron-ace-of-hz-2/feed/,feed,ok,digest ok,772,846,20140110220023id_
/ladytron-discovers-witch-house/,post,ok,digest ok,164366,34556,20131126085612id_
/ladytron-discovers-witch-house/feed/,feed,ok,digest ok,2148,1258,20140109192519id_
/las-brisas/,post,ok,digest ok,163870,34441,20131126091502id_
/las-brisas/feed/,feed,ok,digest ok,736,820,20140109193330id_
/laser-palace-2011-2/,post,ok,digest ok,65787,15583,20110718223630id_
/laser-palace-2011/,post,ok,digest ok,164750,34601,20131126113343id_
/laser-palace-2011/feed/,feed,ok,digest ok,757,830,20140110214710id_
/later-fags/,post,ok,"digest differs (unstable replay), content valid",38354,10085,20140601013948id_
/later-fags/feed/,feed,ok,digest ok,738,820,20140601045733id_
/laurel-halo-hour-logic/,post,ok,digest ok,162900,33925,20131126094803id_
/laurel-halo-hour-logic/feed/,feed,ok,digest ok,780,849,20140109204332id_
/lauren-devine-just-a-little-ready/,post,ok,digest ok,164076,34267,20131126111536id_
/lauren-devine-just-a-little-ready/feed/,feed,ok,digest ok,813,871,20140110214016id_
/lauren-devine-this-is-how-we-do-dubai/,post,ok,digest ok,163845,34367,20131126090224id_
/lauren-devine-this-is-how-we-do-dubai/feed/,feed,ok,digest ok,1455,1094,20140109191909id_
/le1f-wut/,post,ok,digest ok,160853,33506,20131126082701id_
/le1f-wut/feed/,feed,ok,digest ok,738,827,20140109183639id_
/le1f/,post,ok,digest ok,162558,34098,20131126111109id_
/le1f/feed/,feed,ok,digest ok,718,809,20140110212611id_
/leaving/,post,ok,digest ok,161490,33626,20131126095311id_
/leaving/feed/,feed,ok,digest ok,727,815,20140109203202id_
/lemonade-diver/,post,ok,digest ok,162973,34153,20131126091937id_
/lemonade-diver/feed/,feed,ok,digest ok,1557,1115,20140109191646id_
/lemonade-neptune/,post,ok,digest ok,161799,33722,20131126100847id_
/lemonade-neptune/feed/,feed,ok,digest ok,762,839,20140109200725id_
/lemonade-remixes/,post,ok,digest ok,163248,33981,20131126084609id_
/lemonade-remixes/feed/,feed,ok,digest ok,754,830,20140109194141id_
/leonora-carrington/,post,ok,digest ok,161753,33673,20131126110513id_
/leonora-carrington/feed/,feed,ok,digest ok,760,830,20140111005512id_
/lesphinxx/,post,ok,digest ok,161438,33573,20131126100930id_
/lesphinxx/feed/,feed,ok,digest ok,733,821,20140109204233id_
/levantate-diegors/,post,ok,digest ok,38039,9790,20140109200412id_
/liar-strange-love/,post,ok,digest ok,162816,34131,20131126084809id_
/liar-strange-love/feed/,feed,ok,digest ok,762,848,20140109191835id_
/life-death/,post,ok,digest ok,162286,33851,20131126082735id_
/life-death/feed/,feed,ok,digest ok,742,828,20140109184219id_
/light-asylum-12-horsemen-2/,post,ok,digest ok,161336,33540,20131126100642id_
/light-asylum-12-horsemen-2/feed/,feed,ok,digest ok,790,855,20140109200427id_
/light-asylum-dark-allies/,post,ok,digest ok,162234,33713,20131126111012id_
/light-asylum-dark-allies/feed/,feed,ok,digest ok,786,854,20140110212734id_
/light-asylum-heart-of-dust/,post,ok,digest ok,162275,33772,20131126104309id_
/light-asylum-heart-of-dust/feed/,feed,ok,digest ok,1359,1070,20140110212655id_
/light-asylum-lp/,post,ok,digest ok,161657,33736,20131126090550id_
/light-asylum-lp/feed/,feed,ok,digest ok,751,828,20140109192119id_
/light-asylum-skull-fuct/,post,ok,digest ok,161956,33772,20131126112543id_
/light-asylum-skull-fuct/feed/,feed,ok,digest ok,783,853,20140110212907id_
/likuid-khrome-bala-fria-mix/,post,ok,digest ok,163223,34194,20131126084257id_
/likuid-khrome-bala-fria-mix/feed/,feed,ok,digest ok,1492,1131,20140109191905id_
/lil-b-halloween-h20/,post,ok,digest ok,162167,33700,20131126102532id_
/lil-b-halloween-h20/feed/,feed,ok,digest ok,771,845,20140110213055id_
/lil-ugly-mane/,post,ok,digest ok,162118,33856,20131126093423id_
/lil-ugly-mane/feed/,feed,ok,digest ok,745,825,20140109204603id_
/litanic-mask-virgin-spring-video/,post,ok,digest ok,172687,37653,20131126093242id_
/litanic-mask-virgin-spring-video/feed/,feed,ok,digest ok,1284,1053,20140109203557id_
/little-fetish/,post,ok,digest ok,161899,33788,20131126084553id_
/little-fetish/feed/,feed,ok,digest ok,745,826,20140109193237id_
/liturgy-returner/,post,ok,digest ok,161249,33529,20131126105157id_
/liturgy-returner/feed/,feed,ok,digest ok,762,838,20140110213216id_
/live-yourself-by-htdw/,post,ok,digest ok,163924,34615,20131126083050id_
/live-yourself-by-htdw/feed/,feed,ok,digest ok,769,834,20140109184419id_
/lo-mejor-del-2010-2/,post,ok,digest ok,69075,16968,20110718231051id_
/lo-mejor-del-2010/,post,ok,digest ok,167209,35720,20131126092002id_
/lo-mejor-del-2010/feed/,feed,ok,digest ok,757,831,20140109192022id_
/lonely-boys/,post,ok,digest ok,161696,33609,20131126094923id_
/lonely-boys/feed/,feed,ok,digest ok,739,821,20140109201737id_
/lorelle-meets-the-obsolete-these-days/,post,ok,digest ok,163792,34226,20131126085903id_
/lorelle-meets-the-obsolete-these-days/feed/,feed,ok,digest ok,1425,1082,20140109193357id_
/lorelle-meets-the-obsolete-vegan-cannibal-sangree-live-set/,post,ok,digest ok,165593,34588,20131126100909id_
/lorelle-meets-the-obsolete-vegan-cannibal-sangree-live-set/feed/,feed,ok,digest ok,2462,1349,20140109201940id_
/los-angeles-en-asia/,post,ok,digest ok,161259,33559,20131126121709id_
/los-angeles-en-asia/feed/,feed,ok,digest ok,763,832,20140110214810id_
/los-macuanos-afilan-el-cuchillo-a-dani-shivers/,post,ok,digest ok,163943,34323,20131126101350id_
/los-macuanos-afilan-el-cuchillo-a-dani-shivers/feed/,feed,ok,digest ok,1527,1128,20140109202144id_
/lost-in-my-bedroom/,post,ok,digest ok,160863,33406,20131126092327id_
/lost-in-my-bedroom/feed/,feed,missing,,0,833,
/lost-in-the-game/,post,ok,digest ok,163061,34136,20131126085853id_
/lost-in-the-game/feed/,feed,ok,digest ok,754,829,20140109193913id_
/lost-planet/,post,ok,digest ok,163290,34195,20131126105122id_
/lost-planet/feed/,feed,ok,digest ok,739,821,20140110213915id_
/love-fine-stoned-boys-live-in-kazan/,post,ok,digest ok,163514,34223,20131126091844id_
/love-fine-stoned-boys-live-in-kazan/feed/,feed,ok,digest ok,817,868,20140109195231id_
/lunar-lovers/,post,ok,digest ok,161943,33829,20131126122342id_
/lunar-lovers/feed/,feed,ok,digest ok,742,823,20140110221845id_
/magic-fades/,post,ok,digest ok,163573,34264,20131126085312id_
/magic-fades/feed/,feed,ok,digest ok,1469,1119,20140109192535id_
/majical-cloudz/,post,ok,digest ok,162782,34080,20131126095902id_
/majical-cloudz/feed/,feed,ok,digest ok,748,828,20140109200501id_
/mal001-negative-youth-mexico/,post,ok,digest ok,166659,34946,20131126083809id_
/mal001-negative-youth-mexico/feed/,feed,ok,digest ok,2559,1339,20140109190444id_
/maligna-showcase/,post,ok,digest ok,163678,34128,20131126090241id_
/maligna-showcase/feed/,feed,ok,digest ok,754,829,20140109193214id_
/maluca-hector-2/,post,ok,digest ok,52545,12781,20110517220234id_
/maluca-hector/,post,ok,digest ok,161729,33721,20131126094704id_
/maluca-hector/feed/,feed,ok,digest ok,753,836,20140109200940id_
/maniqui-lazer-negative-youth-mix-2013-2/,post,ok,digest ok,163317,34033,20131126082833id_
/maniqui-lazer-negative-youth-mix-2013-2/feed/,feed,ok,digest ok,835,865,20140109182158id_
/mar-de-protones/,post,ok,digest ok,161264,33544,20131126102617id_
/mar-de-protones/feed/,feed,ok,digest ok,751,828,20140110204741id_
/marathon/,post,ok,digest ok,161274,33591,20131126084333id_
/marathon/feed/,feed,ok,digest ok,730,817,20140109193245id_
/maria-minerva-fire-feat-chase-royal/,post,ok,digest ok,163216,34105,20131126104123id_
/maria-minerva-fire-feat-chase-royal/feed/,feed,ok,digest ok,821,878,20140110212410id_
/maria-minerva-gloria/,post,ok,digest ok,164642,34727,20131126092509id_
/maria-minerva-gloria/feed/,feed,ok,digest ok,774,841,20140109192800id_
/mas-nike7up-2/,post,ok,digest ok,62527,14696,20110718224837id_
/mas-nike7up/,post,ok,digest ok,161765,33750,20131126125615id_
/mas-nike7up/feed/,feed,ok,digest ok,741,828,20140110222017id_
/massacooramaan/,post,ok,digest ok,162539,33870,20131126090256id_
/massacooramaan/feed/,feed,ok,digest ok,748,826,20140109191630id_
/master-of-none/,post,ok,digest ok,165841,35126,20131126110440id_
/master-of-none/feed/,feed,ok,digest ok,748,826,20140110212237id_
/mater-suspiria-vision-zombie-r4ve-2/,post,ok,digest ok,63862,15060,20110718222655id_
/mathematique-ft-dresden-dresses/,post,ok,digest ok,161615,33564,20131126094937id_
/mathematique-ft-dresden-dresses/feed/,feed,ok,digest ok,799,849,20140109202321id_
/maussan/,post,ok,digest ok,161491,33661,20131126121746id_
/maussan/feed/,feed,ok,digest ok,727,816,20140110214729id_
/maxwell-velocity/,post,ok,digest ok,168684,36589,20131126085244id_
/maxwell-velocity/feed/,feed,ok,digest ok,754,833,20140109192910id_
/megafortress-ep-videos/,post,ok,digest ok,164278,34230,20131126094647id_
/megafortress-ep-videos/feed/,feed,ok,digest ok,780,844,20140109201351id_
/men-in-burka-warmagic/,post,ok,digest ok,162885,34112,20131126084629id_
/men-in-burka-warmagic/feed/,feed,ok,digest ok,778,850,20140109193630id_
/men-in-burka/,post,ok,digest ok,162232,33931,20131126092009id_
/men-in-burka/feed/,feed,ok,digest ok,742,824,20140109195030id_
/mentira-mentira-turnaway-2/,post,ok,digest ok,63369,14736,20110718224842id_
/mentira-mentira-turnaway/,post,ok,digest ok,161999,33698,20131126111038id_
/mentira-mentira-turnaway/feed/,feed,ok,digest ok,786,844,20140110213353id_
/mexico-x-bonsai-babies/,post,ok,digest ok,163672,34443,20131126102526id_
/mexico-x-bonsai-babies/feed/,feed,ok,digest ok,772,841,20140110195944id_
/mexico-x-javier-estrada/,post,ok,digest ok,164462,34682,20131126085301id_
/mexico-x-javier-estrada/feed/,feed,ok,digest ok,1186,1006,20140109191215id_
/mexico-x-lao-dj-smurphy/,post,ok,digest ok,165736,35081,20131126102539id_
/mexico-x-lao-dj-smurphy/feed/,feed,ok,digest ok,778,851,20140110210608id_
/mexico-x-nicolas/,post,ok,digest ok,164547,34704,20131126084513id_
/mexico-x-nicolas/feed/,feed,ok,digest ok,755,837,20140109183319id_
/mexico-x-occultdanse/,post,ok,digest ok,163241,34217,20131126084140id_
/mexico-x-occultdanse/feed/,feed,ok,digest ok,770,853,20140109192824id_
/mexico-x-peepr/,post,ok,digest ok,163266,34391,20131126093538id_
/mexico-x-peepr/feed/,feed,ok,digest ok,748,829,20140109202548id_
/mexico-x-ritualz/,post,ok,digest ok,165793,35028,20131126084523id_
/mexico-x-ritualz/feed/,feed,ok,digest ok,755,837,20140109190652id_
/mexico-x-selma-oxor/,post,ok,digest ok,163909,34534,20131126090111id_
/mexico-x-selma-oxor/feed/,feed,ok,digest ok,764,840,20140109192937id_
/mexico-x-teehn-bwitches/,post,ok,digest ok,164517,34783,20131126083044id_
/mexico-x-teehn-bwitches/feed/,feed,ok,digest ok,776,850,20140109183615id_
/mexico-x-tuareg-geeks/,post,ok,digest ok,163688,34409,20131126085844id_
/mexico-x-tuareg-geeks/feed/,feed,ok,digest ok,770,843,20140109191851id_
/mexico-x-turbia/,post,ok,digest ok,162997,34222,20131126102637id_
/mexico-x-turbia/feed/,feed,ok,digest ok,751,830,20140110200624id_
/mi-ami-time-of-love/,post,ok,digest ok,162116,33810,20131126104134id_
/mi-ami-time-of-love/feed/,feed,ok,digest ok,771,845,20140110212451id_
/mindkilla-2/,post,ok,digest ok,161919,33723,20131126112854id_
/mindkilla-2/feed/,feed,ok,digest ok,737,821,20140110215506id_
/mixx-live-by-tamara-sky/,post,ok,digest ok,162981,34129,20131126094917id_
/mixx-live-by-tamara-sky/feed/,feed,ok,digest ok,1216,1035,20140109203837id_
/mobile,page,ok,digest ok,13245,4010,20110207073043id_
/modern-witch-hollywood-babylon-nine-inch-witch-mix-2/,post,ok,digest ok,162278,33717,20131126112711id_
/modern-witch-hollywood-babylon-nine-inch-witch-mix-2/feed/,feed,ok,digest ok,870,894,20140110214000id_
/mohenjo-daro/,post,ok,digest ok,160822,33392,20131126093513id_
/mohenjo-daro/feed/,feed,ok,digest ok,742,824,20140109204142id_
/monocromo/,post,ok,digest ok,162086,34002,20131126104249id_
/monocromo/feed/,feed,ok,digest ok,733,820,20140110213027id_
/mos-deep-essentials/,post,ok,digest ok,162187,33804,20131126093621id_
/mos-deep-essentials/feed/,feed,ok,digest ok,763,827,20140109202607id_
/move-for-me/,post,ok,digest ok,161721,33668,20131126082550id_
/move-for-me/feed/,feed,ok,digest ok,739,823,20140109183800id_
/mr-kitty-evaporating-sun/,post,ok,digest ok,162579,33833,20131126094028id_
/mr-kitty-evaporating-sun/feed/,feed,missing,,0,851,
/msi-kickstarter-ii/,post,ok,digest ok,162285,33819,20131126092254id_
/msi-kickstarter-ii/feed/,feed,ok,digest ok,760,834,20140109193843id_
/msi-kickstarter/,post,ok,digest ok,162152,33850,20131126091917id_
/msi-kickstarter/feed/,feed,ok,digest ok,751,830,20140109190908id_
/mushy-child-of-light-will-burn-2/,post,ok,digest ok,63934,15001,20110718230725id_
/mushy-too-far-crossover-satanic-ritual-abuse-2/,post,ok,digest ok,63688,14762,20110718225346id_
/music-for-keyboards-vol-ii-iii/,post,ok,digest ok,164760,34739,20131126091636id_
/music-for-keyboards-vol-ii-iii/feed/,feed,ok,digest ok,802,861,20140109191008id_
/musica-para-clubs-clausurados/,post,ok,digest ok,162216,33862,20131126084533id_
/musica-para-clubs-clausurados/feed/,feed,ok,digest ok,794,856,20140109183555id_
/my-circle/,post,ok,digest ok,160454,33324,20131126093528id_
/my-circle/feed/,feed,ok,digest ok,733,819,20140109195626id_
/my-love-grows-in-the-dark/,post,ok,digest ok,162103,33859,20131126100528id_
/my-love-grows-in-the-dark/feed/,feed,ok,digest ok,781,847,20140109203046id_
/mykki-blanco-cosmic-angel/,post,ok,digest ok,161074,33435,20131126110129id_
/mykki-blanco-cosmic-angel/feed/,feed,ok,digest ok,781,850,20140110213244id_
/mykki-blanco-the-mutant-angels/,post,ok,digest ok,164410,34536,20131126084842id_
/mykki-blanco-the-mutant-angels/feed/,feed,ok,digest ok,1657,1176,20140109192009id_
/mykki-blanco-wavvy-video/,post,ok,digest ok,163006,34079,20131126091808id_
/mykki-blanco-wavvy-video/feed/,feed,ok,digest ok,1617,1161,20140109194735id_
/mykki-blanco-wavvy/,post,ok,digest ok,162705,34051,20131205040328id_
/mykki-blanco-wavvy/feed/,feed,ok,digest ok,1661,1176,20140109185258id_
/myr%E2%80%A0l3wyck%C3%B8ff-2/,post,ok,digest ok,63460,14846,20110718230730id_
/myr%E2%80%A0l3wyckoff/,post,ok,digest ok,162639,33939,20131126092455id_
/myr%E2%80%A0l3wyckoff/feed/,feed,ok,digest ok,770,853,20140109194633id_
/n%E2%80%A0y-witch-night-2/,post,ok,digest ok,162653,34058,20131126085656id_
/n%E2%80%A0y-witch-night-2/feed/,feed,ok,digest ok,774,850,20140109193206id_
/nachut-report-2/,post,ok,digest ok,162573,33967,20131126102326id_
/nachut-report-2/feed/,feed,ok,digest ok,750,827,20140110193418id_
/naka-naka-el-pequeno-edgar-ep/,post,ok,digest ok,166637,35452,20131126105151id_
/naka-naka-el-pequeno-edgar-ep/feed/,feed,ok,digest ok,1842,1220,20140110213347id_
/naka-naka-el-pequeno-edgar-video/,post,ok,digest ok,163671,34186,20131126094915id_
/naka-naka-el-pequeno-edgar-video/feed/,feed,ok,digest ok,815,871,20140109195841id_
/naka-naka-fantorama-drama-2/,post,ok,digest ok,162577,33916,20131126130042id_
/naka-naka-fantorama-drama-2/feed/,feed,ok,digest ok,795,854,20140110222329id_
/naka-naka-opal-tape/,post,ok,digest ok,162014,33674,20131126085216id_
/naka-naka-opal-tape/feed/,feed,ok,digest ok,765,839,20140109192259id_
/naka-naka-telenovela-fantasmux-iii/,post,ok,digest ok,163861,34175,20131126092054id_
/naka-naka-telenovela-fantasmux-iii/feed/,feed,ok,digest ok,818,874,20140109193154id_
/naka-naka-vuh-live/,post,ok,digest ok,161548,33510,20131126105942id_
/naka-naka-vuh-live/feed/,feed,ok,digest ok,789,859,20140110213051id_
/naka-naka-vuh-video/,post,ok,digest ok,162620,34065,20131126082506id_
/naka-naka-vuh-video/feed/,feed,ok,digest ok,1291,1046,20140109183011id_
/naka-naka-vuh/,post,ok,digest ok,162509,33939,20131126091846id_
/naka-naka-vuh/feed/,feed,ok,digest ok,755,836,20140109194311id_
/naomi-elizabeth-god-sent-me-here-to-rock-you-2/,post,ok,digest ok,163988,34205,20131126110556id_
/naomi-elizabeth-god-sent-me-here-to-rock-you-2/feed/,feed,ok,digest ok,850,889,20140110212326id_
/naomi-elizabeth-id-hit-it/,post,ok,digest ok,162158,33800,20131126094307id_
/naomi-elizabeth-id-hit-it/feed/,feed,ok,digest ok,796,861,20140109203534id_
/narcissistic-cannibal-ritualz-remix/,post,ok,digest ok,163909,34369,20131126085306id_
/narcissistic-cannibal-ritualz-remix/feed/,feed,missing,,0,1072,
/nazir-mazhar-en-lfw-2/,post,ok,digest ok,63767,15075,20110718224141id_
/nazir-mazhar-en-lfw/,post,ok,digest ok,162655,34110,20131126110006id_
/nazir-mazhar-en-lfw/feed/,feed,ok,digest ok,763,836,20140110212231id_
/nc-guest-mix-63-indian-jewelry/,post,ok,digest ok,162586,33857,20131126090314id_
/nc-guest-mix-63-indian-jewelry/feed/,feed,ok,digest ok,797,858,20140109194333id_
/negative-%E2%80%A0-youth-2-negative-%E2%80%A0-babes-2/,post,ok,digest ok,162301,33812,20131126114537id_
/negative-%E2%80%A0-youth-2-negative-%E2%80%A0-babes-2/feed/,feed,ok,digest ok,852,854,20140110215648id_
/negative-youth-2012/,post,ok,digest ok,167183,35163,20131126110310id_
/negative-youth-2012/feed/,feed,ok,digest ok,3077,1428,20140110213547id_
/negative-youth-en-ensenada/,post,ok,digest ok,164484,34478,20131126102137id_
/negative-youth-en-ensenada/feed/,feed,ok,digest ok,1612,1026,20140110201840id_
/neverland-video/,post,ok,digest ok,162536,33832,20131126084213id_
/neverland-video/feed/,feed,ok,digest ok,753,833,20140109194623id_
/new-colony/,post,ok,digest ok,161559,33725,20131126093229id_
/new-colony/feed/,feed,ok,digest ok,736,820,20140109204619id_
/nguzunguzu-kingdom-total-freedom-en-mexico/,post,ok,digest ok,163634,34151,20131126112835id_
/nguzunguzu-kingdom-total-freedom-en-mexico/feed/,feed,ok,digest ok,836,872,20140110215647id_
/nguzunguzu-warm-pulse/,post,ok,digest ok,162241,33860,20131126090304id_
/nguzunguzu-warm-pulse/feed/,feed,ok,digest ok,777,845,20140109192655id_
/night-bus-ii/,post,ok,digest ok,163005,34313,20131126112915id_
/night-bus-ii/feed/,feed,ok,digest ok,742,823,20140110212347id_
/night-waves/,post,ok,digest ok,160961,33519,20131126082743id_
/night-waves/feed/,feed,ok,digest ok,739,824,20140109190350id_
/nike7up-hand-in-my-pocket-nike7up-lost-generation-mix-2/,post,ok,digest ok,63065,14473,20110718230740id_
/nike7up-hand-in-my-pocket-nike7up-lost-generation-mix/,post,ok,digest ok,162059,33548,20131126100851id_
/nike7up-hand-in-my-pocket-nike7up-lost-generation-mix/feed/,feed,ok,digest ok,873,884,20140109202938id_
/nike7up-i-%E2%99%A1-u-4ever-nike7up-no-distance-remix-2/,post,ok,digest ok,161294,33410,20131126093438id_
/nike7up-i-%E2%99%A1-u-4ever-nike7up-no-distance-remix-2/feed/,feed,ok,digest ok,873,897,20141011143800id_
/nike7up-mixtape-july-2011/,post,ok,digest ok,161830,33640,20131126112932id_
/nike7up-mixtape-july-2011/feed/,feed,ok,digest ok,781,842,20140110215302id_
/nike7up-sin-parar-2/,post,ok,digest ok,62827,14757,20110718222705id_
/nike7up-sin-parar/,post,ok,digest ok,161890,33780,20131126102157id_
/nike7up-sin-parar/feed/,feed,ok,digest ok,757,833,20140110183552id_
/nin-x-david-lynch/,post,ok,digest ok,39280,10109,20140601045220id_
/nin-x-david-lynch/feed/,feed,ok,digest ok,759,833,20140601070757id_
/nina-sky-daydreaming/,post,ok,digest ok,162799,34021,20131126100525id_
/nina-sky-daydreaming/feed/,feed,ok,digest ok,774,848,20140109204101id_
/nina-sky-nicole-natalie/,post,ok,digest ok,163077,34052,20131126091953id_
/nina-sky-nicole-natalie/feed/,feed,ok,digest ok,789,855,20140109191516id_
/nite-jewel-clive/,post,ok,digest ok,161705,33675,20131126094555id_
/nite-jewel-clive/feed/,feed,ok,digest ok,762,840,20140109201925id_
/nite-jewel-nicholas-krgovich-thinking-about-you-frank-ocean-cover/,post,ok,digest ok,163704,33914,20131104003749id_
/nite-jewel-nicholas-krgovich-thinking-about-you-frank-ocean-cover/feed/,feed,ok,digest ok,917,908,20140109190047id_
/nite-jewel-one-second-of-love/,post,ok,digest ok,162728,33897,20131126112349id_
/nite-jewel-one-second-of-love/feed/,feed,ok,digest ok,801,862,20140110213654id_
/no-bueno/,post,ok,digest ok,162414,33901,20131126100651id_
/no-bueno/feed/,feed,ok,digest ok,730,816,20140109202553id_
/nommo-ogo/,post,ok,digest ok,39084,10061,20140601065717id_
/nordpolen-nar-mitt-blod-pumpar-i-dej/,post,ok,digest ok,164133,34507,20131126084544id_
/nordpolen-nar-mitt-blod-pumpar-i-dej/feed/,feed,ok,digest ok,1764,1189,20140109193202id_
/nosotros,page,ok,digest ok,26060,6081,20110207072357id_
/not-in-love/,post,ok,digest ok,161189,33508,20131126105228id_
/not-in-love/feed/,feed,ok,digest ok,739,822,20140110212556id_
/not-the-same/,post,ok,digest ok,160829,33472,20131126094913id_
/not-the-same/feed/,feed,ok,digest ok,742,826,20140109200336id_
/nsfw-actually-huizenga/,post,ok,digest ok,163934,34547,20131126085138id_
/nsfw-actually-huizenga/feed/,feed,ok,digest ok,773,842,20140109192432id_
/nuevo-material-de-drugs-for-drunks-2/,post,ok,digest ok,66676,15635,20110718230026id_
/nuevo-video-de-physical-therapy-do-it-all/,post,ok,digest ok,161621,33464,20131126090622id_
/nuevo-video-de-physical-therapy-do-it-all/feed/,feed,ok,digest ok,830,875,20140109191456id_
/nys-man-of-the-year-2012-ryder-ripps/,post,ok,digest ok,169736,36875,20131126090712id_
/nys-man-of-the-year-2012-ryder-ripps/feed/,feed,ok,digest ok,822,866,20140109193537id_
/o-f-fgr%E2%80%A0llgr%E2%80%A0ll-emodancers-2/,post,ok,digest ok,63411,14922,20110718222710id_
/o-f-fgr%E2%80%A0llgr%E2%80%A0ll-emodancers/,post,ok,digest ok,162499,33815,20131126121740id_
/o-f-fgr%E2%80%A0llgr%E2%80%A0ll-emodancers/feed/,feed,ok,digest ok,829,872,20140110215903id_
/o-f-fgr%E2%80%A0llgr%E2%80%A0ll-happy-face/,post,ok,digest ok,162163,33696,20131126094051id_
/o-f-fgr%E2%80%A0llgr%E2%80%A0ll-happy-face/feed/,feed,ok,digest ok,829,871,20140109202920id_
/oblivion/,post,ok,digest ok,161676,33765,20131126122205id_
/oblivion/feed/,feed,ok,digest ok,730,814,20140110215228id_
/obsession/,post,ok,digest ok,163251,34364,20131126092312id_
/obsession/feed/,feed,ok,digest ok,733,820,20140109194337id_
/occultd%CE%BBn%CF%9F%CF%83-grimmers-dansers-mal005/,post,ok,digest ok,164309,34317,20131126084340id_
/occultd%CE%BBn%CF%9F%CF%83-grimmers-dansers-mal005/feed/,feed,ok,digest ok,1313,1053,20140109193056id_
/occultd%CE%BBn%CF%9F%CF%83-ufo13-mix/,post,ok,digest ok,163272,33969,20131126105722id_
/occultd%CE%BBn%CF%9F%CF%83-ufo13-mix/feed/,feed,ok,digest ok,810,878,20140110213643id_
/occultd%CE%BBn%CF%9F%CF%83-ufomania-negative-youth-2013-3/,post,ok,digest ok,163255,33874,20131126084732id_
/occultd%CE%BBn%CF%9F%CF%83-ufomania-negative-youth-2013-3/feed/,feed,ok,digest ok,878,894,20140109192609id_
/ocean-floor-for-everything/,post,ok,digest ok,161820,33666,20131126082909id_
/ocean-floor-for-everything/feed/,feed,ok,digest ok,784,843,20140109182429id_
/ocultismo-pop-2/,post,ok,digest ok,65119,15660,20110718230750id_
/ocultismo-pop/,post,ok,digest ok,165114,35152,20131126100723id_
/ocultismo-pop/feed/,feed,ok,digest ok,1407,1098,20140109203841id_
/ohio-2/,post,ok,digest ok,162256,34012,20131126085259id_
/ohio-2/feed/,feed,ok,digest ok,723,812,20140109192950id_
/olivia-bolles-2/,post,ok,digest ok,64494,15227,20110718224146id_
/olivia-bolles/,post,ok,digest ok,163779,34362,20131126091640id_
/olivia-bolles/feed/,feed,ok,digest ok,745,824,20140109192545id_
/on-the-road-to-make-some-noise/,post,ok,digest ok,161493,33532,20131126104149id_
/on-the-road-to-make-some-noise/feed/,feed,ok,digest ok,796,855,20140110212407id_
/one-direction/,post,ok,digest ok,162280,33839,20131126090158id_
/one-direction/feed/,feed,ok,digest ok,745,824,20140109194319id_
/one-place/,post,ok,digest ok,160737,33370,20131126091833id_
/one-place/feed/,feed,ok,digest ok,733,820,20140109192351id_
/one-video/,post,ok,digest ok,161326,33724,20131126084713id_
/one-video/feed/,feed,ok,digest ok,1131,981,20140109193209id_
/one/,post,ok,digest ok,160669,33454,20131126084544id_
/one/feed/,feed,ok,digest ok,715,807,20140109190812id_
/ooooo-coachbagg/,post,ok,digest ok,160960,33483,20131126092242id_
/ooooo-coachbagg/feed/,feed,ok,digest ok,759,838,20140109192956id_
/opening-botiquin-by-petit-pistolette/,post,ok,digest ok,163082,34038,20131126100706id_
/opening-botiquin-by-petit-pistolette/feed/,feed,missing,,0,870,
/osama-bin-laden-is-dead/,post,ok,digest ok,161150,33520,20131126091519id_
/osama-bin-laden-is-dead/feed/,feed,ok,digest ok,775,840,20140109194947id_
/out-of-body-m-t/,post,ok,digest ok,162305,33896,20131126100938id_
/out-of-body-m-t/feed/,feed,ok,digest ok,752,826,20140109203929id_
/outworld-music-ii/,post,ok,digest ok,160604,33390,20131126105928id_
/outworld-music-ii/feed/,feed,ok,digest ok,757,828,20140110212900id_
/page/2/,homepage,ok,digest ok,168005,32613,20131126101057id_
/parallax/,post,ok,digest ok,161533,33611,20131126084615id_
/parallax/feed/,feed,ok,digest ok,730,819,20140109191530id_
/patrick-wolf-esta-de-vuelta-2/,post,ok,digest ok,63313,14948,20110718231112id_
/peel-it-stream-it/,post,ok,digest ok,161732,33664,20131126095707id_
/peel-it-stream-it/feed/,feed,ok,digest ok,757,831,20140109202453id_
/peepr-2/,post,ok,digest ok,162432,34106,20131126125817id_
/peepr-2/feed/,feed,ok,digest ok,1548,1134,20140110222936id_
/peepr-el-descenso-mal002/,post,ok,digest ok,163310,34204,20131126100757id_
/peepr-el-descenso-mal002/feed/,feed,ok,digest ok,788,858,20140109201127id_
/peepr-foogarc-vlaxet/,post,ok,digest ok,161939,33704,20131126125514id_
/peepr-foogarc-vlaxet/feed/,feed,ok,digest ok,774,845,20140110221404id_
/perfect-blue/,post,ok,digest ok,160824,33440,20131126084643id_
/perfect-blue/feed/,feed,ok,digest ok,742,825,20140109194258id_
/perra-sucia/,post,ok,digest ok,160968,33543,20131126093712id_
/perra-sucia/feed/,feed,ok,digest ok,739,822,20140109200405id_
/phone-sex-unicorn-kid-remix/,post,ok,digest ok,162657,33864,20131126084151id_
/phone-sex-unicorn-kid-remix/feed/,feed,ok,digest ok,789,854,20140109182425id_
/phone-sex/,post,ok,digest ok,162221,33865,20131126090204id_
/phone-sex/feed/,feed,ok,digest ok,765,849,20140109192508id_
/photoshopped/,post,ok,digest ok,161233,33556,20131126094745id_
/photoshopped/feed/,feed,ok,digest ok,742,825,20140109203023id_
/physical-therapy-drone-on/,post,ok,digest ok,165786,34071,20131126091822id_
/physical-therapy-drone-on/feed/,feed,ok,digest ok,789,848,20140109192219id_
/physical-therapy-record-sales/,post,ok,digest ok,161842,33556,20131126105949id_
/physical-therapy-record-sales/feed/,feed,ok,digest ok,801,860,20140110213454id_
/pictureplane-dimensional-rip-6-2/,post,ok,digest ok,161213,33423,20131126112324id_
/pictureplane-dimensional-rip-6-2/feed/,feed,ok,digest ok,808,866,20140110212929id_
/pictureplane-en-mexico-3/,post,ok,digest ok,64573,15212,20110718230031id_
/pictureplane-en-mexico-4/,post,ok,digest ok,63924,15148,20110718230800id_
/pictureplane-en-mexico/,post,ok,digest ok,164369,34576,20131126093459id_
/pictureplane-en-mexico/feed/,feed,ok,digest ok,1739,1212,20140109203205id_
/pictureplane-mexico/,post,ok,digest ok,163199,34251,20131126112725id_
/pictureplane-mexico/feed/,feed,ok,digest ok,763,837,20140110212539id_
/pictureplane-mix-para-mexico/,post,ok,digest ok,164551,34523,20131126095832id_
/pictureplane-mix-para-mexico/feed/,feed,ok,digest ok,1858,1152,20140109201149id_
/pictureplane-negative-slave/,post,ok,digest ok,163709,34325,20131126091614id_
/pictureplane-negative-slave/feed/,feed,ok,digest ok,795,848,20140109192148id_
/pictureplane-post-physical-physical-therapy-premix/,post,ok,digest ok,162548,33640,20131126112803id_
/pictureplane-post-physical-physical-therapy-premix/feed/,feed,ok,digest ok,866,891,20140110215245id_
/pictureplane-vs-creep-2/,post,ok,digest ok,63339,14711,20110718224151id_
/pictureplane-vs-creep/,post,ok,digest ok,162058,33749,20131126102343id_
/pictureplane-vs-creep/feed/,feed,ok,digest ok,769,837,20140110194431id_
/pisces/,post,ok,digest ok,160673,33413,20131126082917id_
/pisces/feed/,feed,ok,digest ok,724,813,20140109183036id_
/planningtorock-the-knife-doorway-2/,post,ok,digest ok,63838,14901,20110718230807id_
/planningtorock-the-knife/,post,ok,digest ok,162798,33971,20131126102123id_
/planningtorock-the-knife/feed/,feed,ok,digest ok,780,843,20140110210937id_
/play-by-play/,post,ok,digest ok,161256,33563,20131126082905id_
/play-by-play/feed/,feed,ok,digest ok,742,820,20140109185146id_
/pop-is-black-2/,post,ok,digest ok,62749,14715,20110718230038id_
/pop-is-black/,post,ok,digest ok,161744,33818,20131126094812id_
/pop-is-black/feed/,feed,ok,digest ok,742,825,20140109203857id_
/popcaan-only-man-she-want/,post,ok,digest ok,162430,33894,20131126093415id_
/popcaan-only-man-she-want/feed/,feed,ok,digest ok,789,855,20140109202849id_
/popcaan-system/,post,ok,digest ok,161558,33660,20131104102759id_
/popcaan-system/feed/,feed,ok,digest ok,756,832,20140109193543id_
/post-physical/,post,ok,digest ok,162700,34048,20131126112755id_
/post-physical/feed/,feed,ok,digest ok,756,832,20140110213308id_
/post/2946548866/black-metal-kids,page,ok,digest ok,27676,6548,20110204205842id_
/post/3053617238/alexico-gordo-grande-y-marica,page,ok,digest ok,29923,6816,20110205125241id_
/powwoww/,post,ok,digest ok,161896,33860,20131126102646id_
/powwoww/feed/,feed,ok,digest ok,727,813,20140110205752id_
/pre-halloween-en-el-under/,post,ok,digest ok,167905,34773,20131126094937id_
/pre-halloween-en-el-under/feed/,feed,ok,digest ok,781,840,20140109202618id_
/pretty-young-thug/,post,ok,digest ok,161898,33763,20131126105910id_
/pretty-young-thug/feed/,feed,ok,digest ok,757,832,20140110212925id_
/prince-rama/,post,ok,digest ok,163264,34176,20131126091456id_
/prince-rama/feed/,feed,ok,digest ok,739,824,20140109191832id_
/profligate/,post,ok,digest ok,163113,34123,20131126084417id_
/profligate/feed/,feed,ok,digest ok,736,819,20140109184938id_
/promisee/,post,ok,digest ok,161964,33810,20131126084119id_
/promisee/feed/,feed,ok,digest ok,731,818,20140109194519id_
/punish-me-for-fun/,post,ok,digest ok,163824,34469,20131126083028id_
/punish-me-for-fun/feed/,feed,ok,digest ok,1709,1190,20140109183913id_
/pure-one-imports/,post,ok,digest ok,168632,36240,20131126094846id_
/pure-one-imports/feed/,feed,ok,digest ok,754,830,20140109201033id_
/pure-war/,post,ok,digest ok,161160,33534,20131126090216id_
/pure-war/feed/,feed,ok,digest ok,730,814,20140109193447id_
/puro-instinct-2/,post,ok,digest ok,68514,16182,20110804231354id_
/puro-instinct-2/feed/,feed,ok,digest ok,752,702,20110517212105id_
/puro-instinct-feat-ariel-pink-stilyagi-2/,post,ok,digest ok,64828,15360,20110718224158id_
/puro-instinct-feat-ariel-pink-stilyagi/,post,ok,digest ok,163764,34349,20131126110804id_
/puro-instinct-feat-ariel-pink-stilyagi/feed/,feed,ok,digest ok,829,874,20140111004950id_
/puro-instinct/,post,ok,digest ok,163929,34787,20131126090230id_
/puro-instinct/feed/,feed,ok,digest ok,745,822,20140109193933id_
/que-que/,post,ok,digest ok,162710,33995,20131126105902id_
/que-que/feed/,feed,ok,digest ok,727,812,20140110212229id_
/rachel-haircut/,post,ok,digest ok,162859,34215,20131126084848id_
/rachel-haircut/feed/,feed,ok,digest ok,748,828,20140109190741id_
/rain/,post,ok,digest ok,161134,33574,20131126082903id_
/rain/feed/,feed,ok,digest ok,718,808,20140109190159id_
/rave4evar/,post,ok,digest ok,161963,33712,20131126082648id_
/rave4evar/feed/,feed,ok,digest ok,734,820,20140109184327id_
/raymondstock/,post,ok,digest ok,165439,34503,20131126101045id_
/raymondstock/feed/,feed,ok,digest ok,742,824,20140109203049id_
/real-is-a-feeling-unicorn-kid-ecstasy-dream-mix/,post,ok,digest ok,163974,34238,20131126110812id_
/real-is-a-feeling-unicorn-kid-ecstasy-dream-mix/feed/,feed,ok,digest ok,849,883,20140110214027id_
/real-is-a-feeling/,post,ok,digest ok,160562,33381,20131126091510id_
/real-is-a-feeling/feed/,feed,ok,digest ok,757,831,20140109191756id_
/recordando-a-carl-crack/,post,ok,digest ok,161263,33523,20131126085900id_
/recordando-a-carl-crack/feed/,feed,ok,digest ok,775,839,20140109193750id_
/red-lips-elite-gymnastics-remix/,post,ok,digest ok,162061,33717,20131126100917id_
/red-lips-elite-gymnastics-remix/feed/,feed,ok,digest ok,801,860,20140109204514id_
/red-velvet/,post,ok,digest ok,160474,33349,20131126113421id_
/red-velvet/feed/,feed,ok,digest ok,736,820,20140110214831id_
/resena-blissed-out-i-ep/,post,ok,digest ok,164584,34557,20131126085931id_
/resena-blissed-out-i-ep/feed/,feed,ok,digest ok,785,854,20140109192019id_
/resena-health-y-%E2%80%A0%E2%80%A1%E2%80%A0-teatro-fru-fru-2/,post,ok,digest ok,65808,15926,20110718223031id_
/resena-health-y-%E2%80%A0%E2%80%A1%E2%80%A0-teatro-fru-fru/,post,ok,digest ok,164983,34902,20131126101319id_
/resena-health-y-%E2%80%A0%E2%80%A1%E2%80%A0-teatro-fru-fru/feed/,feed,ok,digest ok,866,892,20140109203852id_
/resena-neon-indian-era-extrana/,post,ok,digest ok,168043,36059,20131126091449id_
/resena-neon-indian-era-extrana/feed/,feed,ok,digest ok,807,866,20140109191739id_
/resena-sleep-%E2%88%9E-over-forever/,post,ok,digest ok,165776,35100,20131126102925id_
/resena-sleep-%E2%88%9E-over-forever/feed/,feed,ok,digest ok,815,878,20140110212609id_
/resena-teeth-whatever/,post,ok,digest ok,164774,34878,20131126114515id_
/resena-teeth-whatever/feed/,feed,ok,digest ok,779,853,20140110215910id_
/resena-unison-unison/,post,ok,digest ok,166975,35617,20131126122053id_
/resena-unison-unison/feed/,feed,ok,digest ok,1531,1121,20140110220211id_
/revengeance-mixtape/,post,ok,digest ok,161407,33571,20131126102551id_
/revolver/,post,ok,digest ok,165073,34858,20131126110729id_
/revolver/feed/,feed,ok,digest ok,731,821,20140110213128id_
/rhinoceropolis-anthem/,post,ok,digest ok,161506,33585,20131126112412id_
/rhinoceropolis-anthem/feed/,feed,ok,digest ok,769,842,20140110213604id_
/rikslyd-entrevista-mp3-2/,post,ok,digest ok,169363,36904,20131126091658id_
/rikslyd-entrevista-mp3-2/feed/,feed,ok,digest ok,1629,1162,20140109191934id_
/rikslyd-feat-house-of-drama-obsexed/,post,ok,digest ok,164213,34390,20131126120157id_
/rikslyd-feat-house-of-drama-obsexed/feed/,feed,ok,digest ok,819,873,20140110220114id_
/rikslyd-techno-club/,post,ok,digest ok,161961,33764,20131126100806id_
/rikslyd-techno-club/feed/,feed,ok,digest ok,771,849,20140109201946id_
/rikslyd-the-heart-2/,post,ok,digest ok,63123,14719,20110718231118id_
/rikslyd-the-heart/,post,ok,digest ok,161807,33688,20131126112425id_
/rikslyd-the-heart/feed/,feed,ok,digest ok,765,841,20140110213000id_
/rimar/,post,ok,digest ok,163347,34254,20131209124755id_
/rimar/feed/,feed,ok,digest ok,721,811,20140109191913id_
/ringo-deathstarr/,post,ok,digest ok,163612,34176,20131126113413id_
/ringo-deathstarr/feed/,feed,ok,digest ok,754,829,20140110215029id_
/rip-trish-keenan-2/,post,ok,digest ok,62197,14465,20110718224201id_
/rip-trish-keenan/,post,ok,digest ok,160640,33459,20131126105959id_
/rip-trish-keenan/feed/,feed,ok,digest ok,754,829,20140110213157id_
/ritalin-24-7/,post,ok,digest ok,164402,34345,20131126091837id_
/ritalin-24-7/feed/,feed,ok,digest ok,742,824,20140109194727id_
/ritualz-2/,post,ok,digest ok,162935,33994,20131126102223id_
/ritualz-2/feed/,feed,ok,digest ok,731,817,20140110195246id_
/ritualz-alien/,post,ok,digest ok,163375,34163,20131126084251id_
/ritualz-alien/feed/,feed,missing,,0,996,
/ritualz-ana-caprix-finally-boys-remix/,post,ok,digest ok,162802,33765,20131126084601id_
/ritualz-ana-caprix-finally-boys-remix/feed/,feed,ok,digest ok,825,878,20140109193830id_
/ritualz-autumn-mix-4-future-perfect/,post,ok,digest ok,163185,34069,20131126084801id_
/ritualz-autumn-mix-4-future-perfect/feed/,feed,ok,digest ok,816,863,20140109191824id_
/ritualz-ghetto-ass-witch-2/,post,ok,digest ok,63008,14851,20110718225410id_
/ritualz-ghetto-ass-witch/,post,ok,digest ok,162485,33952,20131126090404id_
/ritualz-ghetto-ass-witch/feed/,feed,ok,digest ok,786,853,20140109193654id_
/ritualz-mix-4-logo/,post,ok,digest ok,162697,33944,20131126091900id_
/ritualz-mix-4-logo/feed/,feed,ok,digest ok,760,832,20140109191909id_
/ritualz-negative-youth-summer-mix/,post,ok,digest ok,166453,34939,20131005002253id_
/ritualz-negative-youth-summer-mix/feed/,feed,ok,digest ok,3929,1734,20140110213557id_
/ritualz-outworld-music-i/,post,ok,digest ok,162936,34079,20131126093633id_
/ritualz-outworld-music-i/feed/,feed,ok,digest ok,786,851,20140109200200id_
/ritualz-petit-pistolette-2/,post,ok,digest ok,63585,14843,20110718224208id_
/ritualz-petit-pistolette/,post,ok,digest ok,162437,33810,20131126120137id_
/ritualz-petit-pistolette/feed/,feed,ok,digest ok,780,847,20140110214531id_
/ritualz-remixed/,post,ok,digest ok,164076,34310,20131126102400id_
/ritualz-remixed/feed/,feed,ok,digest ok,1501,1113,20140110201516id_
/ritualz-rhythmic-release/,post,ok,digest ok,162477,33830,20131126095642id_
/ritualz-rhythmic-release/feed/,feed,ok,digest ok,786,856,20140109204108id_
/ritualz-spring/,post,ok,digest ok,163274,34255,20131126082928id_
/ritualz-spring/feed/,feed,ok,digest ok,1304,1066,20140109183937id_
/ritualz-the-end-of-summer-2k12-mix/,post,ok,digest ok,162747,33876,20131126090641id_
/ritualz-the-end-of-summer-2k12-mix/feed/,feed,ok,digest ok,816,874,20140109192632id_
/ritualz-winter-2k12-mix/,post,ok,digest ok,164771,34549,20131126103613id_
/ritualz-winter-2k12-mix/feed/,feed,ok,digest ok,1475,1104,20140110212428id_
/rl-grime-trap-on-acid/,post,ok,digest ok,162190,33836,20131126090615id_
/rl-grime-trap-on-acid/feed/,feed,ok,digest ok,777,848,20140109191850id_
/rl-grime/,post,ok,digest ok,162402,34085,20131126082839id_
/rl-grime/feed/,feed,ok,digest ok,1553,1128,20140109184302id_
/roberto-sanchez/,post,ok,digest ok,165670,34821,20131126094757id_
/roberto-sanchez/feed/,feed,ok,digest ok,1354,1070,20140109195723id_
/robots.txt,exclude,ok,digest ok,274,569,20170120194638id_
/robyn-indestructible-2/,post,ok,digest ok,62892,14731,20110718225415id_
/robyn-indestructible/,post,ok,digest ok,161905,33754,20131126120119id_
/robyn-indestructible/feed/,feed,ok,digest ok,774,846,20140110214130id_
/romantic-streams-naka-nakas-rio-de-lava-mix/,post,ok,digest ok,164182,34163,20131126110202id_
/romantic-streams-naka-nakas-rio-de-lava-mix/feed/,feed,ok,digest ok,846,890,20140110212534id_
/rooftop-i-want-to-be-alone/,post,ok,digest ok,162672,33795,20131126082747id_
/rooftop-i-want-to-be-alone/feed/,feed,ok,digest ok,784,847,20140109182856id_
/rumbo-al-2012/,post,ok,digest ok,161671,33855,20131126105216id_
/rumbo-al-2012/feed/,feed,ok,digest ok,1201,1008,20140110212500id_
/s-u-r-v-i-v-e-lp/,post,ok,digest ok,163157,34347,20131126091754id_
/s-u-r-v-i-v-e-lp/feed/,feed,ok,digest ok,1361,1063,20140109194627id_
/s-u-r-v-i-v-e-tllt21/,post,ok,digest ok,162204,33950,20131126084724id_
/s-u-r-v-i-v-e-tllt21/feed/,feed,ok,digest ok,1221,1016,20140109192512id_
/s-u-r-v-i-v-e/,post,ok,digest ok,162713,34103,20131126091748id_
/s-u-r-v-i-v-e/feed/,feed,ok,digest ok,745,822,20140109192046id_
/sa-sa-moa-elite-gymnastics-remix/,post,ok,digest ok,162039,33693,20131126112439id_
/sa-sa-moa-elite-gymnastics-remix/feed/,feed,ok,digest ok,804,861,20140110213812id_
/sad-eyes/,post,ok,digest ok,165176,35065,20131126083002id_
/sad-eyes/feed/,feed,ok,digest ok,730,815,20140109185942id_
/safe-in-the-cells/,post,ok,digest ok,162427,33813,20131126094900id_
/safe-in-the-cells/feed/,feed,ok,digest ok,757,831,20140109200900id_
/salem-asia-jokers-of-the-scene-remix-2/,post,ok,digest ok,162767,34010,20131126112921id_
/salem-asia-jokers-of-the-scene-remix-2/feed/,feed,ok,digest ok,828,878,20140110214724id_
/salem-finna-2/,post,ok,digest ok,161103,33594,20131126111029id_
/salem-finna-2/feed/,feed,ok,digest ok,751,832,20140110213756id_
/salem-im-still-in-the-night/,post,ok,digest ok,162495,33904,20131126112747id_
/salem-im-still-in-the-night/feed/,feed,ok,digest ok,802,865,20140110212815id_
/salem-remixea-a-blonde-redhead/,post,ok,digest ok,162541,33916,20131126100634id_
/salem-remixea-a-blonde-redhead/feed/,feed,ok,digest ok,796,853,20140109201833id_
/salem-y-ooooo-remixean-a-him-2/,post,ok,digest ok,162632,34041,20131126111100id_
/salem-y-ooooo-remixean-a-him-2/feed/,feed,ok,digest ok,798,857,20140110212429id_
/schonwald-mercurial/,post,ok,digest ok,162797,34037,20131126104525id_
/schonwald-mercurial/feed/,feed,ok,digest ok,771,846,20140110212729id_
/schonwald-moon/,post,ok,digest ok,161527,33659,20131126082604id_
/schonwald-moon/feed/,feed,ok,digest ok,756,837,20140109185302id_
/screen-vinyl-image-2/,post,ok,digest ok,63369,15060,20110718223640id_
/screen-vinyl-image/,post,ok,digest ok,163397,34406,20131126122127id_
/screen-vinyl-image/feed/,feed,ok,digest ok,1534,1136,20140903194410id_
/secret-city/,post,ok,digest ok,161125,33525,20131126082556id_
/secret-city/feed/,feed,ok,digest ok,739,819,20140109190208id_
/see-forever/,post,ok,digest ok,162196,33852,20131126105904id_
/see-forever/feed/,feed,ok,digest ok,739,821,20140110213732id_
/self-defense/,post,ok,digest ok,161136,33556,20131126094549id_
/self-defense/feed/,feed,ok,digest ok,742,822,20140109202707id_
/selma-oxor-dotes-de-cocina-entrevista/,post,ok,digest ok,177302,38636,20131126113509id_
/selma-oxor-dotes-de-cocina-entrevista/feed/,feed,ok,digest ok,4717,1864,20140110220916id_
/selma-oxor-lo-que-quiero-video/,post,ok,digest ok,163543,34210,20131126082658id_
/selma-oxor-lo-que-quiero-video/feed/,feed,missing,,0,1046,
/selma-oxor-quiero-salir/,post,ok,digest ok,162674,33956,20131126090104id_
/selma-oxor-quiero-salir/feed/,feed,ok,digest ok,783,851,20140109192446id_
/selma-oxor-siempre-en-mi-mente/,post,ok,digest ok,163888,34499,20131126102316id_
/selma-oxor-siempre-en-mi-mente/feed/,feed,ok,digest ok,804,861,20140110210933id_
/serpent-remixes-2/,post,ok,digest ok,63315,14848,20110718230817id_
/serpent-remixes/,post,ok,digest ok,162301,33818,20131126110320id_
/serpent-remixes/feed/,feed,ok,digest ok,751,823,20140110213100id_
/sewer-greats-volume-5/,post,ok,digest ok,163300,34149,20131126104346id_
/sewer-greats-volume-5/feed/,feed,ok,digest ok,769,841,20140110212959id_
/sexy-sweaters/,post,ok,digest ok,166301,34693,20131126110814id_
/sexy-sweaters/feed/,feed,ok,digest ok,2661,1320,20140110212706id_
/shades-lullaby/,post,ok,digest ok,161920,33781,20131126094640id_
/shades-lullaby/feed/,feed,ok,digest ok,756,836,20140109201905id_
/shades/,post,ok,digest ok,168108,35421,20131126110301id_
/shades/feed/,feed,ok,digest ok,2151,1160,20140110213642id_
/shades_web/fonts/vijaya-webfont.eot,font,ok,digest ok,28015,28563,20130113201900id_
/shades_web/fonts/vijaya-webfont.ttf,font,ok,digest ok,59448,32101,20130113201855id_
/shades_web/fonts/vijaya-webfont.woff,font,ok,digest ok,31792,32317,20130113201850id_
/shady-blaze-feat-blissed-out-i-dont-care/,post,ok,digest ok,162818,33858,20131126105957id_
/shady-blaze-feat-blissed-out-i-dont-care/feed/,feed,ok,digest ok,843,884,20140111004925id_
/shams-absolutely-dreams/,post,ok,digest ok,161140,33560,20131126102959id_
/shams-absolutely-dreams/feed/,feed,ok,digest ok,783,849,20140110213137id_
/shams-and-dj-dog-dick-in-alaska/,post,ok,digest ok,162308,33820,20131126090252id_
/shams-and-dj-dog-dick-in-alaska/feed/,feed,ok,digest ok,799,856,20140109194242id_
/shams-morales/,post,ok,digest ok,160658,33402,20131126112602id_
/shams-morales/feed/,feed,ok,digest ok,753,833,20140111005516id_
/sierra-city-center-diamond-club/,post,ok,digest ok,161157,33419,20131126102542id_
/sierra-city-center-diamond-club/feed/,feed,ok,digest ok,801,859,20140111004845id_
/six-feet-deep/,post,ok,digest ok,161608,33580,20131126084315id_
/six-feet-deep/feed/,feed,ok,digest ok,745,825,20140109191740id_
/sky-ferreira-everything-is-embarrassing/,post,ok,digest ok,162504,33744,20131126094824id_
/sky-ferreira-everything-is-embarrassing/feed/,feed,ok,digest ok,831,861,20140109203941id_
/sky-ferreira-red-lips/,post,ok,digest ok,162633,34111,20131126093740id_
/sky-ferreira-red-lips/feed/,feed,missing,,0,1169,
/sky-sky-sky/,post,ok,digest ok,163316,34219,20131126083115id_
/sky-sky-sky/feed/,feed,ok,digest ok,741,814,20140109190913id_
/slayer-christmas-lightorama-2/,post,ok,digest ok,62707,14650,20110718231133id_
/slayer-christmas-lightorama/,post,ok,digest ok,161201,33549,20131126102942id_
/slayer-christmas-lightorama/feed/,feed,ok,digest ok,787,849,20140110212929id_
/sleep-%E2%88%9E-over-casual-diamond-physical-therapy-remix/,post,ok,digest ok,163613,34037,20131126113403id_
/sleep-%E2%88%9E-over-casual-diamond-physical-therapy-remix/feed/,feed,ok,digest ok,884,917,20140110214117id_
/sleep-%E2%88%9E-over-regresa-2/,post,ok,digest ok,163204,34192,20131126121817id_
/sleep-%E2%88%9E-over-regresa-2/feed/,feed,ok,digest ok,1684,1191,20140110214723id_
/sliders-2/,post,ok,digest ok,163698,34530,20131126121918id_
/sliders-2/feed/,feed,ok,digest ok,731,816,20140110215223id_
/sliders-a-digestible-video-retrospective-from-the-show-cave-archives-2/,post,ok,digest ok,65522,15388,20110718224909id_
/sliders-a-digestible-video-retrospective-from-the-show-cave-archives/,post,ok,digest ok,164841,34462,20131126091956id_
/sliders-a-digestible-video-retrospective-from-the-show-cave-archives/feed/,feed,ok,digest ok,911,904,20140109194759id_
/slush-fund/,post,ok,digest ok,161804,33773,20131126092226id_
/slush-fund/feed/,feed,ok,digest ok,736,818,20140109191458id_
/smoke-alarm-%E2%88%86aimon-remix/,post,ok,digest ok,162069,33772,20131126091946id_
/smoke-alarm-%E2%88%86aimon-remix/feed/,feed,ok,digest ok,798,868,20140109195328id_
/snakes/,post,ok,digest ok,162963,34112,20131126100900id_
/snakes/feed/,feed,ok,digest ok,724,812,20140109202853id_
/snow-crash/,post,ok,digest ok,162384,33963,20131126082955id_
/snow-crash/feed/,feed,ok,digest ok,736,818,20140109182431id_
/so-close-to-paradise-physical-theraphy-remix/,post,ok,digest ok,163558,34131,20131126112719id_
/so-close-to-paradise-physical-theraphy-remix/feed/,feed,ok,digest ok,839,877,20140110212445id_
/soda/,post,ok,digest ok,162463,33954,20131126105839id_
/soda/feed/,feed,ok,digest ok,743,831,20140110212207id_
/soft-metals-voices/,post,ok,digest ok,162208,33851,20131126125805id_
/soft-metals-voices/feed/,feed,ok,digest ok,768,840,20140111005039id_
/soft-metals/,post,ok,digest ok,162566,33926,20131126122301id_
/soft-metals/feed/,feed,ok,digest ok,739,820,20140110214343id_
/soft/,post,ok,digest ok,160451,33270,20131126085207id_
/soft/feed/,feed,missing,,0,810,
/solace/,post,ok,digest ok,162329,33916,20131126104141id_
/solace/feed/,feed,ok,digest ok,724,813,20140110213351id_
/soledad-fe-ep/,post,ok,digest ok,162732,34068,20131126085936id_
/soledad-fe-ep/feed/,feed,ok,digest ok,753,835,20140109192219id_
/soledad-invisible-video/,post,ok,digest ok,163388,34250,20131126105757id_
/soledad-invisible-video/feed/,feed,ok,digest ok,1333,1059,20140110213503id_
/soledad-invisible/,post,ok,digest ok,163809,34483,20131126090659id_
/soledad-invisible/feed/,feed,ok,digest ok,1470,1126,20140109194026id_
/soledad-repetir-sombra/,post,ok,digest ok,162885,33951,20131126100531id_
/soledad-repetir-sombra/feed/,feed,ok,digest ok,782,849,20140109200707id_
/sorry-hun/,post,ok,digest ok,161533,33691,20131126091818id_
/sorry-hun/feed/,feed,missing,,0,820,
/spaceghostpurrp/,post,ok,digest ok,162970,34027,20131126102505id_
/spaceghostpurrp/feed/,feed,ok,digest ok,772,845,20140110184513id_
/spc-eco/,post,ok,digest ok,162503,34080,20131126110448id_
/spc-eco/feed/,feed,ok,digest ok,727,815,20140110213752id_
/spoek-mathambo-control-2/,post,ok,digest ok,162299,33882,20131126094634id_
/spoek-mathambo-control-2/feed/,feed,missing,,0,851,
/squarepusher-dark-steering/,post,ok,digest ok,162606,34038,20131126090706id_
/squarepusher-dark-steering/feed/,feed,ok,digest ok,792,856,20140109194618id_
/ssion-earthquake/,post,ok,digest ok,163303,34328,20131126091830id_
/ssion-earthquake/feed/,feed,ok,digest ok,1398,1080,20140109194118id_
/ssion-feel-good-4-evr/,post,ok,digest ok,161986,33719,20131126084815id_
/ssion-feel-good-4-evr/feed/,feed,ok,digest ok,778,849,20140109190717id_
/ssion-kim/,post,ok,digest ok,160977,33491,20131126091653id_
/ssion-kim/feed/,feed,ok,digest ok,755,838,20140109194901id_
/stargate/,post,ok,digest ok,162471,33976,20131126082645id_
/stargate/feed/,feed,ok,digest ok,730,815,20140109191755id_
/stay-dandelion/,post,ok,digest ok,165332,34757,20131126101431id_
/stay-dandelion/feed/,feed,ok,digest ok,2648,1292,20140110192125id_
/stay-here/,post,ok,digest ok,161216,33529,20131126100939id_
/stay-here/feed/,feed,ok,digest ok,733,817,20140109203132id_
/stoned-boys-andromeda/,post,ok,digest ok,163617,34348,20131126084301id_
/stoned-boys-andromeda/feed/,feed,ok,digest ok,1527,1114,20140109183559id_
/stoned-boys-dangerous-skies/,post,ok,digest ok,165010,34718,20131126091622id_
/stoned-boys-dangerous-skies/feed/,feed,ok,digest ok,1745,1180,20140109190957id_
/stoned-boys-dead-friends-2/,post,ok,digest ok,62589,14595,20110718230824id_
/stoned-boys-dead-friends/,post,ok,digest ok,161313,33527,20131126094732id_
/stoned-boys-dead-friends/feed/,feed,ok,digest ok,786,850,20140109195536id_
/stoned-boys-forever-2/,post,ok,digest ok,63931,15279,20110718230830id_
/stoned-boys-forever/,post,ok,digest ok,165125,34951,20131126112939id_
/stoned-boys-forever/feed/,feed,ok,digest ok,2667,1359,20140110220909id_
/strain/,post,ok,digest ok,160977,33515,20131126091908id_
/strain/feed/,feed,missing,,0,812,
/stranger%C2%A7-of-a-lst-art/,post,ok,digest ok,161403,33518,20131126083234id_
/stranger%C2%A7-of-a-lst-art/feed/,feed,ok,digest ok,787,858,20140109182506id_
/suffocation-health-remix/,post,ok,digest ok,162431,33885,20131126112826id_
/suffocation-health-remix/feed/,feed,ok,digest ok,780,844,20140111005457id_
/suicide-dream-2-elite-gymnastics-baptism/,post,ok,digest ok,163316,33968,20131126110253id_
/suicide-dream-2-elite-gymnastics-baptism/feed/,feed,ok,digest ok,828,874,20140110212646id_
/sulk-revolution-recording-piano-version/,post,ok,digest ok,162530,33853,20131126104242id_
/sulk-revolution-recording-piano-version/feed/,feed,ok,digest ok,1653,1156,20140110212258id_
/super-future/,post,ok,digest ok,161605,33612,20131126090647id_
/super-future/feed/,feed,ok,digest ok,742,823,20140109192708id_
/super-ultra-mixtape/,post,ok,digest ok,163283,34257,20131126094834id_
/super-ultra-mixtape/feed/,feed,ok,digest ok,763,835,20140109195952id_
/supermad/,post,ok,digest ok,163671,34584,20131126092029id_
/supermad/feed/,feed,ok,digest ok,1643,1154,20140109200446id_
/supreme-cuts-reanimated/,post,ok,digest ok,163600,34324,20131126090653id_
/supreme-cuts-reanimated/feed/,feed,ok,digest ok,775,840,20140109192528id_
/swag-slangin-yayo-2/,post,ok,digest ok,163326,34273,20131126111206id_
/swag-slangin-yayo-2/feed/,feed,ok,digest ok,762,837,20140110213716id_
/synthetik/,post,ok,digest ok,160839,33413,20131126094820id_
/synthetik/feed/,feed,ok,digest ok,733,819,20140109202546id_
/tag/%E2%80%A0%E2%80%A1%E2%80%A0/,tag,ok,digest ok,184244,34754,20130407074842id_
/tag/4ad/,tag,ok,digest ok,160401,29996,20121125083609id_
/tag/adelle/,tag,ok,digest ok,33443,8146,20140404035926id_
/tag/alemania/,tag,ok,digest ok,38560,8375,20140103041607id_
/tag/alexico/,tag,ok,digest ok,85608,16866,20110917085327id_
/tag/anchorage/,tag,ok,digest ok,33704,8261,20150220180715id_
/tag/arbustus/,tag,ok,digest ok,86535,16905,20110917085333id_
/tag/ariel-pink/,tag,ok,digest ok,51886,12055,20110604053611id_
/tag/arte/,tag,ok,digest ok,188822,35710,20131126122117id_
/tag/asian-sex-goddess-hyuna-4-lyf/,tag,ok,digest ok,157798,31827,20131031083501id_
/tag/balam-acab/,tag,ok,digest ok,84831,17194,20110917085343id_
/tag/bandcamp/,tag,ok,digest ok,194201,36748,20131126110741id_
/tag/bk-phillips/,tag,ok,digest ok,34671,8367,20140318110745id_
/tag/bl%C2%A7%C2%A7d-%C3%B8u%E2%80%A0/,tag,ok,digest ok,85853,19368,20110718224214id_
/tag/blissed-out/,tag,ok,digest ok,190267,35499,20131126092439id_
/tag/boy-friend/,tag,ok,digest ok,105629,20386,20111223165723id_
/tag/breanna-box/,tag,ok,digest ok,34583,8329,20140318154211id_
/tag/brenmar/,tag,ok,digest ok,188283,35214,20131126125709id_
/tag/butterclock/,tag,ok,digest ok,181497,33602,20130617200059id_
/tag/casino-metropolitano/,tag,ok,digest ok,97127,20084,20120121082905id_
/tag/charlene-bagcal/,tag,ok,digest ok,34606,8359,20140317222653id_
/tag/chavvos-was-here/,tag,ok,digest ok,33558,8224,20150220203512id_
/tag/chelsea-wolfe/,tag,ok,digest ok,34469,8269,20140318135657id_
/tag/claire-boucher/,tag,ok,digest ok,90512,19087,20120316033944id_
/tag/colombia/,tag,ok,digest ok,157186,31827,20131126100958id_
/tag/columbia-records/,tag,ok,digest ok,33737,8222,20150220195122id_
/tag/concierto/,tag,ok,"digest differs (unstable replay), content valid",72127,37750,20131126102055id_
/tag/crackboy/,tag,missing,,0,32033,
/tag/creep/,tag,ok,digest ok,108415,19907,20111224052104id_
/tag/dani-shivers/,tag,ok,digest ok,165246,31244,20121117065309id_
/tag/david-lynch/,tag,ok,digest ok,40518,9114,20150220223334id_
/tag/death-to-posers/,tag,ok,digest ok,33354,8232,20140404040451id_
/tag/deon/,tag,ok,digest ok,189894,35634,20131126103009id_
/tag/dis-magazine/,tag,ok,digest ok,192402,35722,20131126101530id_
/tag/disco-gratis/,tag,ok,digest ok,188646,34587,20131126113248id_
/tag/dj-maquina-de-muerte/,tag,ok,"digest differs (unstable replay), content valid",66045,35589,20131126102216id_
/tag/dj-smurphy/,tag,ok,digest ok,190273,35533,20131126101420id_
/tag/download/,tag,ok,digest ok,184470,33839,20131126102448id_
/tag/drugs-for-drunks/,tag,ok,digest ok,195122,36984,20131126094057id_
/tag/el-adios/,tag,ok,digest ok,33242,8166,20140404042058id_
/tag/entrevista/,tag,ok,digest ok,195561,37704,20131126110228id_
/tag/ep/,tag,ok,digest ok,166295,31746,20121125124512id_
/tag/eventos/,tag,ok,digest ok,110620,21122,20111223165741id_
/tag/fiesta/,tag,ok,digest ok,196010,36542,20131126122247id_
/tag/florence-and-the-machine/,tag,ok,digest ok,33735,8142,20140103043432id_
/tag/fostearcare/,tag,ok,digest ok,157794,32054,20131126090228id_
/tag/fostercare/,tag,ok,digest ok,185702,34490,20131126085601id_
/tag/fotos/,tag,ok,digest ok,103840,19913,20111223165316id_
/tag/freak-city/,tag,ok,digest ok,134487,28221,20121128144244id_
/tag/funerals/,tag,ok,digest ok,84526,16809,20110917090146id_
/tag/funker-vogt/,tag,ok,digest ok,33010,8002,20140103043250id_
/tag/gatekeeper/,tag,ok,digest ok,191354,35769,20131126094843id_
/tag/gesaffelstein/,tag,ok,digest ok,156972,31707,20131126112947id_
/tag/glass-popcorn/,tag,ok,digest ok,189345,35619,20131126110343id_
/tag/gratis/,tag,ok,digest ok,188389,34978,20131126091650id_
/tag/grimes/,tag,ok,digest ok,183051,33951,20131126111551id_
/tag/guess/,tag,ok,digest ok,35796,9100,20140319144932id_
/tag/health/,tag,ok,digest ok,189043,35997,20131126100617id_
/tag/hippos-in-tanks/,tag,ok,digest ok,185776,34687,20131126100836id_
/tag/house-of-drama/,tag,ok,digest ok,163627,32295,20130615222139id_
/tag/how-to-dress-well/,tag,ok,digest ok,185169,34482,20131126122109id_
/tag/humanoid-mutations/,tag,ok,digest ok,83832,17890,20120113100209id_
/tag/indian-jewelry/,tag,ok,digest ok,175248,32743,20130318022015id_
/tag/internet/,tag,ok,digest ok,41782,9544,20140404044332id_
/tag/janet-jackson/,tag,ok,digest ok,84332,17916,20120120012559id_
/tag/jj/,tag,ok,digest ok,99107,18793,20111222194128id_
/tag/k-pop/,tag,ok,digest ok,55278,10324,20140103043305id_
/tag/la-minitk-del-miedo/,tag,ok,digest ok,163982,32230,20131126092236id_
/tag/la-rap/,tag,ok,digest ok,134729,28279,20121129064156id_
/tag/light-asylum/,tag,ok,digest ok,185348,34628,20131126125932id_
/tag/lil-b/,tag,ok,digest ok,104560,19682,20111223164350id_
/tag/lil-internet/,tag,ok,digest ok,188867,36293,20131126092415id_
/tag/los-angeles/,tag,ok,digest ok,39729,8834,20150220150517id_
/tag/maligna/,tag,ok,digest ok,185664,34170,20131126110754id_
/tag/mexico/,tag,ok,digest ok,186056,35350,20130407093537id_
/tag/minneapolis/,tag,ok,digest ok,158061,32049,20131126090544id_
/tag/mishka/,tag,ok,digest ok,185529,34843,20131126111118id_
/tag/mix/,tag,ok,digest ok,188582,34395,20131126094138id_
/tag/mixtape/,tag,ok,digest ok,186490,34144,20131126090342id_
/tag/moda/,tag,ok,digest ok,110637,20837,20111225062052id_
/tag/mp3/,tag,ok,digest ok,185949,34121,20131126085845id_
/tag/mykki-blanco/,tag,ok,digest ok,193950,36209,20131126091758id_
/tag/naka-naka/,tag,ok,digest ok,187228,35085,20131126112847id_
/tag/negative-youth/,tag,ok,digest ok,194092,36137,20131126105245id_
/tag/nike7up/,tag,ok,digest ok,108441,19303,20111224051032id_
/tag/nine-inch-nails/,tag,ok,digest ok,48334,9678,20150220142152id_
/tag/nommo-ogo/,tag,ok,digest ok,33558,8290,20140404043218id_
/tag/out-of-line/,tag,ok,digest ok,38677,8375,20140102150537id_
/tag/paris/,tag,ok,digest ok,157015,31730,20131126112955id_
/tag/petit-pistolette/,tag,ok,digest ok,118331,21775,20111223201852id_
/tag/phoenix/,tag,ok,digest ok,33437,8186,20140404043105id_
/tag/physical-therapy/,tag,ok,digest ok,190523,35551,20131126111001id_
/tag/pictureplane/,tag,ok,digest ok,193655,36524,20131126090304id_
/tag/puro-instinct/,tag,ok,digest ok,74774,16008,20110810204234id_
/tag/record-label-records/,tag,ok,digest ok,33987,8314,20150220190520id_
/tag/remix/,tag,ok,digest ok,188647,34600,20131126093528id_
/tag/resena/,tag,ok,digest ok,194169,36823,20131126105238id_
/tag/revelator/,tag,ok,digest ok,34581,8404,20140317060636id_
/tag/reverberation-appreciation-society/,tag,ok,digest ok,150296,30451,20130407175504id_
/tag/richard-dawkins/,tag,ok,digest ok,33104,8079,20140404042312id_
/tag/rikslyd/,tag,ok,digest ok,183300,36185,20130617171337id_
/tag/ritualz/,tag,ok,digest ok,187399,34909,20131126094223id_
/tag/roberto-sanchez/,tag,ok,digest ok,33819,8265,20140317214000id_
/tag/rusia/,tag,ok,digest ok,92276,18928,20120105031132id_
/tag/ryder-ripps/,tag,ok,digest ok,190024,36017,20131126095055id_
/tag/sacred-bones-records/,tag,ok,digest ok,33515,8136,20140404044330id_
/tag/salem/,tag,ok,digest ok,189235,36230,20131126090325id_
/tag/sanfuentes-records/,tag,ok,digest ok,157787,31976,20131126084326id_
/tag/sean-michael-pheanis/,tag,ok,digest ok,34147,8296,20140318120949id_
/tag/selma-oxor/,tag,ok,digest ok,192719,35598,20131126122138id_
/tag/seoul/,tag,ok,digest ok,34320,8266,20140103042123id_
/tag/sexy-sweaters/,tag,ok,digest ok,33584,8244,20140320054157id_
/tag/sleep-%E2%88%9E-over/,tag,ok,digest ok,113389,21026,20111224054822id_
/tag/soundcloud/,tag,ok,digest ok,165969,30464,20121125085904id_
/tag/stoned-boys/,tag,ok,digest ok,114390,21380,20111223211302id_
/tag/stream/,tag,ok,digest ok,183694,33729,20131126082642id_
/tag/supermad/,tag,ok,digest ok,138130,25719,20120617163749id_
/tag/t-ara-n4/,tag,ok,digest ok,34152,8223,20140103042024id_
/tag/t-ara/,tag,ok,digest ok,34034,8193,20140103040606id_
/tag/t-shirts/,tag,ok,digest ok,33538,8157,20140318121015id_
/tag/teehn-bwitches/,tag,ok,digest ok,191917,36367,20131126110542id_
/tag/teengirl-fantasy/,tag,ok,digest ok,162112,29926,20121127105205id_
/tag/the-saatchi-saatchi-new-directors-showcase/,tag,ok,digest ok,34178,8300,20150220204816id_
/tag/tiesto/,tag,ok,digest ok,35539,9002,20140320055239id_
/tag/tri-angle/,tag,ok,digest ok,187360,35393,20131126125531id_
/tag/true-parameters/,tag,missing,,0,31900,
/tag/tumblr/,tag,ok,digest ok,39686,8707,20140317064225id_
/tag/twin-gemz/,tag,ok,digest ok,187049,34309,20131126121950id_
/tag/uforia/,tag,ok,digest ok,187658,34988,20131126121728id_
/tag/unicorn-kid/,tag,ok,digest ok,187717,35203,20131126092040id_
/tag/unison/,tag,ok,digest ok,115115,21074,20111227073926id_
/tag/vagina-vangi/,tag,ok,digest ok,86785,17635,20110916145543id_
/tag/vally-girl/,tag,ok,digest ok,134579,28245,20121129064200id_
/tag/vegan-cannibal/,tag,ok,digest ok,197711,36703,20131126093451id_
/tag/video/,tag,ok,digest ok,182150,33429,20131126100447id_
/tag/wavves/,tag,ok,digest ok,99237,18787,20111225065153id_
/tag/white-horse/,tag,ok,digest ok,34745,8462,20140317060738id_
/tag/white-ring/,tag,ok,digest ok,189226,35547,20131126122403id_
/tag/willow-smith/,tag,ok,digest ok,82236,16198,20110917085521id_
/tag/witch-house/,tag,ok,digest ok,85284,16317,20110718223132id_
/tag/xwxwxwxwv/,tag,ok,digest ok,123422,26168,20121003072430id_
/tag/yen-tech/,tag,ok,digest ok,176812,33379,20131126093456id_
/tag/zola-jesus/,tag,ok,digest ok,57382,10055,20150220190938id_
/tagged/alexico,page,ok,digest ok,28113,6543,20110207073102id_
/tagged/gatekeeper/,page,ok,digest ok,36583,9221,20140530004814id_
/tagged/video,page,ok,digest ok,61056,11995,20110207073106id_
/tales-from-the-darkside/,post,ok,digest ok,162376,33903,20131126095716id_
/tales-from-the-darkside/feed/,feed,ok,digest ok,775,841,20140109195758id_
/tamara-sky-lil-death-m1xx_-v2-0/,post,ok,digest ok,164515,34734,20131126091513id_
/tamara-sky-lil-death-m1xx_-v2-0/feed/,feed,ok,digest ok,811,871,20140109191132id_
/tamara-sky-lil-death/,post,ok,digest ok,165968,35015,20131126102131id_
/tamara-sky-lil-death/feed/,feed,ok,digest ok,2636,1325,20140110193105id_
/tamara-sky-mixtape-para-long-clothing/,post,ok,digest ok,162666,33768,20131126085822id_
/tamara-sky-mixtape-para-long-clothing/feed/,feed,ok,digest ok,818,855,20140109193037id_
/tannhausser-gate-obsession/,post,ok,digest ok,162019,33651,20131126085224id_
/tannhausser-gate-obsession/feed/,feed,ok,digest ok,767,833,20140109192915id_
/tarot/,post,ok,digest ok,160905,33433,20131126091903id_
/tarot/feed/,feed,ok,digest ok,721,813,20140109193705id_
/teaadora-2/,post,ok,digest ok,63126,14867,20110718224930id_
/teaadora/,post,ok,digest ok,162252,33958,20131126112406id_
/teaadora/feed/,feed,ok,digest ok,730,814,20140110213919id_
/teamsincerity/,post,ok,digest ok,170048,37006,20131126104204id_
/teamsincerity/feed/,feed,ok,digest ok,2268,1354,20140111004954id_
/tearist-disposition/,post,ok,digest ok,160653,33375,20131126092353id_
/tearist-disposition/feed/,feed,ok,digest ok,771,838,20140109191906id_
/tearist-unarmed/,post,ok,digest ok,161686,33630,20131126112455id_
/tearist-unarmed/feed/,feed,ok,digest ok,759,837,20140110213301id_
/teehn-bwitches-b133d-n-d13/,post,ok,digest ok,161470,33503,20131126101341id_
/teehn-bwitches-b133d-n-d13/feed/,feed,ok,digest ok,792,855,20140110211930id_
/teehn-bwitches-escape/,post,ok,digest ok,163523,34092,20131126104329id_
/teehn-bwitches-escape/feed/,feed,ok,digest ok,1237,1021,20140110213208id_
/teehn-bwitches-remain-mal003/,post,ok,digest ok,166183,34708,20131126084830id_
/teehn-bwitches-remain-mal003/feed/,feed,ok,digest ok,3275,1473,20140109192335id_
/teen-witch-3d-slut-ii/,post,ok,digest ok,162942,34065,20131126093717id_
/teen-witch-3d-slut-ii/feed/,feed,ok,digest ok,1745,1124,20140109203651id_
/teengirl-fantasy-dancing-in-slow-motion-2/,post,ok,digest ok,63453,14799,20110718223136id_
/teengirl-fantasy-dancing-in-slow-motion/,post,ok,digest ok,162303,33743,20131126120055id_
/teengirl-fantasy-dancing-in-slow-motion/feed/,feed,ok,digest ok,831,876,20140110214306id_
/teengirl-fantasy-efx-feat-kelela/,post,ok,digest ok,162220,33727,20131126084426id_
/teengirl-fantasy-efx-feat-kelela/feed/,feed,ok,digest ok,814,872,20140109194950id_
/teengirl-fantasy-end/,post,ok,digest ok,163278,34183,20131126104322id_
/teengirl-fantasy-end/feed/,feed,ok,digest ok,1665,1148,20140110212328id_
/teengirl-fantasy-motif/,post,ok,digest ok,162441,33888,20131126082521id_
/teengirl-fantasy-motif/feed/,feed,ok,digest ok,1335,1058,20140109191852id_
/teeth-care-bear/,post,ok,digest ok,164083,34389,20131126094242id_
/teeth-care-bear/feed/,feed,ok,digest ok,2495,1314,20140109203422id_
/teeth-flowers/,post,ok,digest ok,162467,33929,20131126104655id_
/teeth-flowers/feed/,feed,ok,digest ok,753,835,20140110213931id_
/telenovela-fantasmux-ii/,post,ok,digest ok,162752,33916,20131126125624id_
/telenovela-fantasmux-ii/feed/,feed,ok,digest ok,775,842,20140110222527id_
/telenovela-fantasmux/,post,ok,digest ok,165282,34850,20131126113103id_
/telenovela-fantasmux/feed/,feed,ok,digest ok,1790,1120,20140110214950id_
/telepathe-throw-away-this/,post,ok,digest ok,162160,33793,20131126122353id_
/telepathe-throw-away-this/feed/,feed,ok,digest ok,789,855,20140110214211id_
/tell-me/,post,ok,digest ok,161531,33621,20131126084237id_
/tell-me/feed/,feed,missing,,0,817,
/the-airplane-boys-alignment/,post,ok,digest ok,162577,33909,20131126122321id_
/the-airplane-boys-alignment/feed/,feed,ok,digest ok,795,858,20140110214127id_
/the-architect/,post,ok,digest ok,161746,33740,20131126091845id_
/the-architect/feed/,feed,ok,digest ok,745,824,20140109191905id_
/the-eternal-internet-brotherhood/,post,ok,digest ok,169840,37000,20131126084308id_
/the-eternal-internet-brotherhood/feed/,feed,ok,digest ok,802,850,20140109192732id_
/the-firm/,post,ok,digest ok,37421,9533,20140102150856id_
/the-internet-fastlane-cocaine/,post,ok,digest ok,164157,34523,20131126092518id_
/the-internet-fastlane-cocaine/feed/,feed,ok,digest ok,803,863,20140109194418id_
/the-prince-is-coming-video/,post,ok,digest ok,161020,33393,20131126090318id_
/the-prince-is-coming-video/feed/,feed,ok,digest ok,786,853,20140109195035id_
/the-prince-is-coming/,post,ok,digest ok,161872,33715,20131126090438id_
/the-prince-is-coming/feed/,feed,ok,digest ok,766,837,20140109193541id_
/the-ring-modulator/,post,ok,digest ok,162047,33745,20131126113517id_
/the-ring-modulator/feed/,feed,ok,digest ok,760,829,20140110214826id_
/the-weeknd/,post,ok,digest ok,162368,33872,20131126090240id_
/the-weeknd/feed/,feed,ok,digest ok,736,820,20140109192134id_
/the-whendays-untru-love-ii/,post,ok,digest ok,164471,34465,20131126095755id_
/the-whendays-untru-love-ii/feed/,feed,ok,digest ok,792,856,20140109201748id_
/theblackgod/,post,ok,digest ok,161226,33624,20131126082615id_
/theblackgod/feed/,feed,ok,digest ok,765,848,20140109184415id_
/thee-negative-slave-2/,post,ok,digest ok,163374,34326,20131126110932id_
/thee-negative-slave-2/feed/,feed,ok,digest ok,767,829,20140110213955id_
/thee-physical-remixes/,post,ok,digest ok,165053,34515,20131126094113id_
/thee-physical-remixes/feed/,feed,ok,digest ok,1679,1166,20140109201233id_
/thee-physical/,post,ok,digest ok,162915,34165,20131126093724id_
/thee-physical/feed/,feed,ok,digest ok,1597,1146,20140109202005id_
/theephysical-com/,post,ok,digest ok,164470,34802,20131126110413id_
/theephysical-com/feed/,feed,ok,digest ok,1703,1191,20140110213322id_
/think-change/,post,ok,digest ok,161497,33558,20131126095537id_
/think-change/feed/,feed,ok,digest ok,748,831,20140109203839id_
/this-is-for-the-ones-who-care/,post,ok,digest ok,163274,33883,20131126100817id_
/this-is-for-the-ones-who-care/feed/,feed,ok,digest ok,793,850,20140109202359id_
/thursday/,post,ok,digest ok,160937,33476,20131126112647id_
/thursday/feed/,feed,ok,digest ok,730,817,20140110213759id_
/tony-gallardo-ii-lider-juvenil-ep/,post,ok,digest ok,163524,34270,20131126093545id_
/tony-gallardo-ii-lider-juvenil-ep/feed/,feed,ok,digest ok,814,875,20140109201506id_
/toro-y-moi-freaking-out-ep/,post,ok,digest ok,164414,34688,20131126100713id_
/toro-y-moi-freaking-out-ep/feed/,feed,ok,digest ok,801,867,20140109202852id_
/total-accomplishment-pigfat/,post,ok,digest ok,162175,33832,20131126105856id_
/total-accomplishment-pigfat/feed/,feed,ok,digest ok,795,857,20140111004941id_
/total-accoplishment-live/,post,ok,digest ok,164214,34555,20131126121810id_
/total-accoplishment-live/feed/,feed,ok,digest ok,778,840,20140110215920id_
/total-recall-minimix/,post,ok,digest ok,161640,33664,20131126113301id_
/total-recall-minimix/feed/,feed,ok,digest ok,766,840,20140110220900id_
/trade/,post,ok,digest ok,162267,33960,20131126084320id_
/trade/feed/,feed,ok,digest ok,721,812,20140109191756id_
/trance-forever/,post,ok,digest ok,161896,33719,20131126102253id_
/trance-forever/feed/,feed,ok,digest ok,748,826,20140110190457id_
/tree-drum-remixes/,post,ok,digest ok,162855,33866,20131126085144id_
/tree-drum-remixes/feed/,feed,ok,digest ok,757,833,20140109194412id_
/triad-god-i-never-told-you/,post,ok,digest ok,162964,34088,20131126092319id_
/triad-god-i-never-told-you/feed/,feed,ok,digest ok,792,854,20140109191725id_
/troll-city/,post,ok,digest ok,161050,33496,20131126093521id_
/troll-city/feed/,feed,ok,digest ok,736,822,20140109203703id_
/troller/,post,ok,digest ok,162358,34065,20131126084112id_
/troller/feed/,feed,ok,digest ok,727,816,20140109183315id_
/trust-sulk/,post,ok,digest ok,160973,33499,20131126082756id_
/trust-sulk/feed/,feed,ok,digest ok,744,830,20140109185240id_
/tuareg-geeks-uprise/,post,ok,digest ok,163586,34388,20131126105853id_
/tuareg-geeks-uprise/feed/,feed,ok,digest ok,1705,1171,20140111005028id_
/twin-gemz-car-windows/,post,ok,digest ok,162430,33893,20131126094126id_
/twin-gemz-car-windows/feed/,feed,ok,digest ok,777,847,20140109204334id_
/twin-gemz-strange-luv-magik/,post,ok,digest ok,162742,33848,20131126092425id_
/twin-gemz-strange-luv-magik/feed/,feed,ok,digest ok,797,863,20140109190632id_
/twin-gemz-summer-slaying/,post,ok,digest ok,162853,33881,20131126093643id_
/twin-gemz-summer-slaying/feed/,feed,ok,digest ok,786,854,20140109202928id_
/twin-gemz/,post,ok,digest ok,165551,34779,20131126095810id_
/twin-gemz/feed/,feed,ok,digest ok,1621,1156,20140109203234id_
/tyler-the-creator-ofwgkta-2/,post,ok,digest ok,164652,34624,20131126104625id_
/tyler-the-creator-ofwgkta-2/feed/,feed,ok,digest ok,788,851,20140110213509id_
/udown-kit/,post,ok,digest ok,161348,33557,20131126093235id_
/udown-kit/feed/,feed,ok,digest ok,733,821,20140109202829id_
/uforia-grimes-deon-en-mexico-2/,post,ok,digest ok,170463,36035,20131126094751id_
/uforia-grimes-deon-en-mexico-2/feed/,feed,ok,digest ok,1811,1143,20140109200000id_
/unbear/,post,ok,digest ok,163220,34453,20131126093650id_
/unbear/feed/,feed,ok,digest ok,724,811,20140109204411id_
/unicorn-kid-boys-of-paradise/,post,ok,digest ok,162992,33982,20131126125902id_
/unicorn-kid-boys-of-paradise/feed/,feed,ok,digest ok,798,860,20140111005527id_
/unicorn-kid-need-u/,post,ok,digest ok,161425,33590,20131126090322id_
/unicorn-kid-need-u/feed/,feed,ok,digest ok,768,844,20140109191850id_
/unicorn-kid/,post,ok,digest ok,161930,33682,20131126084259id_
/unicorn-kid/feed/,feed,missing,,0,824,
/unicorn-slut/,post,ok,digest ok,162567,34016,20131126100512id_
/unicorn-slut/feed/,feed,ok,digest ok,742,826,20140109201758id_
/unison-blood-blood-blood-2/,post,ok,digest ok,65029,15200,20110718225509id_
/unison-blood-blood-blood/,post,ok,digest ok,163916,34216,20131126094712id_
/unison-blood-blood-blood/feed/,feed,ok,digest ok,786,840,20140109202330id_
/unison-brothers-sisters-live/,post,ok,digest ok,161867,33637,20131126095732id_
/unison-brothers-sisters-live/feed/,feed,ok,digest ok,806,864,20140109204110id_
/united-nation/,post,ok,digest ok,170446,37101,20131126110833id_
/united-nation/feed/,feed,ok,digest ok,745,820,20140110213623id_
/unpopshopness/,post,ok,digest ok,163095,34159,20131126110524id_
/unpopshopness/feed/,feed,ok,digest ok,1289,1036,20140110212419id_
/user-69/,post,ok,digest ok,164650,34687,20131126082708id_
/user-69/feed/,feed,ok,digest ok,2217,1279,20140109184444id_
/vagina-vangi-locked-forever/,post,ok,digest ok,163743,34366,20131126122428id_
/vagina-vangi-locked-forever/feed/,feed,ok,digest ok,795,859,20140110214822id_
/vally-girl-4g/,post,ok,digest ok,163426,34427,20131126095631id_
/vally-girl-4g/feed/,feed,ok,digest ok,753,837,20140109204414id_
/vegan-cannibal/,post,ok,digest ok,164904,34520,20131126093612id_
/vegan-cannibal/feed/,feed,ok,digest ok,748,825,20140109204245id_
/vermz-in-search-of-downers-pt-1-mal007/,post,ok,digest ok,162425,33766,20131126093449id_
/vermz-in-search-of-downers-pt-1-mal007/feed/,feed,ok,digest ok,831,880,20140109200746id_
/vermz-la-petite-mort/,post,ok,digest ok,162047,33731,20131126102509id_
/vermz-la-petite-mort/feed/,feed,ok,digest ok,774,846,20140110212943id_
/vi/,post,ok,digest ok,161605,33711,20131126085335id_
/vi/feed/,feed,ok,digest ok,712,807,20140109200446id_
/vicki-leekx-2/,post,ok,digest ok,62085,14473,20110718230128id_
/vicki-leekx/,post,ok,digest ok,161130,33550,20131126094249id_
/vicki-leekx/feed/,feed,ok,digest ok,739,821,20140109200948id_
/vid-nar-mitt-blod-pumpar-i-dig/,post,ok,digest ok,162611,33765,20131126094602id_
/vid-nar-mitt-blod-pumpar-i-dig/feed/,feed,ok,digest ok,819,872,20140109202721id_
/video-not-in-love-2/,post,ok,digest ok,62893,14667,20110718230133id_
/video-salem-king-night/,post,ok,digest ok,162451,33880,20131126112333id_
/video-salem-king-night/feed/,feed,ok,digest ok,1324,1052,20140111005450id_
/video-sleep-%E2%88%9E-over-casual-diamond/,post,ok,digest ok,162039,33621,20131126091943id_
/video-sleep-%E2%88%9E-over-casual-diamond/feed/,feed,ok,digest ok,832,887,20140109193529id_
/vnv-nation-automatic/,post,ok,digest ok,162461,33742,20131126094738id_
/vnv-nation-automatic/feed/,feed,ok,digest ok,783,854,20140109195725id_
/volume-control/,post,ok,digest ok,161154,33500,20131126084621id_
/volume-control/feed/,feed,missing,,0,828,
/waka-flocka-flame-murda/,post,ok,digest ok,162409,33870,20131126083058id_
/waka-flocka-flame-murda/feed/,feed,ok,digest ok,807,872,20140109184010id_
/wanderlust/,post,ok,digest ok,160778,33476,20131126084227id_
/wanderlust/feed/,feed,ok,digest ok,736,819,20140109182452id_
/warpaint-the-fool-2/,post,ok,digest ok,162095,34005,20131126125941id_
/warpaint-the-fool-2/feed/,feed,ok,digest ok,769,843,20140110222340id_
/wassup-asap-rocky/,post,ok,digest ok,161411,33588,20131126095803id_
/wassup-asap-rocky/feed/,feed,ok,digest ok,757,832,20140109204342id_
/wavves-mutant-2/,post,ok,digest ok,62590,14658,20110718223151id_
/wavves-mutant/,post,ok,digest ok,161612,33693,20131126125659id_
/wavves-mutant/feed/,feed,ok,digest ok,753,833,20140110222206id_
/wavves-rolling-papers-2/,post,ok,digest ok,62124,14403,20110718223156id_
/wavves-rolling-papers/,post,ok,digest ok,160617,33347,20131126094255id_
/wavves-rolling-papers/feed/,feed,ok,digest ok,769,837,20140109203311id_
/weekend-update-ii/,post,ok,digest ok,165981,35072,20131126100926id_
/weekend-update-ii/feed/,feed,ok,digest ok,757,830,20140109195800id_
/weekend-update-iii/,post,ok,digest ok,165888,34784,20131126084451id_
/weekend-update-iii/feed/,feed,ok,digest ok,1515,1110,20140109193151id_
/weekend-update/,post,ok,digest ok,165038,34571,20131126082950id_
/weekend-update/feed/,feed,missing,,0,825,
/when-doves-cry/,post,ok,digest ok,161856,33655,20131126084715id_
/when-doves-cry/feed/,feed,ok,digest ok,748,827,20140109191413id_
/wheres-god/,post,ok,digest ok,160437,33311,20131126093728id_
/wheres-god/feed/,feed,ok,digest ok,744,830,20140109195804id_
/white-eyes/,post,ok,digest ok,161589,33733,20131126090416id_
/white-eyes/feed/,feed,ok,digest ok,736,820,20140109200443id_
/white-ring-chaind-vol-1/,post,ok,digest ok,163035,33927,20131126092400id_
/white-ring-chaind-vol-1/feed/,feed,ok,digest ok,784,852,20140109191226id_
/white-ring-felt-u-2/,post,ok,digest ok,62830,14841,20110718223206id_
/white-ring-felt-u/,post,ok,digest ok,162264,33898,20131126085350id_
/white-ring-felt-u/feed/,feed,ok,digest ok,765,839,20140109193934id_
/white-ring-mexico-df/,post,ok,digest ok,163432,34119,20131126092502id_
/white-ring-mexico-df/feed/,feed,ok,digest ok,795,860,20140109194159id_
/wicked-games-2/,post,ok,digest ok,63524,14942,20110718231335id_
/wicked-games/,post,ok,digest ok,162838,34175,20131126100515id_
/wicked-games/feed/,feed,ok,digest ok,742,824,20140109201101id_
/wife/,post,ok,digest ok,161861,33823,20131126092022id_
/wife/feed/,feed,ok,digest ok,718,811,20140109191759id_
/willow-smith-21st-century-girl-2/,post,ok,digest ok,161834,33660,20131126110402id_
/willow-smith-21st-century-girl-2/feed/,feed,ok,digest ok,808,864,20140110213630id_
/willow-smith-whip-my-hair-clit-talk-screw-2/,post,ok,digest ok,162443,33849,20131126122101id_
/willow-smith-whip-my-hair-clit-talk-screw-2/feed/,feed,ok,digest ok,843,888,20140110215532id_
/wish-book-volume-1/,post,ok,digest ok,161567,33607,20131126094853id_
/wish-book-volume-1/feed/,feed,ok,digest ok,760,834,20140109200931id_
/witch-doktor-l-vis-1990-edit/,post,ok,digest ok,162049,33717,20131126082621id_
/witch-doktor-l-vis-1990-edit/feed/,feed,ok,digest ok,792,852,20140109182948id_
/with-u/,post,ok,digest ok,161935,33792,20131126113208id_
/with-u/feed/,feed,ok,digest ok,724,807,20140110214206id_
/world-war/,post,ok,digest ok,161548,33658,20131126102458id_
/world-wide-gallery-traxx/,post,ok,digest ok,164082,34257,20131126104646id_
/world-wide-gallery-traxx/feed/,feed,ok,digest ok,778,844,20140110212434id_
/wp-content/header-images/01.png,image,ok,digest ok,659953,660731,20110823023239id_
/wp-content/header-images/04.png,image,ok,digest ok,643280,644046,20110823023549id_
/wp-content/header-images/amlo_2.png,image,ok,digest ok,510094,510521,20120624205546id_
/wp-content/plugins/download-monitor/page-addon/downloadbutton.gif,image,ok,digest ok,2097,2280,20141224195315id_
/wp-content/plugins/download-monitor/page-addon/morebutton.gif,image,ok,digest ok,2005,2119,20141224172211id_
/wp-content/plugins/download-monitor/page-addon/styles.css?ver=3.3.2,css,ok,digest ok,4276,1326,20120624205542id_
/wp-content/plugins/download-monitor/page-addon/styles.css?ver=3.5.1,css,ok,digest ok,4276,1491,20131023045647id_
/wp-content/plugins/download-monitor/page-addon/styles.css?ver=3.8,css,ok,digest ok,4276,1489,20140211010103id_
/wp-content/plugins/download-monitor/page-addon/styles.css?ver=3.8.1,css,ok,digest ok,4276,1491,20140210091518id_
/wp-content/plugins/download-monitor/page-addon/styles.css?ver=3.8.3,css,ok,digest ok,4276,1490,20140522015730id_
/wp-content/plugins/download-monitor/page-addon/styles.css?ver=3.8.4,css,ok,digest ok,4276,1492,20140903194034id_
/wp-content/plugins/download-monitor/page-addon/styles.css?ver=3.8.5,css,ok,digest ok,4276,1493,20141224172256id_
/wp-content/plugins/jetpack/modules/subscriptions/subscriptions.css?ver=3.8.3,css,ok,digest ok,137,540,20140521225603id_
/wp-content/plugins/jetpack/modules/subscriptions/subscriptions.css?ver=3.8.4,css,ok,digest ok,137,541,20140903195415id_
/wp-content/plugins/jetpack/modules/subscriptions/subscriptions.css?ver=3.8.5,css,ok,digest ok,137,539,20141224161630id_
/wp-content/plugins/jetpack/modules/widgets/widgets.css?ver=20121003,css,ok,digest ok,204,554,20140109185937id_
/wp-content/plugins/jquery-archive-list-widget/jal.js?ver=3.3.2,js,ok,digest ok,1128,577,20120624205542id_
/wp-content/plugins/jquery-archive-list-widget/jal.js?ver=3.5.1,js,ok,"digest differs (unstable replay), content valid",975,903,20140109182349id_
/wp-content/plugins/jquery-archive-list-widget/jquery-archive-list.js.php,other_asset,missing,,0,733,
/wp-content/plugins/really-simple-facebook-twitter-share-buttons/images/facebook-share.png,image,ok,digest ok,838,1400,20140109192757id_
/wp-content/plugins/really-simple-facebook-twitter-share-buttons/style.css?ver=3.3.2,css,ok,digest ok,776,624,20120624205542id_
/wp-content/plugins/really-simple-facebook-twitter-share-buttons/style.css?ver=3.5.1,css,ok,digest ok,1463,1000,20140109191806id_
/wp-content/plugins/really-simple-facebook-twitter-share-buttons/style.css?ver=3.8,css,ok,digest ok,1463,996,20140211005759id_
/wp-content/plugins/really-simple-facebook-twitter-share-buttons/style.css?ver=3.8.1,css,ok,digest ok,1463,998,20140210095456id_
/wp-content/plugins/really-simple-facebook-twitter-share-buttons/style.css?ver=3.8.3,css,ok,digest ok,1463,999,20140521223419id_
/wp-content/plugins/really-simple-facebook-twitter-share-buttons/style.css?ver=3.8.4,css,ok,digest ok,1463,999,20140903200635id_
/wp-content/plugins/really-simple-facebook-twitter-share-buttons/style.css?ver=3.8.5,css,ok,digest ok,1463,996,20141224162707id_
/wp-content/plugins/simple-sopa-blackout/blackout.php,other_asset,ok,digest ok,1847,892,20120118144532id_
/wp-content/plugins/wp-recaptcha/email.png,image,ok,digest ok,641,1168,20131023061311id_
/wp-content/plugins/wp-recaptcha/recaptcha.css,css,ok,digest ok,1739,999,20110823024420id_
/wp-content/plugins/xavins-review-ratings/default/blank_star.png,image,ok,digest ok,533,1072,20140109193808id_
/wp-content/plugins/xavins-review-ratings/default/star.png,image,ok,digest ok,512,1043,20140109195313id_
/wp-content/themes/sandbox/backgrounds/fondo3.jpg,image,ok,digest ok,169727,166822,20120624205555id_
/wp-content/themes/sandbox/fonts/BebasNeue-webfont.svg,image,ok,digest ok,83419,14130,20131102034808id_
/wp-content/themes/sandbox/fonts/BebasNeue-webfont.ttf,font,ok,digest ok,54416,18804,20131023051757id_
/wp-content/themes/sandbox/fonts/helvetica_lt_27_ultra_light_condensed-webfont.eot,font,ok,digest ok,16343,16829,20150124104148id_
/wp-content/themes/sandbox/fonts/helvetica_lt_27_ultra_light_condensed-webfont.svg,image,ok,digest ok,50560,13332,20131023051858id_
/wp-content/themes/sandbox/fonts/helvetica_lt_27_ultra_light_condensed-webfont.ttf,font,ok,digest ok,35748,19408,20131102034732id_
/wp-content/themes/sandbox/fonts/helvetica_lt_27_ultra_light_condensed-webfont.woff,font,ok,digest ok,19076,19584,20131102034737id_
/wp-content/themes/sandbox/fonts/helvetica_lt_37_thin_condensed-webfont.eot,font,ok,digest ok,16698,17181,20150124093918id_
/wp-content/themes/sandbox/fonts/helvetica_lt_37_thin_condensed-webfont.svg,image,ok,digest ok,50683,13484,20131102034748id_
/wp-content/themes/sandbox/fonts/helvetica_lt_37_thin_condensed-webfont.ttf,font,ok,digest ok,36152,19803,20140109191305id_
/wp-content/themes/sandbox/fonts/helvetica_lt_37_thin_condensed-webfont.woff,font,ok,digest ok,19460,19926,20131023051821id_
/wp-content/themes/sandbox/fonts/helvetica_lt_47_light_condensed-webfont.eot,font,ok,digest ok,15872,16360,20131023051914id_
/wp-content/themes/sandbox/fonts/helvetica_lt_47_light_condensed-webfont.svg,image,ok,digest ok,51810,12858,20131023051844id_
/wp-content/themes/sandbox/fonts/helvetica_lt_47_light_condensed-webfont.ttf,font,ok,digest ok,35028,18968,20131102034743id_
/wp-content/themes/sandbox/fonts/helvetica_lt_47_light_condensed-webfont.woff,font,ok,digest ok,18656,19162,20131023051826id_
/wp-content/themes/sandbox/fonts/helvetica_lt_57_condensed-webfont.eot,font,ok,digest ok,16197,16685,20131023051829id_
/wp-content/themes/sandbox/fonts/helvetica_lt_57_condensed-webfont.svg,image,ok,digest ok,50087,13420,20131023051903id_
/wp-content/themes/sandbox/fonts/helvetica_lt_57_condensed-webfont.ttf,font,ok,digest ok,36220,19432,20140109192845id_
/wp-content/themes/sandbox/fonts/helvetica_lt_57_condensed-webfont.woff,font,ok,digest ok,19104,19613,20131023051840id_
/wp-content/themes/sandbox/images/separacion7.png,image,ok,digest ok,2860,3411,20110823024921id_
/wp-content/themes/sandbox/j/function.js,js,ok,digest ok,651,767,20131031202426id_
/wp-content/themes/sandbox/j/jquery.blockUI.js,js,ok,digest ok,17456,6257,20131031203738id_
/wp-content/themes/sandbox/style.css,css,ok,digest ok,9123,2925,20140521200323id_
/wp-content/uploads/2010/10/2011-02-Maluca-at-SOBs-051-200x200.jpg,image,ok,digest ok,9973,10375,20140109190409id_
/wp-content/uploads/2010/10/article_image-image-article1-200x200.jpg,image,ok,digest ok,14640,14995,20140109191815id_
/wp-content/uploads/2010/10/emo-200x200.png,image,ok,digest ok,38273,38827,20140109190720id_
/wp-content/uploads/2010/10/genevaariel-11-200x200.jpg,image,ok,digest ok,12040,12419,20140109185404id_
/wp-content/uploads/2010/11/01-200x200.jpg,image,ok,digest ok,6694,7036,20140109192633id_
/wp-content/uploads/2010/11/Blissed-Out-1221-200x200.jpg,image,ok,digest ok,6905,7287,20140109202436id_
/wp-content/uploads/2010/11/Lil-B-Illusions-Of-Grandeur1-200x200.jpg,image,ok,digest ok,9478,9884,20140109190203id_
/wp-content/uploads/2010/11/Picture-3-200x200.png,image,ok,digest ok,46006,46594,20140109192312id_
/wp-content/uploads/2010/11/White+Ring+wrfeb20todd1-200x200.jpg,image,ok,digest ok,14377,14779,20140109183533id_
/wp-content/uploads/2010/11/White+Ring+wrfeb20todd1-700x800.jpg,image,ok,digest ok,98058,98445,20140109193935id_
/wp-content/uploads/2010/11/angelina-pivarnick-jersey-shore1-200x200.jpg,image,ok,digest ok,14862,15265,20140109195003id_
/wp-content/uploads/2010/11/hideous-150x150.jpg,image,ok,digest ok,10308,10699,20140109191410id_
/wp-content/uploads/2010/11/hideous-700x800.jpg,image,ok,digest ok,141357,141785,20140110212914id_
/wp-content/uploads/2010/11/purrrple-200x200.png,image,ok,digest ok,60865,61456,20140109185030id_
/wp-content/uploads/2010/11/robyn-indestructible1-200x200.jpg,image,ok,digest ok,6837,7233,20140109200445id_
/wp-content/uploads/2010/11/teengirl.fantasy.11-12-20101-200x200.jpg,image,ok,digest ok,6639,7034,20140109193431id_
/wp-content/uploads/2010/12/DSC03331-200x200.jpg,image,ok,digest ok,11560,11948,20140109185207id_
/wp-content/uploads/2010/12/DSC03331-700x800.jpg,image,ok,digest ok,92463,92779,20140109201230id_
/wp-content/uploads/2010/12/Picture-4-200x200.png,image,ok,digest ok,73365,73962,20140109200501id_
/wp-content/uploads/2010/12/cce-200x200.jpg,image,missing,,0,13709,
/wp-content/uploads/2010/12/cce.jpg,image,ok,digest ok,145791,145797,20140110213147id_
/wp-content/uploads/2010/12/dipset-150x150.jpg,image,ok,digest ok,6472,6817,20140109182108id_
/wp-content/uploads/2010/12/dipset.jpg,image,ok,digest ok,212124,189031,20140109193423id_
/wp-content/uploads/2010/12/egypt-200x200.png,image,ok,digest ok,38940,39522,20140109184451id_
/wp-content/uploads/2010/12/jj+Elin+from++21-200x200.jpg,image,ok,digest ok,12158,12548,20140109185713id_
/wp-content/uploads/2010/12/jj1-150x150.jpg,image,ok,digest ok,4963,5330,20140109182515id_
/wp-content/uploads/2010/12/jj1-700x800.jpg,image,ok,digest ok,78396,78593,20140110213422id_
/wp-content/uploads/2010/12/mejor.jpg,image,ok,digest ok,356873,344130,20140109193352id_
/wp-content/uploads/2010/12/mixtape2010-200x200.jpg,image,ok,digest ok,21532,21920,20140109190701id_
/wp-content/uploads/2010/12/mixtape2010.jpg,image,ok,digest ok,392172,373600,20140110221148id_
/wp-content/uploads/2010/12/negayouth-200x200.png,image,ok,digest ok,36117,36700,20140109192250id_
/wp-content/uploads/2010/12/petit-200x200.png,image,ok,digest ok,44188,44772,20140109183149id_
/wp-content/uploads/2010/12/skies-200x200.png,image,ok,digest ok,74436,75013,20140110213816id_
/wp-content/uploads/2010/12/tumblr_ldhg3uBShc1qdeloq-200x200.jpg,image,ok,digest ok,16388,16755,20140109192215id_
/wp-content/uploads/2010/12/tumblr_ldhg3uBShc1qdeloq.jpg,image,ok,digest ok,80329,80626,20140110212642id_
/wp-content/uploads/2010/12/vikki-200x200.jpg,image,ok,digest ok,22382,21769,20140109192040id_
/wp-content/uploads/2010/12/vikki.jpg,image,ok,digest ok,190573,172117,20140109201437id_
/wp-content/uploads/2010/12/yesayer-200x200.jpg,image,ok,digest ok,20522,20899,20131031203740id_
/wp-content/uploads/2010/12/yesayer.jpg,image,ok,digest ok,234518,234702,20140110212905id_
/wp-content/uploads/2011/01/44311_490569929571_121126084571_6837504_1506395_n1-200x200.jpg,image,ok,digest ok,12899,13332,20140109191807id_
/wp-content/uploads/2011/01/44311_490569929571_121126084571_6837504_1506395_n1.jpg,image,ok,digest ok,129220,129658,20140110213757id_
/wp-content/uploads/2011/01/H.A.M.-kanye-west-and-jay-z1-200x200.jpg,image,ok,digest ok,27351,27741,20140109193718id_
/wp-content/uploads/2011/01/H.A.M.-kanye-west-and-jay-z1-700x800.jpg,image,ok,digest ok,291008,290977,20140110212529id_
/wp-content/uploads/2011/01/KONNICHIWA-200x200.jpg,image,ok,digest ok,10948,11336,20140109195336id_
/wp-content/uploads/2011/01/KONNICHIWA.jpg,image,ok,digest ok,81430,81817,20140110215030id_
/wp-content/uploads/2011/01/PI_Photo11-200x200.jpg,image,ok,digest ok,11166,11559,20140109191854id_
/wp-content/uploads/2011/01/PI_Photo11.jpg,image,ok,digest ok,97447,97834,20140109195136id_
/wp-content/uploads/2011/01/PP_6FlagsStill_031-200x200.jpg,image,ok,digest ok,14851,15242,20140109191803id_
/wp-content/uploads/2011/01/PP_6FlagsStill_031-700x720.jpg,image,ok,digest ok,108476,108878,20140110205303id_
/wp-content/uploads/2011/01/bethany-200x200.jpg,image,ok,digest ok,15150,15554,20110823023134id_
/wp-content/uploads/2011/01/bethany.jpg,image,ok,digest ok,138498,138583,20140110193247id_
/wp-content/uploads/2011/01/bj-200x200.png,image,ok,digest ok,64271,64846,20140109183134id_
/wp-content/uploads/2011/01/black-metal-kids-200x200.jpg,image,ok,digest ok,11668,12053,20140109183906id_
/wp-content/uploads/2011/01/blissedout-200x200.jpg,image,ok,digest ok,11810,12187,20140111005446id_
/wp-content/uploads/2011/01/blissedout.jpg,image,ok,digest ok,239992,229538,20140111005043id_
/wp-content/uploads/2011/01/blssd-out-200x200.png,image,ok,digest ok,49345,49941,20140109185237id_
/wp-content/uploads/2011/01/boy-friend-200x200.jpg,image,ok,digest ok,20504,20790,20140109190859id_
/wp-content/uploads/2011/01/boy-friend.jpg,image,ok,digest ok,248112,231394,20140110221818id_
/wp-content/uploads/2011/01/britney-hold-it-against-me1-200x200.jpg,image,ok,digest ok,15215,15624,20140109192217id_
/wp-content/uploads/2011/01/britney-hold-it-against-me1.jpg,image,ok,digest ok,181179,181531,20140110195420id_
/wp-content/uploads/2011/01/cc_not_in_love_large_cover___11-200x200.jpg,image,ok,digest ok,8227,8611,20140109194139id_
/wp-content/uploads/2011/01/cover1-200x200.jpg,image,ok,digest ok,31157,31537,20140109182106id_
/wp-content/uploads/2011/01/cover1.jpg,image,ok,digest ok,475782,475741,20140110214616id_
/wp-content/uploads/2011/01/deeep-200x200.png,image,ok,digest ok,50754,51327,20140109193818id_
/wp-content/uploads/2011/01/gatekeeper-200x200.jpg,image,ok,digest ok,15546,15905,20140109192419id_
/wp-content/uploads/2011/01/gatekeeper.jpg,image,ok,digest ok,111878,112023,20140110212607id_
/wp-content/uploads/2011/01/kanye-200x200.jpg,image,ok,digest ok,10699,11025,20140109194113id_
/wp-content/uploads/2011/01/kanye.jpg,image,ok,digest ok,54926,53080,20140110214031id_
/wp-content/uploads/2011/01/kid-sister-kiss-kiss-kiss-fools-gold1-200x200.png,image,ok,digest ok,60859,61466,20140109192345id_
/wp-content/uploads/2011/01/kid-sister-kiss-kiss-kiss-fools-gold1.png,image,ok,digest ok,622857,623614,20140110213542id_
/wp-content/uploads/2011/01/light-asylum-dark-allies-608x3371-200x200.jpg,image,ok,digest ok,9477,9898,20110823023209id_
/wp-content/uploads/2011/01/masnike7up-200x200.jpg,image,ok,digest ok,10854,11183,20140109191426id_
/wp-content/uploads/2011/01/masnike7up.jpg,image,ok,digest ok,82867,82077,20140110221151id_
/wp-content/uploads/2011/01/negative-youth-4-200x200.jpg,image,missing,,0,17642,
/wp-content/uploads/2011/01/negative-youth-4.jpg,image,ok,digest ok,472182,431648,20140109200455id_
/wp-content/uploads/2011/01/nike-200x200.jpg,image,ok,digest ok,13815,14206,20140109183824id_
/wp-content/uploads/2011/01/nike.jpg,image,ok,digest ok,359573,348133,20140110213212id_
/wp-content/uploads/2011/01/nike7up-200x200.jpg,image,ok,digest ok,10457,10835,20140109204004id_
/wp-content/uploads/2011/01/nike7up-sin-parar-200x200.jpg,image,ok,digest ok,16720,17094,20140109184251id_
/wp-content/uploads/2011/01/nike7up-sin-parar.jpg,image,ok,digest ok,188974,189354,20140110205037id_
/wp-content/uploads/2011/01/nike7up.jpg,image,ok,digest ok,89250,89639,20140109200923id_
/wp-content/uploads/2011/01/ocultismo.jpg,image,ok,digest ok,162412,159743,20140109203432id_
/wp-content/uploads/2011/01/olivia.jpg,image,ok,digest ok,156023,156413,20140109191808id_
/wp-content/uploads/2011/01/peepr-200x200.jpg,image,ok,digest ok,12685,12988,20140109191836id_
/wp-content/uploads/2011/01/peepr.jpg,image,ok,digest ok,80088,77606,20140110222951id_
/wp-content/uploads/2011/01/pictureplane-copy-200x200.jpg,image,ok,digest ok,8848,9024,20140109193316id_
/wp-content/uploads/2011/01/pictureplane-copy1.jpg,image,ok,digest ok,249488,228472,20140110212435id_
/wp-content/uploads/2011/01/stoned-200x200.jpg,image,ok,digest ok,18621,19007,20140109183326id_
/wp-content/uploads/2011/01/stoned.jpg,image,ok,digest ok,209594,209907,20140110214602id_
/wp-content/uploads/2011/01/summer-200x200.jpg,image,ok,digest ok,18516,18905,20140109185811id_
/wp-content/uploads/2011/01/summer.jpg,image,ok,digest ok,160608,160506,20140109202306id_
/wp-content/uploads/2011/01/teaa-200x200.jpg,image,ok,digest ok,6767,7142,20140109193206id_
/wp-content/uploads/2011/01/teaa.jpg,image,ok,digest ok,54630,55008,20140110212744id_
/wp-content/uploads/2011/01/trish-200x200.png,image,ok,digest ok,41992,42538,20140109182959id_
/wp-content/uploads/2011/01/wavves-200x200.jpg,image,ok,digest ok,17157,17543,20131104103704id_
/wp-content/uploads/2011/01/wavves.jpg,image,ok,digest ok,196648,196962,20140110222323id_
/wp-content/uploads/2011/01/wicked-200x200.jpg,image,ok,digest ok,15595,15971,20140109202831id_
/wp-content/uploads/2011/01/wicked.jpg,image,ok,digest ok,133188,133287,20140109204535id_
/wp-content/uploads/2011/02/DSC_0050resize-200x200.jpg,image,ok,digest ok,7692,8073,20140109191348id_
/wp-content/uploads/2011/02/Planningtorock1-200x200.jpg,image,ok,digest ok,9794,10182,20140109185752id_
/wp-content/uploads/2011/02/alexico-200x200.png,image,ok,digest ok,52154,52750,20140109182628id_
/wp-content/uploads/2011/02/born-200x200.jpg,image,ok,digest ok,11235,11537,20140109184811id_
/wp-content/uploads/2011/02/born-700x800.jpg,image,ok,digest ok,116433,115657,20140110213000id_
/wp-content/uploads/2011/02/creep-200x200.png,image,ok,digest ok,26032,26371,20140109182528id_
/wp-content/uploads/2011/02/dumdum-200x200.jpg,image,missing,,0,13191,
/wp-content/uploads/2011/02/dumdum.jpg,image,ok,digest ok,126622,119954,20140110213022id_
/wp-content/uploads/2011/02/fbsuicide-200x200.gif,image,ok,digest ok,8295,8730,20131214022658id_
/wp-content/uploads/2011/02/fbsuicide.gif,image,ok,digest ok,222152,219793,20140111004901id_
/wp-content/uploads/2011/02/fostercare-200x200.png,image,ok,digest ok,75690,76292,20140109192831id_
/wp-content/uploads/2011/02/greenbay-packers-pittsburgh-steelers-superbowl-45-pictures1-200x200.jpg,image,ok,digest ok,16434,16861,20131104003758id_
/wp-content/uploads/2011/02/greenbay-packers-pittsburgh-steelers-superbowl-45-pictures1-700x640.jpg,image,ok,digest ok,98661,99112,20140109192315id_
/wp-content/uploads/2011/02/heart-200x200.png,image,ok,digest ok,47238,47726,20140109194734id_
/wp-content/uploads/2011/02/nasdamien1-200x200.jpg,image,ok,digest ok,9339,9699,20140109183418id_
/wp-content/uploads/2011/02/nazir.jpg,image,ok,digest ok,238703,228997,20140110213133id_
/wp-content/uploads/2011/02/nrml-200x200.jpg,image,ok,digest ok,14152,14426,20140109183853id_
/wp-content/uploads/2011/02/nrml.jpg,image,ok,digest ok,192248,183523,20140110213149id_
/wp-content/uploads/2011/02/sliders-200x200.jpg,image,ok,digest ok,17213,17161,20131104003803id_
/wp-content/uploads/2011/02/sliders-700x800.jpg,image,ok,digest ok,110228,103248,20140109192010id_
/wp-content/uploads/2011/02/wavves-200x200.jpg,image,ok,digest ok,9910,10277,20140109191828id_
/wp-content/uploads/2011/02/wavves.jpg,image,ok,digest ok,102861,94155,20140109200718id_
/wp-content/uploads/2011/02/yohuna-200x200.jpg,image,ok,digest ok,19217,19597,20140110212329id_
/wp-content/uploads/2011/02/yohuna.jpg,image,ok,digest ok,192521,192812,20140110220905id_
/wp-content/uploads/2011/03/1026739-lady-gaga-born-this-way-617-4091-200x200.jpg,image,ok,digest ok,14775,15184,20140109192831id_
/wp-content/uploads/2011/03/ART-copy-200x200.jpg,image,ok,digest ok,29364,29740,20140109183247id_
/wp-content/uploads/2011/03/ART-copy.jpg,image,ok,digest ok,380829,380103,20140109190940id_
/wp-content/uploads/2011/03/JWOW06761-150x150.jpg,image,ok,digest ok,8804,9182,20140109191839id_
/wp-content/uploads/2011/03/JWOW06761-700x800.jpg,image,ok,digest ok,102227,102390,20140109194144id_
/wp-content/uploads/2011/03/PuroInstinct_11-200x200.jpg,image,ok,digest ok,12190,12585,20140109184950id_
/wp-content/uploads/2011/03/Tropical_Moon_of_Thetis1-150x150.jpg,image,ok,digest ok,6647,7033,20140109184559id_
/wp-content/uploads/2011/03/Tropical_Moon_of_Thetis1-700x768.jpg,image,ok,digest ok,101311,100848,20140110195421id_
/wp-content/uploads/2011/03/Wavves-King-of-the-Beach1-200x200.jpg,image,ok,digest ok,15141,15534,20140109185838id_
/wp-content/uploads/2011/03/almost-150x150.jpg,image,ok,digest ok,8670,9051,20140109202439id_
/wp-content/uploads/2011/03/almost-700x800.jpg,image,ok,digest ok,121004,121421,20140110212522id_
/wp-content/uploads/2011/03/antes-150x150.jpg,image,ok,digest ok,6350,6720,20140109190623id_
/wp-content/uploads/2011/03/antes.jpg,image,ok,digest ok,111382,100985,20140110200603id_
/wp-content/uploads/2011/03/antes1.jpg,image,ok,digest ok,341154,339860,20140110205916id_
/wp-content/uploads/2011/03/blssd-200x200.gif,image,ok,digest ok,22128,22393,20140109194126id_
/wp-content/uploads/2011/03/blssd.gif,image,ok,digest ok,369127,369795,20140109201552id_
/wp-content/uploads/2011/03/fucking-bitch-200x200.jpg,image,ok,digest ok,10413,10808,20140109190050id_
/wp-content/uploads/2011/03/ganggangdance-hi-res-album-cover1-150x150.jpg,image,ok,digest ok,8129,8461,20140109184251id_
/wp-content/uploads/2011/03/ganggangdance-hi-res-album-cover1-700x800.jpg,image,ok,digest ok,108982,106245,20140110213650id_
/wp-content/uploads/2011/03/gif-200x200.png,image,ok,digest ok,74292,74885,20140109185242id_
/wp-content/uploads/2011/03/grimes-150x150.jpg,image,ok,digest ok,13260,13600,20140109190156id_
/wp-content/uploads/2011/03/grimes.jpg,image,ok,digest ok,131619,117056,20140109200451id_
/wp-content/uploads/2011/03/jesus-3d_1891_1024x7681-150x150.jpg,image,ok,digest ok,5548,5914,20140109190954id_
/wp-content/uploads/2011/03/jesus-3d_1891_1024x7681-700x768.jpg,image,ok,digest ok,61073,57744,20140110184736id_
/wp-content/uploads/2011/03/jviewz-200x200.png,image,ok,digest ok,45435,46016,20140109191456id_
/wp-content/uploads/2011/03/landy-150x150.jpg,image,ok,digest ok,6101,6475,20140109200847id_
/wp-content/uploads/2011/03/landy.jpg,image,ok,digest ok,46780,46961,20140109193320id_
/wp-content/uploads/2011/03/lilwayne6foot7footexpli1-200x200.jpg,image,ok,digest ok,8818,9030,20140109194503id_
/wp-content/uploads/2011/03/ppflyer-200x200.jpg,image,ok,digest ok,17579,17963,20110823024726id_
/wp-content/uploads/2011/03/ppflyer.jpg,image,ok,digest ok,269743,256026,20140109202138id_
/wp-content/uploads/2011/03/red-150x150.jpg,image,ok,digest ok,10326,10705,20140109185210id_
/wp-content/uploads/2011/03/red.jpg,image,ok,digest ok,272965,261263,20140109192820id_
/wp-content/uploads/2011/03/sleep4ever-150x150.jpg,image,ok,digest ok,4868,5238,20140109191752id_
/wp-content/uploads/2011/03/sleep4ever.jpg,image,ok,digest ok,34306,33436,20140110215914id_
/wp-content/uploads/2011/03/the-closet-voyeur-gabriel-noriega-mentira-mentira-241-200x200.jpg,image,ok,digest ok,11057,11444,20140109190130id_
/wp-content/uploads/2011/03/tumblr_l8yn3qOSBb1qd44c0o1_1280.jpg,image,ok,digest ok,207384,195111,20140109193632id_
/wp-content/uploads/2011/03/tumblr_l94blqi9fY1qd44c0o1_1280.jpg,image,ok,digest ok,374467,362723,20140110214230id_
/wp-content/uploads/2011/03/unison-150x150.jpg,image,ok,digest ok,10949,11337,20140109202403id_
/wp-content/uploads/2011/03/unison.jpg,image,ok,digest ok,203400,188948,20140109200101id_
/wp-content/uploads/2011/03/willow-150x150.jpg,image,ok,digest ok,14194,14571,20140109192551id_
/wp-content/uploads/2011/03/willow-smith-21st-century-girl-video1-200x200.jpg,image,ok,digest ok,11268,11679,20140109185945id_
/wp-content/uploads/2011/03/willow.jpg,image,ok,digest ok,328291,310109,20140109195120id_
/wp-content/uploads/2011/03/yonkers-150x150.jpg,image,ok,digest ok,11433,11814,20140109190119id_
/wp-content/uploads/2011/03/yonkers.jpg,image,ok,digest ok,229474,229862,20140110213056id_
/wp-content/uploads/2011/04/1FUNERALSCOVER21-200x200.jpg,image,ok,digest ok,15790,16180,20140109191441id_
/wp-content/uploads/2011/04/5386216546_84442e1782_b1-150x150.jpg,image,missing,,0,6230,
/wp-content/uploads/2011/04/5386216546_84442e1782_b1-700x800.jpg,image,ok,digest ok,67248,67012,20140110215251id_
/wp-content/uploads/2011/04/By-Sadaf-Hakimian1-150x150.jpg,image,ok,digest ok,8930,9322,20140109190111id_
/wp-content/uploads/2011/04/By-Sadaf-Hakimian1-700x790.jpg,image,ok,digest ok,138793,138467,20140110212359id_
/wp-content/uploads/2011/04/EZ-150x150.jpg,image,ok,digest ok,7180,7554,20140109183208id_
/wp-content/uploads/2011/04/EZ-700x540.jpg,image,ok,digest ok,82758,83145,20140109201018id_
/wp-content/uploads/2011/04/Gang+Gang+Dance+GGD1-150x150.jpg,image,ok,digest ok,12085,12477,20110823024500id_
/wp-content/uploads/2011/04/Gang+Gang+Dance+GGD1-700x800.jpg,image,ok,digest ok,147625,147443,20140110214149id_
/wp-content/uploads/2011/04/KornSkrillexBlog1-200x200.jpg,image,ok,digest ok,12045,12422,20140109195330id_
/wp-content/uploads/2011/04/about.png,image,ok,digest ok,1116,1664,20110823024346id_
/wp-content/uploads/2011/04/carly-200x200.png,image,ok,digest ok,34227,34815,20140109182917id_
/wp-content/uploads/2011/04/cruz.png,image,ok,"shorter than indexed (138 vs 597), content valid",138,597,20110823023541id_
/wp-content/uploads/2011/04/entrevistas.png,image,ok,digest ok,747,1289,20110823024949id_
/wp-content/uploads/2011/04/facebook.png,image,ok,digest ok,432,959,20110823024351id_
/wp-content/uploads/2011/04/favicon11-16x16.png,image,ok,digest ok,882,1430,20110823023717id_
/wp-content/uploads/2011/04/grimes-deon_2-700x590.jpg,image,ok,digest ok,103389,103372,20140110214959id_
/wp-content/uploads/2011/04/grimes-deon_3-700x590.jpg,image,ok,digest ok,129070,128936,20140110213010id_
/wp-content/uploads/2011/04/grimesdeon-150x150.jpg,image,ok,digest ok,13320,13706,20140109191430id_
/wp-content/uploads/2011/04/grimesdeon.jpg,image,ok,digest ok,220595,203895,20140110221951id_
/wp-content/uploads/2011/04/home.png,image,ok,digest ok,408,920,20110823024451id_
/wp-content/uploads/2011/04/last.fm_.png,image,ok,digest ok,307,821,20110823025008id_
/wp-content/uploads/2011/04/linea-horizontal.png,image,ok,"shorter than indexed (123 vs 588), content valid",123,588,20110823023824id_
/wp-content/uploads/2011/04/linea-vertical.png,image,ok,"shorter than indexed (124 vs 584), content valid",124,584,20110823023729id_
/wp-content/uploads/2011/04/mixtapes.png,image,ok,digest ok,661,1193,20110823024140id_
/wp-content/uploads/2011/04/musica.png,image,ok,digest ok,577,1108,20110823024506id_
/wp-content/uploads/2011/04/mux-150x150.png,image,ok,digest ok,23268,23801,20140109184150id_
/wp-content/uploads/2011/04/mux.png,image,ok,digest ok,108017,108371,20140110214541id_
/wp-content/uploads/2011/04/ppmixpmx-150x150.jpg,image,missing,,0,14240,
/wp-content/uploads/2011/04/ppmixpmx.jpg,image,ok,digest ok,168037,133190,20140109202247id_
/wp-content/uploads/2011/04/the-mixtape1-150x150.jpg,image,ok,digest ok,10255,10191,20140109182306id_
/wp-content/uploads/2011/04/the-mixtape1-700x800.jpg,image,ok,digest ok,120506,116806,20140110213254id_
/wp-content/uploads/2011/04/tumblr.png,image,ok,digest ok,1212,1763,20110823024532id_
/wp-content/uploads/2011/04/twitter.png,image,ok,digest ok,380,888,20131126082834id_
/wp-content/uploads/2011/04/video.png,image,ok,digest ok,427,938,20110823024912id_
/wp-content/uploads/2011/05/18-200x200.png,image,ok,digest ok,65734,66323,20140109190919id_
/wp-content/uploads/2011/05/73834_165395663480273_140836339269539_479687_8342164_n1-200x200.jpg,image,ok,digest ok,15482,15909,20140109183204id_
/wp-content/uploads/2011/05/DATAMOSH-21-200x200.jpg,image,ok,digest ok,16220,16607,20141224172725id_
/wp-content/uploads/2011/05/DSC5472.jpg,image,ok,digest ok,108376,99549,20140109201822id_
/wp-content/uploads/2011/05/DSC5606-700x629.jpg,image,ok,digest ok,125755,126181,20140109202242id_
/wp-content/uploads/2011/05/JJ1-200x200.jpg,image,ok,digest ok,10296,10676,20140109184359id_
/wp-content/uploads/2011/05/Kreayshawn_ice_cream1-200x200.jpg,image,ok,digest ok,17916,18312,20140109192351id_
/wp-content/uploads/2011/05/NEON-LINDSAY-copy-150x150.jpg,image,ok,digest ok,8523,8908,20140109182816id_
/wp-content/uploads/2011/05/NEON-LINDSAY-copy-700x768.jpg,image,ok,digest ok,120087,120510,20140110205754id_
/wp-content/uploads/2011/05/Picture-5-200x200.png,image,ok,digest ok,59052,59654,20110823023400id_
/wp-content/uploads/2011/05/With-U1-150x150.png,image,ok,digest ok,37572,38154,20140109191733id_
/wp-content/uploads/2011/05/With-U1-700x800.png,image,ok,digest ok,569300,570043,20140110215313id_
/wp-content/uploads/2011/05/artworks-000007258611-hi6zad-original-150x150.png,image,ok,digest ok,53832,54449,20140109191420id_
/wp-content/uploads/2011/05/artworks-000007258611-hi6zad-original.png,image,ok,digest ok,764586,765364,20140109201243id_
/wp-content/uploads/2011/05/bleed-200x200.png,image,ok,digest ok,86456,86995,20140109191706id_
/wp-content/uploads/2011/05/brenmar1-200x200.png,image,ok,digest ok,90151,90734,20140109184712id_
/wp-content/uploads/2011/05/creep-nina-sky-you-music-video1-200x200.jpg,image,ok,digest ok,9385,9755,20140109195224id_
/wp-content/uploads/2011/05/danishivers-200x200.jpg,image,ok,digest ok,8039,8402,20140109184704id_
/wp-content/uploads/2011/05/eventos.png,image,ok,digest ok,550,1078,20110823024719id_
/wp-content/uploads/2011/05/gringo.png,image,ok,digest ok,511,1040,20110823024736id_
/wp-content/uploads/2011/05/hologram31-150x150.jpg,image,ok,digest ok,16518,16912,20140109185910id_
/wp-content/uploads/2011/05/hologram31-700x800.jpg,image,ok,digest ok,253499,253844,20140110221618id_
/wp-content/uploads/2011/05/imgod-150x150.jpg,image,ok,digest ok,6429,6790,20140109185740id_
/wp-content/uploads/2011/05/javierestrada2-150x150.jpg,image,ok,digest ok,6652,7031,20140109193456id_
/wp-content/uploads/2011/05/jhene-150x150.jpg,image,ok,digest ok,6302,6674,20140109191917id_
/wp-content/uploads/2011/05/jhene.jpg,image,ok,digest ok,170379,158210,20140110212847id_
/wp-content/uploads/2011/05/le1f-150x150.jpg,image,ok,digest ok,5605,5963,20140109182419id_
/wp-content/uploads/2011/05/le1f.jpg,image,ok,digest ok,109094,100428,20140111004958id_
/wp-content/uploads/2011/05/leonora-carrington1-150x150.jpg,image,ok,digest ok,9174,9569,20140109183841id_
/wp-content/uploads/2011/05/leonora-detail1-700x800.jpg,image,ok,digest ok,172668,173109,20140110212503id_
/wp-content/uploads/2011/05/oFF-150x150.jpg,image,ok,digest ok,5435,5796,20140109185556id_
/wp-content/uploads/2011/05/oFF.jpg,image,ok,digest ok,209953,200051,20140109205621id_
/wp-content/uploads/2011/05/osama-0111-150x150.jpg,image,ok,digest ok,13306,13685,20140109191501id_
/wp-content/uploads/2011/05/osama-0111-700x800.jpg,image,ok,digest ok,177065,177496,20140109192919id_
/wp-content/uploads/2011/05/pictureplane-200x200.png,image,ok,digest ok,54434,55030,20140109191921id_
/wp-content/uploads/2011/05/pp-merch.jpg,image,ok,digest ok,183383,172013,20140109182939id_
/wp-content/uploads/2011/05/ritualz.jpg,image,ok,digest ok,146366,135652,20140109200711id_
/wp-content/uploads/2011/05/rizzla-150x150.jpg,image,ok,digest ok,6015,6392,20140109192016id_
/wp-content/uploads/2011/05/rizzla-700x540.jpg,image,ok,digest ok,57202,57608,20140109191819id_
/wp-content/uploads/2011/05/sleep-over-therapy-150x150.jpg,image,ok,digest ok,3745,4114,20131126085030id_
/wp-content/uploads/2011/05/sleep-over-therapy.jpg,image,ok,digest ok,197535,186586,20140110214930id_
/wp-content/uploads/2011/05/split1-200x200.png,image,ok,digest ok,41467,42020,20140109192149id_
/wp-content/uploads/2011/05/telepathe-150x150.jpg,image,ok,digest ok,9271,9649,20140109184544id_
/wp-content/uploads/2011/05/telepathe-700x800.jpg,image,ok,digest ok,117388,117581,20140110214331id_
/wp-content/uploads/2011/05/the-weeknd1-200x200.png,image,ok,digest ok,35992,35873,20140109191808id_
/wp-content/uploads/2011/05/thee-150x150.jpg,image,ok,digest ok,11972,12350,20140109192841id_
/wp-content/uploads/2011/05/thee.jpg,image,ok,digest ok,177381,177758,20140109203935id_
/wp-content/uploads/2011/05/travis.jpg,image,ok,digest ok,133773,124157,20140109195956id_
/wp-content/uploads/2011/05/travis2.jpg,image,ok,digest ok,157476,146667,20140109202457id_
/wp-content/uploads/2011/05/travis3.jpg,image,ok,digest ok,127331,118212,20140109203521id_
/wp-content/uploads/2011/06/Blonde+Salem-150x150.jpg,image,ok,digest ok,10020,10404,20140109194346id_
/wp-content/uploads/2011/06/Blonde+Salem.jpg,image,missing,,0,124463,
/wp-content/uploads/2011/06/Captura-de-pantalla-2011-06-29-a-las-10.45.12-150x150.png,image,ok,digest ok,42618,43245,20131214022803id_
/wp-content/uploads/2011/06/Laurel_Halo_-_Hour_Logic_EP_cover_art-150x150.jpg,image,ok,digest ok,7309,7719,20140109183138id_
/wp-content/uploads/2011/06/Laurel_Halo_-_Hour_Logic_EP_cover_art-700x800.jpg,image,ok,digest ok,146220,146475,20140109204304id_
/wp-content/uploads/2011/06/Nadia+Oh+Nadiaoh0121-150x150.jpg,image,ok,digest ok,9995,10382,20140109194245id_
/wp-content/uploads/2011/06/Nadia+Oh+Nadiaoh0121-700x768.jpg,image,ok,digest ok,108054,107708,20140109200536id_
/wp-content/uploads/2011/06/Picture-11-150x150.png,image,ok,digest ok,38404,38764,20140109184007id_
/wp-content/uploads/2011/06/TOTALACCOMPLISHMENT-150x150.jpg,image,ok,digest ok,7396,7638,20140109194324id_
/wp-content/uploads/2011/06/TOTALACCOMPLISHMENT.jpg,image,ok,digest ok,327286,311338,20140110220157id_
/wp-content/uploads/2011/06/Vagina-Vangi-Locked-Forever-cover-700x800.png,image,ok,digest ok,493154,493836,20140110220912id_
/wp-content/uploads/2011/06/alexico-flyer2-150x150.jpg,image,ok,digest ok,8106,8452,20140109185647id_
/wp-content/uploads/2011/06/alexico-flyer2_corto.jpg,image,ok,digest ok,114874,114433,20140109192259id_
/wp-content/uploads/2011/06/balam-150x150.jpg,image,ok,digest ok,2824,3168,20140109184247id_
/wp-content/uploads/2011/06/balam.jpg,image,ok,digest ok,185583,186068,20140109201725id_
/wp-content/uploads/2011/06/djjavierestrada1.jpg,image,ok,digest ok,95582,96097,20140111005036id_
/wp-content/uploads/2011/06/event-150x150.jpg,image,missing,,0,12443,
/wp-content/uploads/2011/06/katie-bg-150x150.png,image,ok,digest ok,32345,32926,20140109201115id_
/wp-content/uploads/2011/06/katie-bg-700x604.png,image,ok,digest ok,436965,436857,20140109194917id_
/wp-content/uploads/2011/06/kidcity-150x150.jpg,image,missing,,0,8441,
/wp-content/uploads/2011/06/kidcity-700x683.jpg,image,ok,digest ok,101619,101966,20140110212414id_
/wp-content/uploads/2011/06/ladytron-150x150.jpg,image,ok,digest ok,10005,10384,20140109195017id_
/wp-content/uploads/2011/06/ladytron1.jpg,image,ok,digest ok,368040,357999,20140109191913id_
/wp-content/uploads/2011/06/opening.jpg,image,ok,digest ok,357912,347165,20140109201111id_
/wp-content/uploads/2011/06/plus-200x200.png,image,ok,digest ok,52610,53195,20140109183259id_
/wp-content/uploads/2011/06/post-150x150.jpg,image,ok,digest ok,6340,6706,20140109194441id_
/wp-content/uploads/2011/06/post.jpg,image,ok,digest ok,185394,177024,20140111005008id_
/wp-content/uploads/2011/06/que-que-200x200.jpg,image,ok,digest ok,12353,12739,20140109182725id_
/wp-content/uploads/2011/06/rhinoanthem-200x200.png,image,ok,digest ok,61301,61889,20140109193636id_
/wp-content/uploads/2011/06/stoned-boys3-200x200.jpg,image,ok,digest ok,9739,10087,20131023045602id_
/wp-content/uploads/2011/06/tumblr_lienqluJG91qd44c0o1_1280.jpg,image,ok,digest ok,557515,545325,20140109203937id_
/wp-content/uploads/2011/06/vaginavangi-150x150.jpg,image,ok,digest ok,6324,6705,20140109193513id_
/wp-content/uploads/2011/06/vegan-150x150.jpg,image,ok,digest ok,6222,6594,20140109194544id_
/wp-content/uploads/2011/06/vegan.jpg,image,ok,digest ok,83849,84311,20140109204328id_
/wp-content/uploads/2011/06/vsKxu1-150x150.gif,image,ok,digest ok,18274,18489,20140109191813id_
/wp-content/uploads/2011/06/vsKxu1.gif,image,ok,digest ok,610906,606673,20140110200703id_
/wp-content/uploads/2011/06/xo-staircase-digi-front-final-150x150.jpg,image,ok,digest ok,7672,7955,20140109191550id_
/wp-content/uploads/2011/07/69605de5a9eb44e489df2e7b5ef42947-150x150.jpg,image,ok,digest ok,6891,7294,20140109184529id_
/wp-content/uploads/2011/07/69605de5a9eb44e489df2e7b5ef42947-700x740.jpg,image,ok,digest ok,175546,175132,20140109204307id_
/wp-content/uploads/2011/07/DJ-MAQUINA-DE-MUERTE-copy1-200x200.jpg,image,ok,digest ok,4031,4199,20140109194455id_
/wp-content/uploads/2011/07/DJ-MAQUINA-DE-MUERTE-copy1.jpg,image,ok,digest ok,98698,79610,20140110184701id_
/wp-content/uploads/2011/07/ElectronicDreamCover1-150x150.jpg,image,ok,digest ok,4905,5116,20140109185422id_
/wp-content/uploads/2011/07/ElectronicDreamCover1-700x800.jpg,image,ok,digest ok,43584,38131,20140110212855id_
/wp-content/uploads/2011/07/FUK-150x150.jpg,image,ok,digest ok,3610,3667,20140109193012id_
/wp-content/uploads/2011/07/FUK-700x480.jpg,image,ok,digest ok,15437,10724,20140110212727id_
/wp-content/uploads/2011/07/HEAT-copy-150x150.jpg,image,ok,digest ok,9559,9936,20140109182144id_
/wp-content/uploads/2011/07/HEAT-copy.jpg,image,ok,digest ok,395171,382988,20140109191446id_
/wp-content/uploads/2011/07/NY-SUMMER-MIX-150x150.jpg,image,ok,digest ok,14870,15258,20140109193753id_
/wp-content/uploads/2011/07/NY-SUMMER-MIX.jpg,image,ok,digest ok,753495,735875,20140110212634id_
/wp-content/uploads/2011/07/Picture-3-200x200.png,image,ok,digest ok,60105,60700,20140109183409id_
/wp-content/uploads/2011/07/actually_boobs21-150x150.jpg,image,ok,digest ok,8661,9053,20140109182312id_
/wp-content/uploads/2011/07/actually_boobs21-700x800.jpg,image,ok,digest ok,109195,109613,20140110213501id_
/wp-content/uploads/2011/07/artworks-000007634829-5nl2sq-original1-200x200.jpg,image,missing,,0,19201,
/wp-content/uploads/2011/07/ensenada_post-150x150.jpg,image,ok,digest ok,6624,6995,20140109182753id_
/wp-content/uploads/2011/07/grillgrilloffoff_happyface-150x150.jpg,image,ok,digest ok,4456,4835,20140109183152id_
/wp-content/uploads/2011/07/grillgrilloffoff_happyface.jpg,image,ok,digest ok,137862,122228,20140109202933id_
/wp-content/uploads/2011/07/lorelle_meets_the_obsolete.jpg,image,ok,digest ok,102975,89325,20140109184309id_
/wp-content/uploads/2011/07/majical-cloudz-150x150.jpg,image,ok,digest ok,7515,7915,20110823023222id_
/wp-content/uploads/2011/07/majical-cloudz.jpg,image,ok,digest ok,114726,115232,20140109203624id_
/wp-content/uploads/2011/07/maquina.jpg,image,ok,digest ok,126651,119648,20140110220221id_
/wp-content/uploads/2011/07/nike7up-150x150.jpg,image,ok,digest ok,7670,8055,20140109193247id_
/wp-content/uploads/2011/07/nike7up.jpg,image,ok,digest ok,250010,239090,20140110214721id_
/wp-content/uploads/2011/07/post-200x200.png,image,ok,digest ok,59567,60061,20110823024837id_
/wp-content/uploads/2011/07/sangreepost.jpg,image,ok,digest ok,326144,316732,20140110215717id_
/wp-content/uploads/2011/07/soft-metals-sleeve1-150x150.jpg,image,ok,digest ok,3709,3954,20140109185457id_
/wp-content/uploads/2011/07/soft-metals-sleeve1-700x800.jpg,image,ok,digest ok,45885,39229,20140110215018id_
/wp-content/uploads/2011/07/supermad-200x200.jpg,image,ok,digest ok,28992,29366,20140109182741id_
/wp-content/uploads/2011/07/supermad.jpg,image,ok,digest ok,163738,163686,20140109192851id_
/wp-content/uploads/2011/07/theephysical-150x150.jpg,image,ok,digest ok,13017,13399,20140109195223id_
/wp-content/uploads/2011/07/theephysical.jpg,image,ok,digest ok,510178,495072,20140110213326id_
/wp-content/uploads/2011/07/vegan_cannibal.jpg,image,ok,digest ok,200616,191995,20140110215652id_
/wp-content/uploads/2011/08/13137372489821-200x200.jpg,image,ok,digest ok,15741,16073,20110823023347id_
/wp-content/uploads/2011/08/13137372489821.jpg,image,ok,digest ok,169720,169036,20110823023150id_
/wp-content/uploads/2011/08/184091_256788517684540_178772515486141_964562_2976463_n-200x200.jpg,image,ok,digest ok,22955,23387,20140109192455id_
/wp-content/uploads/2011/08/184091_256788517684540_178772515486141_964562_2976463_n.jpg,image,ok,digest ok,320895,321228,20140109195250id_
/wp-content/uploads/2011/08/270954_175258772533731_144703902255885_432519_5363668_n-200x200.jpg,image,missing,,0,8480,
/wp-content/uploads/2011/08/270954_175258772533731_144703902255885_432519_5363668_n.jpg,image,ok,digest ok,56793,57186,20140109190704id_
/wp-content/uploads/2011/08/DSCN1371-200x200.jpg,image,ok,digest ok,9450,9835,20140109190507id_
/wp-content/uploads/2011/08/DSCN1371-700x800.jpg,image,ok,digest ok,80915,81152,20140109200507id_
/wp-content/uploads/2011/08/FREAK-OUT-200x200.jpg,image,ok,digest ok,9833,10158,20140109185155id_
/wp-content/uploads/2011/08/FREAK-OUT.jpg,image,ok,digest ok,125540,123835,20140110193759id_
/wp-content/uploads/2011/08/MIXTAPEok-200x200.gif,image,ok,digest ok,22974,23336,20140109194301id_
/wp-content/uploads/2011/08/baby-sloth-200x200.jpg,image,ok,digest ok,8639,8831,20140109190224id_
/wp-content/uploads/2011/08/baby-sloth.jpg,image,ok,digest ok,84967,76248,20140110213516id_
/wp-content/uploads/2011/08/badd700-200x200.jpg,image,ok,digest ok,17474,17840,20140109194420id_
/wp-content/uploads/2011/08/badd700.jpg,image,ok,digest ok,160327,159172,20110823023123id_
/wp-content/uploads/2011/08/chaind-200x200.jpg,image,ok,digest ok,14329,14705,20140109194823id_
/wp-content/uploads/2011/08/chaind.jpg,image,ok,digest ok,100701,89291,20140109194654id_
/wp-content/uploads/2011/08/dani-200x200.gif,image,ok,digest ok,13119,13511,20140109190932id_
/wp-content/uploads/2011/08/dani1.gif,image,ok,digest ok,155336,155942,20140109204125id_
/wp-content/uploads/2011/08/deon_mariejane.jpg,image,ok,digest ok,121473,121802,20140110212546id_
/wp-content/uploads/2011/08/deonfeatmariejane_kissme-200x200.jpg,image,ok,digest ok,17860,18254,20140109182318id_
/wp-content/uploads/2011/08/dj-one-destiny-mix-200x200.jpg,image,ok,digest ok,16088,16475,20140109195748id_
/wp-content/uploads/2011/08/dj-one-destiny-mix.jpg,image,ok,digest ok,206083,206333,20140110212553id_
/wp-content/uploads/2011/08/drones-ritualz-200x200.png,image,ok,digest ok,67934,68528,20140109185123id_
/wp-content/uploads/2011/08/everyhting-200x200.jpg,image,ok,digest ok,10707,11085,20140109192912id_
/wp-content/uploads/2011/08/everyhting.jpg,image,ok,digest ok,110120,110494,20140110215000id_
/wp-content/uploads/2011/08/flowers-200x200.jpg,image,ok,digest ok,17379,17264,20140109184158id_
/wp-content/uploads/2011/08/flowers.jpg,image,ok,digest ok,195164,195122,20140110212924id_
/wp-content/uploads/2011/08/hgfds-200x200.jpg,image,ok,digest ok,12257,12636,20140601082705id_
/wp-content/uploads/2011/08/hgfds.jpg,image,ok,digest ok,110749,111147,20140110185012id_
/wp-content/uploads/2011/08/original-200x200.jpg,image,ok,digest ok,9808,10022,20140109193746id_
/wp-content/uploads/2011/08/original.jpg,image,ok,digest ok,303583,287743,20140110215855id_
/wp-content/uploads/2011/08/pp_teotihuacan-200x200.jpg,image,ok,digest ok,16807,17208,20110823024250id_
/wp-content/uploads/2011/08/pp_teotihuacan.jpg,image,ok,digest ok,208687,209025,20140109193041id_
/wp-content/uploads/2011/08/rio-de-lava-200x200.jpg,image,ok,digest ok,12798,13187,20140109192759id_
/wp-content/uploads/2011/08/rio-de-lava.jpg,image,ok,digest ok,146178,146605,20110823023330id_
/wp-content/uploads/2011/08/selmaoxor-200x200.jpg,image,ok,digest ok,13197,13590,20110823023752id_
/wp-content/uploads/2011/08/selmaoxor.jpg,image,ok,digest ok,217831,218228,20140110203647id_
/wp-content/uploads/2011/08/tumblr_lpw3n7D7GI1qhtk38o1_500-200x200.png,image,ok,digest ok,70262,70847,20140109185234id_
/wp-content/uploads/2011/08/tumblr_lpw3n7D7GI1qhtk38o1_500.png,image,ok,digest ok,602932,603572,20110823023422id_
/wp-content/uploads/2011/08/twin-gemz-200x200.jpg,image,ok,digest ok,11509,11849,20140109194557id_
/wp-content/uploads/2011/08/twin-gemz.jpg,image,ok,digest ok,93203,91118,20140109201740id_
/wp-content/uploads/2011/08/unicornslut-200x200.jpg,image,ok,digest ok,6211,6587,20140109193638id_
/wp-content/uploads/2011/08/unicornslut.jpg,image,ok,digest ok,158100,147481,20140109202640id_
/wp-content/uploads/2011/08/unitednation-200x200.jpg,image,ok,digest ok,12743,13123,20140109184431id_
/wp-content/uploads/2011/08/unitednation.jpg,image,ok,digest ok,141740,141887,20140110213840id_
/wp-content/uploads/2011/08/visions-softmetals-200x200.jpg,image,ok,digest ok,11768,12157,20140109194316id_
/wp-content/uploads/2011/09/1247634245-wheel_juggalos-at-hempfestseattle2005_web11-200x200.jpg,image,ok,digest ok,18044,18473,20140109195220id_
/wp-content/uploads/2011/09/229626_10150743441835457_68178775456_19946104_2693810_n-200x200.jpg,image,ok,digest ok,11725,12159,20140109185702id_
/wp-content/uploads/2011/09/GOTH-STAR-200x200.jpg,image,ok,digest ok,12719,12787,20140109191234id_
/wp-content/uploads/2011/09/GOTH-STAR.jpg,image,ok,digest ok,125712,117544,20140110212323id_
/wp-content/uploads/2011/09/MIXTAPEok-700x837.gif,image,ok,digest ok,49528,50123,20140110215739id_
/wp-content/uploads/2011/09/Picture-11-200x200.png,image,ok,digest ok,6872,6592,20140109201834id_
/wp-content/uploads/2011/09/SLEEP-OVER-FOREVER-e1311961539752-200x200.jpg,image,ok,digest ok,5707,6097,20140109183337id_
/wp-content/uploads/2011/09/SLEEP-OVER-FOREVER-e1311961539752.jpg,image,ok,digest ok,69677,69960,20140110212911id_
/wp-content/uploads/2011/09/Skinny-Legz-200x200.png,image,ok,digest ok,66628,67225,20140109183410id_
/wp-content/uploads/2011/09/Skinny-Legz.png,image,ok,digest ok,641984,642751,20140109201357id_
/wp-content/uploads/2011/09/altulst.jpg,image,ok,digest ok,77023,77346,20131214025227id_
/wp-content/uploads/2011/09/autom-200x200.jpg,image,ok,digest ok,12381,12537,20140109194929id_
/wp-content/uploads/2011/09/autom.jpg,image,missing,,0,148360,
/wp-content/uploads/2011/09/beach-punks.jpg,image,ok,digest ok,191894,179548,20131214025823id_
/wp-content/uploads/2011/09/casual-diamond-200x200.png,image,ok,digest ok,58402,59002,20140109190943id_
/wp-content/uploads/2011/09/cool3d_yungjake.gif,image,ok,digest ok,708362,706106,20140109191425id_
/wp-content/uploads/2011/09/cvltclassics-200x200.jpg,image,ok,digest ok,12458,12630,20140109192207id_
/wp-content/uploads/2011/09/cvltclassics.jpg,image,ok,digest ok,222099,219460,20140111005523id_
/wp-content/uploads/2011/09/das-racist1-200x200.png,image,ok,digest ok,76828,77429,20140109184015id_
/wp-content/uploads/2011/09/freakingout-200x200.jpg,image,ok,digest ok,10088,10259,20140109183621id_
/wp-content/uploads/2011/09/freakingout.jpg,image,ok,digest ok,168988,168411,20140109201946id_
/wp-content/uploads/2011/09/hustling-200x200.jpg,image,ok,digest ok,14900,15282,20140109195316id_
/wp-content/uploads/2011/09/hustling.jpg,image,ok,digest ok,151444,151385,20140109195842id_
/wp-content/uploads/2011/09/john.jpg,image,ok,digest ok,146530,133347,20131214023109id_
/wp-content/uploads/2011/09/leg-bone-leggings.png,image,ok,digest ok,508728,509460,20140109191902id_
/wp-content/uploads/2011/09/lildeath-200x200.jpg,image,ok,digest ok,17437,17813,20140109191433id_
/wp-content/uploads/2011/09/lildeath.jpg,image,ok,digest ok,248163,248383,20140110191333id_
/wp-content/uploads/2011/09/mime-7-200x200.jpg,image,ok,digest ok,10269,10658,20140601083715id_
/wp-content/uploads/2011/09/mime-7.jpg,image,ok,digest ok,128982,129377,20140109193905id_
/wp-content/uploads/2011/09/nahson_yungjake.gif,image,ok,digest ok,1017679,1004870,20131216184329id_
/wp-content/uploads/2011/09/spceco-200x200.jpg,image,ok,digest ok,9663,10025,20140109184651id_
/wp-content/uploads/2011/09/spceco.jpg,image,ok,digest ok,62430,61986,20140110212427id_
/wp-content/uploads/2011/09/stage33d_yungjake1.gif,image,ok,digest ok,1375654,1361820,20140110212441id_
/wp-content/uploads/2011/09/tom-200x200.jpg,image,ok,digest ok,6393,6773,20140109183508id_
/wp-content/uploads/2011/09/travis-yasmine.jpg,image,ok,digest ok,235108,224527,20131214023555id_
/wp-content/uploads/2011/09/tumblr_lo92njV4iQ1qd3rrro1_500.jpg,image,ok,digest ok,153909,141296,20140109191422id_
/wp-content/uploads/2011/09/tumblr_lq7kbzGcZ21r1zxymo1_r1_1280-200x200.jpg,image,ok,digest ok,5121,5506,20140109184658id_
/wp-content/uploads/2011/09/tumblr_lq7kbzGcZ21r1zxymo1_r1_1280.jpg,image,ok,digest ok,79237,79175,20140110193426id_
/wp-content/uploads/2011/09/tumblr_lrpvlq1hdM1qekrnyo1_500.jpg,image,ok,digest ok,168528,169083,20140109195010id_
/wp-content/uploads/2011/09/tumblr_lrs2vyefqL1qjray4o1_500ok.png,image,ok,digest ok,387838,388553,20140109192026id_
/wp-content/uploads/2011/09/unison-artwork-ghost-200x200.jpg,image,ok,digest ok,17659,18057,20140109184547id_
/wp-content/uploads/2011/09/unison-artwork-ghost.jpg,image,ok,digest ok,241576,241775,20140110214714id_
/wp-content/uploads/2011/09/unisonlive-200x200.jpg,image,ok,digest ok,5724,6095,20140109191413id_
/wp-content/uploads/2011/09/whatever-artwork-200x200.jpg,image,ok,digest ok,17833,18213,20140109200138id_
/wp-content/uploads/2011/09/whatever-artwork.jpg,image,ok,digest ok,193523,193667,20140110213427id_
/wp-content/uploads/2011/10/%C3%B1aka%C3%B1aka_peque%C3%B1oedgarvideo-200x200.png,image,ok,digest ok,70023,66998,20140109190951id_
/wp-content/uploads/2011/10/20-200x200.jpg,image,ok,digest ok,13688,14070,20140109193041id_
/wp-content/uploads/2011/10/246680_201943666515817_122389604471224_543606_5162273_n.jpg,image,ok,digest ok,61615,61549,20140109192533id_
/wp-content/uploads/2011/10/6a00d8341c2f0953ef01538fef9124970b-700wi.jpg,image,ok,digest ok,667505,654034,20140109200459id_
/wp-content/uploads/2011/10/F8stercare-Remixes-01-200x200.jpg,image,ok,digest ok,18977,19383,20140109191427id_
/wp-content/uploads/2011/10/F8stercare-Remixes-01-700x800.jpg,image,ok,digest ok,151249,150490,20140109203603id_
/wp-content/uploads/2011/10/Imagen+11.png,image,ok,digest ok,156233,156802,20140110212411id_
/wp-content/uploads/2011/10/Imagen+3.png,image,ok,digest ok,388213,388726,20140110212748id_
/wp-content/uploads/2011/10/Imagen+4.png,image,ok,digest ok,346721,347171,20140111004913id_
/wp-content/uploads/2011/10/Picture+31-200x200.png,image,ok,digest ok,37926,38376,20140109190034id_
/wp-content/uploads/2011/10/Picture+31.png,image,ok,digest ok,147357,146785,20140110212852id_
/wp-content/uploads/2011/10/blissed-out-I-200x200.jpg,image,ok,digest ok,9679,10049,20140109183521id_
/wp-content/uploads/2011/10/blissed-out-I.jpg,image,ok,digest ok,255850,246665,20140109195248id_
/wp-content/uploads/2011/10/crop-top-55.png,image,ok,digest ok,435771,436447,20140109201021id_
/wp-content/uploads/2011/10/dj_javier_estrada1-200x200.jpg,image,ok,digest ok,12860,13252,20140109192103id_
/wp-content/uploads/2011/10/dj_javier_estrada1.jpg,image,ok,digest ok,193733,177532,20140109203054id_
/wp-content/uploads/2011/10/e3.jpg,image,ok,digest ok,201133,189398,20140110212437id_
/wp-content/uploads/2011/10/elpquenoedgar-200x200.jpg,image,ok,digest ok,19615,20001,20140109195200id_
/wp-content/uploads/2011/10/elpquenoedgar.jpg,image,ok,digest ok,201357,201570,20140110213004id_
/wp-content/uploads/2011/10/flyer_siteny-200x200.jpg,image,ok,digest ok,11422,11752,20140109185619id_
/wp-content/uploads/2011/10/flyer_siteny.jpg,image,ok,digest ok,574924,575047,20140109202832id_
/wp-content/uploads/2011/10/grimes-200x200.jpg,image,ok,digest ok,11315,11697,20140109185804id_
/wp-content/uploads/2011/10/grimes.jpg,image,ok,digest ok,88098,88395,20140110213204id_
/wp-content/uploads/2011/10/htrk-200x200.png,image,missing,,0,38973,
/wp-content/uploads/2011/10/moda.png,image,ok,digest ok,3316,3661,20120624205546id_
/wp-content/uploads/2011/10/nguzu21-200x200.gif,image,ok,digest ok,19972,19972,20140109192834id_
/wp-content/uploads/2011/10/nguzu21.gif,image,ok,digest ok,931159,932006,20140110214737id_
/wp-content/uploads/2011/10/obsexed-200x200.png,image,ok,digest ok,41301,41885,20140109194640id_
/wp-content/uploads/2011/10/postphysical-rmx-200x200.jpg,image,ok,digest ok,12478,12861,20140109192106id_
/wp-content/uploads/2011/10/ps-200x200.png,image,ok,digest ok,40817,41376,20140109193405id_
/wp-content/uploads/2011/10/these-days-200x200.png,image,ok,digest ok,65585,66178,20140109190009id_
/wp-content/uploads/2011/10/thumb-1.png,image,ok,digest ok,544313,545031,20140109201851id_
/wp-content/uploads/2011/10/thumb.png,image,ok,digest ok,602307,603050,20140109201720id_
/wp-content/uploads/2011/10/tumblr_ln7rgufoEq1qlrj4w.jpg,image,ok,digest ok,145542,136230,20140110212402id_
/wp-content/uploads/2011/10/tumblr_lspl4eEEne1qlrj4w.jpg,image,ok,digest ok,253944,243972,20140110212641id_
/wp-content/uploads/2011/10/tumblr_lszan2A5741qlrj4w.jpg,image,ok,digest ok,232380,222408,20140110213802id_
/wp-content/uploads/2011/10/velvet-cape-72-copy.jpg,image,ok,digest ok,237034,226524,20131209125603id_
/wp-content/uploads/2011/10/vessel-200x200.png,image,ok,digest ok,53583,54173,20140109191509id_
/wp-content/uploads/2011/11/1.jpg,image,ok,digest ok,253520,237371,20140110213502id_
/wp-content/uploads/2011/11/18+-m1xtape-200x200.jpg,image,ok,digest ok,8786,9142,20140109184440id_
/wp-content/uploads/2011/11/18+-m1xtape.jpg,image,ok,digest ok,128717,120949,20140111005520id_
/wp-content/uploads/2011/11/2.jpg,image,ok,digest ok,231633,218184,20140110212750id_
/wp-content/uploads/2011/11/3-dreams-that-money-02.jpg,image,ok,digest ok,109976,94468,20140110212327id_
/wp-content/uploads/2011/11/3.jpg,image,ok,digest ok,153937,141253,20140111005431id_
/wp-content/uploads/2011/11/3d3-200x200.jpg,image,ok,digest ok,12597,12971,20140109191848id_
/wp-content/uploads/2011/11/3d3.jpg,image,ok,digest ok,403506,392563,20140109192453id_
/wp-content/uploads/2011/11/4-taller-negative-04.jpg,image,ok,digest ok,102189,74418,20140110212525id_
/wp-content/uploads/2011/11/4.jpg,image,ok,digest ok,235938,220968,20140110212442id_
/wp-content/uploads/2011/11/5-located02.jpg,image,ok,digest ok,128815,97835,20140110213240id_
/wp-content/uploads/2011/11/5.jpg,image,ok,digest ok,252408,237907,20140111004921id_
/wp-content/uploads/2011/11/6.jpg,image,ok,digest ok,222849,207862,20140110213104id_
/wp-content/uploads/2011/11/7.jpg,image,ok,digest ok,256624,242214,20140111005025id_
/wp-content/uploads/2011/11/HOUSEOFLADOSHA-200x200.jpg,image,ok,digest ok,11835,12191,20140109194811id_
/wp-content/uploads/2011/11/HOUSEOFLADOSHA.jpg,image,ok,digest ok,151518,140025,20140110212254id_
/wp-content/uploads/2011/11/POLTER-COVER-200x200.png,image,ok,digest ok,28359,28943,20140109185942id_
/wp-content/uploads/2011/11/POLTER-COVER.png,image,ok,digest ok,126634,126858,20140110212153id_
/wp-content/uploads/2011/11/Picture-30-200x200.png,image,ok,digest ok,50421,51005,20140109190902id_
/wp-content/uploads/2011/11/Picture-30.png,image,ok,digest ok,225695,226284,20140110215950id_
/wp-content/uploads/2011/11/RS10x.jpg,image,ok,digest ok,115675,106193,20140109201654id_
/wp-content/uploads/2011/11/RS1x2.jpg,image,ok,digest ok,216898,205489,20140109201628id_
/wp-content/uploads/2011/11/RS2x.jpg,image,ok,digest ok,122495,113575,20140109194437id_
/wp-content/uploads/2011/11/RS3x.jpg,image,ok,digest ok,115145,105737,20140109201441id_
/wp-content/uploads/2011/11/RS4x.jpg,image,ok,digest ok,122423,113066,20140109203700id_
/wp-content/uploads/2011/11/RS5x.jpg,image,missing,,0,109658,
/wp-content/uploads/2011/11/RS6x.jpg,image,ok,digest ok,122855,113324,20140109200813id_
/wp-content/uploads/2011/11/RS7x.jpg,image,ok,digest ok,115828,106399,20140109203926id_
/wp-content/uploads/2011/11/RS8x.jpg,image,ok,digest ok,118756,109571,20140109205629id_
/wp-content/uploads/2011/11/ReadyGoTypeB1-200x200.jpg,image,ok,digest ok,18469,18833,20140109183551id_
/wp-content/uploads/2011/11/Schonwald-200x200.jpg,image,ok,digest ok,10702,11037,20140109192411id_
/wp-content/uploads/2011/11/Schonwald.jpg,image,ok,digest ok,122907,113755,20140110212450id_
/wp-content/uploads/2011/11/YOUNGMAGIC-200x200.jpg,image,missing,,0,8382,
/wp-content/uploads/2011/11/YOUNGMAGIC.jpg,image,ok,digest ok,404095,387883,20140109194507id_
/wp-content/uploads/2011/11/abba-200x200.jpg,image,ok,digest ok,9657,10013,20140109192234id_
/wp-content/uploads/2011/11/abba.jpg,image,ok,digest ok,139028,126364,20140110220901id_
/wp-content/uploads/2011/11/be-my-guest-200x200.jpg,image,ok,digest ok,20255,20650,20140109192815id_
/wp-content/uploads/2011/11/be-my-guest.jpg,image,ok,digest ok,470516,454720,20140109203635id_
/wp-content/uploads/2011/11/blacnails-200x200.png,image,ok,digest ok,45111,45690,20140109184654id_
/wp-content/uploads/2011/11/boy-friend-200x200.jpg,image,ok,digest ok,10514,10888,20140109191022id_
/wp-content/uploads/2011/11/boy-friend.jpg,image,ok,digest ok,244640,234524,20140109201929id_
/wp-content/uploads/2011/11/changeyourself-200x200.jpg,image,ok,digest ok,6292,6673,20140109184240id_
/wp-content/uploads/2011/11/changeyourself.jpeg,image,ok,digest ok,208863,201417,20140110212411id_
/wp-content/uploads/2011/11/flyer.jpg,image,ok,digest ok,822964,624899,20140109202923id_
/wp-content/uploads/2011/11/foto-sueter.jpg,image,ok,digest ok,179609,159647,20140110195623id_
/wp-content/uploads/2011/11/freak-out-2-200x300.jpg,image,ok,digest ok,28281,28658,20140110212615id_
/wp-content/uploads/2011/11/guera-200x200.png,image,ok,digest ok,70292,70883,20140109202211id_
/wp-content/uploads/2011/11/hd-200x200.jpg,image,ok,digest ok,17534,17911,20140109194854id_
/wp-content/uploads/2011/11/hd.jpg,image,ok,digest ok,320441,308296,20140110215601id_
/wp-content/uploads/2011/11/holy-shit-200x200.jpg,image,ok,digest ok,11703,12085,20140109184900id_
/wp-content/uploads/2011/11/holy-shit.jpg,image,ok,digest ok,356138,345695,20140109201154id_
/wp-content/uploads/2011/11/nightbus2-200x200.jpg,image,ok,digest ok,8798,9182,20140109182656id_
/wp-content/uploads/2011/11/nightbus2.jpg,image,ok,digest ok,202266,191027,20140111004917id_
/wp-content/uploads/2011/11/pp_unicornkid-200x200.jpg,image,ok,digest ok,9716,10095,20140109184031id_
/wp-content/uploads/2011/11/pp_unicornkid.jpg,image,ok,digest ok,175541,175596,20140110213526id_
/wp-content/uploads/2011/11/programa-negro-final-02.jpg,image,ok,digest ok,315715,300016,20140109195959id_
/wp-content/uploads/2011/11/revolver.jpg,image,ok,digest ok,283491,270683,20140110212836id_
/wp-content/uploads/2011/11/revolver_flyer_2-200x200.jpg,image,ok,digest ok,15975,16218,20140110212406id_
/wp-content/uploads/2011/11/ruin-3-200x200.jpg,image,ok,digest ok,16400,16507,20140109191810id_
/wp-content/uploads/2011/11/ruin-3.jpg,image,ok,digest ok,244194,224060,20140110213132id_
/wp-content/uploads/2011/11/salem-200x200.png,image,ok,digest ok,42588,43160,20140109191810id_
/wp-content/uploads/2011/11/selena_big.jpg,image,ok,digest ok,334033,318388,20140109204026id_
/wp-content/uploads/2011/11/shades_post-200x200.jpg,image,ok,digest ok,10526,10912,20140109183850id_
/wp-content/uploads/2011/11/skrinshot-200x200.png,image,missing,,0,51219,
/wp-content/uploads/2011/11/tvynovelas-2-200x200.jpg,image,ok,digest ok,13309,13693,20140109192201id_
/wp-content/uploads/2011/11/tvynovelas-2.jpg,image,ok,digest ok,233823,223402,20140110221909id_
/wp-content/uploads/2011/11/twingemz-200x200.jpg,image,ok,digest ok,4906,4924,20140109191648id_
/wp-content/uploads/2011/11/twingemz.jpeg,image,ok,digest ok,96668,63161,20140109203021id_
/wp-content/uploads/2011/12/DJ-SymBiotiX-with-Logo1.png,image,ok,digest ok,196439,197070,20140109184035id_
/wp-content/uploads/2011/12/Picture-29-200x200.png,image,ok,digest ok,25552,25908,20140109184635id_
/wp-content/uploads/2011/12/Untitled-1-200x200.jpg,image,missing,,0,20969,
/wp-content/uploads/2011/12/Untitled-1.jpg,image,ok,digest ok,418464,399620,20140109191442id_
/wp-content/uploads/2011/12/animals-200x200.png,image,ok,digest ok,52713,53285,20140109184220id_
/wp-content/uploads/2011/12/arnold-200x200.png,image,missing,,0,69331,
/wp-content/uploads/2011/12/artworks-000015297182-93k8pl-original-200x200.jpg,image,ok,digest ok,11345,11669,20140109191824id_
/wp-content/uploads/2011/12/artworks-000015297182-93k8pl-original.jpg,image,ok,digest ok,322460,304305,20140109194616id_
/wp-content/uploads/2011/12/artworks-000015910112-kf5sdw-crop-200x200.jpg,image,ok,digest ok,13423,13810,20140109195254id_
/wp-content/uploads/2011/12/artworks-000015910112-kf5sdw-crop.jpeg,image,ok,digest ok,296783,282450,20140109192941id_
/wp-content/uploads/2011/12/darksister-200x200.jpg,image,ok,digest ok,16514,16896,20140109202050id_
/wp-content/uploads/2011/12/darksister.jpg,image,ok,digest ok,240082,229326,20140110212853id_
/wp-content/uploads/2011/12/freak-out-2-200x200.jpg,image,ok,digest ok,19677,20057,20140109192704id_
/wp-content/uploads/2011/12/garywar-200x200.png,image,ok,digest ok,58536,59129,20140109183134id_
/wp-content/uploads/2011/12/genevajacuzzi_doisad-200x200.png,image,ok,digest ok,58361,58967,20140109184445id_
/wp-content/uploads/2011/12/kara-200x200.png,image,ok,digest ok,48269,48855,20140109183828id_
/wp-content/uploads/2011/12/kyary-200x200.png,image,ok,digest ok,72527,73103,20140109183546id_
/wp-content/uploads/2011/12/lafuerzaaerea-200x200.jpg,image,ok,digest ok,11053,11368,20140109183551id_
/wp-content/uploads/2011/12/lafuerzaaerea.jpg,image,ok,digest ok,109289,104590,20140110213127id_
/wp-content/uploads/2011/12/lostplanet-200x200.jpg,image,ok,digest ok,21095,21481,20131031203525id_
/wp-content/uploads/2011/12/lostplanet.jpeg,image,ok,digest ok,756396,739439,20140110212842id_
/wp-content/uploads/2011/12/naomielizabeth-200x200.png,image,ok,digest ok,57974,58573,20131104103639id_
/wp-content/uploads/2011/12/off-200x200.png,image,ok,digest ok,69221,69770,20140109193437id_
/wp-content/uploads/2011/12/pigfat-200x200.png,image,ok,digest ok,52663,53240,20140110213312id_
/wp-content/uploads/2011/12/symbiotix.jpg,image,ok,digest ok,560524,561089,20140109191711id_
/wp-content/uploads/2011/12/untru-love-200x200.png,image,ok,digest ok,58755,59353,20140109191209id_
/wp-content/uploads/2011/12/ym-200x200.jpg,image,ok,digest ok,18041,18421,20140109191815id_
/wp-content/uploads/2011/12/zebrakatz-200x200.jpg,image,ok,digest ok,5007,5201,20140110212453id_
/wp-content/uploads/2012/01/Grimes+0010011-200x200.jpg,image,ok,digest ok,13369,13756,20140109182903id_
/wp-content/uploads/2012/01/Grimes+0010011-700x1200.jpg,image,ok,digest ok,241913,242228,20140110220603id_
/wp-content/uploads/2012/01/IMG_2720-200x200.jpg,image,ok,digest ok,7708,8086,20140109192608id_
/wp-content/uploads/2012/01/artworks-000017535172-ewctaj-original-200x200.jpg,image,ok,digest ok,7136,7541,20140109200243id_
/wp-content/uploads/2012/01/asap-200x200.png,image,ok,digest ok,71215,71752,20140109203818id_
/wp-content/uploads/2012/01/dimensional-rip-71-200x200.jpg,image,ok,digest ok,28122,27895,20140109185215id_
/wp-content/uploads/2012/01/dimensional-rip-71.jpg,image,ok,digest ok,435205,425945,20140109203236id_
/wp-content/uploads/2012/01/finallyboyscover-200x200.jpg,image,ok,digest ok,20157,20537,20140109185720id_
/wp-content/uploads/2012/01/finallyboyscover.jpg,image,ok,digest ok,559003,543771,20140110221440id_
/wp-content/uploads/2012/01/glass-popcorn-200x200.png,image,ok,digest ok,71888,72481,20140109184914id_
/wp-content/uploads/2012/01/how-can-i-resist-you-200x200.png,image,ok,digest ok,63666,64259,20140109183250id_
/wp-content/uploads/2012/01/imaread-200x200.png,image,ok,digest ok,59050,59622,20140109202450id_
/wp-content/uploads/2012/01/jochoDOOOOOM-200x200.gif,image,ok,digest ok,30808,30996,20140109194804id_
/wp-content/uploads/2012/01/jochoDOOOOOM.gif,image,ok,digest ok,1592411,1593382,20140111005016id_
/wp-content/uploads/2012/01/ny2012-700px-200x200.jpg,image,missing,,0,16031,
/wp-content/uploads/2012/01/ny2012-700px.jpg,image,ok,digest ok,538658,525573,20140109201933id_
/wp-content/uploads/2012/01/popcaan-200x200.png,image,ok,digest ok,69916,70499,20140109183430id_
/wp-content/uploads/2012/01/ritualz_winter2012mixtape.jpeg,image,ok,digest ok,321278,312261,20140110212925id_
/wp-content/uploads/2012/01/save2.gif,image,ok,digest ok,33910,15635,20120624205554id_
/wp-content/uploads/2012/01/shades-lullaby-200x200.jpg,image,ok,digest ok,10534,10890,20140109183659id_
/wp-content/uploads/2012/01/shades-lullaby.jpg,image,ok,digest ok,602843,602438,20140109202025id_
/wp-content/uploads/2012/01/shams-200x200.png,image,ok,digest ok,49672,50249,20140109183403id_
/wp-content/uploads/2012/01/skullfukt-200x200.png,image,ok,digest ok,6497,6468,20140109190802id_
/wp-content/uploads/2012/01/sleepless-200x200.jpg,image,ok,digest ok,17110,17498,20140109202919id_
/wp-content/uploads/2012/01/sleepless.jpg,image,ok,digest ok,436753,424252,20140109192105id_
/wp-content/uploads/2012/01/soldedad-200x200.jpg,image,ok,digest ok,10107,10487,20140109192325id_
/wp-content/uploads/2012/01/soldedad.jpg,image,ok,digest ok,224962,225077,20140109201353id_
/wp-content/uploads/2012/01/tg-200x200.png,image,ok,digest ok,57936,58471,20140109192355id_
/wp-content/uploads/2012/01/the-internet-cocaine-200x200.png,image,ok,digest ok,77649,78245,20140109191835id_
/wp-content/uploads/2012/01/thumbs_11-200x200.jpg,image,ok,digest ok,4991,5352,20140110213702id_
/wp-content/uploads/2012/01/tumblr_lxh78iDFNa1r3jw60o1_2501-200x160.gif,image,ok,digest ok,22677,22814,20140109202734id_
/wp-content/uploads/2012/01/xiuxiu-hi-200x200.png,image,ok,digest ok,45410,45999,20140109182309id_
/wp-content/uploads/2012/02/262835_199492046772391_182853235102939_489708_6375433_n-200x200.jpg,image,ok,digest ok,8988,9400,20140109183033id_
/wp-content/uploads/2012/02/387260_337995502893802_153154751377879_1352181_101291417_n-200x200.jpg,image,ok,digest ok,16297,16737,20140109184903id_
/wp-content/uploads/2012/02/405452_10150467991246459_374396676458_9174072_1500719711_n-200x200.jpg,image,ok,digest ok,14018,14452,20140109192946id_
/wp-content/uploads/2012/02/405452_10150467991246459_374396676458_9174072_1500719711_n-700x720.jpg,image,ok,digest ok,126893,127346,20140109203106id_
/wp-content/uploads/2012/02/4466443250_0ef1a7ec4b1-200x200.jpg,image,ok,digest ok,10728,11085,20140109195139id_
/wp-content/uploads/2012/02/CC-200x200.jpg,image,ok,digest ok,10973,10296,20140109185602id_
/wp-content/uploads/2012/02/CC.jpg,image,ok,digest ok,246818,196787,20140109195955id_
/wp-content/uploads/2012/02/EGkoralleven-200x200.jpg,image,ok,digest ok,10168,10557,20140109184354id_
/wp-content/uploads/2012/02/EGkoralleven.jpg,image,ok,digest ok,234979,224352,20140110213032id_
/wp-content/uploads/2012/02/JJBRINE-200x200.jpg,image,ok,digest ok,12082,12436,20140109185929id_
/wp-content/uploads/2012/02/TWIN_GEMZ-200x200.jpg,image,ok,digest ok,17426,17814,20140109193305id_
/wp-content/uploads/2012/02/TWIN_GEMZ.jpg,image,ok,digest ok,423788,403859,20140109195026id_
/wp-content/uploads/2012/02/Tearist_Final_CMYK-Web-Site-200x200.jpg,image,ok,digest ok,8792,9151,20140109194516id_
/wp-content/uploads/2012/02/alexico_elnombredelperro-200x200.png,image,missing,,0,79445,
/wp-content/uploads/2012/02/avatars-000010318408-3wyneb-crop-200x200.jpg,image,ok,digest ok,21519,21926,20140109200431id_
/wp-content/uploads/2012/02/bodyguard-200x200.jpg,image,ok,digest ok,13870,14027,20140109194629id_
/wp-content/uploads/2012/02/bodyguard.jpg,image,ok,digest ok,346871,335303,20140110215723id_
/wp-content/uploads/2012/02/danishivers_graves-200x200.png,image,ok,digest ok,75142,75719,20140109191221id_
/wp-content/uploads/2012/02/dj-dog-dick-200x200.jpg,image,ok,digest ok,10653,11046,20140109192326id_
/wp-content/uploads/2012/02/dj-smurphy-200x200.jpg,image,ok,digest ok,7866,8110,20140109191030id_
/wp-content/uploads/2012/02/dj-smurphy.jpeg,image,ok,digest ok,158407,141854,20140110213112id_
/wp-content/uploads/2012/02/floss-200x200.jpg,image,ok,digest ok,13587,13959,20140109185156id_
/wp-content/uploads/2012/02/floss.jpg,image,ok,digest ok,302687,289437,20140109203834id_
/wp-content/uploads/2012/02/lauren-devine-200x200.png,image,ok,digest ok,46795,47391,20140109192826id_
/wp-content/uploads/2012/02/mikky-200x200.png,image,ok,digest ok,59071,59654,20140109193459id_
/wp-content/uploads/2012/02/nrmal-200x200.jpg,image,missing,,0,22040,
/wp-content/uploads/2012/02/nrmal.jpg,image,ok,digest ok,549300,517299,20140109204546id_
/wp-content/uploads/2012/02/redv-200x200.png,image,ok,digest ok,35520,36098,20140109202557id_
/wp-content/uploads/2012/02/shams-200x200.png,image,ok,digest ok,56256,56671,20140109193228id_
/wp-content/uploads/2012/02/ssion-200x200.png,image,ok,digest ok,77788,78381,20140109192450id_
/wp-content/uploads/2012/02/ugly-200x200.jpg,image,ok,digest ok,23335,23611,20140109183106id_
/wp-content/uploads/2012/02/ugly.jpg,image,ok,digest ok,654671,634175,20140109201324id_
/wp-content/uploads/2012/02/white-ring-flyer-copy-200x200.jpg,image,ok,digest ok,16703,16393,20140109201457id_
/wp-content/uploads/2012/02/white-ring-flyer-copy.jpg,image,ok,digest ok,442784,391875,20140109192033id_
/wp-content/uploads/2012/03/1202495672-1-200x200.jpg,image,ok,digest ok,11151,11486,20140109182133id_
/wp-content/uploads/2012/03/1202495672-1.jpg,image,ok,digest ok,449628,438850,20140110220322id_
/wp-content/uploads/2012/03/2651835935-1-200x200.jpg,image,ok,digest ok,15657,16042,20140109194933id_
/wp-content/uploads/2012/03/2651835935-1.jpg,image,ok,digest ok,559871,547187,20140109202236id_
/wp-content/uploads/2012/03/404894_10150567309544792_108014189791_8333484_2047649445_n1-200x200.jpg,image,ok,digest ok,3371,3355,20140109182238id_
/wp-content/uploads/2012/03/404894_10150567309544792_108014189791_8333484_2047649445_n1-700x750.jpg,image,ok,digest ok,36066,30579,20140109194225id_
/wp-content/uploads/2012/03/417104_191541614282977_123766361060503_220537_1527607908_n-200x200.jpg,image,ok,digest ok,7431,7856,20140109192900id_
/wp-content/uploads/2012/03/417104_191541614282977_123766361060503_220537_1527607908_n.jpeg,image,ok,digest ok,269675,262054,20140110222230id_
/wp-content/uploads/2012/03/428123_10150653084870407_172148820406_11139858_782728427_n-200x200.jpg,image,ok,digest ok,11055,11482,20140109191759id_
/wp-content/uploads/2012/03/428123_10150653084870407_172148820406_11139858_782728427_n.jpg,image,ok,digest ok,258145,246834,20140109193007id_
/wp-content/uploads/2012/03/Bad-Pop-L%C3%ADder-Juvenil-EP-cover-200x200.png,image,ok,digest ok,81425,82030,20140109185053id_
/wp-content/uploads/2012/03/Bad-Pop-L%C3%ADder-Juvenil-EP-cover.png,image,ok,digest ok,776774,777598,20140109200235id_
/wp-content/uploads/2012/03/INNOSCENTIAOBSCURA-200x200.png,image,ok,digest ok,55158,55544,20140109191909id_
/wp-content/uploads/2012/03/Picture-80-200x200.png,image,ok,digest ok,61895,62477,20140109203028id_
/wp-content/uploads/2012/03/Picture-80-700x777.png,image,ok,digest ok,430741,430540,20140109202701id_
/wp-content/uploads/2012/03/Screen-Shot-2012-03-13-at-12.11.06-PM-200x200.png,image,ok,digest ok,73168,73793,20140109200937id_
/wp-content/uploads/2012/03/Shbtimtjapop-200x200.jpg,image,ok,digest ok,13472,13862,20140109191458id_
/wp-content/uploads/2012/03/Shbtimtjapop.jpg,image,ok,digest ok,235105,220629,20140109195155id_
/wp-content/uploads/2012/03/alignment2-200x200.jpg,image,ok,digest ok,17221,17596,20140109184152id_
/wp-content/uploads/2012/03/alignment2.jpg,image,ok,digest ok,369587,346253,20140110220014id_
/wp-content/uploads/2012/03/artworks-000017677326-kdqdem-original-200x200.jpg,image,ok,digest ok,15950,16150,20140109195159id_
/wp-content/uploads/2012/03/artworks-000017677326-kdqdem-original-700x800.jpg,image,ok,digest ok,133602,128671,20140109191001id_
/wp-content/uploads/2012/03/artworks-000019659068-aw57vy-original-200x200.jpg,image,ok,digest ok,10874,10613,20140109184031id_
/wp-content/uploads/2012/03/artworks-000020629958-5pg8qj-original-200x200.jpg,image,ok,digest ok,8285,8701,20140109182150id_
/wp-content/uploads/2012/03/artworks-000020629958-5pg8qj-original.jpg,image,ok,digest ok,75560,75318,20140109191653id_
/wp-content/uploads/2012/03/capecod-200x200.jpg,image,ok,digest ok,8299,8681,20131023045627id_
/wp-content/uploads/2012/03/deon-music-for-keyboards-200x200.jpg,image,ok,digest ok,7468,7832,20140109190217id_
/wp-content/uploads/2012/03/deon-music-for-keyboards.jpeg,image,ok,digest ok,213688,188794,20140110202442id_
/wp-content/uploads/2012/03/elitegymna-200x200.jpg,image,ok,digest ok,20644,20997,20140109193705id_
/wp-content/uploads/2012/03/furry-200x200.png,image,ok,digest ok,50948,51523,20140109192624id_
/wp-content/uploads/2012/03/grimes-200x200.jpg,image,ok,digest ok,13074,13461,20140109191835id_
/wp-content/uploads/2012/03/light-200x200.jpg,image,ok,digest ok,8844,9216,20140109190233id_
/wp-content/uploads/2012/03/light.jpg,image,ok,digest ok,126812,114139,20140109204552id_
/wp-content/uploads/2012/03/maussan-200x200.jpg,image,ok,digest ok,11989,12379,20140109184236id_
/wp-content/uploads/2012/03/maussan.jpg,image,ok,digest ok,202472,191367,20140110220908id_
/wp-content/uploads/2012/03/men-in-burka-200x200.jpg,image,missing,,0,17816,
/wp-content/uploads/2012/03/men-in-burka.jpg,image,ok,digest ok,300130,272808,20140109191824id_
/wp-content/uploads/2012/03/ninaskydaydreaming-200x200.jpg,image,ok,digest ok,13197,13590,20140109183528id_
/wp-content/uploads/2012/03/onesecondoflove-200x200.png,image,ok,digest ok,53452,54042,20140109184605id_
/wp-content/uploads/2012/03/troller-200x200.jpg,image,ok,digest ok,12130,12512,20140109194524id_
/wp-content/uploads/2012/03/troller.jpg,image,ok,digest ok,632920,622921,20140109184614id_
/wp-content/uploads/2012/03/worldwidegallery-200x200.jpg,image,ok,digest ok,10395,10566,20140109191518id_
/wp-content/uploads/2012/03/worldwidegallery.jpg,image,ok,digest ok,54870,52394,20140110212956id_
/wp-content/uploads/2012/04/1169692729-11-200x200.png,image,ok,digest ok,58167,58761,20140109195302id_
/wp-content/uploads/2012/04/1169692729-11.png,image,ok,digest ok,582594,582925,20140110213006id_
/wp-content/uploads/2012/04/3801107224-1-200x200.jpg,image,ok,digest ok,12261,12486,20140109193341id_
/wp-content/uploads/2012/04/EX-200x200.png,image,ok,digest ok,60861,60691,20140109193953id_
/wp-content/uploads/2012/04/EZ-700x837.png,image,ok,digest ok,709224,698007,20140109191940id_
/wp-content/uploads/2012/04/ana-caprix-200x200.jpg,image,ok,digest ok,22733,23119,20140109193752id_
/wp-content/uploads/2012/04/ana-caprix.jpg,image,ok,digest ok,525365,505286,20140109194530id_
/wp-content/uploads/2012/04/blazedoutcover-200x200.jpg,image,ok,digest ok,24879,25267,20140109191755id_
/wp-content/uploads/2012/04/blazedoutcover.jpg,image,ok,digest ok,562586,535837,20140109191946id_
/wp-content/uploads/2012/04/bodyguard-sexwithaxeon-200x200.png,image,ok,digest ok,78638,79199,20140109190918id_
/wp-content/uploads/2012/04/bodyguard-sexwithaxeon.png,image,ok,digest ok,796668,794797,20140109184833id_
/wp-content/uploads/2012/04/coachbag-200x200.jpg,image,ok,digest ok,12351,12639,20140109185233id_
/wp-content/uploads/2012/04/coachbag.jpg,image,ok,digest ok,238278,211381,20140109193757id_
/wp-content/uploads/2012/04/craxxxmurf-rip-200x200.jpg,image,ok,digest ok,20943,21302,20140109182235id_
/wp-content/uploads/2012/04/craxxxmurf-rip.jpg,image,ok,digest ok,683571,667297,20140109190020id_
/wp-content/uploads/2012/04/dark-york-200x200.jpg,image,ok,digest ok,16785,17172,20140109191322id_
/wp-content/uploads/2012/04/dark-york.jpg,image,ok,digest ok,342482,327213,20131205040504id_
/wp-content/uploads/2012/04/dntel-200x200.jpg,image,ok,digest ok,10307,10405,20140109193726id_
/wp-content/uploads/2012/04/dntel.jpg,image,ok,digest ok,204729,174207,20140109204122id_
/wp-content/uploads/2012/04/kyary-candycandy-200x200.jpg,image,ok,digest ok,16023,16413,20140109190019id_
/wp-content/uploads/2012/04/lasbrisas-200x200.jpg,image,ok,digest ok,8656,9048,20140109193252id_
/wp-content/uploads/2012/04/lasbrisas.jpg,image,ok,digest ok,151094,150822,20140109190757id_
/wp-content/uploads/2012/04/mykki-blanco-200x200.jpg,image,ok,digest ok,7477,7859,20140109191735id_
/wp-content/uploads/2012/04/mykki-blanco-700x800.jpg,image,ok,digest ok,83009,83232,20131209113242id_
/wp-content/uploads/2012/04/powwoww-200x200.jpg,image,missing,,0,11853,
/wp-content/uploads/2012/04/powwoww-700x706.jpg,image,ok,digest ok,78732,75069,20140110184453id_
/wp-content/uploads/2012/04/rimar-200x200.jpg,image,ok,digest ok,8617,8992,20140109192833id_
/wp-content/uploads/2012/04/rimar.jpg,image,ok,digest ok,36975,36924,20140109193954id_
/wp-content/uploads/2012/04/rlgrime.jpg,image,missing,,0,165614,
/wp-content/uploads/2012/04/smuprhy-200x200.png,image,ok,digest ok,85581,86175,20140109194933id_
/wp-content/uploads/2012/04/technoclub-200x200.gif,image,ok,digest ok,18845,19311,20140109194635id_
/wp-content/uploads/2012/04/telenovelafantasmux3-200x200.jpg,image,ok,digest ok,14100,14445,20140109195343id_
/wp-content/uploads/2012/04/telenovelafantasmux3.jpg,image,ok,digest ok,100489,100672,20140109193708id_
/wp-content/uploads/2012/04/unicorn-200x200.jpg,image,ok,digest ok,20968,21246,20140601050223id_
/wp-content/uploads/2012/05/3515950227-1-200x200.jpg,image,ok,digest ok,19193,19575,20140109182625id_
/wp-content/uploads/2012/05/3515950227-1.jpeg,image,ok,digest ok,439832,420551,20140109203030id_
/wp-content/uploads/2012/05/3560157348-1-copy-200x200.jpg,image,ok,digest ok,13426,13765,20140109192515id_
/wp-content/uploads/2012/05/592282_212638475431108_838582424_n1-180x200.jpg,image,ok,digest ok,14810,15204,20140109191810id_
/wp-content/uploads/2012/05/Arca-Stretch-1-EP-200x200.jpg,image,ok,digest ok,13433,13688,20140109185953id_
/wp-content/uploads/2012/05/Arca-Stretch-1-EP.jpg,image,ok,digest ok,177098,135692,20140109201925id_
/wp-content/uploads/2012/05/HowToDressWell_byErezAvissar1-200x200.jpg,image,ok,digest ok,4993,5380,20140109183434id_
/wp-content/uploads/2012/05/LA-200x200.png,image,ok,digest ok,31080,31650,20140109191528id_
/wp-content/uploads/2012/05/LD_V_2-200x200.jpg,image,missing,,0,13346,
/wp-content/uploads/2012/05/LD_V_2.jpeg,image,ok,digest ok,368111,354973,20140109194502id_
/wp-content/uploads/2012/05/LIGHT-ASYLUM-200x200.jpg,image,ok,digest ok,2906,2955,20140109185005id_
/wp-content/uploads/2012/05/LIGHT-ASYLUM.jpg,image,ok,digest ok,22801,18401,20140109194820id_
/wp-content/uploads/2012/05/RTC-200x200.png,image,ok,digest ok,23026,22443,20140109185302id_
/wp-content/uploads/2012/05/RTC-700x768.png,image,ok,digest ok,184376,174531,20140109182127id_
/wp-content/uploads/2012/05/Screen-shot-2012-05-01-at-12.34-200x200.png,image,ok,digest ok,50266,50879,20140109201941id_
/wp-content/uploads/2012/05/SelmaOxor-200x200.jpg,image,ok,digest ok,14100,14469,20140109182634id_
/wp-content/uploads/2012/05/SelmaOxor.jpg,image,ok,digest ok,409889,393571,20140109194444id_
/wp-content/uploads/2012/05/Spaceghostpurrp-608x3651-200x200.jpg,image,missing,,0,14983,
/wp-content/uploads/2012/05/a119217e-200x200.jpg,image,ok,digest ok,12994,13324,20140109191721id_
/wp-content/uploads/2012/05/amber_ibarreche-200x200.jpg,image,ok,digest ok,10311,10699,20140109182610id_
/wp-content/uploads/2012/05/amber_ibarreche.jpeg,image,ok,digest ok,148300,139935,20140109200714id_
/wp-content/uploads/2012/05/artworks-000023767930-r1zh1w-original-200x200.jpg,image,ok,digest ok,18127,18412,20140109184844id_
/wp-content/uploads/2012/05/artworks-000023767930-r1zh1w-original.jpeg,image,ok,digest ok,354817,337401,20140109191456id_
/wp-content/uploads/2012/05/bb-200x200.jpg,image,ok,digest ok,14677,14703,20140521211905id_
/wp-content/uploads/2012/05/bb.jpg,image,ok,digest ok,373706,346111,20140109195044id_
/wp-content/uploads/2012/05/bloodorange-200x200.jpg,image,ok,digest ok,6855,7213,20140109183421id_
/wp-content/uploads/2012/05/catoroamas-200x200.png,image,ok,digest ok,20994,21313,20140109192442id_
/wp-content/uploads/2012/05/deon-200x200.jpg,image,ok,digest ok,9531,9904,20140109190203id_
/wp-content/uploads/2012/05/deon.jpg,image,ok,digest ok,374733,357966,20140109194105id_
/wp-content/uploads/2012/05/elitegymruin4-200x200.jpg,image,ok,digest ok,18315,18696,20140109192601id_
/wp-content/uploads/2012/05/elitegymruin4.jpg,image,ok,digest ok,549798,533547,20140109193643id_
/wp-content/uploads/2012/05/fatima-200x200.jpg,image,ok,digest ok,15656,15952,20140109191746id_
/wp-content/uploads/2012/05/fatima.jpeg,image,ok,digest ok,370327,353636,20140109191544id_
/wp-content/uploads/2012/05/fatima.jpg,image,ok,digest ok,370327,353637,20140110212732id_
/wp-content/uploads/2012/05/glorious-200x200.jpg,image,ok,digest ok,16328,16703,20140109193729id_
/wp-content/uploads/2012/05/glorious.jpg,image,ok,digest ok,402514,387824,20140109203157id_
/wp-content/uploads/2012/05/grimes-200x200.png,image,ok,digest ok,74615,75122,20140109184417id_
/wp-content/uploads/2012/05/hoodcore-200x200.jpg,image,ok,digest ok,18419,18799,20140109190122id_
/wp-content/uploads/2012/05/hoodcore.jpg,image,ok,digest ok,357064,342197,20140109192236id_
/wp-content/uploads/2012/05/houseof-200x200.jpg,image,ok,digest ok,22455,22827,20140109195206id_
/wp-content/uploads/2012/05/houseof.jpg,image,ok,digest ok,374586,359134,20140110212203id_
/wp-content/uploads/2012/05/htdw.png,image,ok,digest ok,548871,548970,20140109184912id_
/wp-content/uploads/2012/05/hypermotion-200x200.gif,image,ok,digest ok,32707,32942,20140109185331id_
/wp-content/uploads/2012/05/hypermotion.gif,image,ok,digest ok,686531,680715,20140110213258id_
/wp-content/uploads/2012/05/lemonade-200x200.jpg,image,ok,digest ok,4974,5257,20140109195226id_
/wp-content/uploads/2012/05/lemonade-200x200.png,image,ok,digest ok,55800,56389,20131209112741id_
/wp-content/uploads/2012/05/lemonade.jpg,image,ok,digest ok,82000,62574,20140109190845id_
/wp-content/uploads/2012/05/maxpayne-200x200.jpg,image,ok,digest ok,19240,19622,20140109184453id_
/wp-content/uploads/2012/05/maxpayne.jpg,image,ok,digest ok,472876,458072,20140109192912id_
/wp-content/uploads/2012/05/miami-200x200.jpg,image,ok,digest ok,17552,17941,20140109194422id_
/wp-content/uploads/2012/05/move-for-me-200x200.jpg,image,ok,digest ok,14614,14994,20140109190437id_
/wp-content/uploads/2012/05/move-for-me.jpg,image,ok,digest ok,353176,340860,20140109183331id_
/wp-content/uploads/2012/05/mr-kitty-200x200.jpg,image,ok,digest ok,14219,14596,20140109191817id_
/wp-content/uploads/2012/05/mr-kitty.jpeg,image,ok,digest ok,390882,368207,20140109203714id_
/wp-content/uploads/2012/05/mykki-200x200.jpg,image,ok,digest ok,14100,14395,20140109185218id_
/wp-content/uploads/2012/05/outworldmusic-200x200.jpg,image,ok,digest ok,8942,9327,20140109194544id_
/wp-content/uploads/2012/05/outworldmusic.jpg,image,ok,digest ok,264026,264045,20140109201657id_
/wp-content/uploads/2012/05/phone-200x200.jpg,image,ok,digest ok,23323,23713,20140109191853id_
/wp-content/uploads/2012/05/phone.jpg,image,ok,digest ok,483822,465099,20140109192753id_
/wp-content/uploads/2012/05/physical-therapy-200x200.jpg,image,ok,digest ok,12554,12950,20140109193600id_
/wp-content/uploads/2012/05/physical-therapy.jpg,image,ok,digest ok,423041,406396,20140110212133id_
/wp-content/uploads/2012/05/ritualz_alien-200x200.jpg,image,missing,,0,6555,
/wp-content/uploads/2012/05/rl-200x200.jpg,image,ok,digest ok,6811,7167,20140109192047id_
/wp-content/uploads/2012/05/rl.jpg,image,ok,digest ok,95614,87782,20140109192157id_
/wp-content/uploads/2012/05/screen-200x200.jpg,image,ok,digest ok,19200,19584,20140109190012id_
/wp-content/uploads/2012/05/solace-200x200.jpg,image,ok,digest ok,10464,10845,20140109194648id_
/wp-content/uploads/2012/05/soledad-200x200.jpg,image,ok,digest ok,10353,10732,20140109185710id_
/wp-content/uploads/2012/05/soledad.jpg,image,ok,digest ok,463086,463282,20140109191702id_
/wp-content/uploads/2012/05/spring-200x200.jpg,image,ok,digest ok,21051,21434,20140109184447id_
/wp-content/uploads/2012/05/spring1.jpg,image,ok,digest ok,761847,736913,20140109185922id_
/wp-content/uploads/2012/05/squarepusher_warp-records_ufabulum_electronic-beats_01-200x200.jpg,image,ok,digest ok,17914,18339,20140109191951id_
/wp-content/uploads/2012/05/survive-200x200.png,image,ok,digest ok,60538,60990,20140109182205id_
/wp-content/uploads/2012/05/survive-LP-200x200.jpg,image,ok,digest ok,8404,8766,20140109190044id_
/wp-content/uploads/2012/05/survive-LP.jpg,image,ok,digest ok,356490,348004,20140109192547id_
/wp-content/uploads/2012/05/survive.png,image,ok,digest ok,804875,805368,20140109191651id_
/wp-content/uploads/2012/05/teengirl-fantasy-motif-608x608-200x200.jpg,image,ok,digest ok,9045,9433,20131205033440id_
/wp-content/uploads/2012/05/thv-200x200.png,image,ok,digest ok,71722,72273,20140109193634id_
/wp-content/uploads/2012/05/uprise-200x200.png,image,ok,digest ok,86976,87579,20140109193050id_
/wp-content/uploads/2012/05/uprise.png,image,ok,digest ok,833497,834317,20140110213745id_
/wp-content/uploads/2012/05/yen-200x200.jpg,image,ok,digest ok,7870,7865,20140109182900id_
/wp-content/uploads/2012/06/1935446634-11-200x200.jpg,image,ok,digest ok,21499,21870,20140109183939id_
/wp-content/uploads/2012/06/1935446634-11-700x784.jpg,image,ok,digest ok,281067,281520,20140109193655id_
/wp-content/uploads/2012/06/5617231694_cd02002d48_b-200x200.jpg,image,ok,digest ok,11681,12061,20140109185522id_
/wp-content/uploads/2012/06/5617231694_cd02002d48_b-700x532.jpg,image,ok,digest ok,73491,73892,20140109185350id_
/wp-content/uploads/2012/06/6773717345_55ded7269d_z1-200x200.jpg,image,ok,digest ok,8867,9252,20140109185135id_
/wp-content/uploads/2012/06/A-Tribe-Called-Red-200x200.jpg,image,ok,digest ok,14436,14831,20140109191423id_
/wp-content/uploads/2012/06/A-Tribe-Called-Red.jpg,image,ok,digest ok,139963,140099,20140109193408id_
/wp-content/uploads/2012/06/adeptus-200x200.png,image,ok,digest ok,97777,98382,20140109194734id_
/wp-content/uploads/2012/06/adeptus.png,image,ok,digest ok,1155957,1156875,20140110214004id_
/wp-content/uploads/2012/06/amber_ibarreche-200x200.jpg,image,ok,digest ok,11535,11922,20140109194254id_
/wp-content/uploads/2012/06/amber_ibarreche.jpeg,image,ok,digest ok,250957,237928,20140109192807id_
/wp-content/uploads/2012/06/artworks-000024586109-ycaht4-original-200x200.jpg,image,ok,digest ok,20661,21080,20140109183437id_
/wp-content/uploads/2012/06/artworks-000024586109-ycaht4-original1.jpg,image,ok,digest ok,514918,499582,20140109193218id_
/wp-content/uploads/2012/06/artworks-000024857967-79qr7f-crop-200x200.jpg,image,ok,digest ok,11784,12188,20140109190115id_
/wp-content/uploads/2012/06/asap-200x200.jpg,image,ok,digest ok,10535,10901,20140109192248id_
/wp-content/uploads/2012/06/avatars-000017647351-egeu08-crop-200x200.jpg,image,ok,digest ok,10127,10234,20140109203322id_
/wp-content/uploads/2012/06/bala-fria-mix-200x200.png,image,ok,digest ok,76902,77411,20140109194304id_
/wp-content/uploads/2012/06/bala-fria-mix.png,image,ok,digest ok,659876,659569,20140109194100id_
/wp-content/uploads/2012/06/cover.jpg,image,ok,digest ok,217035,187932,20140109185738id_
/wp-content/uploads/2012/06/earthqake-200x200.png,image,missing,,0,64954,
/wp-content/uploads/2012/06/flyer_itsdangerous-200x200.gif,image,ok,digest ok,19110,19277,20140109191812id_
/wp-content/uploads/2012/06/flyer_itsdangerous.gif,image,ok,digest ok,3035283,3011969,20120623172703id_
/wp-content/uploads/2012/06/haleek-200x200.jpg,image,missing,,0,11471,
/wp-content/uploads/2012/06/haleek.jpg,image,ok,digest ok,103523,93071,20140109191440id_
/wp-content/uploads/2012/06/pablitomix-200x200.jpg,image,ok,digest ok,17729,18113,20140109193140id_
/wp-content/uploads/2012/06/pablitomix.jpeg,image,ok,digest ok,900884,888493,20140109201936id_
/wp-content/uploads/2012/06/pik-200x200.jpg,image,ok,digest ok,16949,17337,20140109192901id_
/wp-content/uploads/2012/06/pik.jpg,image,ok,digest ok,442120,424186,20140109192645id_
/wp-content/uploads/2012/06/selmaoxor_loqueyoquiero-200x200.jpg,image,ok,digest ok,14203,14591,20140109183648id_
/wp-content/uploads/2012/06/swt5-200x200.png,image,missing,,0,72087,
/wp-content/uploads/2012/06/swt5.png,image,ok,digest ok,769628,768941,20140110212730id_
/wp-content/uploads/2012/06/tumblr_m5xf5igLz41qdci48o1_1280-200x200.gif,image,ok,digest ok,25507,25996,20140109185559id_
/wp-content/uploads/2012/06/tumblr_m5xf5igLz41qdci48o1_1280.gif,image,ok,digest ok,418387,418278,20140109192106id_
/wp-content/uploads/2012/07/0183-200x200.jpg,image,ok,digest ok,7615,7989,20140109185114id_
/wp-content/uploads/2012/07/0183-700x752.jpg,image,ok,digest ok,116175,116413,20140109193611id_
/wp-content/uploads/2012/07/374702_234373973289316_1168424617_n1-200x200.jpg,image,ok,digest ok,9071,9484,20140109202817id_
/wp-content/uploads/2012/07/374702_234373973289316_1168424617_n1-700x720.jpg,image,ok,digest ok,59092,58491,20140109193232id_
/wp-content/uploads/2012/07/5-200x200.png,image,ok,digest ok,56857,57357,20140109195325id_
/wp-content/uploads/2012/07/5-700x468.png,image,ok,digest ok,279994,280300,20140109194521id_
/wp-content/uploads/2012/07/How-to-Dress-Well-Total-Loss-1-e1342533384219-200x200.jpg,image,ok,digest ok,7288,7692,20140109193950id_
/wp-content/uploads/2012/07/LONG-CLOTHING-MIXTAPE-200x200.jpg,image,ok,digest ok,9477,9781,20131126085057id_
/wp-content/uploads/2012/07/LONG-CLOTHING-MIXTAPE.jpeg,image,ok,digest ok,243979,208464,20140109194755id_
/wp-content/uploads/2012/07/RHYTMIC-RELEASE-200x200.png,image,ok,digest ok,30220,30786,20140109193607id_
/wp-content/uploads/2012/07/Screen-Shot-2012-07-03-at-5.34.17-PM-1-200x200.png,image,ok,digest ok,54352,54971,20140110212654id_
/wp-content/uploads/2012/07/Screen-shot-2012-07-12-at-12.33-200x200.png,image,ok,digest ok,98600,99213,20140109191823id_
/wp-content/uploads/2012/07/TGF-end-200x200.jpg,image,ok,digest ok,12854,13235,20140109184119id_
/wp-content/uploads/2012/07/TGF-end1.jpg,image,ok,digest ok,138201,137960,20140110213458id_
/wp-content/uploads/2012/07/THIS-IS-HOW-WE-DO-DUBAI-200x200.png,image,ok,digest ok,92038,92650,20140109202254id_
/wp-content/uploads/2012/07/antwon-200x200.png,image,ok,digest ok,70457,71046,20140109183706id_
/wp-content/uploads/2012/07/artworks-000025608406-g0mmto-original-200x200.jpg,image,ok,digest ok,17157,17569,20140109184538id_
/wp-content/uploads/2012/07/artworks-000026381381-17nsbd-original-200x200.png,image,ok,digest ok,93696,94317,20140109184850id_
/wp-content/uploads/2012/07/artworks-000026381381-17nsbd-original.png,image,missing,,0,820514,
/wp-content/uploads/2012/07/artworks-000027186195-p2j28u-original-200x200.jpg,image,ok,digest ok,13566,13913,20140109182209id_
/wp-content/uploads/2012/07/artworks-000027186195-p2j28u-original.jpeg,image,ok,digest ok,197558,158233,20140109203108id_
/wp-content/uploads/2012/07/artworks-000027296308-uv9n96-original-copy-200x200.jpg,image,ok,digest ok,13440,13860,20140109191916id_
/wp-content/uploads/2012/07/artworks-000027296308-uv9n96-original-copy.jpg,image,ok,digest ok,126951,115711,20140109191743id_
/wp-content/uploads/2012/07/clive-200x200.png,image,ok,digest ok,35234,35816,20140109203748id_
/wp-content/uploads/2012/07/exo-200x200.jpg,image,ok,digest ok,14659,15014,20140109192929id_
/wp-content/uploads/2012/07/exo.jpg,image,ok,digest ok,411200,391930,20140109193908id_
/wp-content/uploads/2012/07/exo1-200x200.jpg,image,ok,digest ok,14839,15179,20140109193221id_
/wp-content/uploads/2012/07/exo1.jpg,image,ok,digest ok,209667,210194,20140109191903id_
/wp-content/uploads/2012/07/feel-good-4-evr-200x200.png,image,ok,digest ok,71869,72475,20140109183744id_
/wp-content/uploads/2012/07/fri13th-200x200.jpg,image,ok,digest ok,14851,15070,20140109183155id_
/wp-content/uploads/2012/07/fri13th.jpg,image,ok,digest ok,164876,142390,20140109183959id_
/wp-content/uploads/2012/07/invisible-200x200.png,image,ok,digest ok,24105,24103,20140109194052id_
/wp-content/uploads/2012/07/le1f-200x200.png,image,ok,digest ok,32617,33193,20140109194229id_
/wp-content/uploads/2012/07/nguzuaimon-200x200.jpg,image,ok,digest ok,11676,12062,20140109185519id_
/wp-content/uploads/2012/07/nguzuaimon.jpg,image,ok,digest ok,289822,271743,20140109191635id_
/wp-content/uploads/2012/07/nina-sky-200x200.jpg,image,ok,digest ok,14673,15060,20140109194645id_
/wp-content/uploads/2012/07/nina-sky.jpeg,image,ok,digest ok,759366,745977,20140109193603id_
/wp-content/uploads/2012/07/nunia-200x200.png,image,ok,digest ok,48726,49284,20140109191449id_
/wp-content/uploads/2012/07/trst11-200x200.jpg,image,ok,digest ok,7262,7638,20140109183414id_
/wp-content/uploads/2012/07/tumblr_m4iecj9YAs1qzpod3o1_1280-200x200.jpg,image,ok,digest ok,24037,24440,20140109184038id_
/wp-content/uploads/2012/07/tumblr_m4iecj9YAs1qzpod3o1_1280.jpeg,image,ok,digest ok,607015,588795,20140109193150id_
/wp-content/uploads/2012/07/wallpaper_544377_RE_Robot_Unicorn_Attack-s1280x720-707831-200x200.jpg,image,ok,digest ok,17270,17706,20140109191822id_
/wp-content/uploads/2012/07/wallpaper_544377_RE_Robot_Unicorn_Attack-s1280x720-707831-700x720.jpg,image,ok,digest ok,149540,149999,20140109191752id_
/wp-content/uploads/2012/07/zola-seekir-200x200.png,image,ok,digest ok,37676,38229,20140109185131id_
/wp-content/uploads/2012/08/529022_387184791337049_188487035_n-200x200.jpg,image,ok,digest ok,9032,9395,20140109191809id_
/wp-content/uploads/2012/08/529022_387184791337049_188487035_n1.jpg,image,ok,digest ok,114802,102622,20131104103706id_
/wp-content/uploads/2012/08/E+E-200x200.jpg,image,ok,digest ok,22858,23241,20140109190201id_
/wp-content/uploads/2012/08/E+E.jpg,image,ok,digest ok,418327,399685,20140109191532id_
/wp-content/uploads/2012/08/LUX_11.jpg,image,ok,digest ok,170601,158110,20140109182407id_
/wp-content/uploads/2012/08/LUX_21.jpg,image,ok,digest ok,149164,135628,20140110214247id_
/wp-content/uploads/2012/08/LUX_3.jpg,image,ok,digest ok,194168,180031,20140110220123id_
/wp-content/uploads/2012/08/LUX_4.jpg,image,ok,digest ok,196357,181666,20140110220904id_
/wp-content/uploads/2012/08/LUX_5.jpg,image,ok,digest ok,202524,187748,20140110215349id_
/wp-content/uploads/2012/08/Screen-Shot-2012-08-07-at-11.23.51-AM-200x200.png,image,ok,digest ok,81339,81965,20140109183223id_
/wp-content/uploads/2012/08/Screen-Shot-2012-08-24-at-1.39.00-PM.png,image,ok,digest ok,225681,225983,20140109194910id_
/wp-content/uploads/2012/08/Screen-Shot-2012-08-24-at-1.42.25-PM.png,image,ok,digest ok,172569,173002,20140109191929id_
/wp-content/uploads/2012/08/Screen-Shot-2012-08-24-at-1.43.39-PM.png,image,ok,digest ok,273332,273736,20140109191540id_
/wp-content/uploads/2012/08/Screen-Shot-2012-08-24-at-1.43.44-PM.png,image,ok,digest ok,150779,151423,20140109191938id_
/wp-content/uploads/2012/08/Screen-Shot-2012-08-24-at-1.43.45-PM.png,image,ok,digest ok,237235,237685,20140109191247id_
/wp-content/uploads/2012/08/Screen-Shot-2012-08-24-at-1.44.19-PM.png,image,ok,digest ok,254356,254691,20140109192746id_
/wp-content/uploads/2012/08/Screen-Shot-2012-08-24-at-1.44.28-PM.png,image,ok,digest ok,241179,241789,20140109194107id_
/wp-content/uploads/2012/08/Screen-Shot-2012-08-24-at-1.45.03-PM.png,image,ok,digest ok,190050,190667,20140109192200id_
/wp-content/uploads/2012/08/Screen-Shot-2012-08-24-at-1.45.30-PM.png,image,ok,digest ok,129587,130202,20140109193205id_
/wp-content/uploads/2012/08/Screen-Shot-2012-08-24-at-1.46.14-PM.png,image,ok,digest ok,184918,185564,20140109192116id_
/wp-content/uploads/2012/08/Screen-Shot-2012-08-24-at-4.10.46-PM.png,image,ok,digest ok,118897,119517,20140109195021id_
/wp-content/uploads/2012/08/Screen-Shot-2012-08-24-at-4.10.49-PM.png,image,ok,digest ok,134409,135030,20140109192940id_
/wp-content/uploads/2012/08/Screen-shot-2012-06-15-at-3.28.09-PM1-200x200.png,image,ok,digest ok,57937,58555,20140109193123id_
/wp-content/uploads/2012/08/Screen-shot-2012-06-15-at-3.28.09-PM1-700x714.png,image,ok,digest ok,370444,371149,20140109201615id_
/wp-content/uploads/2012/08/VUH-NEGATIVE-YOUTH.mp4_snapshot_03.21_2012.08.16_16.15.45-200x200.jpg,image,ok,digest ok,8044,8468,20140109192348id_
/wp-content/uploads/2012/08/WAVVY-200x200.png,image,ok,digest ok,79918,80502,20140601073854id_
/wp-content/uploads/2012/08/ara%C3%B1as-200x200.png,image,ok,digest ok,52093,52678,20140109184142id_
/wp-content/uploads/2012/08/artworks-000028801636-zxfoyb-original-200x200.jpeg,image,ok,digest ok,14240,14653,20140109184457id_
/wp-content/uploads/2012/08/artworks-000028801636-zxfoyb-original-700x800.jpeg,image,ok,digest ok,153411,153870,20140109190951id_
/wp-content/uploads/2012/08/avatars-000012440415-eide1y-crop1-200x200.jpg,image,ok,digest ok,8096,8464,20140109184129id_
/wp-content/uploads/2012/08/borntosuffer-200x200.jpg,image,missing,,0,11571,
/wp-content/uploads/2012/08/boys-200x200.jpg,image,ok,digest ok,11816,12194,20140109195708id_
/wp-content/uploads/2012/08/boys.jpg,image,ok,digest ok,193571,177662,20140109201445id_
/wp-content/uploads/2012/08/efx-200x200.png,image,ok,digest ok,77289,77878,20131126085053id_
/wp-content/uploads/2012/08/efx.png,image,ok,digest ok,671241,671686,20140109191959id_
/wp-content/uploads/2012/08/element-copy.jpg,image,ok,digest ok,237412,220582,20140109191331id_
/wp-content/uploads/2012/08/endofsummer2k12mix-200x200.jpeg,image,ok,digest ok,17358,17760,20140109194440id_
/wp-content/uploads/2012/08/endofsummer2k12mix.jpeg,image,ok,digest ok,443679,421161,20140109191056id_
/wp-content/uploads/2012/08/fifty-grand-200x200.jpeg,image,ok,digest ok,7469,7847,20140109190940id_
/wp-content/uploads/2012/08/fifty-grand.jpeg,image,ok,digest ok,204268,197532,20140109183906id_
/wp-content/uploads/2012/08/goin-hamburger-200x200.png,image,missing,,0,91948,
/wp-content/uploads/2012/08/grimes-200x200.png,image,ok,digest ok,85355,85877,20140109183052id_
/wp-content/uploads/2012/08/holy-other-held-200x200.jpg,image,ok,digest ok,8626,9014,20140109183930id_
/wp-content/uploads/2012/08/holy-other-held.jpg,image,ok,digest ok,68672,51445,20140109184201id_
/wp-content/uploads/2012/08/jackie-lo-200x200.jpg,image,ok,digest ok,8057,8431,20140109185054id_
/wp-content/uploads/2012/08/jackie-lo.jpeg,image,ok,digest ok,170227,163009,20140109194145id_
/wp-content/uploads/2012/08/need-u-unicorn-kid-200x200.png,image,ok,digest ok,60244,60846,20140109191817id_
/wp-content/uploads/2012/08/nordp-200x200.gif,image,ok,digest ok,24995,25481,20140109191545id_
/wp-content/uploads/2012/08/popcaan-200x200.png,image,ok,digest ok,90626,91216,20140109192318id_
/wp-content/uploads/2012/08/rachel-haircut-200x200.jpg,image,ok,digest ok,6862,7235,20140109191839id_
/wp-content/uploads/2012/08/rachel-haircut.jpg,image,ok,digest ok,241546,227146,20140109194724id_
/wp-content/uploads/2012/08/skye-200x200.jpg,image,ok,digest ok,11316,11699,20140109182940id_
/wp-content/uploads/2012/08/skye.jpg,image,ok,digest ok,266996,256027,20140109201421id_
/wp-content/uploads/2012/08/skyferreira-200x200.jpg,image,ok,digest ok,8617,9001,20140110211314id_
/wp-content/uploads/2012/08/skyferreira.jpg,image,ok,digest ok,159413,159479,20130325032523id_
/wp-content/uploads/2012/08/taylor-200x200.jpg,image,ok,digest ok,15923,16315,20140109183853id_
/wp-content/uploads/2012/08/twin-gemz-200x200.jpg,image,ok,digest ok,18801,19187,20140109184752id_
/wp-content/uploads/2012/08/twin-gemz.jpg,image,ok,digest ok,190974,191130,20140109200939id_
/wp-content/uploads/2012/09/204722_144823602255015_585928_o.jpeg,image,ok,digest ok,127830,117937,20140109200016id_
/wp-content/uploads/2012/09/219816_144823502255025_4249634_o.jpeg,image,ok,digest ok,136387,125916,20140109200339id_
/wp-content/uploads/2012/09/240851_144823552255020_1369968_o.jpeg,image,ok,digest ok,190969,179154,20140109201032id_
/wp-content/uploads/2012/09/386284_495558597122371_775032729_n1-200x200.jpg,image,ok,digest ok,18819,19198,20140109190232id_
/wp-content/uploads/2012/09/576842_300882199998614_1493482648_n1-200x200.jpg,image,ok,digest ok,11296,11713,20140109192050id_
/wp-content/uploads/2012/09/576842_300882199998614_1493482648_n1-700x600.jpg,image,ok,digest ok,84385,84791,20140109182409id_
/wp-content/uploads/2012/09/EPNarte2-200x200.jpeg,image,ok,digest ok,15157,15543,20140109194530id_
/wp-content/uploads/2012/09/EPNarte2.jpeg,image,ok,digest ok,293178,283776,20140109192647id_
/wp-content/uploads/2012/09/FIFTYGRAND-200x200.jpeg,image,ok,digest ok,15804,16194,20140109200135id_
/wp-content/uploads/2012/09/III-200x200.jpg,image,ok,digest ok,11561,11940,20140109200918id_
/wp-content/uploads/2012/09/III.jpg,image,ok,digest ok,382110,371485,20140109185949id_
/wp-content/uploads/2012/09/OCCULTD%CE%9BN%CF%9F%CE%A3.jpeg,image,ok,digest ok,120192,111389,20140109194540id_
/wp-content/uploads/2012/09/PEEPR.jpg,image,ok,digest ok,65851,65100,20140109182639id_
/wp-content/uploads/2012/09/SELMAOXOR_COVER1-200x200.jpg,image,ok,digest ok,11954,12337,20140109190207id_
/wp-content/uploads/2012/09/WEEKEND-UPDATE-200x200.jpg,image,ok,digest ok,10630,10959,20140109191548id_
/wp-content/uploads/2012/09/WEEKEND-UPDATE.jpg,image,ok,digest ok,356553,345754,20140109182712id_
/wp-content/uploads/2012/09/artworks-000030579755-8viovv-original1-200x200.jpg,image,ok,digest ok,8044,7924,20131031202214id_
/wp-content/uploads/2012/09/artworks-000030579755-8viovv-original1.jpg,image,ok,digest ok,522276,509201,20140109183750id_
/wp-content/uploads/2012/09/bart.jpeg,image,ok,digest ok,149008,123632,20140109203216id_
/wp-content/uploads/2012/09/blanco-200x200.jpg,image,ok,digest ok,10096,10468,20140109182247id_
/wp-content/uploads/2012/09/blanco.jpg,image,ok,digest ok,399524,390014,20140109183412id_
/wp-content/uploads/2012/09/bonsaibabies.jpeg,image,ok,digest ok,256736,246960,20140109191804id_
/wp-content/uploads/2012/09/bruxa-200x200.jpg,image,ok,digest ok,16989,17367,20140109182136id_
/wp-content/uploads/2012/09/bruxa.jpg,image,ok,digest ok,628823,612385,20140110212630id_
/wp-content/uploads/2012/09/charlixcx-200x200.png,image,ok,digest ok,86705,87308,20140109185532id_
/wp-content/uploads/2012/09/djsmurphy.jpeg,image,ok,digest ok,104361,91170,20140110183346id_
/wp-content/uploads/2012/09/dressed-for-space-200x200.png,image,ok,digest ok,57297,57893,20140109182313id_
/wp-content/uploads/2012/09/famlay_lilinternet-200x200.jpg,image,ok,digest ok,21514,21908,20140109190354id_
/wp-content/uploads/2012/09/famlay_lilinternet.jpg,image,missing,,0,366270,
/wp-content/uploads/2012/09/fiftygrand.jpeg,image,ok,digest ok,263593,256133,20140109194204id_
/wp-content/uploads/2012/09/kid606-200x200.jpg,image,ok,digest ok,20272,20298,20140109183320id_
/wp-content/uploads/2012/09/kid606.jpg,image,ok,digest ok,331471,310458,20140109194156id_
/wp-content/uploads/2012/09/lao.jpeg,image,ok,digest ok,127424,119173,20140109184609id_
/wp-content/uploads/2012/09/litanicmask-2.jpg,image,ok,digest ok,235454,222680,20140109203149id_
/wp-content/uploads/2012/09/litanicmask-web.jpg,image,ok,digest ok,121120,112805,20140109184558id_
/wp-content/uploads/2012/09/maria_minerva.jpeg,image,ok,digest ok,130185,123240,20140110212618id_
/wp-content/uploads/2012/09/mexico_bonsaibabies.jpg,image,ok,digest ok,891339,874477,20140110191614id_
/wp-content/uploads/2012/09/mexico_javier_estrada1.jpg,image,ok,digest ok,858819,839481,20140109193859id_
/wp-content/uploads/2012/09/mexico_laosmurphy.jpg,image,ok,digest ok,839836,824074,20140110202055id_
/wp-content/uploads/2012/09/mexico_nicolas.jpg,image,ok,digest ok,886430,866893,20140109185914id_
/wp-content/uploads/2012/09/mexico_occultdanse.jpg,image,missing,,0,855543,
/wp-content/uploads/2012/09/mexico_ritualz.jpg,image,ok,digest ok,887963,871406,20140109194005id_
/wp-content/uploads/2012/09/mexico_selmaoxor.jpg,image,ok,digest ok,856070,840196,20140109191859id_
/wp-content/uploads/2012/09/mexico_teehn_bwitches.jpg,image,ok,digest ok,890384,869938,20140109185631id_
/wp-content/uploads/2012/09/mexico_tuareg-geeks2.jpg,image,ok,digest ok,857341,837304,20140109193811id_
/wp-content/uploads/2012/09/mexico_turbia.jpg,image,ok,digest ok,887201,870988,20140110201501id_
/wp-content/uploads/2012/09/nicolas_500.jpg,image,ok,digest ok,271223,260013,20140109184630id_
/wp-content/uploads/2012/09/peepr-mx.jpeg,image,ok,digest ok,871559,856129,20140109200532id_
/wp-content/uploads/2012/09/ritualz1.jpg,image,ok,digest ok,252298,239643,20140109184412id_
/wp-content/uploads/2012/09/selmaoxor.jpg,image,ok,digest ok,220119,220264,20140109184806id_
/wp-content/uploads/2012/09/ssion-kim-200x200.png,image,ok,digest ok,90761,91286,20140109185627id_
/wp-content/uploads/2012/09/supreme-cuts-200x200.jpg,image,ok,digest ok,11445,11840,20140109185635id_
/wp-content/uploads/2012/09/supreme-cuts.jpg,image,ok,digest ok,234739,225647,20140109192115id_
/wp-content/uploads/2012/09/tamaramix-200x200.jpeg,image,ok,digest ok,10414,10468,20140109184658id_
/wp-content/uploads/2012/09/tamaramix-700x706.jpeg,image,ok,digest ok,82488,78815,20140109193205id_
/wp-content/uploads/2012/09/teehn-bwitches.jpg,image,ok,digest ok,104774,104869,20140109185945id_
/wp-content/uploads/2012/09/tuareg.jpg,image,ok,digest ok,213018,201262,20140109185057id_
/wp-content/uploads/2012/09/tumblr_lzti4yJUBx1r7xa8f.jpeg,image,ok,digest ok,49617,46776,20131214025224id_
/wp-content/uploads/2012/09/turbia.jpeg,image,ok,digest ok,120957,112804,20140109183128id_
/wp-content/uploads/2012/09/user69.jpg,image,missing,,0,926366,
/wp-content/uploads/2012/09/waka-200x200.jpg,image,ok,digest ok,9914,10271,20140109190134id_
/wp-content/uploads/2012/09/waka.jpg,image,ok,digest ok,170270,155161,20140109190906id_
/wp-content/uploads/2012/09/what-we-see-200x200.png,image,ok,digest ok,63544,64135,20140109182256id_
/wp-content/uploads/2012/09/willhappinessfindme-200x200.jpeg,image,ok,digest ok,10227,10620,20140109183427id_
/wp-content/uploads/2012/10/%C3%B1aka%C3%B1aka%C3%B1aka-200x200.jpg,image,ok,digest ok,1866,1584,20140109201240id_
/wp-content/uploads/2012/10/%C3%B1aka%C3%B1aka%C3%B1aka.jpg,image,ok,digest ok,36537,15472,20140109185128id_
/wp-content/uploads/2012/10/332255_310441485653268_1830449191_o-copy-200x200.jpg,image,ok,digest ok,16908,17328,20140109183717id_
/wp-content/uploads/2012/10/332255_310441485653268_1830449191_o-copy.jpg,image,ok,digest ok,653375,641883,20140109193450id_
/wp-content/uploads/2012/10/375386_2189417906742_1905785986_n.jpeg,image,ok,digest ok,212773,197978,20140109193010id_
/wp-content/uploads/2012/10/471071_395139563893307_1817411937_o.png,image,ok,digest ok,289075,289579,20140109194125id_
/wp-content/uploads/2012/10/545749_393724084034855_1627269541_n.jpeg,image,ok,digest ok,200623,187302,20140109194836id_
/wp-content/uploads/2012/10/665511_429024007144649_1586248103_o-200x200.jpeg,image,ok,digest ok,9433,9823,20140109184318id_
/wp-content/uploads/2012/10/ACTUALLY_POSTER.jpg,image,ok,digest ok,691773,665784,20140109184910id_
/wp-content/uploads/2012/10/AW2-200x200.jpg,image,ok,digest ok,10088,10334,20140109182340id_
/wp-content/uploads/2012/10/AW2.jpg,image,ok,digest ok,182194,161869,20140110213445id_
/wp-content/uploads/2012/10/BON-200x200.jpg,image,ok,digest ok,12886,13247,20140109193531id_
/wp-content/uploads/2012/10/BON.jpg,image,missing,,0,315074,
/wp-content/uploads/2012/10/COVER.jpg,image,ok,digest ok,216713,208550,20140109191351id_
/wp-content/uploads/2012/10/Captura-de-pantalla-2012-10-19-a-las-00.53.35-200x200.png,image,ok,digest ok,52288,52917,20140109182956id_
/wp-content/uploads/2012/10/FAQDSEP-200x200.jpg,image,ok,digest ok,10557,10945,20140109191118id_
/wp-content/uploads/2012/10/FAQDSEP.jpg,image,ok,digest ok,380310,364240,20140109184853id_
/wp-content/uploads/2012/10/FATIMA2-200x200.jpg,image,ok,digest ok,16836,17218,20131209125317id_
/wp-content/uploads/2012/10/FATIMA2.jpg,image,ok,digest ok,475996,462044,20140109185118id_
/wp-content/uploads/2012/10/HECKER-200x200.jpg,image,ok,digest ok,14093,14468,20140109194756id_
/wp-content/uploads/2012/10/HECKER.jpg,image,ok,digest ok,304188,294225,20140109193139id_
/wp-content/uploads/2012/10/HolyOther_lovesome1-200x200.jpg,image,ok,digest ok,4849,5227,20140601050408id_
/wp-content/uploads/2012/10/HolyOther_lovesome1.jpg,image,ok,digest ok,154685,154762,20140109194724id_
/wp-content/uploads/2012/10/M4K3-200x200.gif,image,ok,digest ok,11272,11417,20140109200548id_
/wp-content/uploads/2012/10/M4K3.gif,image,ok,digest ok,146864,145230,20140109192822id_
/wp-content/uploads/2012/10/MEXICO_COVER-copy-200x200.jpg,image,ok,digest ok,18214,18547,20140109192932id_
/wp-content/uploads/2012/10/MEXICO_COVER-copy.jpg,image,ok,digest ok,871467,854438,20140109185711id_
/wp-content/uploads/2012/10/Nicolas_cover.jpg,image,ok,digest ok,297836,297915,20140109184806id_
/wp-content/uploads/2012/10/Nicolas_post1.jpg,image,ok,digest ok,198632,188544,20140109190228id_
/wp-content/uploads/2012/10/Nicolas_post2.jpg,image,ok,digest ok,305887,306004,20140109183327id_
/wp-content/uploads/2012/10/Nicolas_post3.jpg,image,ok,digest ok,167865,167977,20140109182415id_
/wp-content/uploads/2012/10/Nicolas_post4.jpg,image,ok,digest ok,183125,183238,20140109182623id_
/wp-content/uploads/2012/10/SOLEDAD-200x200.jpg,image,ok,digest ok,7541,7912,20140109184606id_
/wp-content/uploads/2012/10/SOLEDAD.jpg,image,ok,digest ok,365032,355995,20140109192402id_
/wp-content/uploads/2012/10/Screen-Shot-2012-10-11-at-2.17.39-AM-200x200.jpg,image,ok,digest ok,11308,11721,20140109192451id_
/wp-content/uploads/2012/10/Screen-Shot-2012-10-18-at-12.40.30-PM.png,image,ok,digest ok,166488,167127,20140109191451id_
/wp-content/uploads/2012/10/Screen-Shot-2012-10-18-at-12.41.04-PM.png,image,ok,digest ok,160202,160833,20140109182849id_
/wp-content/uploads/2012/10/Screen-Shot-2012-10-18-at-12.43.51-PM.png,image,ok,digest ok,167137,167773,20140109185124id_
/wp-content/uploads/2012/10/Screen-Shot-2012-10-18-at-12.45.44-PM.png,image,ok,digest ok,141058,141663,20140109182723id_
/wp-content/uploads/2012/10/Screen-Shot-2012-10-18-at-12.46.04-PM.png,image,ok,digest ok,164783,165424,20140109191806id_
/wp-content/uploads/2012/10/Screen-Shot-2012-10-18-at-12.48.34-PM.png,image,ok,digest ok,171476,172094,20140109182500id_
/wp-content/uploads/2012/10/Screen-Shot-2012-10-18-at-12.48.37-PM.png,image,missing,,0,172725,
/wp-content/uploads/2012/10/Screen-Shot-2012-10-18-at-12.49.39-PM.png,image,ok,digest ok,147024,147638,20140109183303id_
/wp-content/uploads/2012/10/Screen-Shot-2012-10-18-at-12.50.01-PM.png,image,ok,digest ok,145430,146032,20140109183239id_
/wp-content/uploads/2012/10/Screen-Shot-2012-10-18-at-12.50.18-PM.png,image,ok,digest ok,80544,81147,20140109183534id_
/wp-content/uploads/2012/10/Screen-Shot-2012-10-24-at-3.49.57-PM-200x200.png,image,ok,digest ok,51891,52512,20140109192018id_
/wp-content/uploads/2012/10/VIOLENTO-CLUB-MIX-200x200.jpg,image,ok,digest ok,13890,14276,20140109182422id_
/wp-content/uploads/2012/10/VIOLENTO-CLUB-MIX.jpg,image,ok,digest ok,113087,99084,20140109191749id_
/wp-content/uploads/2012/10/WEEKEND-UPDATE-200x200.jpg,image,ok,digest ok,10630,10961,20140109185138id_
/wp-content/uploads/2012/10/WEEKEND-UPDATE.jpg,image,ok,digest ok,356553,345756,20140109193614id_
/wp-content/uploads/2012/10/WEEKEND-UPDATE1-200x200.jpg,image,ok,digest ok,10630,10962,20140109183947id_
/wp-content/uploads/2012/10/WEEKEND-UPDATE1.jpg,image,ok,digest ok,356553,345756,20140109191555id_
/wp-content/uploads/2012/10/acapulco.jpg,image,ok,digest ok,218853,206796,20140109192212id_
/wp-content/uploads/2012/10/araab-200x200.jpg,image,ok,digest ok,7929,8164,20140109182906id_
/wp-content/uploads/2012/10/araab1.jpg,image,ok,digest ok,121296,94074,20140110212941id_
/wp-content/uploads/2012/10/archiduque-FF.jpg,image,ok,digest ok,150226,139744,20140109193240id_
/wp-content/uploads/2012/10/camila-sodi-200x200.jpg,image,ok,digest ok,9937,10319,20140109182147id_
/wp-content/uploads/2012/10/camila-sodi.jpg,image,ok,digest ok,163574,151045,20140109192012id_
/wp-content/uploads/2012/10/coverhannabrujjas-200x200.jpg,image,ok,digest ok,25207,25597,20140109182425id_
/wp-content/uploads/2012/10/coverhannabrujjas.jpg,image,ok,digest ok,717641,691418,20140109193509id_
/wp-content/uploads/2012/10/dani-shivers-200x200.png,image,ok,digest ok,36544,37130,20140109192019id_
/wp-content/uploads/2012/10/daniel-maloso-200x200.jpg,image,ok,digest ok,13866,14246,20140109184210id_
/wp-content/uploads/2012/10/daniel-maloso1-700x904.jpg,image,ok,digest ok,132754,130144,20140109185705id_
/wp-content/uploads/2012/10/fauna-200x200.png,image,ok,digest ok,46719,47305,20140109192140id_
/wp-content/uploads/2012/10/glass_popcorn.jpeg,image,ok,digest ok,253787,242879,20140109194232id_
/wp-content/uploads/2012/10/gregor.jpg,image,ok,digest ok,253707,230003,20140109194936id_
/wp-content/uploads/2012/10/hate.jpg,image,ok,digest ok,216785,200438,20140109191127id_
/wp-content/uploads/2012/10/inc-200x200.jpeg,image,ok,digest ok,10385,10741,20140109182257id_
/wp-content/uploads/2012/10/jewels-of-indians-200x200.jpg,image,ok,digest ok,17760,18145,20140109184046id_
/wp-content/uploads/2012/10/jewels-of-indians.jpg,image,ok,digest ok,729143,708194,20140109191749id_
/wp-content/uploads/2012/10/kyary-200x200.png,image,ok,digest ok,76642,77212,20140601072813id_
/wp-content/uploads/2012/10/lil-b-200x200.jpg,image,ok,digest ok,12920,12978,20140109185040id_
/wp-content/uploads/2012/10/lil-b.jpg,image,ok,digest ok,246017,206396,20140110212134id_
/wp-content/uploads/2012/10/marlboro-slut.jpg,image,ok,digest ok,190328,168328,20140109191434id_
/wp-content/uploads/2012/10/mib-200x200.jpg,image,ok,digest ok,18004,18385,20140109185934id_
/wp-content/uploads/2012/10/mib.jpg,image,ok,digest ok,373457,357765,20140109192150id_
/wp-content/uploads/2012/10/schonwald-200x200.jpeg,image,ok,digest ok,12154,12532,20140109194630id_
/wp-content/uploads/2012/10/schonwald_moon.jpg,image,ok,digest ok,141944,136731,20140109182724id_
/wp-content/uploads/2012/10/sky-200x200.jpg,image,ok,digest ok,11127,11509,20140109184433id_
/wp-content/uploads/2012/10/sky-forever-200x200.png,image,ok,digest ok,54262,54778,20131209112626id_
/wp-content/uploads/2012/10/sky-sky-sky.jpg,image,ok,digest ok,317179,301358,20140109183703id_
/wp-content/uploads/2012/10/tears-200x200.png,image,ok,digest ok,53413,53997,20140109192059id_
/wp-content/uploads/2012/10/telepathe-200x200.jpg,image,ok,digest ok,16531,16921,20140109184139id_
/wp-content/uploads/2012/10/telepathe.jpg,image,ok,digest ok,487654,468271,20140109194553id_
/wp-content/uploads/2012/10/tumblr_m6cv04fbQJ1r5pi99o1_12801-200x200.jpg,image,ok,digest ok,14838,15246,20140109190928id_
/wp-content/uploads/2012/10/tumblr_m6cv04fbQJ1r5pi99o1_12801.jpg,image,ok,digest ok,418755,400672,20140109200503id_
/wp-content/uploads/2012/10/vally-girl-200x200.png,image,ok,digest ok,60517,61108,20140109190933id_
/wp-content/uploads/2012/10/vuh-200x200.png,image,ok,digest ok,100091,98940,20140109191402id_
/wp-content/uploads/2012/11/2223063229-1-200x200.jpeg,image,ok,digest ok,5012,5046,20131023045710id_
/wp-content/uploads/2012/11/2582425563-1-200x200.jpg,image,ok,digest ok,17179,17486,20140109193627id_
/wp-content/uploads/2012/11/2582425563-1.jpg,image,ok,digest ok,586010,571256,20140109185057id_
/wp-content/uploads/2012/11/3451097127-1-200x200.jpeg,image,ok,digest ok,13482,13847,20140109190226id_
/wp-content/uploads/2012/11/3451097127-1.jpeg,image,ok,digest ok,603528,592833,20140110183924id_
/wp-content/uploads/2012/11/386429_10152321831850457_1673804522_n-200x200.jpeg,image,ok,digest ok,12974,13373,20140109194103id_
/wp-content/uploads/2012/11/3964671530-1-200x200.jpeg,image,ok,digest ok,18927,19320,20140109184008id_
/wp-content/uploads/2012/11/77fd70c2-200x200.jpeg,image,ok,digest ok,21963,22340,20140109182045id_
/wp-content/uploads/2012/11/ALLYRGIFS700-200x200.gif,image,ok,digest ok,25130,25364,20140109184517id_
/wp-content/uploads/2012/11/ALLYRGIFS700.gif,image,ok,digest ok,3836991,3830416,20140109185518id_
/wp-content/uploads/2012/11/AUTUMN-MIX-copy-200x200.jpg,image,ok,digest ok,12535,12928,20140109183147id_
/wp-content/uploads/2012/11/AUTUMN-MIX-copy.jpg,image,ok,digest ok,554917,543092,20140109193939id_
/wp-content/uploads/2012/11/INDIAN-JEWELRY-PEEL-IT-cover-200x200.jpeg,image,missing,,0,18179,
/wp-content/uploads/2012/11/Jummy-200x200.jpg,image,ok,digest ok,24102,24485,20140109192504id_
/wp-content/uploads/2012/11/Jummy-700x1000.jpg,image,ok,digest ok,384741,380071,20140109202122id_
/wp-content/uploads/2012/11/PEEL-IT-200x200.jpg,image,ok,digest ok,17760,18135,20140109195208id_
/wp-content/uploads/2012/11/PEEL-IT.jpg,image,ok,digest ok,723506,701977,20140109202126id_
/wp-content/uploads/2012/11/Screen-Shot-2012-11-22-at-3.21.12-PM-200x200.png,image,ok,digest ok,53908,54519,20140109194401id_
/wp-content/uploads/2012/11/Screen-Shot-2012-11-22-at-3.21.12-PM-700x645.png,image,ok,digest ok,278383,278570,20140109202131id_
/wp-content/uploads/2012/11/adeptus-200x200.jpg,image,ok,digest ok,11136,11516,20140109191708id_
/wp-content/uploads/2012/11/adeptus.jpg,image,ok,digest ok,278660,268616,20140109192756id_
/wp-content/uploads/2012/11/aids3d-200x200.jpg,image,ok,digest ok,16580,16963,20140109185610id_
/wp-content/uploads/2012/11/aids3d.jpg,image,ok,digest ok,396882,384130,20140109195151id_
/wp-content/uploads/2012/11/artworks-000032725321-btawkb-original-200x200.jpeg,image,ok,digest ok,21436,21861,20140109202401id_
/wp-content/uploads/2012/11/artworks-000032725321-btawkb-original.jpeg,image,ok,digest ok,682717,664190,20140109193526id_
/wp-content/uploads/2012/11/artworks-000033713235-i14smv-original-200x200.jpeg,image,ok,digest ok,8135,8516,20140109185036id_
/wp-content/uploads/2012/11/artworks-000033713235-i14smv-original.jpeg,image,ok,digest ok,95501,86849,20140109190909id_
/wp-content/uploads/2012/11/artworks-000033828513-8brjui-original1-200x200.png,image,ok,digest ok,13880,14482,20140109191829id_
/wp-content/uploads/2012/11/artworks-000033828513-8brjui-original1.png,image,ok,digest ok,932731,933591,20140109191848id_
/wp-content/uploads/2012/11/artworks-000034282831-6kbql0-original-200x200.jpg,image,ok,digest ok,9031,9425,20140109201110id_
/wp-content/uploads/2012/11/artworks-000034282831-6kbql0-original-700x960.jpg,image,missing,,0,174595,
/wp-content/uploads/2012/11/artworks-000035154925-c4lttu-original1-200x200.png,image,ok,digest ok,58431,59017,20140109185121id_
/wp-content/uploads/2012/11/artworks-000035154925-c4lttu-original1.png,image,ok,digest ok,524326,524020,20140109202215id_
/wp-content/uploads/2012/11/bestial-mouths-200x200.png,image,missing,,0,51540,
/wp-content/uploads/2012/11/charli-brooke-200x200.png,image,ok,digest ok,67437,67715,20140601074035id_
/wp-content/uploads/2012/11/clarli-200x200.jpg,image,ok,digest ok,14267,14645,20140109195341id_
/wp-content/uploads/2012/11/clarli.jpg,image,ok,digest ok,283508,270889,20140109195635id_
/wp-content/uploads/2012/11/darksideart_082912-200x200.jpeg,image,ok,digest ok,21761,22143,20140109184448id_
/wp-content/uploads/2012/11/darksideart_082912.jpeg,image,ok,digest ok,149567,147270,20140109203601id_
/wp-content/uploads/2012/11/de-la-cabeza-200x200.jpg,image,ok,digest ok,18747,19079,20140110212411id_
/wp-content/uploads/2012/11/de-la-cabeza2-e1352492522394.jpg,image,ok,digest ok,124248,123849,20140109191944id_
/wp-content/uploads/2012/11/eldescenso-200x200.jpg,image,ok,digest ok,11987,12345,20140109194033id_
/wp-content/uploads/2012/11/eldescenso.jpg,image,ok,digest ok,399957,384361,20140109203500id_
/wp-content/uploads/2012/11/fatherhood-200x200.jpg,image,ok,digest ok,16286,16660,20140109190430id_
/wp-content/uploads/2012/11/fatherhood.jpg,image,ok,digest ok,249292,237582,20140109193256id_
/wp-content/uploads/2012/11/hannah-200x200.jpg,image,ok,digest ok,18171,18561,20140109191821id_
/wp-content/uploads/2012/11/hannah.jpg,image,ok,digest ok,370710,356337,20140109203435id_
/wp-content/uploads/2012/11/indian-jewelry-200x200.jpg,image,ok,digest ok,11106,11490,20140109195135id_
/wp-content/uploads/2012/11/indian-jewelry.jpg,image,ok,digest ok,335338,324622,20140109193747id_
/wp-content/uploads/2012/11/james-ferraro-200x200.png,image,ok,digest ok,69413,69998,20140109191758id_
/wp-content/uploads/2012/11/le1f-200x200.png,image,ok,digest ok,69485,70057,20140109191803id_
/wp-content/uploads/2012/11/life-and-death-200x200.jpg,image,ok,digest ok,12823,13054,20131205043902id_
/wp-content/uploads/2012/11/life-and-death-700x960.jpg,image,ok,digest ok,198890,193701,20140109190514id_
/wp-content/uploads/2012/11/monocromo-200x200.jpg,image,ok,digest ok,12831,13226,20140109192903id_
/wp-content/uploads/2012/11/msi-200x200.png,image,ok,digest ok,73866,74442,20140109191807id_
/wp-content/uploads/2012/11/mxxx-200x200.jpg,image,ok,digest ok,7456,7115,20140109191152id_
/wp-content/uploads/2012/11/mxxx.jpg,image,ok,digest ok,73553,56006,20140109191822id_
/wp-content/uploads/2012/11/stoned-boys-200x200.png,image,ok,digest ok,43018,43601,20140109191955id_
/wp-content/uploads/2012/11/sushi-200x200.jpg,image,ok,digest ok,6344,6713,20140109184501id_
/wp-content/uploads/2012/11/sushi.jpg,image,ok,digest ok,116331,108190,20140109184632id_
/wp-content/uploads/2012/11/triadgod-200x200.jpg,image,ok,digest ok,12378,12765,20140109183123id_
/wp-content/uploads/2012/11/triadgod-700x960.jpg,image,ok,digest ok,149430,149523,20140109191320id_
/wp-content/uploads/2012/11/trust-200x200.png,image,ok,digest ok,53851,54439,20140109184841id_
/wp-content/uploads/2012/11/twin-gemz-200x200.jpg,image,ok,digest ok,15554,15936,20140109192719id_
/wp-content/uploads/2012/11/twin-gemz.jpg,image,ok,digest ok,440729,421442,20140109182544id_
/wp-content/uploads/2012/11/wife-200x200.png,image,ok,digest ok,50488,51076,20140109182222id_
/wp-content/uploads/2012/12/5-200x200.jpg,image,ok,digest ok,8290,8302,20131104103733id_
/wp-content/uploads/2012/12/5.jpg,image,ok,digest ok,118212,103570,20140109191153id_
/wp-content/uploads/2012/12/ART-THOUGHTZ-200x200.png,image,ok,digest ok,52210,52805,20140109193855id_
/wp-content/uploads/2012/12/FIREWIRE-SALUTATION-copy.jpg,image,ok,digest ok,198531,184876,20140109190426id_
/wp-content/uploads/2012/12/HIPPIE-NEW-YEAR-ok-200x200.jpg,image,ok,digest ok,10840,11236,20140109183956id_
/wp-content/uploads/2012/12/HIPPIE-NEW-YEAR-ok.jpg,image,ok,digest ok,362459,362604,20140110212846id_
/wp-content/uploads/2012/12/LIES-Presents-American-Noise-200x200.jpg,image,ok,digest ok,19504,19893,20140109192934id_
/wp-content/uploads/2012/12/LIES-Presents-American-Noise.jpg,image,ok,digest ok,112590,113019,20140109194627id_
/wp-content/uploads/2012/12/NEW-COLONY-200x200.png,image,ok,digest ok,43670,44223,20140109194224id_
/wp-content/uploads/2012/12/age_of_aquarius-copy.jpg,image,ok,digest ok,223678,204716,20140109191447id_
/wp-content/uploads/2012/12/artworks-000035433923-hbd5pj-large-200x200.jpeg,image,ok,digest ok,19240,18863,20140109192829id_
/wp-content/uploads/2012/12/artworks-000035433923-hbd5pj-large1.jpeg,image,ok,digest ok,264366,235896,20140109203558id_
/wp-content/uploads/2012/12/boan-200x200.jpg,image,ok,digest ok,8264,8625,20140109183739id_
/wp-content/uploads/2012/12/boan.jpg,image,ok,digest ok,189726,175534,20140109192847id_
/wp-content/uploads/2012/12/cassie-200x200.jpg,image,ok,digest ok,16930,17306,20140109185344id_
/wp-content/uploads/2012/12/cassie.jpg,image,ok,digest ok,591879,578528,20140109190631id_
/wp-content/uploads/2012/12/creep-200x200.jpg,image,ok,digest ok,13280,13622,20140109194908id_
/wp-content/uploads/2012/12/creep.jpg,image,ok,digest ok,301165,287035,20140109194250id_
/wp-content/uploads/2012/12/curse-200x200.jpg,image,ok,digest ok,19803,20176,20140109195321id_
/wp-content/uploads/2012/12/curse.jpg,image,ok,digest ok,321536,299763,20140110213539id_
/wp-content/uploads/2012/12/doss-200x200.jpg,image,ok,digest ok,5987,6264,20140109185552id_
/wp-content/uploads/2012/12/doss.jpg,image,ok,digest ok,114362,102729,20140109184515id_
/wp-content/uploads/2012/12/electric-copy.jpg,image,ok,digest ok,188589,175449,20140109190237id_
/wp-content/uploads/2012/12/globalwarming-copy1.jpg,image,ok,digest ok,279022,255565,20140109190220id_
/wp-content/uploads/2012/12/half_man_half_icalcalender-copy.jpg,image,ok,digest ok,194906,180263,20140109190929id_
/wp-content/uploads/2012/12/lemonade-200x200.jpg,image,ok,digest ok,17657,18037,20140109193300id_
/wp-content/uploads/2012/12/lemonade.jpg,image,ok,digest ok,426145,412272,20140109191910id_
/wp-content/uploads/2012/12/liquid-human-copy.jpg,image,ok,digest ok,159782,141974,20140109182613id_
/wp-content/uploads/2012/12/mpia3-200x200.png,image,ok,digest ok,32447,32968,20140109191722id_
/wp-content/uploads/2012/12/mpia31.jpg,image,ok,digest ok,57162,48849,20140111005505id_
/wp-content/uploads/2012/12/mr-kitty-200x200.jpg,image,missing,,0,9060,
/wp-content/uploads/2012/12/mr-kitty.jpg,image,ok,digest ok,161957,139470,20140109195211id_
/wp-content/uploads/2012/12/msi2-200x200.png,image,ok,digest ok,71960,72539,20140109183131id_
/wp-content/uploads/2012/12/namaste.jpg,image,ok,digest ok,309971,293609,20140109182311id_
/wp-content/uploads/2012/12/nyota-200x200.jpg,image,ok,digest ok,7739,8107,20140109191422id_
/wp-content/uploads/2012/12/nyota.jpg,image,ok,digest ok,163612,154258,20140109204056id_
/wp-content/uploads/2012/12/phoningchinchinitza-copy.jpg,image,ok,digest ok,169620,154447,20140601044709id_
/wp-content/uploads/2012/12/rihanna-200x200.jpg,image,ok,digest ok,10955,11341,20140109182617id_
/wp-content/uploads/2012/12/rihanna.jpg,image,missing,,0,376123,
/wp-content/uploads/2012/12/ritalin-200x200.jpg,image,ok,digest ok,15354,15728,20140109192152id_
/wp-content/uploads/2012/12/ritalin.jpg,image,ok,digest ok,265091,254113,20140109191344id_
/wp-content/uploads/2012/12/selma-200x200.jpg,image,ok,digest ok,7604,7983,20140109185334id_
/wp-content/uploads/2012/12/selma.jpg,image,ok,digest ok,147004,139199,20140109200141id_
/wp-content/uploads/2012/12/shaman-copy.jpg,image,ok,digest ok,163714,144029,20140109183323id_
/wp-content/uploads/2012/12/solarpaneltoenails-copy.jpg,image,ok,digest ok,218743,202917,20140109184529id_
/wp-content/uploads/2012/12/teehn-bwitches-remaining-EP-200x200.png,image,ok,digest ok,58431,59003,20140109183713id_
/wp-content/uploads/2012/12/teehn-bwitches-remaining-EP.png,image,ok,digest ok,524326,524013,20140109192417id_
/wp-content/uploads/2012/12/telepathy-copy.jpg,image,ok,digest ok,260426,242859,20140109182245id_
/wp-content/uploads/2012/12/unison-200x200.png,image,ok,digest ok,43509,44081,20140109191500id_
/wp-content/uploads/2012/12/vip-200x200.jpg,image,ok,digest ok,26713,27089,20140109195054id_
/wp-content/uploads/2012/12/vip.jpg,image,ok,digest ok,620323,593920,20140109194605id_
/wp-content/uploads/2013/01/1383702182-1-200x200.jpeg,image,ok,digest ok,8110,8496,20140109193604id_
/wp-content/uploads/2013/01/1383702182-1-700x657.jpeg,image,ok,digest ok,47906,47849,20140109201025id_
/wp-content/uploads/2013/01/775772_465388540175367_2094907964_o-200x200.jpeg,image,ok,digest ok,9929,10344,20140109191209id_
/wp-content/uploads/2013/01/775772_465388540175367_2094907964_o.jpeg,image,ok,digest ok,215965,208052,20140109184004id_
/wp-content/uploads/2013/01/ADR-200x200.jpg,image,ok,digest ok,8688,8981,20140109182355id_
/wp-content/uploads/2013/01/ADR.jpg,image,ok,digest ok,114425,92273,20140109190951id_
/wp-content/uploads/2013/01/BOY-FRIEND-200x200.jpg,image,ok,digest ok,12722,13107,20140109193335id_
/wp-content/uploads/2013/01/BOY-FRIEND.jpg,image,ok,digest ok,323791,312666,20140109192818id_
/wp-content/uploads/2013/01/Crackwood-EP-200x200.jpg,image,ok,digest ok,13475,13593,20140109203650id_
/wp-content/uploads/2013/01/ESCAPE_1.mp4_snapshot_00.19_2013.01.10_01.36.01-200x200.jpg,image,ok,digest ok,7554,7947,20140109192431id_
/wp-content/uploads/2013/01/Electronic-Beats-Butterclock-Video-Premiere-700x5161-200x200.jpg,image,ok,digest ok,11924,12350,20140109193700id_
/wp-content/uploads/2013/01/IRL-200x200.jpg,image,ok,digest ok,18191,18555,20140109192438id_
/wp-content/uploads/2013/01/IRL1.jpg,image,ok,digest ok,590758,573230,20140109204455id_
/wp-content/uploads/2013/01/MYKKI-200x200.png,image,ok,digest ok,57062,57618,20140109182909id_
/wp-content/uploads/2013/01/TRAXLIST-200x200.jpg,image,ok,digest ok,16807,17191,20140109194323id_
/wp-content/uploads/2013/01/TRAXLIST-copy.jpg,image,ok,digest ok,284113,273791,20140111005434id_
/wp-content/uploads/2013/01/Untitled-1-copy-200x200.jpg,image,ok,digest ok,7515,7886,20140109192753id_
/wp-content/uploads/2013/01/Untitled-1-copy1.jpg,image,ok,digest ok,163033,154504,20140109202443id_
/wp-content/uploads/2013/01/armand_van_helden-witch_doktor1-200x200.jpg,image,ok,digest ok,11731,12079,20140109183250id_
/wp-content/uploads/2013/01/armin.jpg,image,ok,digest ok,264091,248245,20140109185217id_
/wp-content/uploads/2013/01/artworks-000039079080-hd726o-t500x5001-200x200.jpg,image,ok,digest ok,9965,10376,20140109192700id_
/wp-content/uploads/2013/01/autre-ne-veut-200x200.jpg,image,ok,digest ok,10717,10958,20140109193817id_
/wp-content/uploads/2013/01/bam-200x200.png,image,ok,digest ok,46934,47510,20140109190412id_
/wp-content/uploads/2013/01/brite_aid700-200x200.png,image,ok,digest ok,67955,68557,20131104103835id_
/wp-content/uploads/2013/01/chainless-copy-200x200.jpg,image,ok,digest ok,12628,12916,20140109182601id_
/wp-content/uploads/2013/01/chainless-copy.jpg,image,ok,digest ok,195060,168264,20140109192729id_
/wp-content/uploads/2013/01/coins-200x200.jpg,image,ok,digest ok,12551,12931,20140109192110id_
/wp-content/uploads/2013/01/coins.jpg,image,ok,digest ok,318703,307644,20140110212408id_
/wp-content/uploads/2013/01/coverba.jpg,image,ok,digest ok,310666,297102,20140109182853id_
/wp-content/uploads/2013/01/deathface-200x200.png,image,ok,digest ok,63574,64132,20140109183821id_
/wp-content/uploads/2013/01/delsin-700x960.jpg,image,ok,digest ok,139680,140064,20140109201702id_
/wp-content/uploads/2013/01/drumcorps-2-200x200.jpg,image,ok,digest ok,15849,16238,20140109183606id_
/wp-content/uploads/2013/01/drumcorps-2.jpg,image,ok,digest ok,568896,554102,20140109194630id_
/wp-content/uploads/2013/01/ep%C3%B1-200x200.jpg,image,ok,digest ok,17422,17793,20140522002012id_
/wp-content/uploads/2013/01/ep%C3%B1.jpg,image,ok,digest ok,366386,352679,20140109203737id_
/wp-content/uploads/2013/01/fauna-negativeyouth-copy-200x200.jpg,image,ok,digest ok,12274,12658,20140109184750id_
/wp-content/uploads/2013/01/fauna-negativeyouth-copy.jpg,image,ok,digest ok,293415,280725,20140109191925id_
/wp-content/uploads/2013/01/flyer-bahia-12-enerov4-200x200.jpg,image,ok,digest ok,23153,23533,20140109182127id_
/wp-content/uploads/2013/01/flyer-bahia-12-enerov4.jpg,image,ok,digest ok,617841,601614,20140109194042id_
/wp-content/uploads/2013/01/full-of-fire-200x200.png,image,ok,digest ok,57415,58000,20140109191748id_
/wp-content/uploads/2013/01/grimmers-dansers-200x200.jpg,image,ok,digest ok,16612,17012,20140109203038id_
/wp-content/uploads/2013/01/grimmers-dansers.jpg,image,ok,digest ok,379889,366002,20140109192328id_
/wp-content/uploads/2013/01/hahaha-200x200.png,image,ok,digest ok,52660,53241,20140109193423id_
/wp-content/uploads/2013/01/kyary-200x200.png,image,ok,digest ok,71715,72301,20140109195630id_
/wp-content/uploads/2013/01/lesphinxx-200x200.png,image,ok,digest ok,64533,65107,20140109182051id_
/wp-content/uploads/2013/01/marathon-200x200.png,image,ok,digest ok,59485,60078,20140109190214id_
/wp-content/uploads/2013/01/men-in-burka-200x200.png,image,ok,digest ok,84684,85246,20140109183942id_
/wp-content/uploads/2013/01/o3taac1-200x200.jpg,image,ok,digest ok,12691,13032,20140109182716id_
/wp-content/uploads/2013/01/obsession-200x200.jpg,image,ok,digest ok,11259,11155,20140109182531id_
/wp-content/uploads/2013/01/obsession.jpg,image,ok,digest ok,231189,192547,20140109194909id_
/wp-content/uploads/2013/01/one-erection-200x200.jpg,image,ok,digest ok,10642,11025,20140109195221id_
/wp-content/uploads/2013/01/one-erection.jpg,image,ok,digest ok,239205,223369,20140109194314id_
/wp-content/uploads/2013/01/rave4evar-200x200.png,image,ok,digest ok,72037,72632,20140109191830id_
/wp-content/uploads/2013/01/ryder1-copy.jpg,image,ok,digest ok,200404,188623,20140109195330id_
/wp-content/uploads/2013/01/ryder2-copy.jpg,image,missing,,0,78025,
/wp-content/uploads/2013/01/ryder3-copy.png,image,ok,digest ok,99745,98395,20140109191858id_
/wp-content/uploads/2013/01/ryder4-copy.png,image,ok,digest ok,122597,123100,20140109191104id_
/wp-content/uploads/2013/01/ryder5-copy.jpg,image,ok,digest ok,164039,151667,20140109190859id_
/wp-content/uploads/2013/01/ryder6-copy.png,image,ok,digest ok,206239,206244,20140109194028id_
/wp-content/uploads/2013/01/sad-eyes-200x200.png,image,ok,digest ok,39843,40416,20140109191513id_
/wp-content/uploads/2013/01/sky-200x200.jpg,image,ok,digest ok,13202,13580,20140109190222id_
/wp-content/uploads/2013/01/sky-200x200.png,image,ok,digest ok,59948,60529,20131104003838id_
/wp-content/uploads/2013/01/sky.jpg,image,ok,digest ok,272506,262816,20140109194453id_
/wp-content/uploads/2013/01/sleep-ova-200x200.jpg,image,ok,digest ok,11027,11412,20140109190127id_
/wp-content/uploads/2013/01/sleep-ova.jpg,image,ok,digest ok,248860,238446,20140109182935id_
/wp-content/uploads/2013/01/snow-crash-200x200.jpg,image,ok,digest ok,20927,21316,20140109190856id_
/wp-content/uploads/2013/01/snow-crash.jpg,image,ok,digest ok,468474,452531,20140109185138id_
/wp-content/uploads/2013/01/super-future-200x200.png,image,ok,digest ok,55860,56452,20140109191811id_
/wp-content/uploads/2013/01/tiesto-guess.jpg,image,ok,digest ok,228840,211834,20140109195910id_
/wp-content/uploads/2013/01/tiesto-him.jpg,image,ok,digest ok,214645,202371,20140109192900id_
/wp-content/uploads/2013/01/tiesto-she.jpg,image,ok,digest ok,169648,158918,20140109201311id_
/wp-content/uploads/2013/01/troll-city-200x200.png,image,ok,digest ok,83647,84235,20140109193708id_
/wp-content/uploads/2013/02/00.jpg,image,ok,digest ok,263588,249619,20140109195606id_
/wp-content/uploads/2013/02/011.jpg,image,ok,digest ok,243938,233972,20140109194856id_
/wp-content/uploads/2013/02/03.jpg,image,ok,digest ok,176183,163596,20140109204224id_
/wp-content/uploads/2013/02/04.jpg,image,ok,digest ok,139213,125025,20140109203936id_
/wp-content/uploads/2013/02/2533619025-11-200x200.jpg,image,missing,,0,18307,
/wp-content/uploads/2013/02/2533619025-11.jpg,image,ok,digest ok,657213,640299,20140110200530id_
/wp-content/uploads/2013/02/882934_10151333849979033_1985123180_o-200x200.png,image,ok,digest ok,49936,50557,20140601045610id_
/wp-content/uploads/2013/02/ARTICULOS.png,image,ok,digest ok,3305,3855,20140109182125id_
/wp-content/uploads/2013/02/EVENTOS.png,image,ok,digest ok,3253,3795,20140109191744id_
/wp-content/uploads/2013/02/ICON-copy-16x16.jpg,image,ok,digest ok,849,1162,20131023045702id_
/wp-content/uploads/2013/02/In-Search-of-Downers-Pt.-1-200x200.jpg,image,ok,digest ok,14393,14769,20140521220447id_
/wp-content/uploads/2013/02/In-Search-of-Downers-Pt.-1.jpg,image,ok,digest ok,259876,243099,20140109204606id_
/wp-content/uploads/2013/02/MALIGNA-NY.png,image,ok,digest ok,7356,7813,20140521224627id_
/wp-content/uploads/2013/02/MIXTAPES.png,image,ok,digest ok,3325,3870,20140109183054id_
/wp-content/uploads/2013/02/Screen-Shot-2013-02-20-at-4.39.32-PM-200x200.png,image,missing,,0,57477,
/wp-content/uploads/2013/02/Screen-Shot-2013-02-28-at-8.55.55-AM-200x200.png,image,ok,digest ok,66789,67398,20140109190941id_
/wp-content/uploads/2013/02/Trade-200x200.jpg,image,ok,digest ok,5025,5160,20140109183254id_
/wp-content/uploads/2013/02/Trade-700x960.jpg,image,ok,digest ok,28777,20419,20140109183511id_
/wp-content/uploads/2013/02/aaron-spectre-lion-mix-200x200.jpg,image,ok,digest ok,16349,16749,20140109191341id_
/wp-content/uploads/2013/02/aaron-spectre-lion-mix.jpg,image,ok,digest ok,327443,307778,20140109201953id_
/wp-content/uploads/2013/02/about.png,image,ok,digest ok,3148,3689,20140109182048id_
/wp-content/uploads/2013/02/alienamv-200x200.png,image,ok,digest ok,63432,64023,20140109193337id_
/wp-content/uploads/2013/02/araab.jpg,image,ok,digest ok,260056,244074,20140109201559id_
/wp-content/uploads/2013/02/araabmuzik-200x200.jpg,image,ok,digest ok,17829,18162,20140109183142id_
/wp-content/uploads/2013/02/araabmuzik.jpg,image,ok,digest ok,265445,244224,20140109191831id_
/wp-content/uploads/2013/02/autre-200x200.jpg,image,ok,digest ok,11665,12042,20140109183557id_
/wp-content/uploads/2013/02/bahia-22-feb-copy-200x200.jpg,image,ok,digest ok,19149,19539,20140109184415id_
/wp-content/uploads/2013/02/bahia-22-feb-copy.jpg,image,ok,digest ok,508915,486091,20140109195344id_
/wp-content/uploads/2013/02/chevy-200x200.png,image,ok,digest ok,53113,53692,20140109192732id_
/wp-content/uploads/2013/02/comma-ruttus-200x200.jpg,image,ok,digest ok,17026,17411,20140109185230id_
/wp-content/uploads/2013/02/comma-ruttus.jpg,image,ok,digest ok,317213,302752,20140111005502id_
/wp-content/uploads/2013/02/djq-uttu--200x200.png,image,ok,digest ok,68568,69168,20140109192112id_
/wp-content/uploads/2013/02/entrevistas.png,image,ok,digest ok,3447,3993,20140109185512id_
/wp-content/uploads/2013/02/fostercare-200x200.jpg,image,ok,digest ok,21075,21466,20140109194114id_
/wp-content/uploads/2013/02/fostercare.jpg,image,ok,digest ok,562328,546214,20140109192724id_
/wp-content/uploads/2013/02/gf-200x200.jpg,image,ok,digest ok,15871,16208,20140109184016id_
/wp-content/uploads/2013/02/gf.jpg,image,ok,digest ok,212321,198707,20140109200435id_
/wp-content/uploads/2013/02/ghost-raid-200x200.png,image,ok,digest ok,79600,80181,20140109192933id_
/wp-content/uploads/2013/02/glass-teeth-200x200.jpg,image,ok,digest ok,14260,14631,20140109191335id_
/wp-content/uploads/2013/02/glass-teeth.jpg,image,ok,digest ok,249918,235894,20140109193937id_
/wp-content/uploads/2013/02/gringo.png,image,ok,digest ok,3205,3747,20131126092223id_
/wp-content/uploads/2013/02/header.png,image,ok,digest ok,495359,496066,20140109184632id_
/wp-content/uploads/2013/02/home.png,image,ok,digest ok,3082,3622,20140109184818id_
/wp-content/uploads/2013/02/katie-200x200.jpg,image,ok,digest ok,6921,7258,20140109184541id_
/wp-content/uploads/2013/02/katie.jpg,image,ok,digest ok,160490,149724,20140109201056id_
/wp-content/uploads/2013/02/kuchibiru-network-3-200x200.jpg,image,ok,digest ok,11611,11992,20140109184254id_
/wp-content/uploads/2013/02/kuchibiru-network-3.jpg,image,ok,digest ok,302803,290546,20140109193338id_
/wp-content/uploads/2013/02/la-minitk-200x200.jpg,image,ok,digest ok,11937,12299,20140109185027id_
/wp-content/uploads/2013/02/la-minitk.jpg,image,ok,digest ok,230134,214630,20140109184448id_
/wp-content/uploads/2013/02/mod.png,image,ok,digest ok,3119,3663,20140109185624id_
/wp-content/uploads/2013/02/musica.png,image,ok,digest ok,3230,3775,20131126090255id_
/wp-content/uploads/2013/02/polly-200x200.jpg,image,ok,digest ok,12546,12920,20140109183103id_
/wp-content/uploads/2013/02/polly.jpg,image,ok,digest ok,220771,202807,20140109190924id_
/wp-content/uploads/2013/02/prurient-0688-200x200.jpeg,image,ok,digest ok,9270,9654,20140109192518id_
/wp-content/uploads/2013/02/prurient-0688.jpeg,image,ok,digest ok,167127,156943,20140109192228id_
/wp-content/uploads/2013/02/sleeve-200x200.jpg,image,ok,digest ok,8168,8447,20140109191006id_
/wp-content/uploads/2013/02/sleeve.jpg,image,ok,digest ok,71111,53918,20140109184235id_
/wp-content/uploads/2013/02/smurphin-200x200.jpg,image,ok,digest ok,13410,13792,20140109182958id_
/wp-content/uploads/2013/02/smurphin.jpg,image,ok,digest ok,356052,344646,20140109183350id_
/wp-content/uploads/2013/02/smurphwave-200x200.jpg,image,ok,digest ok,19673,20034,20140109184822id_
/wp-content/uploads/2013/02/smurphwave.jpg,image,ok,digest ok,323579,307053,20140109192442id_
/wp-content/uploads/2013/02/tumblr.png,image,ok,digest ok,3153,3695,20140109182749id_
/wp-content/uploads/2013/02/vermz-200x200.png,image,ok,digest ok,27227,27598,20140109185613id_
/wp-content/uploads/2013/02/video.png,image,ok,digest ok,3102,3646,20140109190917id_
/wp-content/uploads/2013/03/%C3%B1i%C3%B1-200x200.jpg,image,ok,digest ok,23089,23167,20140109195238id_
/wp-content/uploads/2013/03/%C3%B1i%C3%B1.jpg,image,ok,digest ok,183610,167124,20140109194620id_
/wp-content/uploads/2013/03/1214102894-11-200x200.jpg,image,ok,digest ok,9891,10011,20141224183458id_
/wp-content/uploads/2013/03/1551-200x200.jpg,image,ok,digest ok,4336,4680,20140109192338id_
/wp-content/uploads/2013/03/205257266-11-200x200.jpg,image,ok,digest ok,10024,10387,20140109185707id_
/wp-content/uploads/2013/03/COLD-200x200.jpg,image,ok,digest ok,8467,8842,20140109184658id_
/wp-content/uploads/2013/03/COLD.jpg,image,ok,digest ok,201130,187531,20140109193215id_
/wp-content/uploads/2013/03/DIVASlol.gif,image,ok,digest ok,1515504,1507858,20140111005426id_
/wp-content/uploads/2013/03/GUIA-NY-NRMAL-2013.jpg,image,ok,digest ok,712607,695810,20140109192621id_
/wp-content/uploads/2013/03/Screen-Shot-2013-03-11-at-5.07.38-PM-200x200.png,image,ok,digest ok,66230,66852,20140109193105id_
/wp-content/uploads/2013/03/Screen-Shot-2013-03-12-at-11.21.19-AM-200x200.png,image,ok,digest ok,40105,40671,20140109184328id_
/wp-content/uploads/2013/03/booby-200x200.jpg,image,ok,digest ok,14707,15072,20140109193021id_
/wp-content/uploads/2013/03/booby-700x672.jpg,image,ok,digest ok,105676,106076,20140109204519id_
/wp-content/uploads/2013/03/choco-13-03-lil-b-200x200.jpg,image,ok,digest ok,11912,11851,20140109200416id_
/wp-content/uploads/2013/03/choco-13-03-lil-b.jpg,image,ok,digest ok,219019,199663,20140109194126id_
/wp-content/uploads/2013/03/chvrches-200x200.jpg,image,ok,digest ok,18119,18482,20140109184549id_
/wp-content/uploads/2013/03/chvrches.jpg,image,ok,digest ok,309263,291325,20140109183649id_
/wp-content/uploads/2013/03/digital-latex-200x200.jpg,image,ok,digest ok,8929,9293,20140109185227id_
/wp-content/uploads/2013/03/digital-latex.jpg,image,ok,digest ok,304312,288618,20140109182155id_
/wp-content/uploads/2013/03/dj-boy-drama-200x200.png,image,ok,digest ok,62599,62147,20140109193651id_
/wp-content/uploads/2013/03/dj-boy-drama.jpg,image,ok,digest ok,247618,218462,20140109183517id_
/wp-content/uploads/2013/03/dream-affair-200x200.png,image,ok,digest ok,55343,55887,20140109183306id_
/wp-content/uploads/2013/03/endymion-200x200.jpg,image,ok,digest ok,15063,15455,20140109183659id_
/wp-content/uploads/2013/03/feathers-200x200.png,image,ok,digest ok,62883,63472,20140109183757id_
/wp-content/uploads/2013/03/gatas1.jpg,image,ok,digest ok,161550,144223,20140109194707id_
/wp-content/uploads/2013/03/iamx-200x200.png,image,ok,digest ok,49924,50508,20140109182458id_
/wp-content/uploads/2013/03/matrixx-200x200.jpg,image,ok,digest ok,13292,13673,20140109191838id_
/wp-content/uploads/2013/03/matrixx-700x960.jpg,image,ok,digest ok,124416,124641,20140109182943id_
/wp-content/uploads/2013/03/maxwell-200x200.jpg,image,ok,digest ok,7881,8241,20140109191826id_
/wp-content/uploads/2013/03/maxwell.jpg,image,ok,digest ok,160158,151002,20140109191119id_
/wp-content/uploads/2013/03/nrmal-20131-200x200.jpg,image,ok,digest ok,11347,11727,20140109193100id_
/wp-content/uploads/2013/03/nrmal-20131.jpg,image,ok,digest ok,367788,357661,20140109194936id_
/wp-content/uploads/2013/03/nrmal-horarios.jpg,image,ok,digest ok,145218,129583,20140109185156id_
/wp-content/uploads/2013/03/owm2-700.jpg,image,ok,digest ok,459589,443667,20140109183630id_
/wp-content/uploads/2013/03/owmII-200x200.jpg,image,ok,digest ok,9730,10112,20131209125149id_
/wp-content/uploads/2013/03/owmII1-200x200.jpg,image,ok,digest ok,9730,10112,20140109192738id_
/wp-content/uploads/2013/03/rainbow-arabia-200x200.jpg,image,ok,digest ok,12836,13180,20140109190940id_
/wp-content/uploads/2013/03/rainbow-arabia.jpg,image,ok,digest ok,403026,390854,20140109192406id_
/wp-content/uploads/2013/03/selma-200x200.jpg,image,ok,digest ok,14414,14796,20140109182903id_
/wp-content/uploads/2013/03/selma.jpg,image,ok,digest ok,363449,344223,20140109203416id_
/wp-content/uploads/2013/03/shaggy-2-dope-200x200.png,image,ok,digest ok,46248,46781,20140109185258id_
/wp-content/uploads/2013/03/tanlines-200x200.jpg,image,ok,digest ok,20187,20519,20140109200514id_
/wp-content/uploads/2013/03/tanlines1.jpg,image,ok,digest ok,313292,291093,20140109204355id_
/wp-content/uploads/2013/03/the-knife-200x200.png,image,ok,digest ok,58780,59351,20140109184932id_
/wp-content/uploads/2013/03/think-and-change-200x200.jpg,image,ok,digest ok,6008,6153,20140109194649id_
/wp-content/uploads/2013/03/tiffany-200x200.jpg,image,ok,digest ok,11617,11995,20140109185413id_
/wp-content/uploads/2013/03/tiffany-200x200.png,image,ok,digest ok,56478,57068,20140109190556id_
/wp-content/uploads/2013/03/tiffany.jpg,image,ok,digest ok,310302,298930,20140109192204id_
/wp-content/uploads/2013/03/ufomania-200x200.jpg,image,ok,digest ok,12443,12378,20140109183028id_
/wp-content/uploads/2013/03/ufomania.jpg,image,ok,digest ok,309445,281981,20140109192215id_
/wp-content/uploads/2013/03/wlrd-tour-200x200.png,image,ok,digest ok,74549,75138,20140109192102id_
/wp-content/uploads/2013/03/yung-rapunzel-200x200.jpg,image,ok,digest ok,11842,12122,20140109183709id_
/wp-content/uploads/2013/03/yung-rapunzel.jpg,image,ok,digest ok,241052,213203,20140109194635id_
/wp-content/uploads/2013/04/Captura-de-pantalla-2013-04-09-a-las-16.17.15-200x200.png,image,ok,digest ok,52807,53422,20140109183352id_
/wp-content/uploads/2013/04/DBC-200x200.png,image,ok,digest ok,27412,27988,20140109191751id_
/wp-content/uploads/2013/04/GLASS-POPCORN-200x200.png,image,ok,digest ok,66932,67527,20140109184810id_
/wp-content/uploads/2013/04/MATHEMATIQUE-200x200.png,image,ok,digest ok,67879,68476,20140109183654id_
/wp-content/uploads/2013/04/bff-200x200.jpg,image,ok,digest ok,18973,19350,20140109194457id_
/wp-content/uploads/2013/04/brite-aid-neverland-200x200.png,image,ok,digest ok,48874,49469,20140109192751id_
/wp-content/uploads/2013/04/cdr.jpg,image,ok,digest ok,819876,635203,20140109082736id_
/wp-content/uploads/2013/04/covers.jpg,image,ok,digest ok,275911,258616,20140109082253id_
/wp-content/uploads/2013/04/coyote-200x200.png,image,ok,digest ok,50657,51216,20140109182117id_
/wp-content/uploads/2013/04/digital-latex-200x200.jpg,image,ok,digest ok,8785,9136,20140109185926id_
/wp-content/uploads/2013/04/digital-latex.jpg,image,ok,digest ok,303399,293868,20140109192322id_
/wp-content/uploads/2013/04/first-prom-200x200.jpg,image,ok,digest ok,8839,8972,20140110220902id_
/wp-content/uploads/2013/04/first-prom.jpg,image,ok,digest ok,239400,206504,20140109202925id_
/wp-content/uploads/2013/04/gaw.jpg,image,ok,digest ok,328660,299055,20140109075708id_
/wp-content/uploads/2013/04/gawmixes.jpg,image,ok,digest ok,153181,128912,20140109073433id_
/wp-content/uploads/2013/04/injustice-200x200.jpg,image,ok,digest ok,16537,16921,20140109182315id_
/wp-content/uploads/2013/04/injustice.jpg,image,ok,digest ok,205309,194603,20140109194234id_
/wp-content/uploads/2013/04/is-tropical-200x200.png,image,ok,digest ok,66632,67228,20140109193738id_
/wp-content/uploads/2013/04/juan-pesta%C3%B1as-200x200.jpg,image,ok,digest ok,16388,16669,20140109192119id_
/wp-content/uploads/2013/04/juan-pesta%C3%B1as.jpg,image,ok,digest ok,221963,210748,20140109194951id_
/wp-content/uploads/2013/04/lonely-boys-200x200.png,image,ok,digest ok,45630,46216,20140109185503id_
/wp-content/uploads/2013/04/metal-mother-200x200.jpg,image,ok,digest ok,8748,9022,20140109190309id_
/wp-content/uploads/2013/04/metal-mother.png,image,ok,digest ok,396746,393686,20140109182721id_
/wp-content/uploads/2013/04/ny-indiegogo-200x200.jpg,image,ok,digest ok,14926,15279,20131104103611id_
/wp-content/uploads/2013/04/ny-indiegogo.jpg,image,ok,digest ok,504273,473897,20140109203005id_
/wp-content/uploads/2013/04/ooooo-200x200.jpg,image,ok,digest ok,10677,11054,20140109191016id_
/wp-content/uploads/2013/04/ooooo.jpg,image,ok,digest ok,125412,115583,20140109200916id_
/wp-content/uploads/2013/04/perfect-blue-200x200.jpg,image,ok,digest ok,12796,13183,20140109193828id_
/wp-content/uploads/2013/04/perfect-blue.jpg,image,ok,digest ok,524481,513353,20140109194805id_
/wp-content/uploads/2013/04/raymondstock-200x200.jpg,image,ok,digest ok,24700,25092,20140109185336id_
/wp-content/uploads/2013/04/raymondstock.jpg,image,ok,digest ok,474978,464859,20140109200857id_
/wp-content/uploads/2013/04/ritualz-mix-for-logo-200x200.jpg,image,ok,digest ok,11256,11551,20140109192741id_
/wp-content/uploads/2013/04/ritualz-mix-for-logo.jpg,image,ok,digest ok,149838,135148,20140109191437id_
/wp-content/uploads/2013/04/vin-sol1-200x200.jpg,image,ok,digest ok,13631,13971,20140109193347id_
/wp-content/uploads/2013/04/vortex.jpg,image,ok,digest ok,225535,215055,20140109193718id_
/wp-content/uploads/2013/05/01-copy-200x200.jpg,image,ok,digest ok,18401,18726,20131104103735id_
/wp-content/uploads/2013/05/01-copy.jpg,image,ok,digest ok,318758,303728,20140109190929id_
/wp-content/uploads/2013/05/8698145611_982c61553f1.jpg,image,ok,digest ok,235991,236555,20140109193030id_
/wp-content/uploads/2013/05/8698402257_658f41f0e71.jpg,image,ok,digest ok,126755,127277,20140109195323id_
/wp-content/uploads/2013/05/alicia-200x200.png,image,ok,digest ok,49499,50093,20140109194745id_
/wp-content/uploads/2013/05/broken-200x200.png,image,ok,digest ok,46305,46886,20140109184423id_
/wp-content/uploads/2013/05/broken-copy.png,image,ok,digest ok,441150,439491,20140111005001id_
/wp-content/uploads/2013/05/butteclock-200x200.png,image,ok,digest ok,66658,67255,20140109182103id_
/wp-content/uploads/2013/05/chvrches-200x200.jpg,image,ok,digest ok,12096,12484,20140109182106id_
/wp-content/uploads/2013/05/chvrches.jpg,image,ok,digest ok,205702,195826,20140109184912id_
/wp-content/uploads/2013/05/dstvv-200x200.png,image,ok,digest ok,77955,78552,20140109185315id_
/wp-content/uploads/2013/05/feathers-200x200.png,image,ok,digest ok,46300,46880,20140109200458id_
/wp-content/uploads/2013/05/hdxd-200x200.jpg,image,ok,digest ok,16620,16998,20140109184058id_
/wp-content/uploads/2013/05/hdxd.jpg,image,ok,digest ok,474449,463652,20140109194651id_
/wp-content/uploads/2013/05/kanye-200x200.png,image,ok,digest ok,43480,44026,20140109182130id_
/wp-content/uploads/2013/05/kyary-200x200.png,image,ok,digest ok,77619,78193,20140109193122id_
/wp-content/uploads/2013/05/kyle-200x200.jpg,image,ok,digest ok,7342,7677,20140109184059id_
/wp-content/uploads/2013/05/kyle-700x960.jpg,image,ok,digest ok,84881,84443,20140109192601id_
/wp-content/uploads/2013/05/teamrockit-200x200.png,image,ok,digest ok,30670,31040,20140109190054id_
/wp-content/uploads/2013/05/tell-me-200x200.jpg,image,ok,digest ok,6950,6944,20140110183523id_
/wp-content/uploads/2013/05/tell-me.jpg,image,ok,digest ok,182380,165271,20140109182837id_
/wp-content/uploads/2013/05/tiff-200x200.png,image,ok,digest ok,67062,67645,20140109193547id_
/wp-content/uploads/2013/05/tumblr_mlj147lMAE1rdsie4o1_5001.jpg,image,ok,digest ok,105758,106258,20140109195340id_
/wp-content/uploads/2013/06/603730_519390134783802_50973685_n1-200x200.jpg,image,ok,digest ok,7707,8109,20140109193834id_
/wp-content/uploads/2013/06/603730_519390134783802_50973685_n1-700x926.jpg,image,ok,digest ok,107385,107787,20140109183447id_
/wp-content/uploads/2013/06/Captura-de-pantalla-2013-06-18-a-las-11.09.25-200x200.png,image,missing,,0,66044,
/wp-content/uploads/2013/06/HOLLAGRAMZ-200x200.png,image,ok,digest ok,58178,58776,20140109183452id_
/wp-content/uploads/2013/06/TRUST-x-PICTUREPLANE-200x200.jpg,image,ok,digest ok,14035,13060,20140109183554id_
/wp-content/uploads/2013/06/TRUST-x-PICTUREPLANE.jpg,image,ok,digest ok,233689,191810,20140109190053id_
/wp-content/uploads/2013/06/alex-burkat-200x200.jpg,image,ok,digest ok,14871,15200,20140109194123id_
/wp-content/uploads/2013/06/blutengel-200x200.png,image,ok,digest ok,41512,42085,20140109182943id_
/wp-content/uploads/2013/06/calavera-200x200.png,image,ok,digest ok,34059,34644,20140109200458id_
/wp-content/uploads/2013/06/dawkins-200x200.png,image,ok,digest ok,64670,65252,20140109194912id_
/wp-content/uploads/2013/06/ebm-200x200.png,image,ok,digest ok,42582,43160,20140109194419id_
/wp-content/uploads/2013/06/favna-200x200.png,image,ok,digest ok,59613,60194,20140109184549id_
/wp-content/uploads/2013/06/fostercare-200x200.jpg,image,ok,digest ok,12236,12615,20140109182912id_
/wp-content/uploads/2013/06/fostercare.jpg,image,ok,digest ok,331794,318938,20131126085817id_
/wp-content/uploads/2013/06/fuck-buttons-200x200.png,image,ok,digest ok,57413,58012,20140111005423id_
/wp-content/uploads/2013/06/funker-vogt-200x200.png,image,ok,digest ok,74753,75051,20140109184244id_
/wp-content/uploads/2013/06/hdxd-demoticon-front-copy-200x200.jpg,image,ok,digest ok,9018,9408,20140109192217id_
/wp-content/uploads/2013/06/hdxd-demoticon-front-copy.jpg,image,ok,digest ok,353831,327874,20140109194412id_
/wp-content/uploads/2013/06/june-200x200.png,image,ok,digest ok,59764,60354,20140109184648id_
/wp-content/uploads/2013/06/n4-200x200.png,image,ok,digest ok,86319,86908,20140109185230id_
/wp-content/uploads/2013/06/nommo-ogo-200x200.png,image,ok,digest ok,70128,70731,20140109191906id_
/wp-content/uploads/2013/06/sanfuentes-200x200.png,image,ok,digest ok,10016,10258,20140109191128id_
/wp-content/uploads/2013/06/sanfuentes-700x800.png,image,ok,digest ok,58299,56176,20131126091445id_
/wp-content/uploads/2013/06/trent-200x200.png,image,ok,digest ok,43362,43940,20140109183340id_
/wp-content/uploads/2013/06/yea-200x200.png,image,ok,digest ok,53119,53694,20140109191009id_
/wp-content/uploads/2013/06/yentech-200x200.png,image,ok,digest ok,55137,55698,20140109183201id_
/wp-content/uploads/2013/06/yentech2-700x650.png,image,ok,digest ok,535821,536428,20140109192823id_
/wp-content/uploads/2013/06/zola-jesus1-200x200.jpeg,image,ok,digest ok,8862,9180,20140109184349id_
/wp-content/uploads/2013/07/au-revoir-200x200.jpg,image,ok,digest ok,16349,16727,20140109194645id_
/wp-content/uploads/2013/07/au-revoir.jpg,image,ok,digest ok,288276,276587,20140110212500id_
/wp-content/uploads/2013/09/ritualz-logo2.png,image,ok,digest ok,67522,68071,20140109141216id_
/wp-content/uploads/2013/09/wallpaper.jpg,image,ok,digest ok,1260464,1261327,20140109141852id_
/wp-content/uploads/2014/08/bg.jpg,image,ok,digest ok,1018402,1017822,20141223031050id_
/wp-includes/images/smilies/icon_sad.gif,image,ok,digest ok,171,638,20140110212438id_
/wp-includes/images/smilies/icon_smile.gif,image,ok,digest ok,174,652,20140109191755id_
/wp-includes/images/smilies/icon_wink.gif,image,ok,digest ok,170,643,20140109191844id_
/wp-includes/js/jquery/jquery.js?ver=1.4.4,js,ok,digest ok,96873,34426,20210403201956id_
/wp-includes/js/jquery/jquery.js?ver=1.6.1,js,ok,digest ok,91363,32454,20110823024427id_
/wp-includes/js/jquery/jquery.js?ver=1.7.1,js,ok,digest ok,93085,33271,20150211213129id_
/wp-includes/js/jquery/jquery.js?ver=1.7.2,js,ok,digest ok,96873,34358,20200607051423id_
/wp-includes/js/jquery/jquery.js?ver=1.8.3,js,ok,digest ok,93658,33928,20131023045641id_
/wp-includes/wlwmanifest.xml,other_asset,ok,digest ok,1053,846,20110823024404id_
/xeno-oaklander-the-staircase/,post,ok,digest ok,163780,34209,20131126094628id_
/xeno-oaklander-the-staircase/feed/,feed,ok,digest ok,1389,1074,20140109205637id_
/xiu-xiu-always/,post,ok,digest ok,161544,33747,20131126084653id_
/xiu-xiu-always/feed/,feed,ok,digest ok,756,833,20140109191917id_
/xiu-xiu-born-to-suffer/,post,ok,digest ok,162014,33764,20131126082855id_
/xiu-xiu-born-to-suffer/feed/,feed,ok,digest ok,780,847,20140109184934id_
/xiu-xiu-hi/,post,ok,digest ok,161716,33703,20131126095103id_
/xiu-xiu-hi/feed/,feed,ok,digest ok,744,825,20140109200448id_
/xiu-xiu-honeysuckle-2/,post,ok,digest ok,160996,33466,20131126095553id_
/xiu-xiu-honeysuckle-2/feed/,feed,ok,digest ok,775,844,20140109201524id_
/xmlrpc.php,feed,missing,,0,647,
/yeasayer-xmas-2/,post,ok,digest ok,161520,33766,20131126112450id_
/yeasayer-xmas-2/feed/,feed,ok,digest ok,749,826,20140110214008id_
/yen-tech/,post,ok,digest ok,162503,33833,20131126090558id_
/yen-tech/feed/,feed,ok,digest ok,730,816,20140109190655id_
/yo-te-quiero-calavera/,post,ok,digest ok,160970,33389,20131126084537id_
/yo-te-quiero-calavera/feed/,feed,ok,digest ok,769,838,20140109191840id_
/yohuna-2/,post,ok,digest ok,162378,33999,20131126122314id_
/yohuna-2/feed/,feed,ok,digest ok,728,813,20140110214316id_
/you-ha-ha-ha/,post,ok,digest ok,160303,33322,20131126082804id_
/you-ha-ha-ha/feed/,feed,ok,digest ok,744,822,20140109182411id_
/you-show-great-spirit/,post,ok,digest ok,162971,34254,20131126084457id_
/you-show-great-spirit/feed/,feed,ok,digest ok,769,835,20140109193432id_
/young-magic-sparkly/,post,ok,digest ok,161640,33569,20131126091503id_
/young-magic-sparkly/feed/,feed,ok,digest ok,771,843,20140109191920id_
/young-magic/,post,ok,digest ok,162231,33802,20131126091535id_
/young-magic/feed/,feed,ok,digest ok,739,820,20140109191445id_
/your-orders/,post,ok,digest ok,162254,33973,20131126105846id_
/your-orders/feed/,feed,ok,digest ok,739,816,20140110213700id_
/yung-jake-5/,post,ok,digest ok,161198,33572,20131126085344id_
/yung-jake-5/feed/,feed,ok,digest ok,747,834,20140109191846id_
/yung-jake-datamosh/,post,ok,digest ok,163646,34232,20131126105139id_
/yung-jake-datamosh/feed/,feed,ok,digest ok,2470,1311,20140110213435id_
/yung-jake-one-track-mixtapes/,post,ok,digest ok,163682,34310,20131126100736id_
/yung-jake-one-track-mixtapes/feed/,feed,ok,digest ok,798,861,20140109203115id_
/yung-jake/,post,ok,digest ok,171668,36884,20131126110236id_
/yung-jake/feed/,feed,ok,digest ok,2837,1376,20140110213936id_
/yungrapunxel/,post,ok,digest ok,160899,33472,20131126084636id_
/yungrapunxel/feed/,feed,ok,digest ok,743,827,20140109194435id_
/zak-matic-violento-club-mix/,post,ok,digest ok,165495,35185,20131126092153id_
/zak-matic-violento-club-mix/feed/,feed,ok,digest ok,795,860,20140109192823id_
/zebra-katz-feat-njena-reddd-foxxx-ima-read-2/,post,ok,digest ok,164202,34317,20131126095825id_
/zebra-katz-feat-njena-reddd-foxxx-ima-read-2/feed/,feed,ok,digest ok,844,885,20140109200419id_
/zola-jesus-diamonds/,post,ok,digest ok,161909,33745,20131126084128id_
/zola-jesus-diamonds/feed/,feed,ok,digest ok,783,865,20140109183619id_
/zola-jesus-en-mexico-2/,post,ok,digest ok,63231,14814,20110718230920id_
/zola-jesus-seekir/,post,ok,digest ok,161292,33571,20131126093432id_
/zola-jesus-seekir/feed/,feed,ok,digest ok,765,843,20140109203156id_
/zola-jesus-vessel-video/,post,ok,digest ok,162450,33919,20131126112526id_
/zola-jesus-vessel-video/feed/,feed,ok,digest ok,1331,1057,20140110213314id_
/zola-jesus-vessel/,post,ok,digest ok,161371,33633,20131126093505id_
/zola-jesus-vessel/feed/,feed,ok,digest ok,765,837,20140109200710id_
/zonora-point-douster-2/,post,ok,digest ok,161975,33810,20131126085742id_
/zonora-point-douster-2/feed/,feed,missing,,0,841,
/zutzut/,post,ok,digest ok,162097,33925,20131126092358id_
/zutzut/feed/,feed,ok,digest ok,724,813,20140109191032id_
