date,title,author,original_path,local_path,wayback_timestamp,wayback_url,categories,tags,recovered,found_by
2010-10-18,GRIMES,cas,/grimes-2/,/grimes-2-f0f3ed/index.html,20131126110352,https://web.archive.org/web/20131126110352id_/http://negativeyouth.net/grimes-2/,uncategorized,first;grimes;mp3,True,A
2010-10-19,GENEVA JACUZZI - BAD MOODS,cas,/geneva-jacuzzi-bad-moods-2/,/geneva-jacuzzi-bad-moods-2-8f86b8/index.html,20110718222624,https://web.archive.org/web/20110718222624id_/http://negativeyouth.net/geneva-jacuzzi-bad-moods-2/,uncategorized,geneva-jacuzzi;video,True,A
2010-10-19,GENEVA JACUZZI - BAD MOODS,jc,/geneva-jacuzzi-bad-moods/,/geneva-jacuzzi-bad-moods-aca5fe/index.html,20131126094044,https://web.archive.org/web/20131126094044id_/http://negativeyouth.net/geneva-jacuzzi-bad-moods/,video,geneva-jacuzzi;video,True,A
2010-10-19,o F F/GR†LLGR†LL - EMODANCERS,cas,/o-f-fgr%E2%80%A0llgr%E2%80%A0ll-emodancers-2/,/o-f-fgr-llgr-ll-emodancers-2-3c0083/index.html,20110718222710,https://web.archive.org/web/20110718222710id_/http://negativeyouth.net/o-f-fgr%E2%80%A0llgr%E2%80%A0ll-emodancers-2/,video,grill-grill;off;video,True,A
2010-10-19,o F F/GR†LLGR†LL - EMODANCERS,cas,/o-f-fgr%E2%80%A0llgr%E2%80%A0ll-emodancers/,/o-f-fgr-llgr-ll-emodancers-871d1a/index.html,20131126121740,https://web.archive.org/web/20131126121740id_/http://negativeyouth.net/o-f-fgr%E2%80%A0llgr%E2%80%A0ll-emodancers/,video,grill-grill;off;video,True,A
2010-10-19,WARPAINT - THE FOOL,cas,/warpaint-the-fool-2/,/warpaint-the-fool-2-9620b8/index.html,20131126125941,https://web.archive.org/web/20131126125941id_/http://negativeyouth.net/warpaint-the-fool-2/,uncategorized,mp3;stream;warpaint,True,A
2010-10-20,BEACH BUM - I'm Go†hsta,cas,/beach-bum-im-go%E2%80%A0hsta-2/,/beach-bum-im-go-hsta-2-dcced9/index.html,20131126111129,https://web.archive.org/web/20131126111129id_/http://negativeyouth.net/beach-bum-im-go%E2%80%A0hsta-2/,uncategorized,beachbum;mp3,True,A
2010-10-20,MALUCA - HECTOR,cas,/maluca-hector-2/,/maluca-hector-2-42aa4a/index.html,20110517220234,https://web.archive.org/web/20110517220234id_/http://negativeyouth.net/maluca-hector-2/,uncategorized,maluca;video,True,A
2010-10-20,MALUCA - HECTOR,jc,/maluca-hector/,/maluca-hector-9ea011/index.html,20131126094704,https://web.archive.org/web/20131126094704id_/http://negativeyouth.net/maluca-hector/,video,maluca;video,True,A+C
2010-10-22,OHIO!,cas,/ohio-2/,/ohio-2-be0f74/index.html,20131126085259,https://web.archive.org/web/20131126085259id_/http://negativeyouth.net/ohio-2/,uncategorized,funerals;mp3;petra-schelm,True,A+C
2010-10-22,STONED BOYS - DEAD FRIENDS,cas,/stoned-boys-dead-friends-2/,/stoned-boys-dead-friends-2-616f93/index.html,20110718230824,https://web.archive.org/web/20110718230824id_/http://negativeyouth.net/stoned-boys-dead-friends-2/,uncategorized,stoned-boys;video,True,A
2010-10-22,STONED BOYS - DEAD FRIENDS,cas,/stoned-boys-dead-friends/,/stoned-boys-dead-friends-87bb9c/index.html,20131126094732,https://web.archive.org/web/20131126094732id_/http://negativeyouth.net/stoned-boys-dead-friends/,video,stoned-boys;video,True,A+C
2010-10-25,IRHELL,cas,/irhell-2/,/irhell-2-2f7344/index.html,20131126125600,https://web.archive.org/web/20131126125600id_/http://negativeyouth.net/irhell-2/,uncategorized,damage;double-digits;dump-fm;fiesta;gatekeeper;naka-naka;ritualz;uforia;video;†‡†,True,A+C
2010-10-26,CRYSTAL CASTLES + ROBERT SMITH,cas,/crystal-castles-robert-smith-2/,/crystal-castles-robert-smith-2-766e6e/index.html,20110718224742,https://web.archive.org/web/20110718224742id_/http://negativeyouth.net/crystal-castles-robert-smith-2/,uncategorized,crystal-castles;mp3;robert-smith;the-cure;video,True,A
2010-10-29,†‡† HALLOWEEN 2010,cas,/%E2%80%A0%E2%80%A1%E2%80%A0-halloween-2010-2/,/halloween-2010-2-a89f58/index.html,20131126092020,https://web.archive.org/web/20131126092020id_/http://negativeyouth.net/%E2%80%A0%E2%80%A1%E2%80%A0-halloween-2010-2/,uncategorized,fiesta;mp3;ritualz;†‡†,True,A+C
2010-11-01,† DE▲D VIRGIN †,cas,/%E2%80%A0-de%E2%96%B2d-virgin-%C2%9D%E2%80%A0-2/,/de-d-virgin-2-8afa9b/index.html,20131126094229,https://web.archive.org/web/20131126094229id_/http://negativeyouth.net/%E2%80%A0-de%E2%96%B2d-virgin-%C2%9D%E2%80%A0-2/,uncategorized,mp3;†-de▲d-virgin-†,True,A
2010-11-01,FOTOS: GATEKEEPER @ IRHELL,cas,/fotos-gatekeeper-irhell-2/,/fotos-gatekeeper-irhell-2-6ca5ca/index.html,20131126094622,https://web.archive.org/web/20131126094622id_/http://negativeyouth.net/fotos-gatekeeper-irhell-2/,uncategorized,fotos;gatekeeper;uforia,True,A
2010-11-02,FOTOS: NEGATIVE † YOUTH,cas,/fotos-negative-%E2%80%A0-youth-2/,/fotos-negative-youth-2-e6760a/index.html,20131126120148,https://web.archive.org/web/20131126120148id_/http://negativeyouth.net/fotos-negative-%E2%80%A0-youth-2/,uncategorized,fiesta;fotos;negative-youth,True,A
2010-11-02,NEGATIVE † YOUTH 2: NEGATIVE † BABES,cas,/negative-%E2%80%A0-youth-2-negative-%E2%80%A0-babes-2/,/negative-youth-2-negative-babes-2-a39072/index.html,20131126114537,https://web.archive.org/web/20131126114537id_/http://negativeyouth.net/negative-%E2%80%A0-youth-2-negative-%E2%80%A0-babes-2/,uncategorized,fiesta;negative-youth,True,A
2010-11-02,ROBYN - INDESTRUCTIBLE,cas,/robyn-indestructible-2/,/robyn-indestructible-2-4eeea2/index.html,20110718225415,https://web.archive.org/web/20110718225415id_/http://negativeyouth.net/robyn-indestructible-2/,uncategorized,robyn;video,True,A
2010-11-02,ROBYN - INDESTRUCTIBLE,cas,/robyn-indestructible/,/robyn-indestructible-975988/index.html,20131126120119,https://web.archive.org/web/20131126120119id_/http://negativeyouth.net/robyn-indestructible/,video,robyn;video,True,A
2010-11-03,HIDEOUS MEN - SIRENS,cas,/hideous-men-sirens-2/,/hideous-men-sirens-2-d6f7e1/index.html,20131126113148,https://web.archive.org/web/20131126113148id_/http://negativeyouth.net/hideous-men-sirens-2/,musica,hideous-men;laserpalace;stream,True,A
2010-11-03,LADYTRON - ACE OF HZ,cas,/ladytron-ace-of-hz-2/,/ladytron-ace-of-hz-2-72ab80/index.html,20131126121825,https://web.archive.org/web/20131126121825id_/http://negativeyouth.net/ladytron-ace-of-hz-2/,uncategorized,ladytron;stream,True,A
2010-11-04,NIKE7UP - I ♡ U 4EVER NIKE7UP NO DISTANCE REMIX,cas,/nike7up-i-%E2%99%A1-u-4ever-nike7up-no-distance-remix-2/,/nike7up-i-u-4ever-nike7up-no-distance-remix-2-30a4dc/index.html,20131126093438,https://web.archive.org/web/20131126093438id_/http://negativeyouth.net/nike7up-i-%E2%99%A1-u-4ever-nike7up-no-distance-remix-2/,uncategorized,mp3;nike7up,True,A
2010-11-08,FOTOS: NEGATIVE † BABES,cas,/fotos-negative-%E2%80%A0-babes-2/,/fotos-negative-babes-2-fab7d5/index.html,20131126125607,https://web.archive.org/web/20131126125607id_/http://negativeyouth.net/fotos-negative-%E2%80%A0-babes-2/,eventos,fiesta;fotos;negative-youth;selma-oxor,True,A
2010-11-08,HORSE MACGYVER EN VIVO EN UN COCHE,cas,/horse-macgyver-en-vivo-en-un-coche-2/,/horse-macgyver-en-vivo-en-un-coche-2-a0eada/index.html,20131126121933,https://web.archive.org/web/20131126121933id_/http://negativeyouth.net/horse-macgyver-en-vivo-en-un-coche-2/,uncategorized,horse-macgyver;video,True,A
2010-11-08,SCREEN VINYL IMAGE,cas,/screen-vinyl-image-2/,/screen-vinyl-image-2-a090fa/index.html,20110718223640,https://web.archive.org/web/20110718223640id_/http://negativeyouth.net/screen-vinyl-image-2/,uncategorized,mp3;screen-vinyl-image,True,A
2010-11-08,SCREEN VINYL IMAGE,jc,/screen-vinyl-image/,/screen-vinyl-image-4f8215/index.html,20131126122127,https://web.archive.org/web/20131126122127id_/http://negativeyouth.net/screen-vinyl-image/,musica,mp3;screen-vinyl-image,True,A
2010-11-10,COME CLEAN - MALLINALI RUBALCABA @ YAUTEPEC,cas,/come-clean-mallinali-rubalcaba-yautepec-2/,/come-clean-mallinali-rubalcaba-yautepec-2-ff2a7b/index.html,20131126110431,https://web.archive.org/web/20131126110431id_/http://negativeyouth.net/come-clean-mallinali-rubalcaba-yautepec-2/,uncategorized,arte;yautepec,True,A
2010-11-10,LIGHT ASYLUM - 12 HORSEMEN,cas,/light-asylum-12-horsemen-2/,/light-asylum-12-horsemen-2-c2072d/index.html,20131126100642,https://web.archive.org/web/20131126100642id_/http://negativeyouth.net/light-asylum-12-horsemen-2/,uncategorized,light-asylum;mp3,True,A
2010-11-11,TEENGIRL FANTASY - DANCING IN SLOW MOTION,cas,/teengirl-fantasy-dancing-in-slow-motion-2/,/teengirl-fantasy-dancing-in-slow-motion-2-d44c41/index.html,20110718223136,https://web.archive.org/web/20110718223136id_/http://negativeyouth.net/teengirl-fantasy-dancing-in-slow-motion-2/,uncategorized,light-asylum;teengirl-fantasy;video,True,A
2010-11-11,TEENGIRL FANTASY - DANCING IN SLOW MOTION,jc,/teengirl-fantasy-dancing-in-slow-motion/,/teengirl-fantasy-dancing-in-slow-motion-987f52/index.html,20131126120055,https://web.archive.org/web/20131126120055id_/http://negativeyouth.net/teengirl-fantasy-dancing-in-slow-motion/,video,light-asylum;teengirl-fantasy;video,True,A
2010-11-12,BL§§D ØU† - §PNNR§,cas,/bl%C2%A7%C2%A7d-%C3%B8u%E2%80%A0-%C2%A7pnnr%C2%A7-2/,/bl-d-øu-pnnr-2-f61921/index.html,20110718230940,https://web.archive.org/web/20110718230940id_/http://negativeyouth.net/bl%C2%A7%C2%A7d-%C3%B8u%E2%80%A0-%C2%A7pnnr%C2%A7-2/,uncategorized,blissed-out;ceremonial-dagger;video,True,A
2010-11-12,BL§§D ØU† - §PNNR§,jc,/bl%C2%A7%C2%A7d-ou%E2%80%A0-%C2%A7pnnr%C2%A7/,/bl-d-ou-pnnr-2b73a7/index.html,20131126111159,https://web.archive.org/web/20131126111159id_/http://negativeyouth.net/bl%C2%A7%C2%A7d-ou%E2%80%A0-%C2%A7pnnr%C2%A7/,video,blissed-out;ceremonial-dagger;video,True,A
2010-11-15,JAY-Z - 99 PROBLEMS (THE PRODIGY REMIX),cas,/jay-z-99-problems-the-prodigy-remix-2/,/jay-z-99-problems-the-prodigy-remix-2-e4a5df/index.html,20131126100518,https://web.archive.org/web/20131126100518id_/http://negativeyouth.net/jay-z-99-problems-the-prodigy-remix-2/,uncategorized,jay-z;remix;stream;the-prodigy,True,A
2010-11-17,NAC/HUT REPORT,cas,/nachut-report-2/,/nachut-report-2-3e4a2e/index.html,20131126102326,https://web.archive.org/web/20131126102326id_/http://negativeyouth.net/nachut-report-2/,uncategorized,death-to-the-brutes;disco-gratis;mp3;nachut-report;remix;ritualz;†‡†,True,A
2010-11-17,PICTUREPLANE - DIMENSIONAL RIP 6,cas,/pictureplane-dimensional-rip-6-2/,/pictureplane-dimensional-rip-6-2-a258c8/index.html,20131126112324,https://web.archive.org/web/20131126112324id_/http://negativeyouth.net/pictureplane-dimensional-rip-6-2/,uncategorized,mixtape;mp3;pictureplane,True,A
2010-11-17,SALEM - ASIA (JOKERS OF THE SCENE REMIX),cas,/salem-asia-jokers-of-the-scene-remix-2/,/salem-asia-jokers-of-the-scene-remix-2-145e44/index.html,20131126112921,https://web.archive.org/web/20131126112921id_/http://negativeyouth.net/salem-asia-jokers-of-the-scene-remix-2/,uncategorized,jokers-of-the-scene;mp3;remix;salem,True,A
2010-11-19,ANGELINA PIVARNICK - I'M HOT,cas,/angelina-pivarnick-im-hot-2/,/angelina-pivarnick-im-hot-2-3f9ce7/index.html,20110718224014,https://web.archive.org/web/20110718224014id_/http://negativeyouth.net/angelina-pivarnick-im-hot-2/,uncategorized,angelina-pivarnick;jersey-shore;stream,True,A
2010-11-19,ANGELINA PIVARNICK - I'M HOT,jc,/angelina-pivarnick-im-hot/,/angelina-pivarnick-im-hot-fdcde7/index.html,20131126103603,https://web.archive.org/web/20131126103603id_/http://negativeyouth.net/angelina-pivarnick-im-hot/,uncategorized,angelina-pivarnick;jersey-shore;stream,True,A
2010-11-19,RIKSLYD: ENTREVISTA + MP3,cas,/rikslyd-entrevista-mp3-2/,/rikslyd-entrevista-mp3-2-84f133/index.html,20131126091658,https://web.archive.org/web/20131126091658id_/http://negativeyouth.net/rikslyd-entrevista-mp3-2/,entrevistas;uncategorized,entrevista;mp3;rikslyd;video,True,A
2010-11-19,SALEM - FINNA,cas,/salem-finna-2/,/salem-finna-2-9cff09/index.html,20131126111029,https://web.archive.org/web/20131126111029id_/http://negativeyouth.net/salem-finna-2/,uncategorized,salem;stream,True,A
2010-11-19,WHITE RING - FELT U,cas,/white-ring-felt-u-2/,/white-ring-felt-u-2-ef93d9/index.html,20110718223206,https://web.archive.org/web/20110718223206id_/http://negativeyouth.net/white-ring-felt-u-2/,uncategorized,mp3;white-ring,True,A
2010-11-19,WHITE RING - FELT U,jc,/white-ring-felt-u/,/white-ring-felt-u-6d1aa2/index.html,20131126085350,https://web.archive.org/web/20131126085350id_/http://negativeyouth.net/white-ring-felt-u/,musica,download;mp3;white-ring,True,A
2010-11-19,WILLOW SMITH - WHIP MY HAIR (CLIT TALK SCREW),cas,/willow-smith-whip-my-hair-clit-talk-screw-2/,/willow-smith-whip-my-hair-clit-talk-screw-2-add127/index.html,20131126122101,https://web.archive.org/web/20131126122101id_/http://negativeyouth.net/willow-smith-whip-my-hair-clit-talk-screw-2/,uncategorized,clit-talk;mp3;willow-smith,True,A
2010-11-22,N†Y: WITCH NIGHT,cas,/n%E2%80%A0y-witch-night-2/,/n-y-witch-night-2-2670ac/index.html,20131126085656,https://web.archive.org/web/20131126085656id_/http://negativeyouth.net/n%E2%80%A0y-witch-night-2/,uncategorized,arte;cosmotropia-de-xam;fiesta;mater-suspiria-vision;negative-youth,True,A
2010-11-23,MATER SUSPIRIA VISION - ZOMBIE R4VE,cas,/mater-suspiria-vision-zombie-r4ve-2/,/mater-suspiria-vision-zombie-r4ve-2-937625/index.html,20110718222655,https://web.archive.org/web/20110718222655id_/http://negativeyouth.net/mater-suspiria-vision-zombie-r4ve-2/,uncategorized,mater-suspiria-vision;stream,True,A
2010-11-24,Мишка - THE GUIDE TO GRAVE WAVE,cas,/%D0%BC%D0%B8%D1%88%D0%BA%D0%B0-the-guide-to-grave-wave-2/,/мишка-the-guide-to-grave-wave-2-c9ac1a/index.html,20131126100658,https://web.archive.org/web/20131126100658id_/http://negativeyouth.net/%D0%BC%D0%B8%D1%88%D0%BA%D0%B0-the-guide-to-grave-wave-2/,uncategorized,grave-wave;mishka;mp3,True,A+C
2010-11-24,SLAYER CHRISTMAS LIGHTORAMA,cas,/slayer-christmas-lightorama-2/,/slayer-christmas-lightorama-2-b7fe3b/index.html,20110718231133,https://web.archive.org/web/20110718231133id_/http://negativeyouth.net/slayer-christmas-lightorama-2/,uncategorized,slayer;video,True,A
2010-11-24,SLAYER CHRISTMAS LIGHTORAMA,jc,/slayer-christmas-lightorama/,/slayer-christmas-lightorama-94e6a1/index.html,20131126102942,https://web.archive.org/web/20131126102942id_/http://negativeyouth.net/slayer-christmas-lightorama/,video,slayer;video,True,A+C
2010-11-25,SWAG! SLANGIN YAYO,jc,/swag-slangin-yayo-2/,/swag-slangin-yayo-2-edb184/index.html,20131126111206,https://web.archive.org/web/20131126111206id_/http://negativeyouth.net/swag-slangin-yayo-2/,musica,lil-b;mixtape;mp3;salem;stream,True,A+C
2010-11-29,DAVID LYNCH - GOOD DAY TODAY/I KNOW,cas,/david-lynch-good-day-todayi-know-2/,/david-lynch-good-day-todayi-know-2-5813ea/index.html,20131126091905,https://web.archive.org/web/20131126091905id_/http://negativeyouth.net/david-lynch-good-day-todayi-know-2/,uncategorized,david-lynch;stream,True,A+C
2010-11-30,ALL AMERICAN ORGY,cas,/all-american-orgy-2/,/all-american-orgy-2-31f0db/index.html,20110718225848,https://web.archive.org/web/20110718225848id_/http://negativeyouth.net/all-american-orgy-2/,uncategorized,cine;yasmine-kittles,True,A
2010-11-30,DRUGS FOR DRUNKS - 6 CASSETTES,cas,/drugs-for-drunks-6-cassettes-2/,/drugs-for-drunks-6-cassettes-2-f1eeb1/index.html,20110718230638,https://web.archive.org/web/20110718230638id_/http://negativeyouth.net/drugs-for-drunks-6-cassettes-2/,uncategorized,clan-destine-records;drugs-for-drunks;petite-pistolette;video,True,A
2010-11-30,DRUGS FOR DRUNKS - 6 CASSETTES,jc,/drugs-for-drunks-6-cassettes/,/drugs-for-drunks-6-cassettes-2ed267/index.html,20131126111049,https://web.archive.org/web/20131126111049id_/http://negativeyouth.net/drugs-for-drunks-6-cassettes/,video,clan-destine-records;drugs-for-drunks;petite-pistolette;video,True,A+C
2010-11-30,MUSHY - CHILD OF LIGHT WILL BURN,cas,/mushy-child-of-light-will-burn-2/,/mushy-child-of-light-will-burn-2-c5d48e/index.html,20110718230725,https://web.archive.org/web/20110718230725id_/http://negativeyouth.net/mushy-child-of-light-will-burn-2/,uncategorized,clan-destine-records;mushy;petite-pistolette;video,True,A
2010-12-02,JJ,cas,/jj-2/,/jj-2-6dca68/index.html,20110718225959,https://web.archive.org/web/20110718225959id_/http://negativeyouth.net/jj-2/,uncategorized,jj;mp3;video,True,A
2010-12-02,JJ,jc,/jj/,/jj-301d62/index.html,20131126110016,https://web.archive.org/web/20131126110016id_/http://negativeyouth.net/jj/,video,jj;mp3;sincerely-yours;video,True,A
2010-12-02,ÑAKA ÑAKA - FANTORAMA DRAMA,cas,/naka-naka-fantorama-drama-2/,/naka-naka-fantorama-drama-2-617617/index.html,20131126130042,https://web.archive.org/web/20131126130042id_/http://negativeyouth.net/naka-naka-fantorama-drama-2/,musica,naka-naka;stream;uforia,True,A
2010-12-07,HEALTH EN MEXICO,cas,/health-en-mexico-2/,/health-en-mexico-2-1fcf13/index.html,20131126102350,https://web.archive.org/web/20131126102350id_/http://negativeyouth.net/health-en-mexico-2/,uncategorized,concierto;health;video,True,A
2010-12-07,SALEM Y oOoOO REMIXEAN A HIM (!),cas,/salem-y-ooooo-remixean-a-him-2/,/salem-y-ooooo-remixean-a-him-2-ac800b/index.html,20131126111100,https://web.archive.org/web/20131126111100id_/http://negativeyouth.net/salem-y-ooooo-remixean-a-him-2/,uncategorized,him;mp3;ooooo;remix;salem,True,A
2010-12-08,CREEP - DAYS,cas,/creep-days-2/,/creep-days-2-348b69/index.html,20131126112929,https://web.archive.org/web/20131126112929id_/http://negativeyouth.net/creep-days-2/,uncategorized,creep;stream,True,A
2010-12-09,GIZA: GATEKEEPER + THUNDER HORSE,cas,/giza-gatekeeper-thunder-horse-2/,/giza-gatekeeper-thunder-horse-2-2afede/index.html,20131126094216,https://web.archive.org/web/20131126094216id_/http://negativeyouth.net/giza-gatekeeper-thunder-horse-2/,uncategorized,gatekeeper;thunder-horse;video,True,A
2010-12-13,GAMES - STRAWBERRY SKIES (FEAT. LAUREL HALO),cas,/games-strawberry-skies-feat-laurel-halo-2/,/games-strawberry-skies-feat-laurel-halo-2-2345bb/index.html,20110718231015,https://web.archive.org/web/20110718231015id_/http://negativeyouth.net/games-strawberry-skies-feat-laurel-halo-2/,uncategorized,games;laurel-halo;oneohtrix-point-never;video,True,A
2010-12-13,GAMES - STRAWBERRY SKIES (FEAT. LAUREL HALO),jc,/games-strawberry-skies-feat-laurel-halo/,/games-strawberry-skies-feat-laurel-halo-7d9da6/index.html,20131126091751,https://web.archive.org/web/20131126091751id_/http://negativeyouth.net/games-strawberry-skies-feat-laurel-halo/,video,games;laurel-halo;oneohtrix-point-never;video,True,A
2010-12-13,LO MEJOR DEL 2010,cas,/lo-mejor-del-2010-2/,/lo-mejor-del-2010-2-2061f1/index.html,20110718231051,https://web.archive.org/web/20110718231051id_/http://negativeyouth.net/lo-mejor-del-2010-2/,uncategorized,2010;best-of;best-of-2010;lo-mejor-de-2010;mtymx;negative-youth;rio-55,True,A
2010-12-13,LO MEJOR DEL 2010,jc,/lo-mejor-del-2010/,/lo-mejor-del-2010-1b98a9/index.html,20131126092002,https://web.archive.org/web/20131126092002id_/http://negativeyouth.net/lo-mejor-del-2010/,uncategorized,2010;best-of;best-of-2010;lo-mejor-de-2010;mtymx;negative-youth;rio-55,True,A
2010-12-13,RESEÑA: HEALTH Y †‡† @ TEATRO FRU FRU,cas,/resena-health-y-%E2%80%A0%E2%80%A1%E2%80%A0-teatro-fru-fru-2/,/resena-health-y-teatro-fru-fru-2-55347c/index.html,20110718223031,https://web.archive.org/web/20110718223031id_/http://negativeyouth.net/resena-health-y-%E2%80%A0%E2%80%A1%E2%80%A0-teatro-fru-fru-2/,uncategorized,concierto;health;resena;ritualz;†‡†,True,A
2010-12-13,RESEÑA: HEALTH Y †‡† @ TEATRO FRU FRU,eduardo-caudilio,/resena-health-y-%E2%80%A0%E2%80%A1%E2%80%A0-teatro-fru-fru/,/resena-health-y-teatro-fru-fru-547fc2/index.html,20131126101319,https://web.archive.org/web/20131126101319id_/http://negativeyouth.net/resena-health-y-%E2%80%A0%E2%80%A1%E2%80%A0-teatro-fru-fru/,uncategorized,concierto;health;resena;ritualz;†‡†,True,A
2010-12-15,HOUSE OF LADOSHA,jc,/house-of-ladosha-2/,/house-of-ladosha-2-66a197/index.html,20131126112842,https://web.archive.org/web/20131126112842id_/http://negativeyouth.net/house-of-ladosha-2/,musica,download;house-of-ladosha;mp3,True,A
2010-12-16,BIG MAGICK HUSTLAS,cas,/big-magick-hustlas-2/,/big-magick-hustlas-2-4d52c5/index.html,20131126112832,https://web.archive.org/web/20131126112832id_/http://negativeyouth.net/big-magick-hustlas-2/,uncategorized,drugs-for-drunks;fiesta;negative-youth;petit-pistolette;ritualz;†‡†,True,A
2010-12-16,RITUALZ + PETIT PISTOLETTE,cas,/ritualz-petit-pistolette-2/,/ritualz-petit-pistolette-2-98c3a1/index.html,20110718224208,https://web.archive.org/web/20110718224208id_/http://negativeyouth.net/ritualz-petit-pistolette-2/,uncategorized,petit-pistolette;ritualz;video;†‡†,True,A
2010-12-16,RITUALZ + PETIT PISTOLETTE,cas,/ritualz-petit-pistolette/,/ritualz-petit-pistolette-76103e/index.html,20131126120137,https://web.archive.org/web/20131126120137id_/http://negativeyouth.net/ritualz-petit-pistolette/,video,petit-pistolette;ritualz;video;†‡†,True,A
2010-12-20,FOTOS: BIG MAGICK HUSTLAS,cas,/fotos-big-magick-hustlas-2/,/fotos-big-magick-hustlas-2-b2c5c9/index.html,20131126104603,https://web.archive.org/web/20131126104603id_/http://negativeyouth.net/fotos-big-magick-hustlas-2/,uncategorized,drugs-for-drunks;fiesta;fotografia;negative-youth;ritualz,True,A
2010-12-22,▼▲▼ VAGINA VANGI,cas,/%E2%96%BC%E2%96%B2%E2%96%BC-vagina-vangi-2/,/vagina-vangi-2-4a714b/index.html,20131126091705,https://web.archive.org/web/20131126091705id_/http://negativeyouth.net/%E2%96%BC%E2%96%B2%E2%96%BC-vagina-vangi-2/,uncategorized,mp3;vagina-vangi,True,A
2010-12-22,EGYPTRIXX - START FROM THE BEGINNING,cas,/egyptrixx-start-from-the-beginning-2/,/egyptrixx-start-from-the-beginning-2-38183f/index.html,20110718223518,https://web.archive.org/web/20110718223518id_/http://negativeyouth.net/egyptrixx-start-from-the-beginning-2/,uncategorized,datdatdat;egyptrixx;video,True,A
2010-12-22,EGYPTRIXX - START FROM THE BEGINNING,jc,/egyptrixx-start-from-the-beginning/,/egyptrixx-start-from-the-beginning-09cc73/index.html,20131126110145,https://web.archive.org/web/20131126110145id_/http://negativeyouth.net/egyptrixx-start-from-the-beginning/,video,datdatdat;egyptrixx;video,True,A
2010-12-23,RITUALZ,cas,/ritualz-2/,/ritualz-2-b398d3/index.html,20131126102223,https://web.archive.org/web/20131126102223id_/http://negativeyouth.net/ritualz-2/,uncategorized,mp3;ritualz;stream,True,A
2010-12-24,JJ KILLS,cas,/jj-kills-2/,/jj-kills-2-2f6bfb/index.html,20131126112845,https://web.archive.org/web/20131126112845id_/http://negativeyouth.net/jj-kills-2/,musica,jj;mixtape;mp3;sincerely-yours,True,A
2010-12-24,KILL THEM,cas,/kill-them-2/,/kill-them-2-06e835/index.html,20131126094835,https://web.archive.org/web/20131126094835id_/http://negativeyouth.net/kill-them-2/,video,jj;video,True,A
2010-12-25,YEASAYER XMAS,cas,/yeasayer-xmas-2/,/yeasayer-xmas-2-e49610/index.html,20131126112450,https://web.archive.org/web/20131126112450id_/http://negativeyouth.net/yeasayer-xmas-2/,musica,,True,A
2010-12-26,DIPSET TRANCE PARTY,cas,/dipset-trance-party-2/,/dipset-trance-party-2-a3a358/index.html,20110517222437,https://web.archive.org/web/20110517222437id_/http://negativeyouth.net/dipset-trance-party-2/,uncategorized,dipset;jack-donoghue;mixtape;the-diplomats,True,A
2010-12-26,DIPSET TRANCE PARTY,jc,/dipset-trance-party/,/dipset-trance-party-83de25/index.html,20131126085312,https://web.archive.org/web/20131126085312id_/http://negativeyouth.net/dipset-trance-party/,musica,dipset;jack-donoghue;mixtape;the-diplomats,True,A
2010-12-27,FIN DE AÑO MIXTAPE 2010,cas,/fin-de-ano-mixtape-2010-2/,/fin-de-ano-mixtape-2010-2-d4866b/index.html,20110718224748,https://web.archive.org/web/20110718224748id_/http://negativeyouth.net/fin-de-ano-mixtape-2010-2/,uncategorized,mixtape;mp3;negative-youth,True,A
2010-12-27,FIN DE AÑO MIXTAPE 2010,jc,/fin-de-ano-mixtape-2010/,/fin-de-ano-mixtape-2010-3cd748/index.html,20131126122333,https://web.archive.org/web/20131126122333id_/http://negativeyouth.net/fin-de-ano-mixtape-2010/,musica,dj-maquina-de-muerte;mixtape;mp3;negative-youth,True,A
2010-12-28,LA ULTIMA FIESTA DEL AÑO,cas,/la-ultima-fiesta-del-ano-2/,/la-ultima-fiesta-del-ano-2-799330/index.html,20110718222640,https://web.archive.org/web/20110718222640id_/http://negativeyouth.net/la-ultima-fiesta-del-ano-2/,uncategorized,401;cce;fiesta;juan-cirerol;mp3;nwla;ritualz,True,A
2010-12-28,LA ULTIMA FIESTA DEL AÑO,cas,/la-ultima-fiesta-del-ano/,/la-ultima-fiesta-del-ano-407486/index.html,20131126104614,https://web.archive.org/web/20131126104614id_/http://negativeyouth.net/la-ultima-fiesta-del-ano/,eventos,401;cce;fiesta;juan-cirerol;mp3;nwla;ritualz,True,A
2010-12-28,MODERN WITCH - HOLLYWOOD BABYLON (NINE INCH WITCH MIX),cas,/modern-witch-hollywood-babylon-nine-inch-witch-mix-2/,/modern-witch-hollywood-babylon-nine-inch-witch-mix-2-1a8dd0/index.html,20131126112711,https://web.archive.org/web/20131126112711id_/http://negativeyouth.net/modern-witch-hollywood-babylon-nine-inch-witch-mix-2/,uncategorized,alphabets;modern-witch;stream,True,A+C
2010-12-29,~▲†▲~,cas,/%E2%96%B2%E2%80%A0%E2%96%B2-2/,/2-67b861/index.html,20131126100825,https://web.archive.org/web/20131126100825id_/http://negativeyouth.net/%E2%96%B2%E2%80%A0%E2%96%B2-2/,uncategorized,mp3;xwxwxwxwv;▲†▲,True,A+C
2010-12-29,ZONORA POINT + DOUSTER,cas,/zonora-point-douster-2/,/zonora-point-douster-2-88a788/index.html,20131126085742,https://web.archive.org/web/20131126085742id_/http://negativeyouth.net/zonora-point-douster-2/,uncategorized,douster;mixtape;mp3;zonora-point,True,A+C
2010-12-31,2011,cas,/2011-2/,/2011-2-a0e225/index.html,20110718224613,https://web.archive.org/web/20110718224613id_/http://negativeyouth.net/2011-2/,uncategorized,2011;negative-youth,True,A
2010-12-31,HOLA 2011,jc,/hola-2011/,/hola-2011-e4fe0d/index.html,20131126100742,https://web.archive.org/web/20131126100742id_/http://negativeyouth.net/hola-2011/,video,2011;negative-youth,True,A+C
2010-12-31,VICKI LEEKX,cas,/vicki-leekx-2/,/vicki-leekx-2-09533b/index.html,20110718230128,https://web.archive.org/web/20110718230128id_/http://negativeyouth.net/vicki-leekx-2/,uncategorized,m-i-a;mixtape;mp3,True,A
2010-12-31,VICKI LEEKX,cas,/vicki-leekx/,/vicki-leekx-9de3aa/index.html,20131126094249,https://web.archive.org/web/20131126094249id_/http://negativeyouth.net/vicki-leekx/,musica,m-i-a;mixtape;mp3,True,A+C
2011-01-01,▂▅▇█▓░✌✌✌░▓█▇▅▂,cas,/%E2%96%82%E2%96%85%E2%96%87%E2%96%88%E2%96%93%E2%96%91%E2%9C%8C%E2%9C%8C%E2%9C%8C%E2%96%91%E2%96%93%E2%96%88%E2%96%87%E2%96%85%E2%96%82-2/,/2-b62031/index.html,20131126112900,https://web.archive.org/web/20131126112900id_/http://negativeyouth.net/%E2%96%82%E2%96%85%E2%96%87%E2%96%88%E2%96%93%E2%96%91%E2%9C%8C%E2%9C%8C%E2%9C%8C%E2%96%91%E2%96%93%E2%96%88%E2%96%87%E2%96%85%E2%96%82-2/,mixtapes;musica,mixtape;mp3;teehn-bwitches,True,A
2011-01-01,DEEEEP,cas,/deeeep-2/,/deeeep-2-7e075e/index.html,20110718225303,https://web.archive.org/web/20110718225303id_/http://negativeyouth.net/deeeep-2/,uncategorized,drugs-for-drunks;video,True,A
2011-01-01,DEEEEP,jc,/deeeep/,/deeeep-89e33d/index.html,20131126112418,https://web.archive.org/web/20131126112418id_/http://negativeyouth.net/deeeep/,video,drugs-for-drunks;video,True,A
2011-01-02,NIKE7UP - HAND IN MY POCKET NIKE7UP LOST GENERATION MIX,cas,/nike7up-hand-in-my-pocket-nike7up-lost-generation-mix-2/,/nike7up-hand-in-my-pocket-nike7up-lost-generation-mix-2-8a6b4b/index.html,20110718230740,https://web.archive.org/web/20110718230740id_/http://negativeyouth.net/nike7up-hand-in-my-pocket-nike7up-lost-generation-mix-2/,uncategorized,mp3;nike7up,True,A
2011-01-02,NIKE7UP - HAND IN MY POCKET NIKE7UP LOST GENERATION MIX,jc,/nike7up-hand-in-my-pocket-nike7up-lost-generation-mix/,/nike7up-hand-in-my-pocket-nike7up-lost-generation-mix-a52584/index.html,20131126100851,https://web.archive.org/web/20131126100851id_/http://negativeyouth.net/nike7up-hand-in-my-pocket-nike7up-lost-generation-mix/,musica,mp3;nike7up,True,A
2011-01-02,WICKED GAMES,cas,/wicked-games-2/,/wicked-games-2-4f2fe6/index.html,20110718231335,https://web.archive.org/web/20110718231335id_/http://negativeyouth.net/wicked-games-2/,uncategorized,how-i-quit-crack;mp3,True,A
2011-01-02,WICKED GAMES,cas,/wicked-games/,/wicked-games-29f7d3/index.html,20131126100515,https://web.archive.org/web/20131126100515id_/http://negativeyouth.net/wicked-games/,musica,how-i-quit-crack;mp3,True,A
2011-01-04,CROSSOVER - HOW COULD I,cas,/crossover-how-could-i-2/,/crossover-how-could-i-2-6c0d0a/index.html,20110718222609,https://web.archive.org/web/20110718222609id_/http://negativeyouth.net/crossover-how-could-i-2/,uncategorized,crossover;mp3,True,A
2011-01-04,KONNICHIWA,cas,/konnichiwa-2/,/konnichiwa-2-a1e389/index.html,20110718224827,https://web.archive.org/web/20110718224827id_/http://negativeyouth.net/konnichiwa-2/,uncategorized,d-v-caputo;kaela-noel;konnichiwa;video,True,A
2011-01-04,KONNICHIWA,eduardo-caudilio,/konnichiwa/,/konnichiwa-e2d1ad/index.html,20131126113235,https://web.archive.org/web/20131126113235id_/http://negativeyouth.net/konnichiwa/,musica,d-v-caputo;kaela-noel;konnichiwa;video,True,A
2011-01-04,NIKE7UP SIN PARAR,cas,/nike7up-sin-parar-2/,/nike7up-sin-parar-2-f9c07d/index.html,20110718222705,https://web.archive.org/web/20110718222705id_/http://negativeyouth.net/nike7up-sin-parar-2/,uncategorized,mp3;nike7up,True,A
2011-01-04,NIKE7UP SIN PARAR,jc,/nike7up-sin-parar/,/nike7up-sin-parar-26d423/index.html,20131126102157,https://web.archive.org/web/20131126102157id_/http://negativeyouth.net/nike7up-sin-parar/,musica,mp3;nike7up,True,A
2011-01-04,OLIVIA BOLLES,cas,/olivia-bolles-2/,/olivia-bolles-2-e095c9/index.html,20110718224146,https://web.archive.org/web/20110718224146id_/http://negativeyouth.net/olivia-bolles-2/,uncategorized,arte;fotografia;olivia-bolles,True,A
2011-01-04,OLIVIA BOLLES,cas,/olivia-bolles/,/olivia-bolles-b7ab9e/index.html,20131126091640,https://web.archive.org/web/20131126091640id_/http://negativeyouth.net/olivia-bolles/,uncategorized,arte;fotografia;olivia-bolles,True,A
2011-01-05,TEAADORA,cas,/teaadora-2/,/teaadora-2-a7bdf2/index.html,20110718224930,https://web.archive.org/web/20110718224930id_/http://negativeyouth.net/teaadora-2/,uncategorized,teaadora;video,True,A
2011-01-05,TEAADORA,cas,/teaadora/,/teaadora-41b80f/index.html,20131126112406,https://web.archive.org/web/20131126112406id_/http://negativeyouth.net/teaadora/,musica,teaadora;video,True,A
2011-01-06,MÁS NIKE7UP!,cas,/mas-nike7up-2/,/mas-nike7up-2-0378d8/index.html,20110718224837,https://web.archive.org/web/20110718224837id_/http://negativeyouth.net/mas-nike7up-2/,uncategorized,mp3;nike7up,True,A
2011-01-06,MÁS NIKE7UP!,jc,/mas-nike7up/,/mas-nike7up-f712ec/index.html,20131126125615,https://web.archive.org/web/20131126125615id_/http://negativeyouth.net/mas-nike7up/,musica,mp3;nike7up,True,A
2011-01-06,SERPENT REMIXES,cas,/serpent-remixes-2/,/serpent-remixes-2-09e163/index.html,20110718230817,https://web.archive.org/web/20110718230817id_/http://negativeyouth.net/serpent-remixes-2/,uncategorized,brenmar;deon;gatekeeper;mp3,True,A
2011-01-06,SERPENT REMIXES,jc,/serpent-remixes/,/serpent-remixes-645e32/index.html,20131126110320,https://web.archive.org/web/20131126110320id_/http://negativeyouth.net/serpent-remixes/,musica,brenmar;deon;gatekeeper;mp3,True,A
2011-01-07,HEALTH AUSTRALIA,jc,/health-australia-2/,/health-australia-2-375eb4/index.html,20110718225938,https://web.archive.org/web/20110718225938id_/http://negativeyouth.net/health-australia-2/,uncategorized,health;video,True,A
2011-01-07,HEALTH AUSTRALIA,jc,/health-australia/,/health-australia-c3d870/index.html,20131126120127,https://web.archive.org/web/20131126120127id_/http://negativeyouth.net/health-australia/,video,health;video,True,A
2011-01-07,PEEPR,cas,/peepr-2/,/peepr-2-b5ee47/index.html,20131126125817,https://web.archive.org/web/20131126125817id_/http://negativeyouth.net/peepr-2/,musica,andres-cendejas;mp3;peepr,True,A
2011-01-10,H•A•M,jc,/h%E2%80%A2a%E2%80%A2m-2/,/h-a-m-2-4208cd/index.html,20110718224753,https://web.archive.org/web/20110718224753id_/http://negativeyouth.net/h%E2%80%A2a%E2%80%A2m-2/,uncategorized,jay-z;kanye-west;mp3,True,A
2011-01-10,H•A•M,jc,/ham/,/ham-5b95eb/index.html,20131126110858,https://web.archive.org/web/20131126110858id_/http://negativeyouth.net/ham/,musica,jay-z;kanye-west;mp3,True,A
2011-01-10,HOLD IT AGAINST ME,jc,/hold-it-against-me-2/,/hold-it-against-me-2-536c8a/index.html,20110718223601,https://web.archive.org/web/20110718223601id_/http://negativeyouth.net/hold-it-against-me-2/,uncategorized,britney-spears;mp3,True,A
2011-01-10,HOLD IT AGAINST ME,jc,/hold-it-against-me/,/hold-it-against-me-00e435/index.html,20131126102203,https://web.archive.org/web/20131126102203id_/http://negativeyouth.net/hold-it-against-me/,musica,britney-spears;mp3,True,A
2011-01-11,BEST COAST ♥ WAVVES,jc,/best-coast-%E2%99%A5-wavves-2/,/best-coast-wavves-2-9f7fca/index.html,20110718224024,https://web.archive.org/web/20110718224024id_/http://negativeyouth.net/best-coast-%E2%99%A5-wavves-2/,uncategorized,best-coast;mp3;wavves,True,A
2011-01-11,BEST COAST ♥ WAVVES,jc,/best-coast-%E2%99%A5-wavves/,/best-coast-wavves-bff790/index.html,20131126094609,https://web.archive.org/web/20131126094609id_/http://negativeyouth.net/best-coast-%E2%99%A5-wavves/,musica,best-coast;mp3;wavves,True,A
2011-01-11,KID SISTER - KISS KISS KISS MIXTAPE,jc,/kid-sister-kiss-kiss-kiss-mixtape-2/,/kid-sister-kiss-kiss-kiss-mixtape-2-e60657/index.html,20110718230710,https://web.archive.org/web/20110718230710id_/http://negativeyouth.net/kid-sister-kiss-kiss-kiss-mixtape-2/,uncategorized,kid-sister;mixtape;mp3,True,A
2011-01-11,KID SISTER - KISS KISS KISS MIXTAPE,jc,/kid-sister-kiss-kiss-kiss-mixtape/,/kid-sister-kiss-kiss-kiss-mixtape-9b5a35/index.html,20131126112358,https://web.archive.org/web/20131126112358id_/http://negativeyouth.net/kid-sister-kiss-kiss-kiss-mixtape/,musica,kid-sister;mixtape;mp3,True,A
2011-01-11,LASER PALACE 2011,jc,/laser-palace-2011-2/,/laser-palace-2011-2-95fadd/index.html,20110718223630,https://web.archive.org/web/20110718223630id_/http://negativeyouth.net/laser-palace-2011-2/,uncategorized,candescenet;greencarpetedstairs;hideous-men;iuengliss;jededuah-logsdon;laser-palace;last-eyes;mixtape;mp3;mystic-bummer;night-of-joy;phonebooks;popdrone;psychic-handbook;rhinoceropolis;stoned-boys;thurdercade,True,A
2011-01-11,LASER PALACE 2011,jc,/laser-palace-2011/,/laser-palace-2011-e60172/index.html,20131126113343,https://web.archive.org/web/20131126113343id_/http://negativeyouth.net/laser-palace-2011/,musica,candescenet;greencarpetedstairs;hideous-men;iuengliss;jededuah-logsdon;laser-palace;last-eyes;mixtape;mp3;mystic-bummer;night-of-joy;phonebooks;popdrone;psychic-handbook;rhinoceropolis;stoned-boys;thurdercade,True,A
2011-01-14,#1,jc,/1-2/,/1-2-2fbe47/index.html,20131126121721,https://web.archive.org/web/20131126121721id_/http://negativeyouth.net/1-2/,uncategorized,kanye-west;locura-total,True,A
2011-01-14,NOT IN LOVE,jc,/not-in-love/,/not-in-love-095158/index.html,20131126105228,https://web.archive.org/web/20131126105228id_/http://negativeyouth.net/not-in-love/,video,crystal-castles;robert-smith;video,True,A
2011-01-14,RIP TRISH KEENAN,jc,/rip-trish-keenan-2/,/rip-trish-keenan-2-ac99cc/index.html,20110718224201,https://web.archive.org/web/20110718224201id_/http://negativeyouth.net/rip-trish-keenan-2/,uncategorized,broadcast;video,True,A
2011-01-14,RIP TRISH KEENAN,jc,/rip-trish-keenan/,/rip-trish-keenan-7bc019/index.html,20131126105959,https://web.archive.org/web/20131126105959id_/http://negativeyouth.net/rip-trish-keenan/,video,broadcast;video,True,A
2011-01-14,VIDEO: NOT IN LOVE,jc,/video-not-in-love-2/,/video-not-in-love-2-455b23/index.html,20110718230133,https://web.archive.org/web/20110718230133id_/http://negativeyouth.net/video-not-in-love-2/,uncategorized,crystal-castles;robert-smith;video,True,A
2011-01-15,WAVVES - MUTANT,jc,/wavves-mutant-2/,/wavves-mutant-2-5150c9/index.html,20110718223151,https://web.archive.org/web/20110718223151id_/http://negativeyouth.net/wavves-mutant-2/,uncategorized,mp3;wavves,True,A
2011-01-15,WAVVES - MUTANT,jc,/wavves-mutant/,/wavves-mutant-89719b/index.html,20131126125659,https://web.archive.org/web/20131126125659id_/http://negativeyouth.net/wavves-mutant/,musica,mp3;wavves,True,A
2011-01-17,ZOLA JESUS EN MEXICO,jc,/zola-jesus-en-mexico-2/,/zola-jesus-en-mexico-2-1eeb62/index.html,20110718230920,https://web.archive.org/web/20110718230920id_/http://negativeyouth.net/zola-jesus-en-mexico-2/,uncategorized,bear-in-heaven;conciertos;indie-o-fest;the-pains-of-being-pure-at-heart;zola-jesus,True,A
2011-01-18,ENTREVISTA: BL§§D ØU†,jc,/entrevista-bl%C2%A7%C2%A7d-%C3%B8u%E2%80%A0-2/,/entrevista-bl-d-øu-2-4fbfca/index.html,20110718225314,https://web.archive.org/web/20110718225314id_/http://negativeyouth.net/entrevista-bl%C2%A7%C2%A7d-%C3%B8u%E2%80%A0-2/,entrevistas;uncategorized,blissed-out;bl§§d-øu†;entrevista;mp3,True,A
2011-01-18,ENTREVISTA: BL§§D ØU†,jc,/entrevista-blissed-out/,/entrevista-blissed-out-208356/index.html,20131126125718,https://web.archive.org/web/20131126125718id_/http://negativeyouth.net/entrevista-blissed-out/,entrevistas,blissed-out;bl§§d-øu†;entrevista;mp3,True,A
2011-01-19,BOY FRIEND,jc,/boy-friend-2/,/boy-friend-2-9e50b6/index.html,20110718224731,https://web.archive.org/web/20110718224731id_/http://negativeyouth.net/boy-friend-2/,uncategorized,boy-friend;sleep-∞-over;stream,True,A
2011-01-19,BOY FRIEND,jc,/boy-friend/,/boy-friend-e08aeb/index.html,20131126125849,https://web.archive.org/web/20131126125849id_/http://negativeyouth.net/boy-friend/,musica,boy-friend;sleep-∞-over;stream,True,A
2011-01-19,LA MEJOR COSTA,jc,/la-mejor-costa-2/,/la-mejor-costa-2-67b6b5/index.html,20110718224126,https://web.archive.org/web/20110718224126id_/http://negativeyouth.net/la-mejor-costa-2/,uncategorized,best-coast;coachella;stream;video,True,A
2011-01-19,LA MEJOR COSTA,jc,/la-mejor-costa/,/la-mejor-costa-e818d4/index.html,20131126101445,https://web.archive.org/web/20131126101445id_/http://negativeyouth.net/la-mejor-costa/,musica;video,best-coast;coachella;stream;video,True,A
2011-01-21,LIGHT ASYLUM - DARK ALLIES,jc,/light-asylum-dark-allies/,/light-asylum-dark-allies-84769f/index.html,20131126111012,https://web.archive.org/web/20131126111012id_/http://negativeyouth.net/light-asylum-dark-allies/,video,light-asylum;video,True,A
2011-01-21,POP IS BLACK,jc,/pop-is-black-2/,/pop-is-black-2-361849/index.html,20110718230038,https://web.archive.org/web/20110718230038id_/http://negativeyouth.net/pop-is-black-2/,uncategorized,fiesta;negative-youth,True,A
2011-01-21,POP IS BLACK,jc,/pop-is-black/,/pop-is-black-fe7d6e/index.html,20131126094812,https://web.archive.org/web/20131126094812id_/http://negativeyouth.net/pop-is-black/,eventos,fiesta;negative-youth,True,A
2011-01-23,HOLD IT AGAINST ME NIKE7UP HELP I’M TRAPPED IN A BODY REMIX,jc,/hold-it-against-me-nike7up-help-i%E2%80%99m-trapped-in-a-body-remix-2/,/hold-it-against-me-nike7up-help-i-m-trapped-in-a-body-remix-2-255fbf/index.html,20110718230705,https://web.archive.org/web/20110718230705id_/http://negativeyouth.net/hold-it-against-me-nike7up-help-i%E2%80%99m-trapped-in-a-body-remix-2/,uncategorized,britney-spears;mp3;nike7up,True,A
2011-01-23,HOLD IT AGAINST ME NIKE7UP HELP I’M TRAPPED IN A BODY REMIX,jc,/hold-it-against-me-nike7up-help-i%E2%80%99m-trapped-in-a-body-remix/,/hold-it-against-me-nike7up-help-i-m-trapped-in-a-body-remix-1e0840/index.html,20131126110908,https://web.archive.org/web/20131126110908id_/http://negativeyouth.net/hold-it-against-me-nike7up-help-i%E2%80%99m-trapped-in-a-body-remix/,musica,britney-spears;mp3;nike7up,True,A
2011-01-23,PICTUREPLANE VS CREEP,jc,/pictureplane-vs-creep-2/,/pictureplane-vs-creep-2-d81e09/index.html,20110718224151,https://web.archive.org/web/20110718224151id_/http://negativeyouth.net/pictureplane-vs-creep-2/,uncategorized,creep;pictureplane;stream,True,A
2011-01-23,PICTUREPLANE VS CREEP,jc,/pictureplane-vs-creep/,/pictureplane-vs-creep-277bc0/index.html,20131126102343,https://web.archive.org/web/20131126102343id_/http://negativeyouth.net/pictureplane-vs-creep/,musica,creep;pictureplane;stream,True,A
2011-01-25,OCULTISMO POP,jc,/ocultismo-pop-2/,/ocultismo-pop-2-bd06e8/index.html,20110718230750,https://web.archive.org/web/20110718230750id_/http://negativeyouth.net/ocultismo-pop-2/,uncategorized,balam-acab;beyonce;conspiracy-theories;fiesta;loreal;moda;ocultismo;satanas;video,True,A
2011-01-25,OCULTISMO POP,jc,/ocultismo-pop/,/ocultismo-pop-17c543/index.html,20131126100723,https://web.archive.org/web/20131126100723id_/http://negativeyouth.net/ocultismo-pop/,eventos,balam-acab;beyonce;conspiracy-theories;fiesta;loreal;moda;ocultismo;satanas;video,True,A
2011-01-26,BLACK METAL KIDS,jc,/black-metal-kids-2/,/black-metal-kids-2-67fc0f/index.html,20131126113353,https://web.archive.org/web/20131126113353id_/http://negativeyouth.net/black-metal-kids-2/,video,black-metal;jogger;video,True,A
2011-01-26,PATRICK WOLF ESTA DE VUELTA,jc,/patrick-wolf-esta-de-vuelta-2/,/patrick-wolf-esta-de-vuelta-2-999bda/index.html,20110718231112,https://web.archive.org/web/20110718231112id_/http://negativeyouth.net/patrick-wolf-esta-de-vuelta-2/,uncategorized,patrick-wolf;video,True,A
2011-01-28,PURO INSTINCT,jc,/puro-instinct-2/,/puro-instinct-2-3402a8/index.html,20110804231354,https://web.archive.org/web/20110804231354id_/http://negativeyouth.net/puro-instinct-2/,uncategorized,mp3;puro-instinct;video,True,A
2011-01-28,PURO INSTINCT,eduardo-caudilio,/puro-instinct/,/puro-instinct-4ced1c/index.html,20131126090230,https://web.archive.org/web/20131126090230id_/http://negativeyouth.net/puro-instinct/,musica,mp3;puro-instinct;video,True,A+C
2011-01-28,STONED BOYS FOREVER,jc,/stoned-boys-forever-2/,/stoned-boys-forever-2-c963e8/index.html,20110718230830,https://web.archive.org/web/20110718230830id_/http://negativeyouth.net/stoned-boys-forever-2/,uncategorized,mp3;stoned-boys,True,A
2011-01-28,STONED BOYS FOREVER,jc,/stoned-boys-forever/,/stoned-boys-forever-9a5a41/index.html,20131126112939,https://web.archive.org/web/20131126112939id_/http://negativeyouth.net/stoned-boys-forever/,musica,mp3;stoned-boys,True,A+C
2011-01-30,HARD AS A MOTHERFUCKER,jc,/hard-as-a-motherfucker-2/,/hard-as-a-motherfucker-2-f8ffd9/index.html,20110718223556,https://web.archive.org/web/20110718223556id_/http://negativeyouth.net/hard-as-a-motherfucker-2/,uncategorized,house-of-ladosha;stream,True,A
2011-01-30,HARD AS A MOTHERFUCKER,jc,/hard-as-a-motherfucker/,/hard-as-a-motherfucker-fd86ae/index.html,20131126112901,https://web.archive.org/web/20131126112901id_/http://negativeyouth.net/hard-as-a-motherfucker/,musica,house-of-ladosha;stream,True,A+C
2011-01-30,//MYR†L3//WYCKØFF//,jc,/myr%E2%80%A0l3wyck%C3%B8ff-2/,/myr-l3wyckøff-2-958935/index.html,20110718230730,https://web.archive.org/web/20110718230730id_/http://negativeyouth.net/myr%E2%80%A0l3wyck%C3%B8ff-2/,uncategorized,blissed-out;sterling-crispin;video,True,A
2011-01-30,//MYR†L3//WYCKØFF//,jc,/myr%E2%80%A0l3wyckoff/,/myr-l3wyckoff-7156cf/index.html,20131126092455,https://web.archive.org/web/20131126092455id_/http://negativeyouth.net/myr%E2%80%A0l3wyckoff/,video,blissed-out;sterling-crispin;video,True,A+C
2011-01-31,FACEBOOK SUICIDE WATCH,jc,/facebook-suicide-watch-2/,/facebook-suicide-watch-2-e4f61b/index.html,20131126104532,https://web.archive.org/web/20131126104532id_/http://negativeyouth.net/facebook-suicide-watch-2/,uncategorized,2011;dump-fm;facebook;next-level;ryder-ripps,True,A
2011-01-31,PICTUREPLANE EN MEXICO,jc,/pictureplane-en-mexico-4/,/pictureplane-en-mexico-4-98a517/index.html,20110718230800,https://web.archive.org/web/20110718230800id_/http://negativeyouth.net/pictureplane-en-mexico-4/,uncategorized,concierto;mp3;negative-youth;pictureplane;video,True,A
2011-01-31,PICTUREPLANE MEXICO,jc,/pictureplane-mexico/,/pictureplane-mexico-521e18/index.html,20131126112725,https://web.archive.org/web/20131126112725id_/http://negativeyouth.net/pictureplane-mexico/,eventos,concierto;mp3;negative-youth;pictureplane;video,True,A+C
2011-02-01,ALEXICO GORDO GRANDE Y MARICA,jc,/alexico-gordo-grande-y-marica-2/,/alexico-gordo-grande-y-marica-2-7abb52/index.html,20110718230627,https://web.archive.org/web/20110718230627id_/http://negativeyouth.net/alexico-gordo-grande-y-marica-2/,uncategorized,alexico;video,True,A
2011-02-01,ALEXICO GORDO GRANDE Y MARICA,jc,/alexico-gordo-grande-y-marica/,/alexico-gordo-grande-y-marica-88bcc9/index.html,20131126085841,https://web.archive.org/web/20131126085841id_/http://negativeyouth.net/alexico-gordo-grande-y-marica/,video,alexico;video,True,A
2011-02-01,RIKSLYD - THE HEART,jc,/rikslyd-the-heart-2/,/rikslyd-the-heart-2-a11d94/index.html,20110718231118,https://web.archive.org/web/20110718231118id_/http://negativeyouth.net/rikslyd-the-heart-2/,uncategorized,rikslyd;video,True,A
2011-02-01,RIKSLYD - THE HEART,eduardo-caudilio,/rikslyd-the-heart/,/rikslyd-the-heart-965af1/index.html,20131126112425,https://web.archive.org/web/20131126112425id_/http://negativeyouth.net/rikslyd-the-heart/,video,rikslyd;video,True,A
2011-02-02,WAVVES ROLLING PAPERS,jc,/wavves-rolling-papers-2/,/wavves-rolling-papers-2-edded9/index.html,20110718223156,https://web.archive.org/web/20110718223156id_/http://negativeyouth.net/wavves-rolling-papers-2/,uncategorized,merch;wavves,True,A
2011-02-02,WAVVES ROLLING PAPERS,jc,/wavves-rolling-papers/,/wavves-rolling-papers-2060f2/index.html,20131126094255,https://web.archive.org/web/20131126094255id_/http://negativeyouth.net/wavves-rolling-papers/,uncategorized,merch;wavves,True,A
2011-02-03,BLACK & YELLOW VS GREEN & YELLOW,jc,/black-yellow-vs-green-yellow-2/,/black-yellow-vs-green-yellow-2-21ff0f/index.html,20110718224623,https://web.archive.org/web/20110718224623id_/http://negativeyouth.net/black-yellow-vs-green-yellow-2/,uncategorized,lil-wayne;super-bowl;wiz-khalifa,True,A
2011-02-03,BLACK & YELLOW VS GREEN & YELLOW,jc,/black-yellow-vs-green-yellow/,/black-yellow-vs-green-yellow-7d18df/index.html,20131126091733,https://web.archive.org/web/20131126091733id_/http://negativeyouth.net/black-yellow-vs-green-yellow/,musica,lil-wayne;super-bowl;wiz-khalifa,True,A
2011-02-03,FOSTERCARE - SUNFREEZE (BLOWN OUT REFIX),jc,/fostercare-sunfreeze-blown-out-refix-2/,/fostercare-sunfreeze-blown-out-refix-2-a7c2c5/index.html,20110718223538,https://web.archive.org/web/20110718223538id_/http://negativeyouth.net/fostercare-sunfreeze-blown-out-refix-2/,uncategorized,fostercare;video,True,A
2011-02-03,FOSTERCARE - SUNFREEZE (BLOWN OUT REFIX),jc,/fostercare-sunfreeze-blown-out-refix/,/fostercare-sunfreeze-blown-out-refix-c11255/index.html,20131126110949,https://web.archive.org/web/20131126110949id_/http://negativeyouth.net/fostercare-sunfreeze-blown-out-refix/,video,fostercare;video,True,A
2011-02-04,YOHUNA,jc,/yohuna-2/,/yohuna-2-4ff3ca/index.html,20131126122314,https://web.archive.org/web/20131126122314id_/http://negativeyouth.net/yohuna-2/,musica,mp3;stream;yohuna,True,A
2011-02-07,DAMIAN MARLEY & NAS - PATIENCE,jc,/damian-marley-nas-patience-2/,/damian-marley-nas-patience-2-8364de/index.html,20110718225918,https://web.archive.org/web/20110718225918id_/http://negativeyouth.net/damian-marley-nas-patience-2/,video,damian-marley;nas;video,True,A
2011-02-07,DAMIAN MARLEY &#038; NAS - PATIENCE,jc,/damian-marley-nas-patience/,/damian-marley-nas-patience-9ce2e5/index.html,20131126085343,https://web.archive.org/web/20131126085343id_/http://negativeyouth.net/damian-marley-nas-patience/,video,damian-marley;nas;video,True,A
2011-02-09,Planningtorock + The knife &quot;DOORWAY&quot;,jc,/planningtorock-the-knife-doorway-2/,/planningtorock-the-knife-doorway-2-23ec67/index.html,20110718230807,https://web.archive.org/web/20110718230807id_/http://negativeyouth.net/planningtorock-the-knife-doorway-2/,uncategorized,planningtorock;the-knife;video,True,A
2011-02-09,PLANNINGTOROCK + THE KNIFE,eduardo-caudilio,/planningtorock-the-knife/,/planningtorock-the-knife-40524b/index.html,20131126102123,https://web.archive.org/web/20131126102123id_/http://negativeyouth.net/planningtorock-the-knife/,video,planningtorock;the-knife;video,True,A
2011-02-10,CRACKBUSTING ANGELS REMIXES,jc,/crackbusting-angels-remixes-2/,/crackbusting-angels-remixes-2-09fc4c/index.html,20110718230951,https://web.archive.org/web/20110718230951id_/http://negativeyouth.net/crackbusting-angels-remixes-2/,uncategorized,salem;the-carpenters;video,True,A
2011-02-10,FESTIVAL NRMAL 2011,jc,/festival-nrmal-2011-2/,/festival-nrmal-2011-2-1e1f0d/index.html,20110718224105,https://web.archive.org/web/20110718224105id_/http://negativeyouth.net/festival-nrmal-2011-2/,uncategorized,concierto;festival;festival-nrmal;fiesta;mixtape;mp3,True,A
2011-02-10,FESTIVAL NRMAL 2011,jc,/festival-nrmal-2011/,/festival-nrmal-2011-69a950/index.html,20131126105908,https://web.archive.org/web/20131126105908id_/http://negativeyouth.net/festival-nrmal-2011/,eventos,concierto;festival;festival-nrmal;fiesta;mixtape;mp3,True,A
2011-02-11,BORN THIS WAY,jc,/born-this-way-2/,/born-this-way-2-51f446/index.html,20110718225908,https://web.archive.org/web/20110718225908id_/http://negativeyouth.net/born-this-way-2/,uncategorized,lady-gaga;mp3;resena,True,A
2011-02-11,BORN THIS WAY,jc,/born-this-way/,/born-this-way-aca1eb/index.html,20131126104638,https://web.archive.org/web/20131126104638id_/http://negativeyouth.net/born-this-way/,musica,lady-gaga;mp3;resena,True,A
2011-02-13,DUM DUM GIRLS COVEREA A THE SMITHS,jc,/dum-dum-girls-coverea-a-the-smiths-2/,/dum-dum-girls-coverea-a-the-smiths-2-38257c/index.html,20110718223513,https://web.archive.org/web/20110718223513id_/http://negativeyouth.net/dum-dum-girls-coverea-a-the-smiths-2/,uncategorized,dum-dum-girls;mp3;the-smiths,True,A
2011-02-13,DUM DUM GIRLS COVEREA A THE SMITHS,jc,/dum-dum-girls-coverea-a-the-smiths/,/dum-dum-girls-coverea-a-the-smiths-4c505f/index.html,20131126110100,https://web.archive.org/web/20131126110100id_/http://negativeyouth.net/dum-dum-girls-coverea-a-the-smiths/,musica,dum-dum-girls;mp3;the-smiths,True,A
2011-02-14,▼▲▼ VAGINA VANGI - ORTHODOX,eduardo-caudilio,/%E2%96%BC%E2%96%B2%E2%96%BC-vagina-vangi-orthodox-2/,/vagina-vangi-orthodox-2-ba40fa/index.html,20131126110213,https://web.archive.org/web/20131126110213id_/http://negativeyouth.net/%E2%96%BC%E2%96%B2%E2%96%BC-vagina-vangi-orthodox-2/,musica,mp3;vagina-vangi;witch-house,True,A
2011-02-16,CREEP FEAT. NINA SKY - YOU,jc,/creep-feat-nina-sky-you-2/,/creep-feat-nina-sky-you-2-da961e/index.html,20110718224045,https://web.archive.org/web/20110718224045id_/http://negativeyouth.net/creep-feat-nina-sky-you-2/,uncategorized,creep;nina-sky;video,True,A
2011-02-16,CREEP FEAT. NINA SKY - YOU,eduardo-caudilio,/creep-feat-nina-sky-you/,/creep-feat-nina-sky-you-880f26/index.html,20131126110533,https://web.archive.org/web/20131126110533id_/http://negativeyouth.net/creep-feat-nina-sky-you/,video,creep;nina-sky;video,True,A
2011-02-16,INCA GOLD,jc,/inca-gold-2/,/inca-gold-2-1bc706/index.html,20110718223606,https://web.archive.org/web/20110718223606id_/http://negativeyouth.net/inca-gold-2/,uncategorized,download;inca-gold;mp3;stream,True,A
2011-02-22,NAOMI ELIZABETH - GOD SENT ME HERE TO ROCK YOU,eduardo-caudilio,/naomi-elizabeth-god-sent-me-here-to-rock-you-2/,/naomi-elizabeth-god-sent-me-here-to-rock-you-2-fd719c/index.html,20131126110556,https://web.archive.org/web/20131126110556id_/http://negativeyouth.net/naomi-elizabeth-god-sent-me-here-to-rock-you-2/,video,naomi-elizabeth;video,True,A+C
2011-02-22,SPOEK MATHAMBO - CONTROL,jc,/spoek-mathambo-control-2/,/spoek-mathambo-control-2-de6626/index.html,20131126094634,https://web.archive.org/web/20131126094634id_/http://negativeyouth.net/spoek-mathambo-control-2/,musica,joy-division;spoek-mathambo;video,True,A+C
2011-02-23,ABOUT,cas,/about/,/about-a5e18c/index.html,20140317064132,https://web.archive.org/web/20140317064132id_/http://negativeyouth.net/about/,,,True,A
2011-02-23,SLIDERS: A DIGESTIBLE VIDEO RETROSPECTIVE FROM THE SHOW CAVE ARCHIVES,jc,/sliders-a-digestible-video-retrospective-from-the-show-cave-archives-2/,/sliders-a-digestible-video-retrospective-from-the-show-cave-archives-2-097b46/index.html,20110718224909,https://web.archive.org/web/20110718224909id_/http://negativeyouth.net/sliders-a-digestible-video-retrospective-from-the-show-cave-archives-2/,uncategorized;video,drugs-for-drunks;eventos;ritualz;showcave;yautepec,True,A
2011-02-23,SLIDERS: A DIGESTIBLE VIDEO RETROSPECTIVE FROM THE SHOW CAVE ARCHIVES,eduardo-caudilio,/sliders-a-digestible-video-retrospective-from-the-show-cave-archives/,/sliders-a-digestible-video-retrospective-from-the-show-cave-archives-17bcaf/index.html,20131126091956,https://web.archive.org/web/20131126091956id_/http://negativeyouth.net/sliders-a-digestible-video-retrospective-from-the-show-cave-archives/,eventos,drugs-for-drunks;eventos;ritualz;showcave;yautepec,True,A+C
2011-02-24,NAZIR MAZHAR EN LFW,cas,/nazir-mazhar-en-lfw-2/,/nazir-mazhar-en-lfw-2-7ade7c/index.html,20110718224141,https://web.archive.org/web/20110718224141id_/http://negativeyouth.net/nazir-mazhar-en-lfw-2/,uncategorized,fashion;lfw;moda;nazir-mazhar,True,A
2011-02-24,NAZIR MAZHAR EN LFW,cas,/nazir-mazhar-en-lfw/,/nazir-mazhar-en-lfw-335dc2/index.html,20131126110006,https://web.archive.org/web/20131126110006id_/http://negativeyouth.net/nazir-mazhar-en-lfw/,moda,fashion;lfw;moda;nazir-mazhar,True,A+C
2011-02-28,SLIDERS,eduardo-caudilio,/sliders-2/,/sliders-2-f95fa9/index.html,20131126121918,https://web.archive.org/web/20131126121918id_/http://negativeyouth.net/sliders-2/,video,drugs-for-drunks;galeria-yautepec;ritualz;showcave,True,A+C
2011-03-01,RITUALZ - GHETTO ASS WITCH,jc,/ritualz-ghetto-ass-witch-2/,/ritualz-ghetto-ass-witch-2-15482f/index.html,20110718225410,https://web.archive.org/web/20110718225410id_/http://negativeyouth.net/ritualz-ghetto-ass-witch-2/,uncategorized,ritualz;stream;witch-house,True,A
2011-03-01,RITUALZ - GHETTO ASS WITCH,eduardo-caudilio,/ritualz-ghetto-ass-witch/,/ritualz-ghetto-ass-witch-a6459d/index.html,20131126090404,https://web.archive.org/web/20131126090404id_/http://negativeyouth.net/ritualz-ghetto-ass-witch/,musica,ritualz;stream;witch-house,True,A
2011-03-02,GANG GANG DANCE - GLASS JAR,jc,/gang-gang-dance-glass-jar-2/,/gang-gang-dance-glass-jar-2-258156/index.html,20131126112622,https://web.archive.org/web/20131126112622id_/http://negativeyouth.net/gang-gang-dance-glass-jar-2/,musica,gang-gang-dance;stream,True,A
2011-03-02,GVCCI HVCCI + COYOTE GANG,jc,/gvcci-hvcci-coyote-gang-2/,/gvcci-hvcci-coyote-gang-2-cfcb8e/index.html,20131126090433,https://web.archive.org/web/20131126090433id_/http://negativeyouth.net/gvcci-hvcci-coyote-gang-2/,musica,billy-coven;coyote-gang;gvcci-hvcci;mp3;sushi-mane,True,A
2011-03-02,SLEEP ∞ OVER REGRESA,jc,/sleep-%E2%88%9E-over-regresa-2/,/sleep-over-regresa-2-432956/index.html,20131126121817,https://web.archive.org/web/20131126121817id_/http://negativeyouth.net/sleep-%E2%88%9E-over-regresa-2/,musica,mp3;sleep-∞-over,True,A
2011-03-02,"TYLER, THE CREATOR + OFWGKTA",jc,/tyler-the-creator-ofwgkta-2/,/tyler-the-creator-ofwgkta-2-a3d2e6/index.html,20131126104625,https://web.archive.org/web/20131126104625id_/http://negativeyouth.net/tyler-the-creator-ofwgkta-2/,musica;video,disco-gratis;earl-sweatshirt;free-earl;mp3;odd-future;odd-future-wolfg-gang-kill-them-all;ofwgkta;tyler-the-creator,True,A
2011-03-03,GUCCI GUILTY,cas,/gucci-guilty-2/,/gucci-guilty-2-780343/index.html,20110718223548,https://web.archive.org/web/20110718223548id_/http://negativeyouth.net/gucci-guilty-2/,uncategorized,bat-for-lashes;depeche-mode;fashion;gucci;gucci-guilty;mp3,True,A
2011-03-03,KING OF THE WEED,cas,/king-of-the-weed-2/,/king-of-the-weed-2-9453ea/index.html,20110718224821,https://web.archive.org/web/20110718224821id_/http://negativeyouth.net/king-of-the-weed-2/,video,video;wavves,True,A
2011-03-03,KING OF THE WEED,cas,/king-of-the-weed/,/king-of-the-weed-0c4379/index.html,20131126100749,https://web.archive.org/web/20131126100749id_/http://negativeyouth.net/king-of-the-weed/,video,video;wavves,True,A
2011-03-04,BORED THIS WAY,jc,/bored-this-way-2/,/bored-this-way-2-828791/index.html,20131126094207,https://web.archive.org/web/20131126094207id_/http://negativeyouth.net/bored-this-way-2/,video,lady-gaga;video,True,A
2011-03-07,MUSHY - &quot;TOO FAR&quot; CROSSOVER SATANIC RITUAL ABUSE,cas,/mushy-too-far-crossover-satanic-ritual-abuse-2/,/mushy-too-far-crossover-satanic-ritual-abuse-2-4c1116/index.html,20110718225346,https://web.archive.org/web/20110718225346id_/http://negativeyouth.net/mushy-too-far-crossover-satanic-ritual-abuse-2/,uncategorized,crossover;mushy;stream;witch-house,True,A
2011-03-08,21ST CENTURY SCREW,jc,/21st-century-screw-2/,/21st-century-screw-2-145f94/index.html,20131126091832,https://web.archive.org/web/20131126091832id_/http://negativeyouth.net/21st-century-screw-2/,musica,dj-maquina-de-muerte;mp3;willow-smith,True,A
2011-03-08,6 FOOT 7 FOOT,cas,/6-foot-7-foot-2/,/6-foot-7-foot-2-d7de9e/index.html,20110718222537,https://web.archive.org/web/20110718222537id_/http://negativeyouth.net/6-foot-7-foot-2/,video,cory-gunz;lil-wayne;video,True,A
2011-03-08,6 FOOT 7 FOOT,jc,/6-foot-7-foot/,/6-foot-7-foot-284064/index.html,20131126112355,https://web.archive.org/web/20131126112355id_/http://negativeyouth.net/6-foot-7-foot/,video,cory-gunz;lil-wayne;video,True,A
2011-03-08,MENTIRA MENTIRA - TURNAWAY,cas,/mentira-mentira-turnaway-2/,/mentira-mentira-turnaway-2-46dba3/index.html,20110718224842,https://web.archive.org/web/20110718224842id_/http://negativeyouth.net/mentira-mentira-turnaway-2/,video,jaime-martinez;mentira-mentira;nene-records;video,True,A
2011-03-08,MENTIRA MENTIRA - TURNAWAY,jc,/mentira-mentira-turnaway/,/mentira-mentira-turnaway-f255b9/index.html,20131126111038,https://web.archive.org/web/20131126111038id_/http://negativeyouth.net/mentira-mentira-turnaway/,video,jaime-martinez;mentira-mentira;nene-records;video,True,A
2011-03-08,WILLOW SMITH - 21ST CENTURY GIRL,cas,/willow-smith-21st-century-girl-2/,/willow-smith-21st-century-girl-2-1667c7/index.html,20131126110402,https://web.archive.org/web/20131126110402id_/http://negativeyouth.net/willow-smith-21st-century-girl-2/,video,video;willow-smith,True,A
2011-03-09,CHILLWAVE CHECKLIST,cas,/chillwave-checklist-2/,/chillwave-checklist-2-ff14b8/index.html,20110718224034,https://web.archive.org/web/20110718224034id_/http://negativeyouth.net/chillwave-checklist-2/,video,chillwave;j-viewz;video,True,A
2011-03-09,CHILLWAVE CHECKLIST,jc,/chillwave-checklist/,/chillwave-checklist-091380/index.html,20131126102231,https://web.archive.org/web/20131126102231id_/http://negativeyouth.net/chillwave-checklist/,video,chillwave;j-viewz;video,True,A
2011-03-09,DIE ANTWOORD - RICH BITCH,cas,/die-antwoord-rich-bitch-2/,/die-antwoord-rich-bitch-2-2bcbe0/index.html,20110718225928,https://web.archive.org/web/20110718225928id_/http://negativeyouth.net/die-antwoord-rich-bitch-2/,uncategorized;video,die-antwoord;ninja;video;yolandi-visser,True,A
2011-03-09,DIE ANTWOORD - RICH BITCH,eduardo-caudilio,/die-antwoord-rich-bitch/,/die-antwoord-rich-bitch-f7ab0e/index.html,20131126095726,https://web.archive.org/web/20131126095726id_/http://negativeyouth.net/die-antwoord-rich-bitch/,video,die-antwoord;ninja;video;yolandi-visser,True,A
2011-03-09,FEVER RAY - THE WOLF,cas,/fever-ray-the-wolf-2/,/fever-ray-the-wolf-2-593ac8/index.html,20131126085327,https://web.archive.org/web/20131126085327id_/http://negativeyouth.net/fever-ray-the-wolf-2/,musica,fever-ray;red-riding-hood;stream,True,A
2011-03-11,AMANDA PALMER - MAP OF TASMANIA,cas,/amanda-palmer-map-of-tasmania-2/,/amanda-palmer-map-of-tasmania-2-c5d8ff/index.html,20110718230935,https://web.archive.org/web/20110718230935id_/http://negativeyouth.net/amanda-palmer-map-of-tasmania-2/,uncategorized,amanda-palmer;download;stream;video,True,A
2011-03-14,PICTUREPLANE EN MÉXICO,cas,/pictureplane-en-mexico-3/,/pictureplane-en-mexico-3-557ca7/index.html,20110718230031,https://web.archive.org/web/20110718230031id_/http://negativeyouth.net/pictureplane-en-mexico-3/,uncategorized,concierto;fiesta;naka-naka;negative-youth;pictureplane;ritualz,True,A
2011-03-14,PICTUREPLANE EN MÉXICO,jc,/pictureplane-en-mexico/,/pictureplane-en-mexico-c9dddb/index.html,20131126093459,https://web.archive.org/web/20131126093459id_/http://negativeyouth.net/pictureplane-en-mexico/,eventos,concierto;fiesta;naka-naka;negative-youth;pictureplane;ritualz,True,A
2011-03-15,ANTES DE QUE NOS OLVIDEN,cas,/antes-de-que-nos-olviden-4/,/antes-de-que-nos-olviden-4-e0d0b8/index.html,20131126112339,https://web.archive.org/web/20131126112339id_/http://negativeyouth.net/antes-de-que-nos-olviden-4/,eventos;musica,casa-rio-55;concierto;festival-antes;fiesta;negative-youth;stream,True,A
2011-03-16,GIF Mashup,cas,/gif-mashup-2/,/gif-mashup-2-ef206e/index.html,20110718224121,https://web.archive.org/web/20110718224121id_/http://negativeyouth.net/gif-mashup-2/,uncategorized;video,,True,A
2011-03-16,GIF Mashup,cas,/gif-mashup/,/gif-mashup-40be17/index.html,20131126100427,https://web.archive.org/web/20131126100427id_/http://negativeyouth.net/gif-mashup/,video,arte;gif;video,True,A
2011-03-17,"FIEBRE, REY",cas,/fiebre-rey-2/,/fiebre-rey-2-62f3de/index.html,20131126085848,https://web.archive.org/web/20131126085848id_/http://negativeyouth.net/fiebre-rey-2/,musica,buraka-som-sistema;fever-ray;j-wow;mishka;mixtape;mp3,True,A
2011-03-17,NUEVO MATERIAL DE DRUGS FOR DRUNKS,cas,/nuevo-material-de-drugs-for-drunks-2/,/nuevo-material-de-drugs-for-drunks-2-d77263/index.html,20110718230026,https://web.archive.org/web/20110718230026id_/http://negativeyouth.net/nuevo-material-de-drugs-for-drunks-2/,uncategorized,download;drugs-for-drunks;mixtape;stream,True,A
2011-03-22,GLASS POPCORN VS REBECCA BLACK,cas,/glass-popcorn-vs-rebecca-black-2/,/glass-popcorn-vs-rebecca-black-2-5d7a98/index.html,20110718225331,https://web.archive.org/web/20110718225331id_/http://negativeyouth.net/glass-popcorn-vs-rebecca-black-2/,uncategorized;video,friday;glass-popcorn;rebecca-black;stream;teens;witch-house,True,A
2011-03-22,UFORIA: GRIMES + D'EON EN MÉXICO,cas,/uforia-grimes-deon-en-mexico-2/,/uforia-grimes-deon-en-mexico-2-784f66/index.html,20131126094751,https://web.archive.org/web/20131126094751id_/http://negativeyouth.net/uforia-grimes-deon-en-mexico-2/,musica,concierto;deon;grimes;internet-archeology;mooses;mp3;nicolas-sassoon;uforia,True,A
2011-03-23,ANTES DE QUE NOS OLVIDEN,cas,/antes-de-que-nos-olviden-3/,/antes-de-que-nos-olviden-3-3222b4/index.html,20131126112347,https://web.archive.org/web/20131126112347id_/http://negativeyouth.net/antes-de-que-nos-olviden-3/,eventos,casa-rio-55;concierto;festival-antes;fiesta;negative-youth;stream,True,A
2011-03-24,ENTREVISTA CON JEWELS OF THE NILE + MP3s,eduardo-caudillo,/entrevista-con-jewels-of-the-nile-mp3s-2/,/entrevista-con-jewels-of-the-nile-mp3s-2-9add25/index.html,20110718231000,https://web.archive.org/web/20110718231000id_/http://negativeyouth.net/entrevista-con-jewels-of-the-nile-mp3s-2/,entrevistas;uncategorized,download;entrevista;jewels-of-the-nile;mp3,True,A
2011-03-24,ENTREVISTA CON JEWELS OF THE NILE + MP3s,eduardo-caudilio,/entrevista-con-jewels-of-the-nile-mp3s/,/entrevista-con-jewels-of-the-nile-mp3s-20e5c3/index.html,20131126113459,https://web.archive.org/web/20131126113459id_/http://negativeyouth.net/entrevista-con-jewels-of-the-nile-mp3s/,entrevistas,download;entrevista;jewels-of-the-nile;mp3,True,A
2011-03-24,PURO INSTINCT FEAT. ARIEL PINK - STILYAGI,jc,/puro-instinct-feat-ariel-pink-stilyagi-2/,/puro-instinct-feat-ariel-pink-stilyagi-2-461724/index.html,20110718224158,https://web.archive.org/web/20110718224158id_/http://negativeyouth.net/puro-instinct-feat-ariel-pink-stilyagi-2/,uncategorized;video,ariel-pink;puro-instinct;video,True,A
2011-03-24,PURO INSTINCT FEAT. ARIEL PINK - STILYAGI,eduardo-caudilio,/puro-instinct-feat-ariel-pink-stilyagi/,/puro-instinct-feat-ariel-pink-stilyagi-0ba0c2/index.html,20131126110804,https://web.archive.org/web/20131126110804id_/http://negativeyouth.net/puro-instinct-feat-ariel-pink-stilyagi/,video,ariel-pink;puro-instinct;video,True,A
2011-03-28,#FREEBLISSEDOUT,cas,/freeblissedout-2/,/freeblissedout-2-2fdb69/index.html,20131126094720,https://web.archive.org/web/20131126094720id_/http://negativeyouth.net/freeblissedout-2/,musica,blissed-out;download;empire-state;freeblissedout;mp3;noticias,True,A+C
2011-03-28,HOLY OTHER - TOUCH,jc,/holy-other-touch-2/,/holy-other-touch-2-b65edb/index.html,20110718225949,https://web.archive.org/web/20110718225949id_/http://negativeyouth.net/holy-other-touch-2/,musica;uncategorized,holy-other;mp3;tri-angle,True,A
2011-03-28,HOLY OTHER - TOUCH,jc,/holy-other-touch/,/holy-other-touch-0a2092/index.html,20131126102144,https://web.archive.org/web/20131126102144id_/http://negativeyouth.net/holy-other-touch/,musica,holy-other;mp3;tri-angle,True,A
2011-03-29,GRIMES - VANESSA,eduardo-caudilio,/grimes-vanessa-2/,/grimes-vanessa-2-fbdd42/index.html,20131126093602,https://web.archive.org/web/20131126093602id_/http://negativeyouth.net/grimes-vanessa-2/,musica,download;grimes;uforia,True,A+C
2011-03-29,UNISON - BLOOD BLOOD BLOOD,jc,/unison-blood-blood-blood-2/,/unison-blood-blood-blood-2-0e1851/index.html,20110718225509,https://web.archive.org/web/20110718225509id_/http://negativeyouth.net/unison-blood-blood-blood-2/,musica;uncategorized,lentonia;stream;unison,True,A
2011-03-29,UNISON - BLOOD BLOOD BLOOD,jc,/unison-blood-blood-blood/,/unison-blood-blood-blood-74819e/index.html,20131126094712,https://web.archive.org/web/20131126094712id_/http://negativeyouth.net/unison-blood-blood-blood/,musica,lentonia;stream;unison,True,A+C
2011-03-30,"CASI XIU XIU, CASI DEERHOOF",jc,/casi-xiu-xiu-casi-deerhoof-2/,/casi-xiu-xiu-casi-deerhoof-2-eac31f/index.html,20131126110119,https://web.archive.org/web/20131126110119id_/http://negativeyouth.net/casi-xiu-xiu-casi-deerhoof-2/,musica,deerhoof;mp3;xiu-xiu,True,A+C
2011-03-30,FUTURO TROPICAL,jc,/futuro-tropical-2/,/futuro-tropical-2-eb8dcf/index.html,20131126102332,https://web.archive.org/web/20131126102332id_/http://negativeyouth.net/futuro-tropical-2/,musica,dutty-artz;kingdom;la-ola-criminal;mp3;new-york-tropical;nguzunguzu;rita-indiana;stream,True,A+C
2011-04-06,ENTREVISTA: GRIMES + D'EON // PARTE 1,jc,/entrevista-grimes-deon-parte-1-2/,/entrevista-grimes-deon-parte-1-2-16ecaa/index.html,20131126122216,https://web.archive.org/web/20131126122216id_/http://negativeyouth.net/entrevista-grimes-deon-parte-1-2/,entrevistas;musica,arbustus;d’eon;entrevista;grimes;hippos-in-tanks;mp3;uforia,True,A
2011-04-07,ENTREVISTA: GRIMES + D'EON // PARTE 2,jc,/entrevista-grimes-deon-parte-2-2/,/entrevista-grimes-deon-parte-2-2-77d2b8/index.html,20131126102934,https://web.archive.org/web/20131126102934id_/http://negativeyouth.net/entrevista-grimes-deon-parte-2-2/,entrevistas;musica,arbustus;deon;entrevista;grimes;hippos-in-tanks;mp3;uforia,True,A
2011-04-07,MINDKILLA,jc,/mindkilla-2/,/mindkilla-2-011044/index.html,20131126112854,https://web.archive.org/web/20131126112854id_/http://negativeyouth.net/mindkilla-2/,musica,4ad;dance;gang-gang;mp3,True,A
2011-04-08,THEE NEGATIVE SLAVE,jc,/thee-negative-slave-2/,/thee-negative-slave-2-537ec0/index.html,20131126110932,https://web.archive.org/web/20131126110932id_/http://negativeyouth.net/thee-negative-slave-2/,musica,dis-magazine;mixtape;mp3;pictureplane,True,A
2011-04-10,RINGO DEATHSTARR,jc,/ringo-deathstarr/,/ringo-deathstarr-b49b05/index.html,20131126113413,https://web.archive.org/web/20131126113413id_/http://negativeyouth.net/ringo-deathstarr/,musica;video,alex-gehring;dominguero;ringo-deathstarr;video;viktoria-a-lisbet,True,A
2011-04-11,FUNERALS - MARAE,jc,/funerals-marae/,/funerals-marae-9c276a/index.html,20131126085703,https://web.archive.org/web/20131126085703id_/http://negativeyouth.net/funerals-marae/,video,funerals;tundra-dubs;video,True,A
2011-04-12,CHARLI XCX - STAY AWAY (SALEM'S ANGEL REMIX),eduardo-caudilio,/charli-xcx-stay-away-salems-angel-remix/,/charli-xcx-stay-away-salems-angel-remix-d175b0/index.html,20131126112555,https://web.archive.org/web/20131126112555id_/http://negativeyouth.net/charli-xcx-stay-away-salems-angel-remix/,video,charli-xcx;remix;salem;video,True,A
2011-04-12,DARKBLOOM,jc,/darkbloom/,/darkbloom-b3a572/index.html,20131126125757,https://web.archive.org/web/20131126125757id_/http://negativeyouth.net/darkbloom/,video,arbustus;deon;grimes;hippos-in-tanks;video,True,A
2011-04-14,KORN // SKRILLEX,jc,/korn-skrillex/,/korn-skrillex-85de61/index.html,20131126113451,https://web.archive.org/web/20131126113451id_/http://negativeyouth.net/korn-skrillex/,musica,korn;skrillex;stream,True,A+C
2011-04-18,PICTUREPLANE: MIX PARA MEXICO,jc,/pictureplane-mix-para-mexico/,/pictureplane-mix-para-mexico-d94b71/index.html,20131126095832,https://web.archive.org/web/20131126095832id_/http://negativeyouth.net/pictureplane-mix-para-mexico/,mixtapes;musica,mix;mixtape;mp3;pictureplane,True,A+C
2011-04-27,TELENOVELA FANTASMUX,jc,/telenovela-fantasmux/,/telenovela-fantasmux-ac4c3a/index.html,20131126113103,https://web.archive.org/web/20131126113103id_/http://negativeyouth.net/telenovela-fantasmux/,musica,mix;mp3;naka-naka,True,A+C
2011-04-28,D'EON - TRANSPARENCY (HOW TO DRESS WELL REWORK),jc,/deon-transparency-how-to-dress-well-rework/,/deon-transparency-how-to-dress-well-rework-75634e/index.html,20131126120101,https://web.archive.org/web/20131126120101id_/http://negativeyouth.net/deon-transparency-how-to-dress-well-rework/,musica,deon;how-to-dress-well;mp3;remix,True,A+C
2011-04-29,ETERNITY ZONE,jc,/eternity-zone/,/eternity-zone-2b7919/index.html,20131126094035,https://web.archive.org/web/20131126094035id_/http://negativeyouth.net/eternity-zone/,entrevistas;musica,entrevista;eternity-zone;mp3,True,A+C
2011-05-03,OSAMA BIN LADEN IS DEAD,jc,/osama-bin-laden-is-dead/,/osama-bin-laden-is-dead-6938fb/index.html,20131126091519,https://web.archive.org/web/20131126091519id_/http://negativeyouth.net/osama-bin-laden-is-dead/,musica,la-style;mp3;osama-bin-laden;youtube,True,A
2011-05-04,AFTERMATH: NEGATIVE YOUTH PRESENTA PICTUREPLANE @ DF,jc,/aftermath-negative-youth-presenta-pictureplane-df/,/aftermath-negative-youth-presenta-pictureplane-df-334c5c/index.html,20131126094904,https://web.archive.org/web/20131126094904id_/http://negativeyouth.net/aftermath-negative-youth-presenta-pictureplane-df/,eventos,concierto;fotos;naka-naka;negative-youth;pictureplane;ritualz,True,A
2011-05-04,RITUALZ REMIXED,jc,/ritualz-remixed/,/ritualz-remixed-5ec3fc/index.html,20131126102400,https://web.archive.org/web/20131126102400id_/http://negativeyouth.net/ritualz-remixed/,musica,blissed-out;download;funerals;glass-popcorn;impulso;mp3;naka-naka;remix;ritualz;stream;teehn-bwitches;unison,True,A
2011-05-05,18+,jc,/18/,/18-e0fd53/index.html,20131126110328,https://web.archive.org/web/20131126110328id_/http://negativeyouth.net/18/,video,18;video,True,A
2011-05-05,HOLLAGRAMZ VS BLISSED OUT,jc,/hollagramz-vs-blissed-out/,/hollagramz-vs-blissed-out-3935dc/index.html,20131126125729,https://web.archive.org/web/20131126125729id_/http://negativeyouth.net/hollagramz-vs-blissed-out/,musica,blissed-out;download;hollagramz;mp3;remix,True,A
2011-05-06,INNERGAZE,jc,/innergaze/,/innergaze-43b690/index.html,20131126095739,https://web.archive.org/web/20131126095739id_/http://negativeyouth.net/innergaze/,musica;video,innergaze;stream;video,True,A
2011-05-08,LITURGY - RETURNER,jc,/liturgy-returner/,/liturgy-returner-97aa80/index.html,20131126105157,https://web.archive.org/web/20131126105157id_/http://negativeyouth.net/liturgy-returner/,video,black-metal;dominguero;liturgy;video,True,A
2011-05-09,LOS ANGELES EN ASIA,jc,/los-angeles-en-asia/,/los-angeles-en-asia-713fd5/index.html,20131126121709,https://web.archive.org/web/20131126121709id_/http://negativeyouth.net/los-angeles-en-asia/,video,jj;sincerely-yours;video,True,A
2011-05-09,SLEEP ∞ OVER - CASUAL DIAMOND (PHYSICAL THERAPY REMIX),jc,/sleep-%E2%88%9E-over-casual-diamond-physical-therapy-remix/,/sleep-over-casual-diamond-physical-therapy-remix-48c14f/index.html,20131126113403,https://web.archive.org/web/20131126113403id_/http://negativeyouth.net/sleep-%E2%88%9E-over-casual-diamond-physical-therapy-remix/,musica,hippos-in-tanks;mp3;physical-therapy;sleep-∞-over,True,A
2011-05-11,TEARIST - DISPOSITION,jc,/tearist-disposition/,/tearist-disposition-a4b43d/index.html,20131126092353,https://web.archive.org/web/20131126092353id_/http://negativeyouth.net/tearist-disposition/,video,tearist;video,True,A
2011-05-11,THEE PHYSICAL,jc,/thee-physical/,/thee-physical-f05ec1/index.html,20131126093724,https://web.archive.org/web/20131126093724id_/http://negativeyouth.net/thee-physical/,musica,lovepump-united;mp3;pictureplane,True,A
2011-05-12,TEEHN BWITCHES - B133D N D13,jc,/teehn-bwitches-b133d-n-d13/,/teehn-bwitches-b133d-n-d13-7b63f2/index.html,20131126101341,https://web.archive.org/web/20131126101341id_/http://negativeyouth.net/teehn-bwitches-b133d-n-d13/,video,teehn-bwitches;video,True,A
2011-05-12,THE WEEKND,jc,/the-weeknd/,/the-weeknd-e4dd51/index.html,20131126090240,https://web.archive.org/web/20131126090240id_/http://negativeyouth.net/the-weeknd/,musica;video,altb;disco-gratis;download;mp3;the-weeknd;video,True,A
2011-05-14,DISARO // O F F,jc,/disaro-o-f-f/,/disaro-o-f-f-dbbbab/index.html,20131126094653,https://web.archive.org/web/20131126094653id_/http://negativeyouth.net/disaro-o-f-f/,musica,chisme;disaro;grill-grill;off;stream,True,A
2011-05-14,TEEN WITCH - 3D SLUT II,jc,/teen-witch-3d-slut-ii/,/teen-witch-3d-slut-ii-29955d/index.html,20131126093717,https://web.archive.org/web/20131126093717id_/http://negativeyouth.net/teen-witch-3d-slut-ii/,musica,mix;mp3;ratcatchers;stream;teen-witch,True,A
2011-05-16,CLAMS CASINO - I'M GOD (INSTRUMENTAL),eduardo-caudilio,/clams-casino-im-god-instrumental/,/clams-casino-im-god-instrumental-bf71df/index.html,20131126094158,https://web.archive.org/web/20131126094158id_/http://negativeyouth.net/clams-casino-im-god-instrumental/,musica;video,clams-casino;lil-b;mp3;tri-angle;video,True,A
2011-05-16,CREEP + NINA SKY,jc,/creep-nina-sky/,/creep-nina-sky-a714ae/index.html,20131126110245,https://web.archive.org/web/20131126110245id_/http://negativeyouth.net/creep-nina-sky/,video,creep;nina-sky;video,True,A
2011-05-18,BRENMAR - TAKING IT DOWN,jc,/brenmar-taking-it-down/,/brenmar-taking-it-down-a96ce3/index.html,20131126110749,https://web.archive.org/web/20131126110749id_/http://negativeyouth.net/brenmar-taking-it-down/,video,brenmar;video,True,A
2011-05-18,LE1F,jc,/le1f/,/le1f-212318/index.html,20131126111109,https://web.archive.org/web/20131126111109id_/http://negativeyouth.net/le1f/,musica,diy;le1f;stream,True,A
2011-05-18,TELEPATHE - THROW AWAY THIS,jc,/telepathe-throw-away-this/,/telepathe-throw-away-this-6cb6ef/index.html,20131126122353,https://web.archive.org/web/20131126122353id_/http://negativeyouth.net/telepathe-throw-away-this/,musica,mp3;telepathe;white-iris,True,A
2011-05-19,YUNG JAKE - DATAMOSH,jc,/yung-jake-datamosh/,/yung-jake-datamosh-e6d6d7/index.html,20131126105139,https://web.archive.org/web/20131126105139id_/http://negativeyouth.net/yung-jake-datamosh/,musica;video,mp3;net-art;swag;video;yung-jake,True,A
2011-05-20,JHENE AIKO - STRANGER (NGUZUNGUZU RMX),jc,/jhene-aiko-stranger-nguzunguzu-rmx/,/jhene-aiko-stranger-nguzunguzu-rmx-7c49fc/index.html,20131126105254,https://web.archive.org/web/20131126105254id_/http://negativeyouth.net/jhene-aiko-stranger-nguzunguzu-rmx/,musica,jhene-aiko;mp3;nguzunguzu,True,A
2011-05-20,KREAYSHAWN,jc,/kreayshawn/,/kreayshawn-efa249/index.html,20131126100810,https://web.archive.org/web/20131126100810id_/http://negativeyouth.net/kreayshawn/,video,kreayshawn;lil-b;video,True,A
2011-05-23,REAL IS A FEELING,jc,/real-is-a-feeling/,/real-is-a-feeling-3f1fef/index.html,20131126091510,https://web.archive.org/web/20131126091510id_/http://negativeyouth.net/real-is-a-feeling/,video,pictureplane;sterling-crispin;video,True,A+C
2011-05-26,DANI SHIVERS - WITCH,eduardo-caudilio,/dani-shivers-witch/,/dani-shivers-witch-53afdd/index.html,20131126105145,https://web.archive.org/web/20131126105145id_/http://negativeyouth.net/dani-shivers-witch/,video,dani-shivers;tijuana;video,True,A+C
2011-05-26,LEONORA CARRINGTON,jc,/leonora-carrington/,/leonora-carrington-1408fb/index.html,20131126110513,https://web.archive.org/web/20131126110513id_/http://negativeyouth.net/leonora-carrington/,uncategorized,arte;leonora-carrington;noticias;rip;triste,True,A+C
2011-05-26,WITH U,jc,/with-u/,/with-u-ba71cc/index.html,20131126113208,https://web.archive.org/web/20131126113208id_/http://negativeyouth.net/with-u/,musica,holy-other;stream;tri-angle,True,A+C
2011-05-31,APOCALYPTIC BOTE SHAKING,cas,/apocalyptic-bote-shaking/,/apocalyptic-bote-shaking-fdabc6/index.html,20131126085648,https://web.archive.org/web/20131126085648id_/http://negativeyouth.net/apocalyptic-bote-shaking/,musica,disco-gratis;mp3;reggothon;rizzla,True,A+C
2011-06-03,FANTORAMA DRAMA PLUS,cas,/fantorama-drama-plus/,/fantorama-drama-plus-4e0d7f/index.html,20131126113330,https://web.archive.org/web/20131126113330id_/http://negativeyouth.net/fantorama-drama-plus/,video,naka-naka;video,True,A
2011-06-03,KIDCITY,cas,/kidcity/,/kidcity-e9a429/index.html,20131126111525,https://web.archive.org/web/20131126111525id_/http://negativeyouth.net/kidcity/,musica,clip-hop;disco-gratis;download;kidcity;mp3,True,A
2011-06-04,APACHE WARRIOR,eduardo-caudilio,/apache-warrior/,/apache-warrior-c04b21/index.html,20131126121716,https://web.archive.org/web/20131126121716id_/http://negativeyouth.net/apache-warrior/,musica,dj-javier-estrada;monterrey;mp3;stream,True,A
2011-06-04,DRONES,cas,/drones/,/drones-8d2adf/index.html,20131126094956,https://web.archive.org/web/20131126094956id_/http://negativeyouth.net/drones/,video,blissed-out;bl§§d-øu†;video,True,A
2011-06-06,VAGINA VANGI - LOCKED FOREVER,eduardo-caudilio,/vagina-vangi-locked-forever/,/vagina-vangi-locked-forever-584730/index.html,20131126122428,https://web.archive.org/web/20131126122428id_/http://negativeyouth.net/vagina-vangi-locked-forever/,musica,bandcamp;ep;mp3;resena;rusia;unison;vagina-vangi,True,A
2011-06-07,"BALAM ACAB - OH, WHY",eduardo-caudilio,/balam-acab-oh-why/,/balam-acab-oh-why-8b5881/index.html,20131126100803,https://web.archive.org/web/20131126100803id_/http://negativeyouth.net/balam-acab-oh-why/,musica,balam-acab;mp3;tri-angle,True,A
2011-06-07,LAUREL HALO - HOUR LOGIC,eduardo-caudilio,/laurel-halo-hour-logic/,/laurel-halo-hour-logic-6f1583/index.html,20131126094803,https://web.archive.org/web/20131126094803id_/http://negativeyouth.net/laurel-halo-hour-logic/,musica,hippos-in-tanks;laurel-halo;stream,True,A
2011-06-10,LOVE-FINE &#038; STONED BOYS LIVE IN KAZAN,eduardo-caudilio,/love-fine-stoned-boys-live-in-kazan/,/love-fine-stoned-boys-live-in-kazan-467742/index.html,20131126091844,https://web.archive.org/web/20131126091844id_/http://negativeyouth.net/love-fine-stoned-boys-live-in-kazan/,video,live;love-fine;pictureplane;stoned-boys,True,A
2011-06-13,ALEXICO SE PONE BILET CON VEGAN CANNIBAL,cas,/alexico-se-pone-bilet-con-vegan-cannibal/,/alexico-se-pone-bilet-con-vegan-cannibal-b9830f/index.html,20131126090417,https://web.archive.org/web/20131126090417id_/http://negativeyouth.net/alexico-se-pone-bilet-con-vegan-cannibal/,eventos,alexico;at-negative-house;fiesta;negative-youth;vegan-cannibal,True,A
2011-06-14,OPENING: BOTIQUÍN BY PETIT PISTOLETTE,cas,/opening-botiquin-by-petit-pistolette/,/opening-botiquin-by-petit-pistolette-110435/index.html,20131126100706,https://web.archive.org/web/20131126100706id_/http://negativeyouth.net/opening-botiquin-by-petit-pistolette/,eventos,drugs-for-drunks;lolshe;opening;petit-pistolette;yvan-fiend,True,A
2011-06-15,WE ARE ALL POST PHYSICAL,jc,/post-physical/,/post-physical-e499bf/index.html,20131126112755,https://web.archive.org/web/20131126112755id_/http://negativeyouth.net/post-physical/,musica,mp3;pictureplane;stream,True,A
2011-06-16,LADYTRON DISCOVERS WITCH HOUSE,cas,/ladytron-discovers-witch-house/,/ladytron-discovers-witch-house-38e273/index.html,20131126085612,https://web.archive.org/web/20131126085612id_/http://negativeyouth.net/ladytron-discovers-witch-house/,musica,ladytron;mp3;stream,True,A
2011-06-16,VEGAN CANNIBAL,eduardo-caudilio,/vegan-cannibal/,/vegan-cannibal-f523de/index.html,20131126093612,https://web.archive.org/web/20131126093612id_/http://negativeyouth.net/vegan-cannibal/,musica,alexico;mp3;negative-house;soundcloud;vegan-cannibal,True,A
2011-06-18,QUE QUE,jc,/que-que/,/que-que-f2b96d/index.html,20131126105902,https://web.archive.org/web/20131126105902id_/http://negativeyouth.net/que-que/,video,dillon-francis;diplo;karmaloop;lil-internet;maluca;video,True,A
2011-06-23,SALEM REMIXEA A BLONDE REDHEAD,eduardo-caudilio,/salem-remixea-a-blonde-redhead/,/salem-remixea-a-blonde-redhead-3ac2fb/index.html,20131126100634,https://web.archive.org/web/20131126100634id_/http://negativeyouth.net/salem-remixea-a-blonde-redhead/,musica,blonde-redhead;mp3;remix;salem,True,A
2011-06-24,KATIE KATIE KATIE,cas,/katie-katie-katie/,/katie-katie-katie-6c098a/index.html,20131126112655,https://web.archive.org/web/20131126112655id_/http://negativeyouth.net/katie-katie-katie/,musica,blissed-out;dis-magazine;download;gatekeeper;glass-popcorn;max-barbaria;mixtape;pictureplane;ryan-trecartin;ryder-ripps,True,A
2011-06-25,TRANCE FOREVER,jc,/trance-forever/,/trance-forever-c7a271/index.html,20131126102253,https://web.archive.org/web/20131126102253id_/http://negativeyouth.net/trance-forever/,musica,download;mixtape;mp3;tabor-robak;thunder-horse;trance-forever,True,A
2011-06-27,NO BUENO,jc,/no-bueno/,/no-bueno-b0bc35/index.html,20131126100651,https://web.archive.org/web/20131126100651id_/http://negativeyouth.net/no-bueno/,musica,nadia-oh;stream;verano,True,A+C
2011-06-27,RHINOCEROPOLIS ANTHEM,jc,/rhinoceropolis-anthem/,/rhinoceropolis-anthem-7e2f63/index.html,20131126112412,https://web.archive.org/web/20131126112412id_/http://negativeyouth.net/rhinoceropolis-anthem/,musica;video,download;lil-internet;mp3;musica-del-futuro;pictureplane;rhinoceropolis,True,A+C
2011-06-28,TOTAL ACCOPLISHMENT LIVE,eduardo-caudilio,/total-accoplishment-live/,/total-accoplishment-live-14f390/index.html,20131126121810,https://web.archive.org/web/20131126121810id_/http://negativeyouth.net/total-accoplishment-live/,eventos,at-negative-house;holly-herndon;scott-afford;total-accomplishment;vegan-cannibal,True,A+C
2011-06-29,XENO &#038; OAKLANDER - THE STAIRCASE,eduardo-caudilio,/xeno-oaklander-the-staircase/,/xeno-oaklander-the-staircase-b8e244/index.html,20131126094628,https://web.archive.org/web/20131126094628id_/http://negativeyouth.net/xeno-oaklander-the-staircase/,musica;video,mp3;video;wierd-records;xeno-oaklander,True,A+C
2011-06-29,ZOLA JESUS - VESSEL,eduardo-caudilio,/zola-jesus-vessel/,/zola-jesus-vessel-aeedb4/index.html,20131126093505,https://web.archive.org/web/20131126093505id_/http://negativeyouth.net/zola-jesus-vessel/,musica,mp3;zola-jesus,True,A+C
2011-07-01,RITUALZ - NEGATIVE YOUTH SUMMER MIX,cas,/ritualz-negative-youth-summer-mix/,/ritualz-negative-youth-summer-mix-55f4a5/index.html,20131005002253,https://web.archive.org/web/20131005002253id_/http://negativeyouth.net/ritualz-negative-youth-summer-mix/,mixtapes;musica,download;mixtape;mp3;ritualz;†‡†,True,A
2011-07-05,HEAT,jc,/heat/,/heat-c7473f/index.html,20131126091950,https://web.archive.org/web/20131126091950id_/http://negativeyouth.net/heat/,musica,download;mp3;ritualz;stream;super-super;verano,True,A
2011-07-08,YOU'RE NOW LISTENING TO ARAABMUZIK,jc,/araabmuzik/,/araabmuzik-29410f/index.html,20131126112506,https://web.archive.org/web/20131126112506id_/http://negativeyouth.net/araabmuzik/,musica,araabmuzik;dipset;download;mp3,True,A
2011-07-11,ACTUALLY,jc,/actually/,/actually-47255b/index.html,20131126111139,https://web.archive.org/web/20131126111139id_/http://negativeyouth.net/actually/,musica,actually;stream,True,A
2011-07-12,THEEPHYSICAL.COM,eduardo-caudilio,/theephysical-com/,/theephysical-com-69da2b/index.html,20131126110413,https://web.archive.org/web/20131126110413id_/http://negativeyouth.net/theephysical-com/,musica,mp3;pictureplane;stream;thee-physical,True,A
2011-07-13,APART,jc,/apart/,/apart-657fad/index.html,20131126094120,https://web.archive.org/web/20131126094120id_/http://negativeyouth.net/apart/,musica,balam-acab;stream;tri-angle,True,A
2011-07-14,HARD DESTINY LIVE MIXTAPE,jc,/hard-destiny-live-mixtape/,/hard-destiny-live-mixtape-ae66f4/index.html,20131126112914,https://web.archive.org/web/20131126112914id_/http://negativeyouth.net/hard-destiny-live-mixtape/,musica,download;ghe20-gothik;mixtape;mp3;stream;venus-x,True,A
2011-07-14,NIKE7UP MIXTAPE JULY 2011,jc,/nike7up-mixtape-july-2011/,/nike7up-mixtape-july-2011-84eb41/index.html,20131126112932,https://web.archive.org/web/20131126112932id_/http://negativeyouth.net/nike7up-mixtape-july-2011/,musica,cult-of-now;download;mixtape;mp3;nike7up;super-super,True,A
2011-07-14,TEETH - CARE BEAR,jc,/teeth-care-bear/,/teeth-care-bear-59e0c9/index.html,20131126094242,https://web.archive.org/web/20131126094242id_/http://negativeyouth.net/teeth-care-bear/,video,teeth;video,True,A
2011-07-15,#FF @PICTUREPLANE,jc,/ff-pictureplane/,/ff-pictureplane-ef327d/index.html,20131126104706,https://web.archive.org/web/20131126104706id_/http://negativeyouth.net/ff-pictureplane/,video,2012;pictureplane;video,True,A
2011-07-18,SOFT METALS,jc,/soft-metals/,/soft-metals-8d8902/index.html,20131126122301,https://web.archive.org/web/20131126122301id_/http://negativeyouth.net/soft-metals/,musica,altered-zones;captured-tracks;download;mp3;soft-metals;stream,True,A
2011-07-19,MAJICAL CLOUDZ,eduardo-caudilio,/majical-cloudz/,/majical-cloudz-76c2fa/index.html,20131126095902,https://web.archive.org/web/20131126095902id_/http://negativeyouth.net/majical-cloudz/,musica,arbutus;download;grimes;majical-cloudz;mp3,True,A
2011-07-19,o F F/Gr†llGr†ll - HAPPY FACE,eduardo-caudilio,/o-f-fgr%E2%80%A0llgr%E2%80%A0ll-happy-face/,/o-f-fgr-llgr-ll-happy-face-e5241d/index.html,20131126094051,https://web.archive.org/web/20131126094051id_/http://negativeyouth.net/o-f-fgr%E2%80%A0llgr%E2%80%A0ll-happy-face/,musica,bandcamp;grill-grill;off;stream,True,A
2011-07-20,NEGATIVE YOUTH EN ENSENADA,cas,/negative-youth-en-ensenada/,/negative-youth-en-ensenada-514817/index.html,20131126102137,https://web.archive.org/web/20131126102137id_/http://negativeyouth.net/negative-youth-en-ensenada/,eventos,dani-shivers;ensenada;eventos;teehn-bwitches,True,A+C
2011-07-25,DARK KILLER DANCE NIGHT,eduardo-caudilio,/dark-killer-dance-night/,/dark-killer-dance-night-f8eb38/index.html,20131126122150,https://web.archive.org/web/20131126122150id_/http://negativeyouth.net/dark-killer-dance-night/,eventos,arte;casino-metropolitano;colaboraciones;dj-maquina-de-muerte;eventos;lorelle-meets-the-obsolete;negative-youth;sangree;vegan-cannibal,True,A+C
2011-07-25,UNPOPSHOPNESS,cas,/unpopshopness/,/unpopshopness-16ee3d/index.html,20131126110524,https://web.archive.org/web/20131126110524id_/http://negativeyouth.net/unpopshopness/,video,eternity-zone;stream;video,True,A+C
2011-07-26,SUPERMAD,eduardo-caudilio,/supermad/,/supermad-d6fc42/index.html,20131126092029,https://web.archive.org/web/20131126092029id_/http://negativeyouth.net/supermad/,musica,bandcamp;df;humanoid-mutations;supermad,True,A+C
2011-07-30,DJ MAQUINA DE MUERTE - SANGREE LIVE MIX,jc,/dj-maquina-de-muerte-sangree/,/dj-maquina-de-muerte-sangree-6ad807/index.html,20131126112703,https://web.archive.org/web/20131126112703id_/http://negativeyouth.net/dj-maquina-de-muerte-sangree/,musica,dj-maquina-de-muerte;download;mix;mp3;negative-youth;sangree;stream,True,A+C
2011-08-01,LORELLE MEETS THE OBSOLETE + VEGAN CANNIBAL - SANGREE LIVE SET,jc,/lorelle-meets-the-obsolete-vegan-cannibal-sangree-live-set/,/lorelle-meets-the-obsolete-vegan-cannibal-sangree-live-set-e08dca/index.html,20131126100909,https://web.archive.org/web/20131126100909id_/http://negativeyouth.net/lorelle-meets-the-obsolete-vegan-cannibal-sangree-live-set/,eventos;musica,download;lorelle-meets-the-obsolete;mp3;negative-youth;sangree;stream;vegan-cannibal,True,A
2011-08-01,UNICORN SLUT,jc,/unicorn-slut/,/unicorn-slut-9497f3/index.html,20131126100512,https://web.archive.org/web/20131126100512id_/http://negativeyouth.net/unicorn-slut/,musica,download;lol;mp3;stream;unicorn-slut;wtf,True,A
2011-08-03,UNITED NATION,eduardo-caudilio,/united-nation/,/united-nation-77a70d/index.html,20131126110833,https://web.archive.org/web/20131126110833id_/http://negativeyouth.net/united-nation/,entrevistas;musica,ayshay;bjork;dis-magazine;ee;entrevista;hatsune-miku;laurel-halo;mp3;ssion;stream;united-nation,True,A
2011-08-04,BLISSED OUT - DRONES (RITUALZ REMIX),jc,/blissed-out-drones-ritualz-remix/,/blissed-out-drones-ritualz-remix-dc8e05/index.html,20131126110153,https://web.archive.org/web/20131126110153id_/http://negativeyouth.net/blissed-out-drones-ritualz-remix/,musica;video,blissed-out;download;mp3;rave;remix;ritualz;stream;video,True,A
2011-08-04,HIGH PLACES - YEAR OFF,jc,/high-places-year-off/,/high-places-year-off-8204c4/index.html,20131126112817,https://web.archive.org/web/20131126112817id_/http://negativeyouth.net/high-places-year-off/,musica,download;high-places;mp3,True,A
2011-08-05,WHITE RING - CHAIND VOL. 1,jc,/white-ring-chaind-vol-1/,/white-ring-chaind-vol-1-aa9c6d/index.html,20131126092400,https://web.archive.org/web/20131126092400id_/http://negativeyouth.net/white-ring-chaind-vol-1/,musica,cocteau-twins;download;fostercare;lil-b;mixtape;mp3;nine-inch-nails;pendu;rick-ross;rihanna;shams;waka-flocka;white-ring,True,A
2011-08-09,D'EON FEAT MARIE JANE - KISS ME,eduardo-caudilio,/deon-feat-marie-jane-kiss-me/,/deon-feat-marie-jane-kiss-me-f92b4d/index.html,20131126112733,https://web.archive.org/web/20131126112733id_/http://negativeyouth.net/deon-feat-marie-jane-kiss-me/,musica,cassie;deon;marie-jane;mp3,True,A
2011-08-09,PICTUREPLANE - NEGATIVE SLAVE,eduardo-caudilio,/pictureplane-negative-slave/,/pictureplane-negative-slave-016e59/index.html,20131126091614,https://web.archive.org/web/20131126091614id_/http://negativeyouth.net/pictureplane-negative-slave/,video,lsd;negative-slave;pictureplane;teotihuacan;thee-physical;video,True,A
2011-08-11,HOLLAGRAMZ - GALACTIC LEASH EP,eduardo-caudilio,/hollagramz-galactic-leash-ep/,/hollagramz-galactic-leash-ep-f7a0cd/index.html,20131126092433,https://web.archive.org/web/20131126092433id_/http://negativeyouth.net/hollagramz-galactic-leash-ep/,musica,bandcamp;download;ep;galactic-leash;hollagramz;mp3,True,A
2011-08-12,EVERYTHING - DEMO EP,eduardo-caudilio,/everything-demo-ep/,/everything-demo-ep-908815/index.html,20131126112926,https://web.archive.org/web/20131126112926id_/http://negativeyouth.net/everything-demo-ep/,musica;video,download;el-resplandor;ep;everything;galeria-yautepec;mp3,True,A
2011-08-15,SELMA OXOR - SIEMPRE EN MI MENTE,eduardo-caudilio,/selma-oxor-siempre-en-mi-mente/,/selma-oxor-siempre-en-mi-mente-2635f3/index.html,20131126102316,https://web.archive.org/web/20131126102316id_/http://negativeyouth.net/selma-oxor-siempre-en-mi-mente/,musica,download;mp3;selma-oxor;vale-vergas-discos,True,A
2011-08-16,BADD,cas,/badd/,/badd-fc2dd4/index.html,20131126125745,https://web.archive.org/web/20131126125745id_/http://negativeyouth.net/badd/,musica,download;mp3;teehn-bwitches,True,A
2011-08-19,ROMANTIC STREAMS (ÑAKA ÑAKA'S RIO DE LAVA MIX),jc,/romantic-streams-naka-nakas-rio-de-lava-mix/,/romantic-streams-naka-nakas-rio-de-lava-mix-e470dd/index.html,20131126110202,https://web.archive.org/web/20131126110202id_/http://negativeyouth.net/romantic-streams-naka-nakas-rio-de-lava-mix/,musica,download;el-futuro-de-mexico;mp3;naka-naka;remix;sleep-over;stream,True,A
2011-08-19,THURSDAY,jc,/thursday/,/thursday-1226a2/index.html,20131126112647,https://web.archive.org/web/20131126112647id_/http://negativeyouth.net/thursday/,musica,download;mixtape;mp3;the-weeknd,True,A
2011-08-20,SOFT METALS - VOICES,eduardo-caudilio,/soft-metals-voices/,/soft-metals-voices-67cba1/index.html,20131126125805,https://web.archive.org/web/20131126125805id_/http://negativeyouth.net/soft-metals-voices/,video,soft-metals;video,True,A
2011-08-22,GOOD AMOUNT - ORANGE PACK (GLASS POPCORN REMIX),eduardo-caudilio,/good-amount-orange-pack-glass-popcorn-remix/,/good-amount-orange-pack-glass-popcorn-remix-173e96/index.html,20131126110422,https://web.archive.org/web/20131126110422id_/http://negativeyouth.net/good-amount-orange-pack-glass-popcorn-remix/,musica,bandcamp;download;glass-popcorn;good-amount;mp3;remix,True,A
2011-08-23,ELITE GYMNASTICS,jc,/elite-gymnastics/,/elite-gymnastics-27149d/index.html,20131126102150,https://web.archive.org/web/20131126102150id_/http://negativeyouth.net/elite-gymnastics/,entrevistas,elite-gymnastics;entrevista,True,A
2011-08-24,DJ ONE DESTINY - 100BACK2SCHOOL200 MIX,jc,/dj-one-destiny-100back2school200-mix/,/dj-one-destiny-100back2school200-mix-3fd8fe/index.html,20131126110721,https://web.archive.org/web/20131126110721id_/http://negativeyouth.net/dj-one-destiny-100back2school200-mix/,mixtapes,dj-one-destiny;download;mix;mixtape;mp3;negative-youth,True,A
2011-08-25,TWIN-GEMZ,jc,/twin-gemz/,/twin-gemz-31d19e/index.html,20131126095810,https://web.archive.org/web/20131126095810id_/http://negativeyouth.net/twin-gemz/,musica,awesome;musica-del-futuro;stream;twin-gemz,True,A+C
2011-08-29,☯ FREAK OUT!! ☯,jc,/freak-out/,/freak-out-ec1660/index.html,20131126104543,https://web.archive.org/web/20131126104543id_/http://negativeyouth.net/freak-out/,eventos,bahia-bar;dj-maquina-de-muerte;dj-one-destiny;fiesta;freak-out;negative-youth;superhi;supermad;☯,True,A+C
2011-08-29,LOS MACUANOS LE AFILAN EL CUCHILLO A DANI SHIVERS,cas,/los-macuanos-afilan-el-cuchillo-a-dani-shivers/,/los-macuanos-afilan-el-cuchillo-a-dani-shivers-ff703a/index.html,20131126101350,https://web.archive.org/web/20131126101350id_/http://negativeyouth.net/los-macuanos-afilan-el-cuchillo-a-dani-shivers/,musica,dani-shivers;los-macuanos;tijuana,True,A+C
2011-08-30,TEETH - FLOWERS,jc,/teeth-flowers/,/teeth-flowers-b35893/index.html,20131126104655,https://web.archive.org/web/20131126104655id_/http://negativeyouth.net/teeth-flowers/,musica,moshi-moshi;stream;teeth,True,A+C
2011-08-31,BABY SLOTH SPIRIT,eduardo-caudilio,/baby-sloth-spirit/,/baby-sloth-spirit-87bbf9/index.html,20131126112853,https://web.archive.org/web/20131126112853id_/http://negativeyouth.net/baby-sloth-spirit/,musica,baby-sloth-spirit;bandcamp;bryan-kusenda;download;mediafire;mp3,True,A+C
2011-09-01,ECSTASY MOTHERFUCKERS,jc,/ecstasy-motherfuckers/,/ecstasy-motherfuckers-8f34ff/index.html,20131126121942,https://web.archive.org/web/20131126121942id_/http://negativeyouth.net/ecstasy-motherfuckers/,musica,download;mix;mixtape;mp3;stream;supermad,True,A
2011-09-01,HEALTH - GOTH STAR (PICTUREPLANE COVER),eduardo-caudilio,/health-goth-star-pictureplane-cover/,/health-goth-star-pictureplane-cover-6479f3/index.html,20131126110735,https://web.archive.org/web/20131126110735id_/http://negativeyouth.net/health-goth-star-pictureplane-cover/,musica,cover;download;health;mp3;pictrure,True,A
2011-09-02,VIDEO: SLEEP ∞ OVER - CASUAL DIAMOND,jc,/video-sleep-%E2%88%9E-over-casual-diamond/,/video-sleep-over-casual-diamond-400d51/index.html,20131126091943,https://web.archive.org/web/20131126091943id_/http://negativeyouth.net/video-sleep-%E2%88%9E-over-casual-diamond/,video,hippos-in-tanks;sleep-over;sleep-∞-over,True,A
2011-09-09,ALTERNATIVE ULSTER &#038; SUB ROSA,jc,/alternative-ulster-sub-rosa/,/alternative-ulster-sub-rosa-c5a159/index.html,20130729084740,https://web.archive.org/web/20130729084740id_/http://negativeyouth.net/alternative-ulster-sub-rosa/,entrevistas;moda,alternative-ulster-sub-rosa;annie-su;health;pictureplane;tearist,True,A
2011-09-12,DAS RACIST - MICHAEL JACKSON,eduardo-caudilio,/das-racist-michael-jackson/,/das-racist-michael-jackson-80d96e/index.html,20131126112817,https://web.archive.org/web/20131126112817id_/http://negativeyouth.net/das-racist-michael-jackson/,video,das-racist;michael-jackson;video,True,A
2011-09-12,RESEÑA: UNISON - UNISON,jc,/resena-unison-unison/,/resena-unison-unison-2d9a00/index.html,20131126122053,https://web.archive.org/web/20131126122053id_/http://negativeyouth.net/resena-unison-unison/,resenas,2011;download;lentonia-records;mp3;resena;unison,True,A
2011-09-13,ACTIVE CHILD + HOW TO DRESS WELL,jc,/active-child-how-to-dress-well/,/active-child-how-to-dress-well-d95ec0/index.html,20131126100627,https://web.archive.org/web/20131126100627id_/http://negativeyouth.net/active-child-how-to-dress-well/,video,active-child;how-to-dress-well,True,A
2011-09-13,RESEÑA: NEON INDIAN - ERA EXTRAÑA,eduardo-caudilio,/resena-neon-indian-era-extrana/,/resena-neon-indian-era-extrana-dbbae4/index.html,20131126091449,https://web.archive.org/web/20131126091449id_/http://negativeyouth.net/resena-neon-indian-era-extrana/,resenas,alan-palomo;era-extrana;ghost-hustler;mom-pop-music;mp3;neon-indian;resena;vega;video,True,A
2011-09-14,RESEÑA: TORO Y MOI - FREAKING OUT EP,maida,/toro-y-moi-freaking-out-ep/,/toro-y-moi-freaking-out-ep-1708fa/index.html,20131126100713,https://web.archive.org/web/20131126100713id_/http://negativeyouth.net/toro-y-moi-freaking-out-ep/,resenas,download;mp3;resena;toro-y-moi,True,A
2011-09-15,VIDEO: SALEM - KING NIGHT,cas,/video-salem-king-night/,/video-salem-king-night-07d252/index.html,20131126112333,https://web.archive.org/web/20131126112333id_/http://negativeyouth.net/video-salem-king-night/,video,salem;video,True,A
2011-09-18,BUTTERCLOCK - HUSTLING (FEAT. oOoOO),jc,/butterclock-hustling-feat-ooooo/,/butterclock-hustling-feat-ooooo-1353e9/index.html,20131126095844,https://web.archive.org/web/20131126095844id_/http://negativeyouth.net/butterclock-hustling-feat-ooooo/,musica,butterclock;ooooo;rick-ross;stream,True,A
2011-09-19,UNICORN KID - BOYS OF PARADISE,eduardo-caudilio,/unicorn-kid-boys-of-paradise/,/unicorn-kid-boys-of-paradise-450ae0/index.html,20131126125902,https://web.archive.org/web/20131126125902id_/http://negativeyouth.net/unicorn-kid-boys-of-paradise/,musica;video,download;mp3;unicorn-kid;video,True,A
2011-09-19,YUNG JAKE,eduardo-caudilio,/yung-jake/,/yung-jake-6c6037/index.html,20131126110236,https://web.archive.org/web/20131126110236id_/http://negativeyouth.net/yung-jake/,entrevistas;musica;video,3d;animated-gif;arte;download;entrevista;gif;mp3;video;yung-jake,True,A
2011-09-20,UNISON - BROTHERS &#038; SISTERS (LIVE),eduardo-caudilio,/unison-brothers-sisters-live/,/unison-brothers-sisters-live-0528d8/index.html,20131126095732,https://web.archive.org/web/20131126095732id_/http://negativeyouth.net/unison-brothers-sisters-live/,video,live;unison;video,True,A
2011-09-22,RESEÑA: TEETH - WHATEVER,jc,/resena-teeth-whatever/,/resena-teeth-whatever-856006/index.html,20131126114515,https://web.archive.org/web/20131126114515id_/http://negativeyouth.net/resena-teeth-whatever/,resenas,download;moshi-moshi;mp3;resena;teeth,True,A
2011-09-22,SPC ECO,jc,/spc-eco/,/spc-eco-b686ac/index.html,20131126110448,https://web.archive.org/web/20131126110448id_/http://negativeyouth.net/spc-eco/,musica,bandcamp;big-fat-world;namedropping;spc-eco;stream,True,A
2011-09-23,CVLT CLASSICS - HUN CAMÉ,eduardo-caudilio,/cvlt-classics-hun-came/,/cvlt-classics-hun-came-d9f2e0/index.html,20131126113220,https://web.archive.org/web/20131126113220id_/http://negativeyouth.net/cvlt-classics-hun-came/,musica,cvlt-classics;download;mp3,True,A
2011-09-27,FINALLY BOYS,jc,/finally-boys/,/finally-boys-2e00ca/index.html,20131126102410,https://web.archive.org/web/20131126102410id_/http://negativeyouth.net/finally-boys/,musica,download;finally-boys;mp3;stream,True,A
2011-09-27,TAMARA SKY // LIL DEATH,jc,/tamara-sky-lil-death/,/tamara-sky-lil-death-d508c5/index.html,20131126102131,https://web.archive.org/web/20131126102131id_/http://negativeyouth.net/tamara-sky-lil-death/,musica,download;lil-death;mixtape;mp3;overthrow;tamara-sky,True,A
2011-09-28,RESEÑA: VNV NATION - AUTOMATIC,jc,/vnv-nation-automatic/,/vnv-nation-automatic-438df7/index.html,20131126094738,https://web.archive.org/web/20131126094738id_/http://negativeyouth.net/vnv-nation-automatic/,resenas,anachron-records;resena;vnv-nation,True,A+C
2011-09-29,AMERICAN JUGGALO,jc,/american-juggalo/,/american-juggalo-982dc7/index.html,20131126113132,https://web.archive.org/web/20131126113132id_/http://negativeyouth.net/american-juggalo/,video,american-juggalo;corto;documental;insane-clown-posse;juggalette;juggalo;pregnant-woman-smoking;sean-dunne,True,A+C
2011-09-29,BLACKMILK,ella,/blackmilk/,/blackmilk-8a2ff5/index.html,20131126091630,https://web.archive.org/web/20131126091630id_/http://negativeyouth.net/blackmilk/,moda,blackmilk;moda,True,A+C
2011-09-30,RESEÑA: SLEEP ∞ OVER - FOREVER,eduardo-caudilio,/resena-sleep-%E2%88%9E-over-forever/,/resena-sleep-over-forever-d33aec/index.html,20131126102925,https://web.archive.org/web/20131126102925id_/http://negativeyouth.net/resena-sleep-%E2%88%9E-over-forever/,musica;resenas,boy-friend;download;hippos-in-tanks;mp3;resena;sleep-∞-over,True,A+C
2011-09-30,YUNG JAKE - ONE TRACK MIXTAPES,eduardo-caudilio,/yung-jake-one-track-mixtapes/,/yung-jake-one-track-mixtapes-5ce5e5/index.html,20131126100736,https://web.archive.org/web/20131126100736id_/http://negativeyouth.net/yung-jake-one-track-mixtapes/,musica,download;max-barbaria;mp3;yung-jake,True,A+C
2011-10-04,LORELLE MEETS THE OBSOLETE - THESE DAYS,eduardo-caudilio,/lorelle-meets-the-obsolete-these-days/,/lorelle-meets-the-obsolete-these-days-c61744/index.html,20131126085903,https://web.archive.org/web/20131126085903id_/http://negativeyouth.net/lorelle-meets-the-obsolete-these-days/,video,1llum1n471-pr1nc3ss;jaime-martinez;lorelle-meets-the-obsolete;video,True,A
2011-10-05,RIKSLYD FEAT HOUSE OF DRAMA - OBSEXED,eduardo-caudilio,/rikslyd-feat-house-of-drama-obsexed/,/rikslyd-feat-house-of-drama-obsexed-bfaea8/index.html,20131126120157,https://web.archive.org/web/20131126120157id_/http://negativeyouth.net/rikslyd-feat-house-of-drama-obsexed/,video,house-of-drama;obsexed;rikslyd;video;ylva-falk,True,A
2011-10-06,NGUZUNGUZU + KINGDOM + TOTAL FREEDOM EN MEXICO,jc,/nguzunguzu-kingdom-total-freedom-en-mexico/,/nguzunguzu-kingdom-total-freedom-en-mexico-105147/index.html,20131126112835,https://web.archive.org/web/20131126112835id_/http://negativeyouth.net/nguzunguzu-kingdom-total-freedom-en-mexico/,eventos;musica,401;bass;fiesta;kingdom;naafi;nguzunguzu;paul-marmota;total-freedom;uforia,True,A
2011-10-09,SYNTHETIK,jc,/synthetik/,/synthetik-4def17/index.html,20131126094820,https://web.archive.org/web/20131126094820id_/http://negativeyouth.net/synthetik/,video,dominguero;htrk;video,True,A
2011-10-10,ÑAKA ÑAKA - EL PEQUEÑO EDGAR EP,eduardo-caudilio,/naka-naka-el-pequeno-edgar-ep/,/naka-naka-el-pequeno-edgar-ep-acc6a8/index.html,20131126105151,https://web.archive.org/web/20131126105151id_/http://negativeyouth.net/naka-naka-el-pequeno-edgar-ep/,musica,cuna-de-lobos;download;el-pequeno-edgar;ep;mp3;naka-naka;producciones-modernas;simona;soundcloud;telenovela,True,A
2011-10-11,HIGH PLACES - SOPHIA,jc,/high-places-sophia/,/high-places-sophia-d46315/index.html,20131126121803,https://web.archive.org/web/20131126121803id_/http://negativeyouth.net/high-places-sophia/,video,busy-gagnes;high-places;telepathe;video,True,A
2011-10-11,PRE HALLOWEEN EN EL UNDER,eduardo-caudilio,/pre-halloween-en-el-under/,/pre-halloween-en-el-under-6ea21a/index.html,20131126094937,https://web.archive.org/web/20131126094937id_/http://negativeyouth.net/pre-halloween-en-el-under/,eventos,cine-mexico;d4d;dani-shivers;drugs-for-drunks;el-real-under;eventos;fiesta;live;mushy;negative-youth;petit-pistolette;ritualz;teehn-bwitches,True,A
2011-10-11,SUICIDE DREAM 2 (ELITE GYMNASTICS BAPTISM),jc,/suicide-dream-2-elite-gymnastics-baptism/,/suicide-dream-2-elite-gymnastics-baptism-23193c/index.html,20131126110253,https://web.archive.org/web/20131126110253id_/http://negativeyouth.net/suicide-dream-2-elite-gymnastics-baptism/,musica,download;elite-gymnastics;how-to-dress-well;mp3;remix;stream,True,A
2011-10-12,FATIMA AL QADIRI - VATICAN VIBES,eduardo-caudilio,/fatima-al-qadiri-vatican-vibes/,/fatima-al-qadiri-vatican-vibes-64b3b8/index.html,20131126101515,https://web.archive.org/web/20131126101515id_/http://negativeyouth.net/fatima-al-qadiri-vatican-vibes/,video,ayshay;dis-magazine;fatima-al-qadiri;tabor-robak;telfar;the-new-museum;tri-angle;video,True,A
2011-10-14,HD BOYZ - UNZIP,eduardo-caudilio,/hd-boyz-unzip/,/hd-boyz-unzip-1927d8/index.html,20131126094615,https://web.archive.org/web/20131126094615id_/http://negativeyouth.net/hd-boyz-unzip/,video,dis-magazine;hd-boyz;moma-ps1;ryder-ripps;tabor-robak,True,A
2011-10-14,MARIA MINERVA - GLORIA,eduardo-caudilio,/maria-minerva-gloria/,/maria-minerva-gloria-91f609/index.html,20131126092509,https://web.archive.org/web/20131126092509id_/http://negativeyouth.net/maria-minerva-gloria/,musica;video,100-silk;download;maria-minerva;mp3;video,True,A
2011-10-16,PHOTOSHOPPED,jc,/photoshopped/,/photoshopped-f6f4a7/index.html,20131126094745,https://web.archive.org/web/20131126094745id_/http://negativeyouth.net/photoshopped/,video,hd-boyz;moma-ps1;video,True,A
2011-10-18,†† THE COVEN ††,ella,/%E2%80%A0%E2%80%A0-the-coven-%E2%80%A0%E2%80%A0/,/the-coven-6c6c0d/index.html,20131126093518,https://web.archive.org/web/20131126093518id_/http://negativeyouth.net/%E2%80%A0%E2%80%A0-the-coven-%E2%80%A0%E2%80%A0/,entrevistas;moda,entrevista;health;howl-clothing;mishka;moda;the-coven,True,A
2011-10-18,GRIMES - OBLIVION,eduardo-caudilio,/grimes-oblivion/,/grimes-oblivion-efe86a/index.html,20131126110806,https://web.archive.org/web/20131126110806id_/http://negativeyouth.net/grimes-oblivion/,musica,arbutus;claire-boucher;download;grimes;mp3,True,A
2011-10-19,FOSTERCARE - REMIXES 01,cas,/fostercare-remixes-01/,/fostercare-remixes-01-a8ffd9/index.html,20131126093734,https://web.archive.org/web/20131126093734id_/http://negativeyouth.net/fostercare-remixes-01/,uncategorized,antwerp;beacon-warm;diamond-black-hearted-boy;disco-gratis;download;fostercare;konnichiwa-rpg;mp3;pyramids-of-mu;remix;richard-richard;ritualz;tropic-of-cancer;twin-gemz,True,A
2011-10-19,PICTUREPLANE - POST PHYSICAL (PHYSICAL THERAPY PREMIX),eduardo-caudilio,/pictureplane-post-physical-physical-therapy-premix/,/pictureplane-post-physical-physical-therapy-premix-667fb7/index.html,20131126112803,https://web.archive.org/web/20131126112803id_/http://negativeyouth.net/pictureplane-post-physical-physical-therapy-premix/,musica;video,download;mp3;physical-therapy;pictureplane;remix;video,True,A+C
2011-10-19,ZOLA JESUS - VESSEL (VIDEO),eduardo-caudilio,/zola-jesus-vessel-video/,/zola-jesus-vessel-video-b58f7f/index.html,20131126112526,https://web.archive.org/web/20131126112526id_/http://negativeyouth.net/zola-jesus-vessel-video/,video,vessel;video;zola-jesus,True,A
2011-10-24,ÑAKA ÑAKA - EL PEQUEÑO EDGAR (VIDEO),eduardo-caudilio,/naka-naka-el-pequeno-edgar-video/,/naka-naka-el-pequeno-edgar-video-eec185/index.html,20131126094915,https://web.archive.org/web/20131126094915id_/http://negativeyouth.net/naka-naka-el-pequeno-edgar-video/,video,el-pequeno-edgar;naka-naka;video,True,A+C
2011-10-25,RESEÑA: BLISSED OUT - I EP,cas,/resena-blissed-out-i-ep/,/resena-blissed-out-i-ep-994914/index.html,20131126085931,https://web.archive.org/web/20131126085931id_/http://negativeyouth.net/resena-blissed-out-i-ep/,resenas,blissed-out;disco-gratis;download;mp3;resena;ritualz,True,A+C
2011-10-26,DJ JAVIER ESTRADA - ADICTA / FUCK YOU,eduardo-caudilio,/dj-javier-estrada-adicta-fuck-you/,/dj-javier-estrada-adicta-fuck-you-9f63fe/index.html,20131126094948,https://web.archive.org/web/20131126094948id_/http://negativeyouth.net/dj-javier-estrada-adicta-fuck-you/,musica,chippy-nonstop;dj-javier-estrada;soundcloud;stream,True,A+C
2011-10-31,MASTER OF NONE,ella,/master-of-none/,/master-of-none-addd07/index.html,20131126110440,https://web.archive.org/web/20131126110440id_/http://negativeyouth.net/master-of-none/,entrevistas;moda,adrian-glez;centro;master-of-none;moda,True,A+C
2011-11-01,GIMME GIMME GIMME,jc,/gimme-gimme-gimme/,/gimme-gimme-gimme-1fa444/index.html,20131126121906,https://web.archive.org/web/20131126121906id_/http://negativeyouth.net/gimme-gimme-gimme/,musica,abba;boy-friend;cover;stream;tour-tape,True,A
2011-11-02,NIGHT BUS II,jc,/night-bus-ii/,/night-bus-ii-edd856/index.html,20131126112915,https://web.archive.org/web/20131126112915id_/http://negativeyouth.net/night-bus-ii/,musica,cfcf;download;gorillavsbear;mix;mixtape;mp3;night-bus,True,A
2011-11-03,3D SLUT III,jc,/3d-slut-iii/,/3d-slut-iii-7c0cfb/index.html,20131126091541,https://web.archive.org/web/20131126091541id_/http://negativeyouth.net/3d-slut-iii/,musica,3d-slut;mix;mixtape;stream;teen-witch,True,A
2011-11-04,18+ MIXTAPE,jc,/18-mixtape/,/18-mixtape-9c5f46/index.html,20131126121842,https://web.archive.org/web/20131126121842id_/http://negativeyouth.net/18-mixtape/,musica,18;download;mixtape;mp3,True,A
2011-11-04,BLACK NAILS,jc,/black-nails/,/black-nails-16ba64/index.html,20131126112740,https://web.archive.org/web/20131126112740id_/http://negativeyouth.net/black-nails/,video,pictureplane;video,True,A
2011-11-04,REVÓLVER,eduardo-caudilio,/revolver/,/revolver-a64b25/index.html,20131126110729,https://web.archive.org/web/20131126110729id_/http://negativeyouth.net/revolver/,eventos,artenacion;casino-metropolitano;domestic-fine-arts;dorit-chrysler;los-lichis;negative-youth;revolver;tobias-bernstrup;tryo,True,A
2011-11-04,YOUNG MAGIC,jc,/young-magic/,/young-magic-7605e5/index.html,20131126091535,https://web.archive.org/web/20131126091535id_/http://negativeyouth.net/young-magic/,musica,bandcamp;cmj;stream;young-magic,True,A
2011-11-09,BONSAI BABIES,eduardo-caudilio,/bonsai-babies/,/bonsai-babies-9f0da8/index.html,20131126102952,https://web.archive.org/web/20131126102952id_/http://negativeyouth.net/bonsai-babies/,musica,bandcamp;bonsai-babies;disco-gratis;download;mp3,True,A
2011-11-09,PEEPR - FOOGARC VLAXET,jc,/peepr-foogarc-vlaxet/,/peepr-foogarc-vlaxet-35128a/index.html,20131126125514,https://web.archive.org/web/20131126125514id_/http://negativeyouth.net/peepr-foogarc-vlaxet/,video,andres-cendejas;genio;peepr;video,True,A
2011-11-10,ENER Y DECI,cas,/ener-y-deci/,/ener-y-deci-6eefd7/index.html,20131126113139,https://web.archive.org/web/20131126113139id_/http://negativeyouth.net/ener-y-deci/,musica,download;ener-y-deci;mp3;party-trash,True,A
2011-11-10,REAL IS A FEELING (UNICORN KID ECSTASY DREAM MIX),eduardo-caudilio,/real-is-a-feeling-unicorn-kid-ecstasy-dream-mix/,/real-is-a-feeling-unicorn-kid-ecstasy-dream-mix-666a6f/index.html,20131126110812,https://web.archive.org/web/20131126110812id_/http://negativeyouth.net/real-is-a-feeling-unicorn-kid-ecstasy-dream-mix/,musica,pictureplane;remix;stream;thee-physical;unicorn-kid,True,A
2011-11-11,ROBERTO SÁNCHEZ,ella,/roberto-sanchez/,/roberto-sanchez-e0161d/index.html,20131126094757,https://web.archive.org/web/20131126094757id_/http://negativeyouth.net/roberto-sanchez/,moda,moda;roberto-sanchez;t-shirts,True,A
2011-11-11,SCHONWALD - MERCURIAL,eduardo-caudilio,/schonwald-mercurial/,/schonwald-mercurial-549c31/index.html,20131126104525,https://web.archive.org/web/20131126104525id_/http://negativeyouth.net/schonwald-mercurial/,musica,schonwald;soundcloud,True,A
2011-11-13,RUMBO AL 2012,jc,/rumbo-al-2012/,/rumbo-al-2012-4d1c32/index.html,20131126105216,https://web.archive.org/web/20131126105216id_/http://negativeyouth.net/rumbo-al-2012/,video,2012;apocalypse;dubstep;korn;skrillex,True,A
2011-11-14,HOUSE OF LADOSHA - THIS IS YOUR BRAIN,eduardo-caudilio,/house-of-ladosha-this-is-your-brain/,/house-of-ladosha-this-is-your-brain-e0302b/index.html,20131126110110,https://web.archive.org/web/20131126110110id_/http://negativeyouth.net/house-of-ladosha-this-is-your-brain/,musica,house-of-ladosha;soundcloud;stream,True,A
2011-11-14,HOW TO DRESS WELL - CHANGE YOURSELF,eduardo-caudilio,/how-to-dress-well-change-yourself/,/how-to-dress-well-change-yourself-86824b/index.html,20131126110938,https://web.archive.org/web/20131126110938id_/http://negativeyouth.net/how-to-dress-well-change-yourself/,musica,how-to-dress-well;janet-jackson;mixtape;rihanna,True,A
2011-11-15,BETTER OFF ALONE,jc,/better-off-alone/,/better-off-alone-38b0d9/index.html,20131126091712,https://web.archive.org/web/20131126091712id_/http://negativeyouth.net/better-off-alone/,video,salem;video,True,A
2011-11-15,SNAKES,jc,/snakes/,/snakes-991c5e/index.html,20131126100900,https://web.archive.org/web/20131126100900id_/http://negativeyouth.net/snakes/,musica,ford-lopatin;games;light-asylum;mexican-summer;stream;tamaryn,True,A
2011-11-16,4 MINUTE - READY GO,jc,/4-minute-ready-go/,/4-minute-ready-go-5c4c37/index.html,20131126112949,https://web.archive.org/web/20131126112949id_/http://negativeyouth.net/4-minute-ready-go/,musica,4minute;asian-sex-goddess-hyuna-4-lyf;k-pop;video,True,A
2011-11-16,SHADES,eduardo-caudilio,/shades/,/shades-cf84b8/index.html,20131126110301,https://web.archive.org/web/20131126110301id_/http://negativeyouth.net/shades/,musica;video,jaime-martinez;petit-pistolette;revolver;ritualz;santiago-cendejas;shades;teehn-bwitches,True,A
2011-11-20,TWIN-GEMZ - CAR WINDOWS,eduardo-caudilio,/twin-gemz-car-windows/,/twin-gemz-car-windows-f9bfb2/index.html,20131126094126,https://web.archive.org/web/20131126094126id_/http://negativeyouth.net/twin-gemz-car-windows/,musica,soundcloud;stream;twin-gemz,True,A
2011-11-24,EGYPTIAN WRINKLE,jc,/egyptian-wrinkle/,/egyptian-wrinkle-e34a43/index.html,20131126095852,https://web.archive.org/web/20131126095852id_/http://negativeyouth.net/egyptian-wrinkle/,musica,boy-friend;stream,True,A
2011-11-24,HD BOYZ TORRENT LEAK,jc,/hd-boyz-torrent-leak/,/hd-boyz-torrent-leak-a81727/index.html,20131126121856,https://web.archive.org/web/20131126121856id_/http://negativeyouth.net/hd-boyz-torrent-leak/,musica,hd-boyz;leak;thepiratebay;thunder-horse;torrent,True,A+C
2011-11-24,SO CLOSE TO PARADISE (PHYSICAL THERAPY REMIX),jc,/so-close-to-paradise-physical-theraphy-remix/,/so-close-to-paradise-physical-theraphy-remix-92bd36/index.html,20131126112719,https://web.archive.org/web/20131126112719id_/http://negativeyouth.net/so-close-to-paradise-physical-theraphy-remix/,musica,acephale-records;download;elite-gymnastics;mp3;physical-therapy;remix;stream,True,A+C
2011-11-28,SEXY-SWEATERS,ella,/sexy-sweaters/,/sexy-sweaters-dfb399/index.html,20131126110814,https://web.archive.org/web/20131126110814id_/http://negativeyouth.net/sexy-sweaters/,moda,sexy-sweaters;tumblr,True,A+C
2011-11-28,TELENOVELA FANTASMUX II,jc,/telenovela-fantasmux-ii/,/telenovela-fantasmux-ii-6f9c6f/index.html,20131126125624,https://web.archive.org/web/20131126125624id_/http://negativeyouth.net/telenovela-fantasmux-ii/,musica,download;mixtape;mp3;naka-nana;stream;televisa,True,A+C
2011-11-30,KRUSADERS - BE MY GUEST (@LILINTERNET REFIX),jc,/krusaders-be-my-guest-lilinternet-refix/,/krusaders-be-my-guest-lilinternet-refix-3b9bcf/index.html,20131126094153,https://web.archive.org/web/20131126094153id_/http://negativeyouth.net/krusaders-be-my-guest-lilinternet-refix/,musica,download;krusaders;lil-internet;mp3;rave;stream,True,A+C
2011-12-02,DARK SISTER,jc,/dark-sister/,/dark-sister-ddb0f0/index.html,20131126104552,https://web.archive.org/web/20131126104552id_/http://negativeyouth.net/dark-sister/,musica,dark-sister;download;mp3;owl-head;stream;witch-hop,True,A
2011-12-03,KARA - STEP,jc,/kara-step/,/kara-step-dc6f9a/index.html,20131126091745,https://web.archive.org/web/20131126091745id_/http://negativeyouth.net/kara-step/,video,k-pop;kara;sabadaba;video,True,A
2011-12-05,GARY WAR - BORN OF THE LIGHT,eduardo-caudilio,/gary-war-born-of-the-light/,/gary-war-born-of-the-light-32ed4a/index.html,20131126100537,https://web.archive.org/web/20131126100537id_/http://negativeyouth.net/gary-war-born-of-the-light/,video,adriana-alba;gary-war;headroom-films;video,True,A
2011-12-05,GAUNTLET HAIR - TOP BUNK,jc,/gauntlet-hair-top-bunk/,/gauntlet-hair-top-bunk-657924/index.html,20131126095909,https://web.archive.org/web/20131126095909id_/http://negativeyouth.net/gauntlet-hair-top-bunk/,video,arnold-schwarzenegger;gauntlet-hair;video,True,A
2011-12-06,LOST PLANET,eduardo-caudilio,/lost-planet/,/lost-planet-df4495/index.html,20131126105122,https://web.archive.org/web/20131126105122id_/http://negativeyouth.net/lost-planet/,musica,bandcamp;dark-sister;lost-planet;party-trash;sortahuman,True,A
2011-12-07,きゃりーぱみゅぱみゅ - つけまつける,jc,/%E3%81%8D%E3%82%83%E3%82%8A%E3%83%BC%E3%81%B1%E3%81%BF%E3%82%85%E3%81%B1%E3%81%BF%E3%82%85-%E3%81%A4%E3%81%91%E3%81%BE%E3%81%A4%E3%81%91%E3%82%8B/,/きゃりーぱみゅぱみゅ-つけまつける-0c356d/index.html,20131126112727,https://web.archive.org/web/20131126112727id_/http://negativeyouth.net/%E3%81%8D%E3%82%83%E3%82%8A%E3%83%BC%E3%81%B1%E3%81%BF%E3%82%85%E3%81%B1%E3%81%BF%E3%82%85-%E3%81%A4%E3%81%91%E3%81%BE%E3%81%A4%E3%81%91%E3%82%8B/,musica,j-pop;kyary-pamyu-pamyu;video;weirdness;きゃりーぱみゅぱみゅ,True,A
2011-12-07,CREEP - ANIMALS (FEAT HOLLY MIRANDA),eduardo-caudilio,/creep-animals-feat-holly-miranda/,/creep-animals-feat-holly-miranda-4e622d/index.html,20131126125830,https://web.archive.org/web/20131126125830id_/http://negativeyouth.net/creep-animals-feat-holly-miranda/,video,creep;holy-miranda;video,True,A
2011-12-07,THE WHENDAYS - UNTRU LOVE II,eduardo-caudilio,/the-whendays-untru-love-ii/,/the-whendays-untru-love-ii-d008c3/index.html,20131126095755,https://web.archive.org/web/20131126095755id_/http://negativeyouth.net/the-whendays-untru-love-ii/,musica;video,cascine;ep;stream;the-whendays;video,True,A
2011-12-08,LA FUERZA AÉREA,eduardo-caudilio,/la-fuerza-aerea/,/la-fuerza-aerea-9684ac/index.html,20131126105134,https://web.archive.org/web/20131126105134id_/http://negativeyouth.net/la-fuerza-aerea/,musica,freak-out;la-fuerza-aerea;mp3,True,A
2011-12-09,YOUNG MAGIC - SPARKLY,jc,/young-magic-sparkly/,/young-magic-sparkly-45a754/index.html,20131126091503,https://web.archive.org/web/20131126091503id_/http://negativeyouth.net/young-magic-sparkly/,video,video;young-magic,True,A
2011-12-13,STONED BOYS - DANGEROUS SKIES,jc,/stoned-boys-dangerous-skies/,/stoned-boys-dangerous-skies-802dd1/index.html,20131126091622,https://web.archive.org/web/20131126091622id_/http://negativeyouth.net/stoned-boys-dangerous-skies/,musica,download;lookatme-ru;mp3;rusia;stoned-boys;stream,True,A
2011-12-15,BEBETUNE$,jc,/bebetune/,/bebetune-2101bd/index.html,20131126092051,https://web.archive.org/web/20131126092051id_/http://negativeyouth.net/bebetune/,musica,bebetunes;download;james-ferraro;mixtape;mp3,True,A
2011-12-15,FAN ART BEDROOM,jc,/fan-art-bedroom/,/fan-art-bedroom-4c20b5/index.html,20131126112824,https://web.archive.org/web/20131126112824id_/http://negativeyouth.net/fan-art-bedroom/,video,maximal;off;video,True,A
2011-12-19,DJ SYMBIOTIX,jc,/dj-symbiotix/,/dj-symbiotix-9a160a/index.html,20131126085736,https://web.archive.org/web/20131126085736id_/http://negativeyouth.net/dj-symbiotix/,entrevistas;mixtapes;musica,dj-symbiotix;download;entrevista;j-core;j-pop;kyary-pamyu;mix;mixtape;mp3;stream;きゃりーぱみゅぱみゅ,True,A+C
2011-12-19,TOTAL ACCOMPLISHMENT - PIGFAT,eduardo-caudilio,/total-accomplishment-pigfat/,/total-accomplishment-pigfat-c6dfc2/index.html,20131126105856,https://web.archive.org/web/20131126105856id_/http://negativeyouth.net/total-accomplishment-pigfat/,video,total-accomplishment;video,True,A
2011-12-25,VI,cas,/vi/,/vi-f99f13/index.html,20131126085335,https://web.archive.org/web/20131126085335id_/http://negativeyouth.net/vi/,video,2012;jj;sincerely-yours;video,True,A+C
2011-12-27,NARCISSISTIC CANNIBAL (RITUALZ REMIX),eduardo-caudilio,/narcissistic-cannibal-ritualz-remix/,/narcissistic-cannibal-ritualz-remix-9673ee/index.html,20131126085306,https://web.archive.org/web/20131126085306id_/http://negativeyouth.net/narcissistic-cannibal-ritualz-remix/,musica,korn;remix;ritualz;skrillex,True,A+C
2011-12-28,GENEVA JACUZZI - DO I SAD,eduardo-caudilio,/geneva-jacuzzi-do-i-sad/,/geneva-jacuzzi-do-i-sad-77e3fb/index.html,20131126125525,https://web.archive.org/web/20131126125525id_/http://negativeyouth.net/geneva-jacuzzi-do-i-sad/,video,geneva-jacuzzi;video,True,A+C
2011-12-29,NAOMI ELIZABETH - I'D HIT IT,eduardo-caudilio,/naomi-elizabeth-id-hit-it/,/naomi-elizabeth-id-hit-it-c55484/index.html,20131126094307,https://web.archive.org/web/20131126094307id_/http://negativeyouth.net/naomi-elizabeth-id-hit-it/,video,naomi-elizabeth;video,True,A+C
2012-01-03,SHADES - LULLABY,jc,/shades-lullaby/,/shades-lullaby-108094/index.html,20131126094640,https://web.archive.org/web/20131126094640id_/http://negativeyouth.net/shades-lullaby/,musica,download;mp3;shades;stream,True,A
2012-01-04,GRIMES - GENESIS,jc,/grimes-genesis/,/grimes-genesis-ebd01d/index.html,20131126122450,https://web.archive.org/web/20131126122450id_/http://negativeyouth.net/grimes-genesis/,musica,4ad;arbustus;download;grimes;mp3,True,A
2012-01-05,CAR WINDOWS,jc,/car-windows/,/car-windows-9a03bb/index.html,20131126112935,https://web.archive.org/web/20131126112935id_/http://negativeyouth.net/car-windows/,video,twin-gemz;video,True,A
2012-01-06,POPCAAN - ONLY MAN SHE WANT,cas,/popcaan-only-man-she-want/,/popcaan-only-man-she-want-6a63ac/index.html,20131126093415,https://web.archive.org/web/20131126093415id_/http://negativeyouth.net/popcaan-only-man-she-want/,video,dancehall;jamaica;popcaan;portmore-empire;reggae;video,True,A
2012-01-09,NEGATIVE YOUTH 2012,jc,/negative-youth-2012/,/negative-youth-2012-03dc36/index.html,20131126110310,https://web.archive.org/web/20131126110310id_/http://negativeyouth.net/negative-youth-2012/,musica,2012;bonsai-babies;disco-gratis;download;drugs-for-drunks;korn;mp3;naka-naka;negative-youth;profecia;remixes;ritualz;skrillex;supermad;teehn-bwitches;tuareg-geeks,True,A
2012-01-11,THEE PHYSICAL REMIXES,eduardo-caudilio,/thee-physical-remixes/,/thee-physical-remixes-bc9e5f/index.html,20131126094113,https://web.archive.org/web/20131126094113id_/http://negativeyouth.net/thee-physical-remixes/,musica,adeptus;dis-magazine;disco-gratis;download;fire-for-effect;grimes;hollagramz;mp3;physical-therapy;pictureplane;remixes;ritualz;shams;teams;tearist;thee-physical;unicorn-kid,True,A
2012-01-12,SOLEDAD - REPETIR / SOMBRA,eduardo-caudilio,/soledad-repetir-sombra/,/soledad-repetir-sombra-a054ca/index.html,20131126100531,https://web.archive.org/web/20131126100531id_/http://negativeyouth.net/soledad-repetir-sombra/,musica,brett-shchultz;disco-gratis;download;esteban-aldrete;everything;mp3;soledad;vale-vergas-discos,True,A
2012-01-17,LIGHT ASYLUM - SKULL FUCT,eduardo-caudilio,/light-asylum-skull-fuct/,/light-asylum-skull-fuct-29b6bc/index.html,20131126112543,https://web.archive.org/web/20131126112543id_/http://negativeyouth.net/light-asylum-skull-fuct/,video,light-asylum;video,True,A
2012-01-17,SALEM - I'M STILL IN THE NIGHT,eduardo-caudilio,/salem-im-still-in-the-night/,/salem-im-still-in-the-night-0bf42a/index.html,20131126112747,https://web.archive.org/web/20131126112747id_/http://negativeyouth.net/salem-im-still-in-the-night/,video,salem;video,True,A
2012-01-19,SHAMS - ABSOLUTELY DREAMS,jc,/shams-absolutely-dreams/,/shams-absolutely-dreams-6025d7/index.html,20131126102959,https://web.archive.org/web/20131126102959id_/http://negativeyouth.net/shams-absolutely-dreams/,video,shams;video,True,A
2012-01-19,ZEBRA KATZ FEAT NJENA REDDD FOXXX - IMA READ,eduardo-caudilio,/zebra-katz-feat-njena-reddd-foxxx-ima-read-2/,/zebra-katz-feat-njena-reddd-foxxx-ima-read-2-72c2e4/index.html,20131126095825,https://web.archive.org/web/20131126095825id_/http://negativeyouth.net/zebra-katz-feat-njena-reddd-foxxx-ima-read-2/,musica;video,download;house-of-ladosha;mp3;njena-reddd-foxxx;ojay-morgan;xlr8r;zebra-katz,True,A
2012-01-20,GLASS POPCORN - TWITTER BXTCHES,eduardo-caudilio,/glass-popcorn-twitter-bxtches/,/glass-popcorn-twitter-bxtches-3faa00/index.html,20131126094301,https://web.archive.org/web/20131126094301id_/http://negativeyouth.net/glass-popcorn-twitter-bxtches/,musica;video,bandcamp;download;glass-popcorn;mp3;ryder-ripps;video,True,A
2012-01-20,GVCCI HVCCI - CRACK THE WHIP,jc,/gvcci-hvcci-crack-the-whip/,/gvcci-hvcci-crack-the-whip-4d79a5/index.html,20131126102055,https://web.archive.org/web/20131126102055id_/http://negativeyouth.net/gvcci-hvcci-crack-the-whip/,video,gvcci-hvcci;live;video,True,A
2012-01-23,WASSUP A$AP ROCKY,jc,/wassup-asap-rocky/,/wassup-asap-rocky-4e85af/index.html,20131126095803,https://web.archive.org/web/20131126095803id_/http://negativeyouth.net/wassup-asap-rocky/,video,asap-rocky;clams-casino;vice;video,True,A
2012-01-23,XIU XIU - HI,eduardo-caudilio,/xiu-xiu-hi/,/xiu-xiu-hi-2b9872/index.html,20131126095103,https://web.archive.org/web/20131126095103id_/http://negativeyouth.net/xiu-xiu-hi/,musica;video,mp3;video;xiu-xiu,True,A
2012-01-24,FATIMA AL QADIRI - HOW CAN I RESIST U,eduardo-caudilio,/fatima-al-qadiri-how-can-i-resist-u/,/fatima-al-qadiri-how-can-i-resist-u-7d5f31/index.html,20131126085620,https://web.archive.org/web/20131126085620id_/http://negativeyouth.net/fatima-al-qadiri-how-can-i-resist-u/,video,ayshay;fatima-al-qadiri;genre-specific-experience;sophia-al-maria;video,True,A
2012-01-24,THE INTERNET - FASTLANE / COCAINE,eduardo-caudilio,/the-internet-fastlane-cocaine/,/the-internet-fastlane-cocaine-b157b8/index.html,20131126092518,https://web.archive.org/web/20131126092518id_/http://negativeyouth.net/the-internet-fastlane-cocaine/,video,matt-martians;ofwgkta;syd-tha-kid;the-internet;video,True,A
2012-01-25,MEGAFORTRESS - EP VIDEOS,eduardo-caudilio,/megafortress-ep-videos/,/megafortress-ep-videos-f266ab/index.html,20131126094647,https://web.archive.org/web/20131126094647id_/http://negativeyouth.net/megafortress-ep-videos/,video,bill-gillim;grant-nitsch;megafortress;video,True,A+C
2012-01-26,C.E.O. SHADOW - MSG + MORDOR MIXTAPE,jc,/c-e-o-shadow-msg-mordor-mixtape/,/c-e-o-shadow-msg-mordor-mixtape-0aa059/index.html,20131126110705,https://web.archive.org/web/20131126110705id_/http://negativeyouth.net/c-e-o-shadow-msg-mordor-mixtape/,mixtapes;musica,ceo-shadow;download;gregor-rozanski;mix;mixtape;mp3,True,A+C
2012-01-26,LUNAR LOVERS,jc,/lunar-lovers/,/lunar-lovers-a516ca/index.html,20131126122342,https://web.archive.org/web/20131126122342id_/http://negativeyouth.net/lunar-lovers/,musica,disaro;finally-boys;stream,True,A+C
2012-01-30,RITUALZ WINTER 2K12 MIX,eduardo-caudilio,/ritualz-winter-2k12-mix/,/ritualz-winter-2k12-mix-cc828b/index.html,20131126103613,https://web.archive.org/web/20131126103613id_/http://negativeyouth.net/ritualz-winter-2k12-mix/,mixtapes;musica,ace-of-base;araabmuzik;asap-rocky;butterclock;cape-cod;dark-sister;dolly-parton;grimes;hellow;men-in-burka;ritualz;zebra-katz,True,A+C
2012-01-31,FOSTERCARE - SLEEPLESS,jc,/fostercare-sleepless/,/fostercare-sleepless-28de52/index.html,20131126122017,https://web.archive.org/web/20131126122017id_/http://negativeyouth.net/fostercare-sleepless/,musica,fostercare;stream,True,A+C
2012-02-08,JJ BRINE,eduardo-caudilio,/jj-brine/,/jj-brine-df7425/index.html,20131126090357,https://web.archive.org/web/20131126090357id_/http://negativeyouth.net/jj-brine/,musica;video,druglordrecords;jj-brine;mp3;stream;video,True,A
2012-02-09,LAUREN DEVINE - JUST A LITTLE READY,eduardo-caudilio,/lauren-devine-just-a-little-ready/,/lauren-devine-just-a-little-ready-434c71/index.html,20131126111536,https://web.archive.org/web/20131126111536id_/http://negativeyouth.net/lauren-devine-just-a-little-ready/,musica;video,cody-critcheloe;dis-magazine;laurel-halo;lauren-devine;mp3;nick-weiss;nightfeelings;soundcloud;stream;teengirl-fantasy,True,A
2012-02-09,TWIN GEMZ - STRANGE LUV / MAGIK,eduardo-caudilio,/twin-gemz-strange-luv-magik/,/twin-gemz-strange-luv-magik-34bbb6/index.html,20131126092425,https://web.archive.org/web/20131126092425id_/http://negativeyouth.net/twin-gemz-strange-luv-magik/,musica,amber-ibarreche;bunny-michael;soundcloud;stream;twin-gemz,True,A
2012-02-10,DJ SMURPHY - NIGHTWAVES,eduardo-caudilio,/dj-smurphy-nightwaves/,/dj-smurphy-nightwaves-553dad/index.html,20131126110027,https://web.archive.org/web/20131126110027id_/http://negativeyouth.net/dj-smurphy-nightwaves/,musica,dj-smurphy;download;mp3;smurph-wave;supermad;troll-house,True,A
2012-02-11,CATNAPP,victor,/catnapp/,/catnapp-8aeb1e/index.html,20131126094235,https://web.archive.org/web/20131126094235id_/http://negativeyouth.net/catnapp/,musica,argentina;catnapp;download;electro;mp3,True,A
2012-02-13,ALEXICO - EL NOMBRE DEL PERRO,eduardo-caudilio,/alexico-el-nombre-del-perro/,/alexico-el-nombre-del-perro-f5a2db/index.html,20131126102239,https://web.archive.org/web/20131126102239id_/http://negativeyouth.net/alexico-el-nombre-del-perro/,musica;video,acosador-de-medianoche;alexico;crompefk;mp3,True,A
2012-02-13,FESTIVAL NRMAL 2012,jc,/festival-nrmal-2012/,/festival-nrmal-2012-79af10/index.html,20131126125949,https://web.archive.org/web/20131126125949id_/http://negativeyouth.net/festival-nrmal-2012/,eventos,araabmuzik;dani-shivers;festival-nrmal;fiesta;gatekeeper;grimes;james-ferraro;javier-estrada;liturgy;monterrey;naka-naka;nrmal;pictureplane;ritualz;selma-oxor;soledad;teengirl-fantasy,True,A
2012-02-13,LIL UGLY MANE,jc,/lil-ugly-mane/,/lil-ugly-mane-faae46/index.html,20131126093423,https://web.archive.org/web/20131126093423id_/http://negativeyouth.net/lil-ugly-mane/,musica,download;gratis;lil-ugly-mane;mixtape;mp3;stream,True,A
2012-02-14,CASSIE - KING OF HEARTS,jc,/cassie-king-of-hearts/,/cassie-king-of-hearts-735778/index.html,20131126102115,https://web.archive.org/web/20131126102115id_/http://negativeyouth.net/cassie-king-of-hearts/,musica;video,cassie;stream;video,True,A
2012-02-14,RED VELVET,jc,/red-velvet/,/red-velvet-9fd1b7/index.html,20131126113421,https://web.archive.org/web/20131126113421id_/http://negativeyouth.net/red-velvet/,video,dark-sister;sexy;video,True,A
2012-02-14,STAY+ - DANDELION,victor,/stay-dandelion/,/stay-dandelion-8ea7cd/index.html,20131126101431,https://web.archive.org/web/20131126101431id_/http://negativeyouth.net/stay-dandelion/,video,inglaterra;ramp-recordings;stay-positive;video,True,A
2012-02-14,WHITE RING + RITUALZ + TEEHN BWITCHES @ MEXICO DF,jc,/white-ring-mexico-df/,/white-ring-mexico-df-35b37b/index.html,20131126092502,https://web.archive.org/web/20131126092502id_/http://negativeyouth.net/white-ring-mexico-df/,eventos;musica,concierto;el-real-under;fiesta;illuminati;party;ritualz;teehn-bwitches;white-ring,True,A
2012-02-17,SHAMS AND DJ DOG DICK IN ALASKA,jc,/shams-and-dj-dog-dick-in-alaska/,/shams-and-dj-dog-dick-in-alaska-1ad7a7/index.html,20131126090252,https://web.archive.org/web/20131126090252id_/http://negativeyouth.net/shams-and-dj-dog-dick-in-alaska/,video,alaska;arte;corto;dj-dog-dick;documental;shams,True,A
2012-02-17,SHAMS - MORALES,jc,/shams-morales/,/shams-morales-370237/index.html,20131126112602,https://web.archive.org/web/20131126112602id_/http://negativeyouth.net/shams-morales/,video,genio;shams;video,True,A
2012-02-17,TEARIST - UNARMED,victor,/tearist-unarmed/,/tearist-unarmed-1c5274/index.html,20131126112455,https://web.archive.org/web/20131126112455id_/http://negativeyouth.net/tearist-unarmed/,video,tearist;terror-eyes;video,True,A
2012-02-21,INDIAN JEWELRY- SEE FOREVER,jc,/indian-jewelry-see-forever/,/indian-jewelry-see-forever-86c301/index.html,20131126094132,https://web.archive.org/web/20131126094132id_/http://negativeyouth.net/indian-jewelry-see-forever/,video,indian-jewelry;jewels-of-the-nile;video,True,A
2012-02-22,SUFFOCATION (HEALTH REMIX),jc,/suffocation-health-remix/,/suffocation-health-remix-3b00bc/index.html,20131126112826,https://web.archive.org/web/20131126112826id_/http://negativeyouth.net/suffocation-health-remix/,musica,crystal-castles;download;health;mp3;remix,True,A
2012-02-23,#BODYGUARD,jc,/bodyguard/,/bodyguard-2f49d6/index.html,20131126113120,https://web.archive.org/web/20131126113120id_/http://negativeyouth.net/bodyguard/,musica,bodyguard;descarga;james-ferraro;mixtape;mp3,True,A
2012-02-23,MYKKI BLANCO COSMIC ANGEL,jc,/mykki-blanco-cosmic-angel/,/mykki-blanco-cosmic-angel-a994bd/index.html,20131126110129,https://web.archive.org/web/20131126110129id_/http://negativeyouth.net/mykki-blanco-cosmic-angel/,video,black-sailor-moon;mykki-blanco;video,True,A
2012-02-24,DANI SHIVERS - GRAVES,eduardo-caudilio,/dani-shivers-graves/,/dani-shivers-graves-75a357/index.html,20131126113309,https://web.archive.org/web/20131126113309id_/http://negativeyouth.net/dani-shivers-graves/,musica;video,dani-shivers;download;jinx;mp3;stream;video,True,A+C
2012-02-24,FLOSSTRADAMUS - TOTAL RECALL,jc,/flosstradamus-total-recall/,/flosstradamus-total-recall-8cc418/index.html,20131126101334,https://web.archive.org/web/20131126101334id_/http://negativeyouth.net/flosstradamus-total-recall/,musica,download;flosstradamus;jeffres;mad-decent;mp3;rave;trap,True,A+C
2012-02-27,AMBASSADEURS - M.O.P.E,victor,/ambassadeurs-m-o-p-e/,/ambassadeurs-m-o-p-e-8f6c21/index.html,20131126125553,https://web.archive.org/web/20131126125553id_/http://negativeyouth.net/ambassadeurs-m-o-p-e/,video,ambassadeurs;desmadre;inglaterra;video,True,A+C
2012-02-28,KORALLREVEN - SA SA SAMOA (ELITE GYMNASTICS REMIX),jc,/korallreven-sa-sa-samoa-elite-gymnastics-remix/,/korallreven-sa-sa-samoa-elite-gymnastics-remix-4fcdf8/index.html,20131126112518,https://web.archive.org/web/20131126112518id_/http://negativeyouth.net/korallreven-sa-sa-samoa-elite-gymnastics-remix/,musica,acephale;download;elite-gymnastics;julianna-barwick;korallreven;mp3;stream,True,A+C
2012-02-29,MY LOVE GROWS IN THE DARK,jc,/my-love-grows-in-the-dark/,/my-love-grows-in-the-dark-a9dc90/index.html,20131126100528,https://web.archive.org/web/20131126100528id_/http://negativeyouth.net/my-love-grows-in-the-dark/,video,ssion;video,True,A+C
2012-03-01,TOTAL RECALL MINIMIX,jc,/total-recall-minimix/,/total-recall-minimix-38d19f/index.html,20131126113301,https://web.archive.org/web/20131126113301id_/http://negativeyouth.net/total-recall-minimix/,video,flosstradamus;futuro;locura;rave;video,True,A
2012-03-02,NITE JEWEL - ONE SECOND OF LOVE,eduardo-caudilio,/nite-jewel-one-second-of-love/,/nite-jewel-one-second-of-love-91b4b1/index.html,20131126112349,https://web.archive.org/web/20131126112349id_/http://negativeyouth.net/nite-jewel-one-second-of-love/,musica;video,nite-jewel;secretly-canadian;stream;video,True,A
2012-03-02,OBLIVION,jc,/oblivion/,/oblivion-3609c1/index.html,20131126122205,https://web.archive.org/web/20131126122205id_/http://negativeyouth.net/oblivion/,video,grimes;vevo;video,True,A
2012-03-06,D'EON - MUSIC FOR KEYBOARDS VOL1,eduardo-caudilio,/deon-music-for-keyboards-vol1/,/deon-music-for-keyboards-vol1-57df60/index.html,20131126102109,https://web.archive.org/web/20131126102109id_/http://negativeyouth.net/deon-music-for-keyboards-vol1/,musica,deon;hippos-in-tanks;stream,True,A
2012-03-06,NINA SKY - DAYDREAMING,eduardo-caudilio,/nina-sky-daydreaming/,/nina-sky-daydreaming-905c80/index.html,20131126100525,https://web.archive.org/web/20131126100525id_/http://negativeyouth.net/nina-sky-daydreaming/,musica;video,mp3;nicole-natalie;nina-sky;stream;video,True,A
2012-03-07,INNOCENTIA OBSCURA,eduardo-caudilio,/innocentia-obscura/,/innocentia-obscura-0a84f7/index.html,20131126085711,https://web.archive.org/web/20131126085711id_/http://negativeyouth.net/innocentia-obscura/,moda;video,sean-michael-pheanis;white-ring,True,A
2012-03-07,TONY GALLARDO II - LÍDER JUVENIL EP,eduardo-caudilio,/tony-gallardo-ii-lider-juvenil-ep/,/tony-gallardo-ii-lider-juvenil-ep-e6ae3e/index.html,20131126093545,https://web.archive.org/web/20131126093545id_/http://negativeyouth.net/tony-gallardo-ii-lider-juvenil-ep/,musica,bad-pop;disco-gratis;maria-y-jose;mp3;tony-gallardo-ii,True,A
2012-03-08,THE AIRPLANE BOYS - ALIGNMENT,victor,/the-airplane-boys-alignment/,/the-airplane-boys-alignment-98cd75/index.html,20131126122321,https://web.archive.org/web/20131126122321id_/http://negativeyouth.net/the-airplane-boys-alignment/,musica,gratis;the-airplane-boys;toronto,True,A
2012-03-13,FOSTERCARE - THE EMPIRE WILL DRAIN U,cas,/fostercare-the-empire-will-drain-u/,/fostercare-the-empire-will-drain-u-1a827e/index.html,20131126121926,https://web.archive.org/web/20131126121926id_/http://negativeyouth.net/fostercare-the-empire-will-drain-u/,video,fostercare;robot-elephant-records;video,True,A
2012-03-14,CRAXXXMURF,victor,/craxxxmurf/,/craxxxmurf-2058b8/index.html,20131126085918,https://web.archive.org/web/20131126085918id_/http://negativeyouth.net/craxxxmurf/,musica,craxxxmurf;gratis;mayhem4ever;mp3,True,A
2012-03-15,SA SA MOA (ELITE GYMNASTICS REMIX),victor,/sa-sa-moa-elite-gymnastics-remix/,/sa-sa-moa-elite-gymnastics-remix-0ed104/index.html,20131126112439,https://web.archive.org/web/20131126112439id_/http://negativeyouth.net/sa-sa-moa-elite-gymnastics-remix/,video,elite-gymnastics;remix;video,True,A
2012-03-15,WORLD WIDE GALLERY TRAXX,eduardo-caudilio,/world-wide-gallery-traxx/,/world-wide-gallery-traxx-8b7228/index.html,20131126104646,https://web.archive.org/web/20131126104646id_/http://negativeyouth.net/world-wide-gallery-traxx/,musica,arte;asa-cossaboom;brenmar;craxxxmurf;dm;djudju;dora-budor;lil-internet;m-e-s-h;maja-cule;off;pictureplane;slava,True,A
2012-03-16,BETA FRONTIERS,victor,/beta-frontiers/,/beta-frontiers-74328e/index.html,20131126125734,https://web.archive.org/web/20131126125734id_/http://negativeyouth.net/beta-frontiers/,musica,beta-frontiers;daps-records;hype;toronto,True,A
2012-03-19,HTTP://E.M-BED.DE/D,cas,/httpe-m-bed-ded/,/httpe-m-bed-ded-b15cd1/index.html,20131126100534,https://web.archive.org/web/20131126100534id_/http://negativeyouth.net/httpe-m-bed-ded/,video,interwebz;max-barbaria;net-art;video;yung-jake,True,A
2012-03-20,K1llRGVP,victor,/k1llrgvp/,/k1llrgvp-7bbe0e/index.html,20131126094105,https://web.archive.org/web/20131126094105id_/http://negativeyouth.net/k1llrgvp/,musica,gratis;k1llrgvp;mp3;rusia,True,A
2012-03-22,IPC,jc,/ipc/,/ipc-ff7016/index.html,20131126094029,https://web.archive.org/web/20131126094029id_/http://negativeyouth.net/ipc/,musica,download;light-asylum;mexican-summer;mp3;stream,True,A
2012-03-22,MEN IN BURKA,jc,/men-in-burka/,/men-in-burka-4f8e3a/index.html,20131126092009,https://web.archive.org/web/20131126092009id_/http://negativeyouth.net/men-in-burka/,musica,josh-powers;kamran-khan;mario-zoots;men-in-burka;stream,True,A
2012-03-23,AMBALANCE,victor,/ambalance/,/ambalance-5cb5d0/index.html,20131126122419,https://web.archive.org/web/20131126122419id_/http://negativeyouth.net/ambalance/,musica,ambalance;gratis;mp3;toronto,True,A
2012-03-26,BOYFRIEND x ZEBRA KATZ,jc,/boyfriend-x-zebra-katz/,/boyfriend-x-zebra-katz-47e05e/index.html,20131126091630,https://web.archive.org/web/20131126091630id_/http://negativeyouth.net/boyfriend-x-zebra-katz/,musica,boyfriend;brenmar;rizzla;stream;zebra-katz,True,A
2012-03-26,MAUSSAN,jc,/maussan/,/maussan-897d31/index.html,20131126121746,https://web.archive.org/web/20131126121746id_/http://negativeyouth.net/maussan/,musica,2012;aliens;jaime-maussan;maya;naka-naka;stream,True,A
2012-03-27,S U R V I V E,jc,/s-u-r-v-i-v-e/,/s-u-r-v-i-v-e-95a483/index.html,20131126091748,https://web.archive.org/web/20131126091748id_/http://negativeyouth.net/s-u-r-v-i-v-e/,musica,austin;holodeck-records;stream;survive,True,A+C
2012-03-27,TROLLER,jc,/troller/,/troller-cfbd8f/index.html,20131126084112,https://web.archive.org/web/20131126084112id_/http://negativeyouth.net/troller/,musica,austin;holodeck-records;stream;troller,True,A
2012-03-29,CAPE COD,eduardo-caudilio,/cape-cod/,/cape-cod-96a122/index.html,20131126084220,https://web.archive.org/web/20131126084220id_/http://negativeyouth.net/cape-cod/,musica;video,ace-of-base;austin-paul;cape-cod;download;europa-del-este;mp3;remix;stream;ucrania;video,True,A+C
2012-03-29,KIDNAP KID,victor,/kidnap-kid/,/kidnap-kid-c54e18/index.html,20131126083135,https://web.archive.org/web/20131126083135id_/http://negativeyouth.net/kidnap-kid/,musica;video,inglaterra;kidnap-kid;video,True,A+C
2012-03-30,SORRY HUN,jc,/sorry-hun/,/sorry-hun-64b69b/index.html,20131126091818,https://web.archive.org/web/20131126091818id_/http://negativeyouth.net/sorry-hun/,musica,stream;tuareg-geeks,True,A+C
2012-03-30,XIU XIU - ALWAYS,jc,/xiu-xiu-always/,/xiu-xiu-always-740263/index.html,20131126084653,https://web.archive.org/web/20131126084653id_/http://negativeyouth.net/xiu-xiu-always/,musica,cover;erasure;omfg;stream;xiu-xiu,True,A+C
2012-04-09,ÑAKA ÑAKA - TELENOVELA FANTASMUX III,eduardo-caudilio,/naka-naka-telenovela-fantasmux-iii/,/naka-naka-telenovela-fantasmux-iii-4cd8c6/index.html,20131126092054,https://web.archive.org/web/20131126092054id_/http://negativeyouth.net/naka-naka-telenovela-fantasmux-iii/,musica,cadenas-de-amargura;cyhtnia-klitbo;jean-michel-jarre;naka-naka;rosa-salvaje;tangerine-dream;telenovela;telenovela-fantasmux;televisa;u-f-o-ria;veronica-castro,True,A
2012-04-10,NIGHT WAVES,jc,/night-waves/,/night-waves-b6cbfd/index.html,20131126082743,https://web.archive.org/web/20131126082743id_/http://negativeyouth.net/night-waves/,video,dj-smurphy;video,True,A
2012-04-10,RIKSLYD - TECHNO CLUB,eduardo-caudilio,/rikslyd-techno-club/,/rikslyd-techno-club-e29191/index.html,20131126100806,https://web.archive.org/web/20131126100806id_/http://negativeyouth.net/rikslyd-techno-club/,musica,house-of-drama;rikslyd;ylva-falk,True,A
2012-04-11,oOoOO - COACHBAGG,jc,/ooooo-coachbagg/,/ooooo-coachbagg-817d0a/index.html,20131126092242,https://web.archive.org/web/20131126092242id_/http://negativeyouth.net/ooooo-coachbagg/,musica,download;mp3;ooooo;stream,True,A
2012-04-12,LAS BRISAS,eduardo-caudilio,/las-brisas/,/las-brisas-008bd2/index.html,20131126091502,https://web.archive.org/web/20131126091502id_/http://negativeyouth.net/las-brisas/,musica,cassettezultan;d4d;diego-de-regil;drugs-for-drunks;el-resplandor;esteban-aldrete;las-brisas;naka-naka;soledad;soma;vegan-cannibal,True,A
2012-04-13,ANA CAPRIX,jc,/ana-caprix/,/ana-caprix-ee30de/index.html,20131126085906,https://web.archive.org/web/20131126085906id_/http://negativeyouth.net/ana-caprix/,musica,ana-caprix;download;mp3;stream,True,A
2012-04-13,SHADY BLAZE (FEAT BLISSED OUT) - I DON'T CARE,eduardo-caudilio,/shady-blaze-feat-blissed-out-i-dont-care/,/shady-blaze-feat-blissed-out-i-dont-care-f9529d/index.html,20131126105957,https://web.archive.org/web/20131126105957id_/http://negativeyouth.net/shady-blaze-feat-blissed-out-i-dont-care/,musica,blissed-out;download;gratis;mp3;shady-blaze,True,A
2012-04-17,ETERNITY ZONE DOES IT,cas,/ez-does-it/,/ez-does-it-06c030/index.html,20131126092048,https://web.archive.org/web/20131126092048id_/http://negativeyouth.net/ez-does-it/,musica,descarga;download;eternity-zone;mp3,True,A
2012-04-18,RIMAR,eduardo-caudilio,/rimar/,/rimar-43df52/index.html,20131209124755,https://web.archive.org/web/20131209124755id_/http://negativeyouth.net/rimar/,musica;video,bandcamp;disco-gratis;download;mp3;rimar;rimar-villasenor;stream;video,True,A
2012-04-19,CRAXXXMURF - R.I.P.,jc,/craxxxmurf-r-i-p/,/craxxxmurf-r-i-p-849f64/index.html,20131205043421,https://web.archive.org/web/20131205043421id_/http://negativeyouth.net/craxxxmurf-r-i-p/,musica,craxxxmurf;dis-magazine;download;mixtape;mp3;stream,True,A
2012-04-23,DARK YORK,jc,/dark-york/,/dark-york-bd947d/index.html,20131126091856,https://web.archive.org/web/20131126091856id_/http://negativeyouth.net/dark-york/,musica,download;le1f;mixtape;mp3,True,A
2012-04-23,MYKKI BLANCO - WAVVY,victor,/mykki-blanco-wavvy/,/mykki-blanco-wavvy-27059c/index.html,20131205040328,https://web.archive.org/web/20131205040328id_/http://negativeyouth.net/mykki-blanco-wavvy/,musica,brenmar;mp3;mykki-blanco;stream,True,A
2012-04-24,BODYGUARD - SEX WITH AXE™ ON,eduardo-caudilio,/bodyguard-sex-with-axe-on/,/bodyguard-sex-with-axe-on-0ae6d1/index.html,20131126082938,https://web.archive.org/web/20131126082938id_/http://negativeyouth.net/bodyguard-sex-with-axe-on/,musica,bodyguard;hippos-in-tanks;james-ferraro;stream,True,A
2012-04-24,JACK' IE LO - MEMORANDUM COLOSIO,jc,/jack-ie-lo-memorandum-colosio/,/jack-ie-lo-memorandum-colosio-70b638/index.html,20131126104210,https://web.archive.org/web/20131126104210id_/http://negativeyouth.net/jack-ie-lo-memorandum-colosio/,musica;video,download;extasis-records;jack-ie-lo;mp3;stream,True,A+C
2012-04-25,きゃりーぱみゅぱみゅ- CANDY CANDY,eduardo-caudilio,/%E3%81%8D%E3%82%83%E3%82%8A%E3%83%BC%E3%81%B1%E3%81%BF%E3%82%85%E3%81%B1%E3%81%BF%E3%82%85-candy-candy/,/きゃりーぱみゅぱみゅ-candy-candy-dc6fbb/index.html,20131126084915,https://web.archive.org/web/20131126084915id_/http://negativeyouth.net/%E3%81%8D%E3%82%83%E3%82%8A%E3%83%BC%E3%81%B1%E3%81%BF%E3%82%85%E3%81%B1%E3%81%BF%E3%82%85-candy-candy/,video,breo;j-pop;kiriko-takemura;kyary-pamyu-pamyu;きゃりーぱみゅぱみゅ,True,A+C
2012-04-25,DNTEL - ENYA MIXES,jc,/dntel-enya-mixes/,/dntel-enya-mixes-ec8813/index.html,20131126094923,https://web.archive.org/web/20131126094923id_/http://negativeyouth.net/dntel-enya-mixes/,musica,dntel;download;dublab;enya;mp3,True,A+C
2012-04-26,RL GRIME,victor,/rl-grime/,/rl-grime-b54829/index.html,20131126082839,https://web.archive.org/web/20131126082839id_/http://negativeyouth.net/rl-grime/,musica,rl-grime;stream,True,A+C
2012-04-26,UNICORN KID,victor,/unicorn-kid/,/unicorn-kid-6d3d12/index.html,20131126084259,https://web.archive.org/web/20131126084259id_/http://negativeyouth.net/unicorn-kid/,musica;video,mixtape;mp3;stream;unicorn-kid;video,True,A+C
2012-05-02,LIGHT ASYLUM LP,eduardo-caudilio,/light-asylum-lp/,/light-asylum-lp-259217/index.html,20131126090550,https://web.archive.org/web/20131126090550id_/http://negativeyouth.net/light-asylum-lp/,musica,bruno-coviello;light-asylum;mexican-summer;shannon-funchess;stream,True,A
2012-05-02,POWWOWW,victor,/powwoww/,/powwoww-1747b0/index.html,20131126102646,https://web.archive.org/web/20131126102646id_/http://negativeyouth.net/powwoww/,musica,mp3;powwoww;stream,True,A
2012-05-03,BASKETBALL,jc,/basketball/,/basketball-648190/index.html,20131126084359,https://web.archive.org/web/20131126084359id_/http://negativeyouth.net/basketball/,musica,ache-records;basketball;stream,True,A
2012-05-03,S U R V I V E - TLLT21,cas,/s-u-r-v-i-v-e-tllt21/,/s-u-r-v-i-v-e-tllt21-7b673a/index.html,20131126084724,https://web.archive.org/web/20131126084724id_/http://negativeyouth.net/s-u-r-v-i-v-e-tllt21/,musica,stream;survive,True,A
2012-05-04,A$AP ROCKY - GOLDIE,victor,/aap-rocky-goldie/,/aap-rocky-goldie-284807/index.html,20131126082813,https://web.archive.org/web/20131126082813id_/http://negativeyouth.net/aap-rocky-goldie/,video,asap-rocky;video,True,A
2012-05-04,RITUALZ - 春,cas,/ritualz-spring/,/ritualz-spring-458911/index.html,20131126082928,https://web.archive.org/web/20131126082928id_/http://negativeyouth.net/ritualz-spring/,mixtapes;musica,download;mixtape;mp3;ritualz;†‡†,True,A
2012-05-04,SPACEGHOSTPURRP PHEEL THA PHONK 1990,jc,/spaceghostpurrp/,/spaceghostpurrp-4decbb/index.html,20131126102505,https://web.archive.org/web/20131126102505id_/http://negativeyouth.net/spaceghostpurrp/,musica;video,4ad;download;miami;mixtape;mp3;raider-klan;spaceghostpurrp;venom;video,True,A
2012-05-06,XIU XIU - HONEYSUCKLE,victor,/xiu-xiu-honeysuckle-2/,/xiu-xiu-honeysuckle-2-6db0b9/index.html,20131126095553,https://web.archive.org/web/20131126095553id_/http://negativeyouth.net/xiu-xiu-honeysuckle-2/,video,video;xiu-xiu,True,A
2012-05-07,DJ HOODCORE,victor,/dj-hoodcore/,/dj-hoodcore-cb5920/index.html,20131126090035,https://web.archive.org/web/20131126090035id_/http://negativeyouth.net/dj-hoodcore/,musica,craxxxmurf;dj-hoodcore;download;mp3;stream,True,A
2012-05-07,MOVE FOR ME,jc,/move-for-me/,/move-for-me-f8efcb/index.html,20131126082550,https://web.archive.org/web/20131126082550id_/http://negativeyouth.net/move-for-me/,musica,deadmau5;download;mp3;remix;stream-kaskade;white-ring,True,A
2012-05-07,SQUAREPUSHER - DARK STEERING,jc,/squarepusher-dark-steering/,/squarepusher-dark-steering-44dace/index.html,20131126090706,https://web.archive.org/web/20131126090706id_/http://negativeyouth.net/squarepusher-dark-steering/,video,squarepusher;video;warp,True,A
2012-05-07,ZUTZUT,victor,/zutzut/,/zutzut-e977b3/index.html,20131126092358,https://web.archive.org/web/20131126092358id_/http://negativeyouth.net/zutzut/,musica;video,extasis-records;stream;video;zutzut,True,A
2012-05-08,MAR DE PROTONES,jc,/mar-de-protones/,/mar-de-protones-5135ed/index.html,20131126102617,https://web.archive.org/web/20131126102617id_/http://negativeyouth.net/mar-de-protones/,video,cato;christian-camacho;tuareg-geeks;video,True,A
2012-05-08,MR KITTY - EVAPORATING SUN,eduardo-caudilio,/mr-kitty-evaporating-sun/,/mr-kitty-evaporating-sun-bedbce/index.html,20131126094028,https://web.archive.org/web/20131126094028id_/http://negativeyouth.net/mr-kitty-evaporating-sun/,musica,bandcamp;disco-gratis;download;mp3;mr-kitty;ritualz,True,A
2012-05-08,TAMARA SKY - LIL DEATH M1XX_> V2.0,eduardo-caudilio,/tamara-sky-lil-death-m1xx_-v2-0/,/tamara-sky-lil-death-m1xx_-v2-0-f3360a/index.html,20131126091513,https://web.archive.org/web/20131126091513id_/http://negativeyouth.net/tamara-sky-lil-death-m1xx_-v2-0/,mixtapes;musica,download;lil-death;mixtape;overthrow;tamara-sky,True,A
2012-05-09,ARCA - STRETCH 1 EP,eduardo-caudilio,/arca-stretch-1-ep/,/arca-stretch-1-ep-7a7d26/index.html,20131126093508,https://web.archive.org/web/20131126093508id_/http://negativeyouth.net/arca-stretch-1-ep/,musica,arca;disco-gratis;ep;mp3;uno-nyc,True,A
2012-05-09,BLOOD ORANGE - CHAMPAGNE COAST,eduardo-caudilio,/blood-orange-champagne-coast/,/blood-orange-champagne-coast-16c7d9/index.html,20131126090201,https://web.archive.org/web/20131126090201id_/http://negativeyouth.net/blood-orange-champagne-coast/,video,blood-orange;fanvid;vanilla-ice;video,True,A
2012-05-09,S U R V I V E LP,jc,/s-u-r-v-i-v-e-lp/,/s-u-r-v-i-v-e-lp-d472b7/index.html,20131126091754,https://web.archive.org/web/20131126091754id_/http://negativeyouth.net/s-u-r-v-i-v-e-lp/,musica,austin;mannequin-records;stream;survive,True,A
2012-05-10,VIDEO: GRIMES - NIGHTMUSIC (FT. MAJICAL CLOUDZ),cas,/grimes-nightmusic/,/grimes-nightmusic-c842b1/index.html,20131126100911,https://web.archive.org/web/20131126100911id_/http://negativeyouth.net/grimes-nightmusic/,video,crusties;grimes;video,True,A
2012-05-11,D'EON - AL QIYAMAH,jc,/deon-al-qiyamah/,/deon-al-qiyamah-bda60e/index.html,20131126092514,https://web.archive.org/web/20131126092514id_/http://negativeyouth.net/deon-al-qiyamah/,musica,deon;download;hippos-in-tanks;mp3;stream;the-fader,True,A
2012-05-11,ICEPUNK 2 COMPILATION,eduardo-caudilio,/icepunk-2-compilation/,/icepunk-2-compilation-eef3cc/index.html,20131126093714,https://web.archive.org/web/20131126093714id_/http://negativeyouth.net/icepunk-2-compilation/,musica,a1mill3r;bandcamp;cozy;disco-gratis;ghost-burqas;guilty-†-priest;i¢y-pharmaceuticals;juke-ellington;lake-radio;mp3;occultdanse;post-religion;δνδlιсσ,True,A
2012-05-11,RL GRIME - TRAP ON ACID,victor,/rl-grime-trap-on-acid/,/rl-grime-trap-on-acid-77ca09/index.html,20131126090615,https://web.archive.org/web/20131126090615id_/http://negativeyouth.net/rl-grime-trap-on-acid/,musica,download;mp3;rl-grime;stream,True,A
2012-05-11,SPACEGHOSTPURRP - THE BLACK GOD,jc,/theblackgod/,/theblackgod-ddeb50/index.html,20131126082615,https://web.archive.org/web/20131126082615id_/http://negativeyouth.net/theblackgod/,video,raider-klan;spaceghostpurrp;video,True,A
2012-05-14,AMBER IBARRECHE - KEWL GIRL,eduardo-caudilio,/amber-ibarreche-kewl-girl/,/amber-ibarreche-kewl-girl-2c3ced/index.html,20131126093419,https://web.archive.org/web/20131126093419id_/http://negativeyouth.net/amber-ibarreche-kewl-girl/,musica,amber-ibarreche;stream;twin-gemz,True,A
2012-05-15,HEALTH - TEARS,victor,/health-tears/,/health-tears-c2ebc8/index.html,20131126084157,https://web.archive.org/web/20131126084157id_/http://negativeyouth.net/health-tears/,musica,health;max-payne-3;stream;video-game,True,A
2012-05-15,RITUALZ - OUTWORLD MUSIC I,eduardo-caudilio,/ritualz-outworld-music-i/,/ritualz-outworld-music-i-5bb058/index.html,20131126093633,https://web.archive.org/web/20131126093633id_/http://negativeyouth.net/ritualz-outworld-music-i/,musica;video,manuel-solano;outworld-music;ritualz,True,A
2012-05-16,CORPCORE (KINGDOM REMIX),victor,/corpcore-kingdom-remix/,/corpcore-kingdom-remix-bdc016/index.html,20131126104116,https://web.archive.org/web/20131126104116id_/http://negativeyouth.net/corpcore-kingdom-remix/,musica,ayshay;download;fatima-al-qadiri;kingdom;mp3;nguzunguzu;uno-nyc,True,A
2012-05-16,PHYSICAL THERAPY - RECORD SALES,jc,/physical-therapy-record-sales/,/physical-therapy-record-sales-f404fc/index.html,20131126105949,https://web.archive.org/web/20131126105949id_/http://negativeyouth.net/physical-therapy-record-sales/,musica,download;hippos-in-tanks;mp3;physical-therapy;stream,True,A
2012-05-17,ELITE GYMNASTICS - LIFE/TRAP,victor,/elite-gymnastics-lifetrap/,/elite-gymnastics-lifetrap-5f1d64/index.html,20131126084439,https://web.archive.org/web/20131126084439id_/http://negativeyouth.net/elite-gymnastics-lifetrap/,musica,acephale-records;download;elite-gymnastics;stream,True,A
2012-05-17,LEMONADE - NEPTUNE,jc,/lemonade-neptune/,/lemonade-neptune-c76517/index.html,20131126100847,https://web.archive.org/web/20131126100847id_/http://negativeyouth.net/lemonade-neptune/,video,lemonade;true-panther;video,True,A
2012-05-17,MYKKI BLANCO &#038; THE MUTANT ANGELS,victor,/mykki-blanco-the-mutant-angels/,/mykki-blanco-the-mutant-angels-604819/index.html,20131126084842,https://web.archive.org/web/20131126084842id_/http://negativeyouth.net/mykki-blanco-the-mutant-angels/,musica;video,arca;brenmar;mykki-blanco;stream;the-mutant-angels;video,True,A
2012-05-18,HUSTLING,victor,/hustling/,/hustling-5922bd/index.html,20131126104110,https://web.archive.org/web/20131126104110id_/http://negativeyouth.net/hustling/,video,butterclock;ooooo;video,True,A
2012-05-18,MI AMI - TIME OF LOVE,victor,/mi-ami-time-of-love/,/mi-ami-time-of-love-ec3844/index.html,20131126104134,https://web.archive.org/web/20131126104134id_/http://negativeyouth.net/mi-ami-time-of-love/,video,100-silk;luke-wyatt;mi-ami;video,True,A
2012-05-18,M1XX_> L1VΞ BY ŦΔMΔRΔ_SKΨ,jc,/mixx-live-by-tamara-sky/,/mixx-live-by-tamara-sky-ea7691/index.html,20131126094917,https://web.archive.org/web/20131126094917id_/http://negativeyouth.net/mixx-live-by-tamara-sky/,musica,download;lil-death;mix;mixtape;mp3;overthrow;tamara-sky,True,A
2012-05-18,SOLACE,victor,/solace/,/solace-1fd51d/index.html,20131126104141,https://web.archive.org/web/20131126104141id_/http://negativeyouth.net/solace/,moda;video,bk-phillips;breanna-box;charlene-bagcal;chelsea-wolfe;revelator;video;white-horse,True,A
2012-05-20,HOUSE OF LADOSHA - PERCHED &#038; ROLLIN',victor,/house-of-ladosha-perched-rollin/,/house-of-ladosha-perched-rollin-e0f9fe/index.html,20131126105731,https://web.archive.org/web/20131126105731id_/http://negativeyouth.net/house-of-ladosha-perched-rollin/,musica,house-of-ladosha;stream,True,A
2012-05-21,LEMONADE - DIVER,victor,/lemonade-diver/,/lemonade-diver-baf39f/index.html,20131126091937,https://web.archive.org/web/20131126091937id_/http://negativeyouth.net/lemonade-diver/,musica,lemonade;stream;true-panther,True,A
2012-05-21,TEENGIRL FANTASY - MOTIF,eduardo-caudilio,/teengirl-fantasy-motif/,/teengirl-fantasy-motif-a8e284/index.html,20131126082521,https://web.archive.org/web/20131126082521id_/http://negativeyouth.net/teengirl-fantasy-motif/,musica;video,stream;teengirl-fantasy;video,True,A
2012-05-22,D-MEDLEY,jc,/d-medley/,/d-medley-f1e140/index.html,20131126082926,https://web.archive.org/web/20131126082926id_/http://negativeyouth.net/d-medley/,video,fatima-al-qadiri;thunderhorse-video,True,A
2012-05-22,DJ SMURPHY - TROLL ROMANCE,eduardo-caudilio,/dj-smurphy-troll-romance/,/dj-smurphy-troll-romance-235931/index.html,20131126084704,https://web.archive.org/web/20131126084704id_/http://negativeyouth.net/dj-smurphy-troll-romance/,musica,dj-smurphy;teehn-bwitches;troll-house;troll-romance,True,A
2012-05-22,OCEAN FLOOR FOR EVERYTHING,jc,/ocean-floor-for-everything/,/ocean-floor-for-everything-556f4c/index.html,20131126082909,https://web.archive.org/web/20131126082909id_/http://negativeyouth.net/ocean-floor-for-everything/,musica,acephale;how-to-dress-well;stream,True,A
2012-05-22,TUAREG GEEKS - UPRISE,jc,/tuareg-geeks-uprise/,/tuareg-geeks-uprise-512786/index.html,20131126105853,https://web.archive.org/web/20131126105853id_/http://negativeyouth.net/tuareg-geeks-uprise/,musica,disco-gratis;download;mp3;stream;tuareg-geeks,True,A
2012-05-23,LIGHT ASYLUM - HEART OF DUST,jc,/light-asylum-heart-of-dust/,/light-asylum-heart-of-dust-cce16e/index.html,20131126104309,https://web.archive.org/web/20131126104309id_/http://negativeyouth.net/light-asylum-heart-of-dust/,video,light-asylum;mexican-summer;video,True,A
2012-05-23,SELMA OXOR - QUIERO SALIR,eduardo-caudilio,/selma-oxor-quiero-salir/,/selma-oxor-quiero-salir-2625a1/index.html,20131126090104,https://web.archive.org/web/20131126090104id_/http://negativeyouth.net/selma-oxor-quiero-salir/,musica,dr-dude;selma-oxor;stream,True,A
2012-05-24,KING NIGHT (ROTTERDAM TERROR CORPS REMIX),jc,/king-night-rotterdam-terror-corps-remix/,/king-night-rotterdam-terror-corps-remix-ad2dea/index.html,20131126084344,https://web.archive.org/web/20131126084344id_/http://negativeyouth.net/king-night-rotterdam-terror-corps-remix/,musica,iamsound-records;rotterdam-terror-corps;salem;steam,True,A+C
2012-05-24,SOLEDAD - INVISIBLE,eduardo-caudilio,/soledad-invisible/,/soledad-invisible-fd1d27/index.html,20131126090659,https://web.archive.org/web/20131126090659id_/http://negativeyouth.net/soledad-invisible/,uncategorized,download;mp3;soledad;vale-vergas-discos,True,A
2012-05-24,YEN TECH,victor,/yen-tech/,/yen-tech-7d5a73/index.html,20131126090558,https://web.archive.org/web/20131126090558id_/http://negativeyouth.net/yen-tech/,musica,dis-magazine;download;mix;mp3;stream;yen-tech,True,A+C
2012-05-25,GSX REMIXES,victor,/gsx-remixes/,/gsx-remixes-b404e6/index.html,20131126092139,https://web.archive.org/web/20131126092139id_/http://negativeyouth.net/gsx-remixes/,musica,fatima-al-qadiri;ikonika;stream;uno-nyc,True,A+C
2012-05-28,RITUALZ - ALIEN,eduardo-caudilio,/ritualz-alien/,/ritualz-alien-8e0efe/index.html,20131126084251,https://web.archive.org/web/20131126084251id_/http://negativeyouth.net/ritualz-alien/,video,funerals;mishka;ritualz;video,True,A+C
2012-05-30,HYPERMOTION X/B,eduardo-caudilio,/hypermotion-xb/,/hypermotion-xb-ca1d8a/index.html,20131126105737,https://web.archive.org/web/20131126105737id_/http://negativeyouth.net/hypermotion-xb/,musica;uncategorized,bandcamp;disco-gratis;funerals;mishka;mp3;ritualz;split;мишка;мишка-records,True,A+C
2012-06-04,LIVE YOURSELF BY HTDW,cas,/live-yourself-by-htdw/,/live-yourself-by-htdw-a51221/index.html,20131126083050,https://web.archive.org/web/20131126083050id_/http://negativeyouth.net/live-yourself-by-htdw/,musica,how-to-dress-well;mixtape,True,A
2012-06-05,DJ PABLITO MIX - MOOMBATHON LIVE SET VOL 1,eduardo-caudilio,/dj-pablito-mix-moombathon-live-set-vol-1/,/dj-pablito-mix-moombathon-live-set-vol-1-8d8b99/index.html,20131126093220,https://web.archive.org/web/20131126093220id_/http://negativeyouth.net/dj-pablito-mix-moombathon-live-set-vol-1/,mixtapes;musica,dj-pablito-mix;download;mixtape;mp3;perreo,True,A
2012-06-06,HALEEK MAUL,victor,/haleek-maul/,/haleek-maul-b99869/index.html,20131126082526,https://web.archive.org/web/20131126082526id_/http://negativeyouth.net/haleek-maul/,musica,asap-ferg;asap-rocky;clams-casino;haleek-maul;merok;spaceghostpurrp;stream;the-drum,True,A
2012-06-06,BLOOD DIAMONDS + GRIMES - PHONE SEX,victor,/phone-sex/,/phone-sex-d9ebe6/index.html,20131126090204,https://web.archive.org/web/20131126090204id_/http://negativeyouth.net/phone-sex/,musica,4ad;blood-diamonds;grimes;perfect-pop-song;unicorn-kid,True,A
2012-06-07,A$AP ROCKY - BRAND NEW GUY,victor,/aap-rocky-brand-new-guy/,/aap-rocky-brand-new-guy-9d3809/index.html,20131126093413,https://web.archive.org/web/20131126093413id_/http://negativeyouth.net/aap-rocky-brand-new-guy/,video,asap-rocky;lyle;schoolboy-q;video,True,A
2012-06-07,CATAMARAN,jc,/catamaran/,/catamaran-63e49b/index.html,20131126084722,https://web.archive.org/web/20131126084722id_/http://negativeyouth.net/catamaran/,musica,catamaran;disco-gratis;download;mjmj-records;mp3;stream,True,A
2012-06-08,AMBER IBARRECHE - SHE DONT NO ME,eduardo-caudilio,/amber-ibarreche-she-dont-no-me/,/amber-ibarreche-she-dont-no-me-b05d06/index.html,20131126084824,https://web.archive.org/web/20131126084824id_/http://negativeyouth.net/amber-ibarreche-she-dont-no-me/,musica,amber-ibarreche;stream;twin-gemz,True,A
2012-06-11,SEWER GREATS VOLUME 5,jc,/sewer-greats-volume-5/,/sewer-greats-volume-5-ec93b5/index.html,20131126104346,https://web.archive.org/web/20131126104346id_/http://negativeyouth.net/sewer-greats-volume-5/,musica,disco-gratis;download;glass-popcorn;kitty-pride;main-attraktionz;mp3;raider-simmie;sewage-tapes;stream,True,A
2012-06-12,SKY FERREIRA - RED LIPS,jc,/sky-ferreira-red-lips/,/sky-ferreira-red-lips-225969/index.html,20131126093740,https://web.archive.org/web/20131126093740id_/http://negativeyouth.net/sky-ferreira-red-lips/,video,cameltoe-coqueto;sky-ferreira;terry-richardson;video,True,A
2012-06-13,ADEPTUS,jc,/adeptus/,/adeptus-be5e9a/index.html,20131126105813,https://web.archive.org/web/20131126105813id_/http://negativeyouth.net/adeptus/,musica,actually;adeptus;download;mp3;remix;ssion;stream,True,A
2012-06-13,ART OF WOR - BLOOD WILL HAVE BLOOD,jc,/art-of-wor-blood-will-have-blood/,/art-of-wor-blood-will-have-blood-c4f272/index.html,20131126090628,https://web.archive.org/web/20131126090628id_/http://negativeyouth.net/art-of-wor-blood-will-have-blood/,video,art-of-wor;video;viral,True,A
2012-06-14,SELMA OXOR - LO QUE QUIERO (VIDEO),eduardo-caudilio,/selma-oxor-lo-que-quiero-video/,/selma-oxor-lo-que-quiero-video-5df26f/index.html,20131126082658,https://web.archive.org/web/20131126082658id_/http://negativeyouth.net/selma-oxor-lo-que-quiero-video/,video,selma-oxor;vale-ver;vale-vergas-discos,True,A
2012-06-15,LIKUID KHROME - BALA FRÍA MIX,eduardo-caudilio,/likuid-khrome-bala-fria-mix/,/likuid-khrome-bala-fria-mix-1a680b/index.html,20131126084257,https://web.archive.org/web/20131126084257id_/http://negativeyouth.net/likuid-khrome-bala-fria-mix/,mixtapes;musica,extasis-records;feelings;lao;likuid-khrome;zut-zut,True,A
2012-06-19,SSION - EARTHQUAKE,eduardo-caudilio,/ssion-earthquake/,/ssion-earthquake-735a65/index.html,20131126091830,https://web.archive.org/web/20131126091830id_/http://negativeyouth.net/ssion-earthquake/,video,bent;nightfeelings;ssion;video,True,A
2012-06-20,RITUALZ [ANA CAPRIX &#038; FINALLY BOYS REMIX],cas,/ritualz-ana-caprix-finally-boys-remix/,/ritualz-ana-caprix-finally-boys-remix-b0815d/index.html,20131126084601,https://web.archive.org/web/20131126084601id_/http://negativeyouth.net/ritualz-ana-caprix-finally-boys-remix/,musica,ana-caprix;descarga;finally-boys;gratis;mp3;ritualz,True,A
2012-06-21,"IT'S DANGEROUS TO GO ALONE, TAKE THIS",eduardo-caudilio,/its-dangerous-to-go-alone-take-this/,/its-dangerous-to-go-alone-take-this-8d63cc/index.html,20131126092042,https://web.archive.org/web/20131126092042id_/http://negativeyouth.net/its-dangerous-to-go-alone-take-this/,eventos,brontos;clinica-regina;jaime-martinez;mister-ponny;parque-frenesi;vegan-cannibal,True,A+C
2012-06-25,ARMIN VAN BUUREN - I DON'T OWN YOU (WHITE RING PIKACHU REMIX),jc,/armin-van-buuren-i-dont-own-you-white-ring-pikachu-remix/,/armin-van-buuren-i-dont-own-you-white-ring-pikachu-remix-f41d02/index.html,20131126090242,https://web.archive.org/web/20131126090242id_/http://negativeyouth.net/armin-van-buuren-i-dont-own-you-white-ring-pikachu-remix/,musica,armin-van-buuren;pikachu;remix;stream;white-ring,True,A+C
2012-06-27,FOSTERCARE - ALTERED CREATURE,jc,/fostercare-altered-creature/,/fostercare-altered-creature-78f387/index.html,20131126094858,https://web.archive.org/web/20131126094858id_/http://negativeyouth.net/fostercare-altered-creature/,musica,fostercare;robot-elephant-records;stream,True,A+C
2012-06-28,A TRIBE CALLED RED,eduardo-caudilio,/a-tribe-called-red/,/a-tribe-called-red-eef4bb/index.html,20131126090038,https://web.archive.org/web/20131126090038id_/http://negativeyouth.net/a-tribe-called-red/,musica,a-tribe-called-red;disco-gratis;dj-javier-estrada;inez-jasper;javier-estrada;mp3;remix;rmx,True,A+C
2012-06-29,KALLISTI KALI,eduardo-caudilio,/kallisti-kali/,/kallisti-kali-e8574a/index.html,20131126082848,https://web.archive.org/web/20131126082848id_/http://negativeyouth.net/kallisti-kali/,musica,kallisti-kali;stream,True,A+C
2012-07-03,CHARLI XCX - YOU'RE THE ONE,eduardo-caudilio,/charli-xcx-youre-the-one/,/charli-xcx-youre-the-one-5521f2/index.html,20131126091623,https://web.archive.org/web/20131126091623id_/http://negativeyouth.net/charli-xcx-youre-the-one/,musica;video,charli-xcx;mixtape;mp3;stream;video,True,A
2012-07-09,BANNED FROM MTV,jc,/banned-from-mtv/,/banned-from-mtv-046e3c/index.html,20131126093029,https://web.archive.org/web/20131126093029id_/http://negativeyouth.net/banned-from-mtv/,musica,mix;stream;teen-witch,True,A
2012-07-09,ZOLA JESUS - SEEKIR,jc,/zola-jesus-seekir/,/zola-jesus-seekir-afe64b/index.html,20131126093432,https://web.archive.org/web/20131126093432id_/http://negativeyouth.net/zola-jesus-seekir/,video,video;wicca;zola-jesus,True,A
2012-07-10,EL TRANCE DE LA TIA NUNIA,jc,/el-trance-de-la-tia-nunia/,/el-trance-de-la-tia-nunia-e96865/index.html,20131126095305,https://web.archive.org/web/20131126095305id_/http://negativeyouth.net/el-trance-de-la-tia-nunia/,uncategorized,dj-maquina-de-muerte;peepr;tuareg-geeks;video,True,A
2012-07-10,TEENGIRL FANTASY - END,jc,/teengirl-fantasy-end/,/teengirl-fantasy-end-62c38b/index.html,20131126104322,https://web.archive.org/web/20131126104322id_/http://negativeyouth.net/teengirl-fantasy-end/,musica,stream;teengirl-fantasy;true-panther-records,True,A
2012-07-11,EXO,jc,/exo/,/exo-f54264/index.html,20131126084542,https://web.archive.org/web/20131126084542id_/http://negativeyouth.net/exo/,musica,futurista;gatekeeper;hippos-in-tanks;stream;tabor-robak,True,A
2012-07-11,NITE JEWEL - CLIVE,eduardo-caudilio,/nite-jewel-clive/,/nite-jewel-clive-749af0/index.html,20131126094555,https://web.archive.org/web/20131126094555id_/http://negativeyouth.net/nite-jewel-clive/,video,nite-jewel;video,True,A
2012-07-12,FRI 13TH MIX,jc,/fri-13th-mix/,/fri-13th-mix-41dc75/index.html,20131126082623,https://web.archive.org/web/20131126082623id_/http://negativeyouth.net/fri-13th-mix/,musica,download;mix;mp3;stream;white-ring,True,A
2012-07-13,MAGIC FADES,jc,/magic-fades/,/magic-fades-e012a3/index.html,20131126085312,https://web.archive.org/web/20131126085312id_/http://negativeyouth.net/magic-fades/,musica,download;magic-fades;mp3;stream,True,A
2012-07-13,NSFW: ACTUALLY HUIZENGA,eduardo-caudilio,/nsfw-actually-huizenga/,/nsfw-actually-huizenga-9edc5f/index.html,20131126085138,https://web.archive.org/web/20131126085138id_/http://negativeyouth.net/nsfw-actually-huizenga/,video,actually;actually-huizenga;bandcamp;jacinto-astiazaran;pop-porn;video,True,A
2012-07-16,LAUREN DEVINE - THIS IS HOW WE DO DUBAI,eduardo-caudilio,/lauren-devine-this-is-how-we-do-dubai/,/lauren-devine-this-is-how-we-do-dubai-77121a/index.html,20131126090224,https://web.archive.org/web/20131126090224id_/http://negativeyouth.net/lauren-devine-this-is-how-we-do-dubai/,musica,dubai;laurel-halo;lauren-devine;nightfeelings,True,A
2012-07-18,NGUZUNGUZU - WARM PULSE,victor,/nguzunguzu-warm-pulse/,/nguzunguzu-warm-pulse-e5d7ac/index.html,20131126090304,https://web.archive.org/web/20131126090304id_/http://negativeyouth.net/nguzunguzu-warm-pulse/,musica,hippos-in-tanks;nguzunguzu,True,A
2012-07-19,COLD NITES,victor,/cold-nites/,/cold-nites-804e2b/index.html,20131126095233,https://web.archive.org/web/20131126095233id_/http://negativeyouth.net/cold-nites/,video,acephale;how-to-dress-well;stream,True,A
2012-07-19,LE1F - WUT,jc,/le1f-wut/,/le1f-wut-ad1fae/index.html,20131126082701,https://web.archive.org/web/20131126082701id_/http://negativeyouth.net/le1f-wut/,video,le1f;video,True,A
2012-07-19,MASSACOORAMAAN,victor,/massacooramaan/,/massacooramaan-fe0565/index.html,20131126090256,https://web.archive.org/web/20131126090256id_/http://negativeyouth.net/massacooramaan/,musica;video,ep;fade-to-mind;kingdom;massacooramaan;stream;subtranca;video,True,A
2012-07-20,PHONE SEX (UNICORN KID REMIX),jc,/phone-sex-unicorn-kid-remix/,/phone-sex-unicorn-kid-remix-0b72b4/index.html,20131126084151,https://web.archive.org/web/20131126084151id_/http://negativeyouth.net/phone-sex-unicorn-kid-remix/,musica,4ad;blood-diamonds;grimes;stream;unicorn-kid,True,A
2012-07-20,SMOKE ALARM (∆AIMON REMIX),jc,/smoke-alarm-%E2%88%86aimon-remix/,/smoke-alarm-aimon-remix-88ccec/index.html,20131126091946,https://web.archive.org/web/20131126091946id_/http://negativeyouth.net/smoke-alarm-%E2%88%86aimon-remix/,uncategorized,aimon;nguzunguzu;remix;stream,True,A
2012-07-20,SSION - FEELZ GOOD 4 EVR,eduardo-caudilio,/ssion-feel-good-4-evr/,/ssion-feel-good-4-evr-a9470a/index.html,20131126084815,https://web.archive.org/web/20131126084815id_/http://negativeyouth.net/ssion-feel-good-4-evr/,video,bent;cody-critcheloe;ssion;video,True,A
2012-07-23,TRUST - SULK,jc,/trust-sulk/,/trust-sulk-d4e90b/index.html,20131126082756,https://web.archive.org/web/20131126082756id_/http://negativeyouth.net/trust-sulk/,video,arts-and-crafts;trust;video,True,A
2012-07-25,ADEPTUS - FROM THE VALLEY,jc,/adeptus-from-the-valley/,/adeptus-from-the-valley-f6c289/index.html,20131126092146,https://web.archive.org/web/20131126092146id_/http://negativeyouth.net/adeptus-from-the-valley/,mixtapes;musica,adeptus;download;mp3;negative-youth;sir-dyno;stream;woodie,True,A
2012-07-25,CRYSTAL CASTLES - PLAGUE,jc,/crystal-castles-plague/,/crystal-castles-plague-d404cc/index.html,20131126083815,https://web.archive.org/web/20131126083815id_/http://negativeyouth.net/crystal-castles-plague/,musica,controversia;crystal-castles;download;mp3;stream,True,A
2012-07-25,TREE DRUM REMIXES,jc,/tree-drum-remixes/,/tree-drum-remixes-d2c208/index.html,20131126085144,https://web.archive.org/web/20131126085144id_/http://negativeyouth.net/tree-drum-remixes/,musica,download;gatekeeper;gobby;hippos-in-tanks;mp3;stream;the-fader;total-freedom,True,A
2012-07-26,ANTWON - LIVING EVERYDREAM (PROD. PICTUREPLANE),cas,/antwon-living-everydream-prod-pictureplane/,/antwon-living-everydream-prod-pictureplane-6d1790/index.html,20131126093439,https://web.archive.org/web/20131126093439id_/http://negativeyouth.net/antwon-living-everydream-prod-pictureplane/,video,antwon;bay-area;pictureplane,True,A
2012-07-26,RITUALZ - RHYTHMIC RELEASE,eduardo-caudilio,/ritualz-rhythmic-release/,/ritualz-rhythmic-release-a3f086/index.html,20131126095642,https://web.archive.org/web/20131126095642id_/http://negativeyouth.net/ritualz-rhythmic-release/,video,hypermotion-x;mishka;ritualz;uta;video,True,A
2012-07-27,NORDPOLEN - NÄR MITT BLOD PUMPAR I DEJ,cas,/nordpolen-nar-mitt-blod-pumpar-i-dej/,/nordpolen-nar-mitt-blod-pumpar-i-dej-cbf2c3/index.html,20131126084544,https://web.archive.org/web/20131126084544id_/http://negativeyouth.net/nordpolen-nar-mitt-blod-pumpar-i-dej/,musica,download;gratis;jj;mp3;nordpolen;sincerely-yours;suecia,True,A+C
2012-07-27,SOLEDAD - INVISIBLE (VIDEO),eduardo-caudilio,/soledad-invisible-video/,/soledad-invisible-video-cff05f/index.html,20131126105757,https://web.archive.org/web/20131126105757id_/http://negativeyouth.net/soledad-invisible-video/,video,brett-shchultz;esteban-aldrete;soledad;video,True,A+C
2012-07-28,SELF DEFENSE,victor,/self-defense/,/self-defense-633a32/index.html,20131126094549,https://web.archive.org/web/20131126094549id_/http://negativeyouth.net/self-defense/,musica,arca;stream,True,A+C
2012-07-30,FOSTERCARE - LONG CLOTHING MIXTAPE,eduardo-caudilio,/fostercare-long-clothing-mixtape/,/fostercare-long-clothing-mixtape-4eef31/index.html,20131126094817,https://web.archive.org/web/20131126094817id_/http://negativeyouth.net/fostercare-long-clothing-mixtape/,musica,distorted-memory-x-lil-kim;download;fostercare;konichiwa;long-clothing;mixtape;mp3,True,A+C
2012-07-31,NINA SKY - NICOLE &#038; NATALIE,eduardo-caudilio,/nina-sky-nicole-natalie/,/nina-sky-nicole-natalie-fa3c36/index.html,20131126091953,https://web.archive.org/web/20131126091953id_/http://negativeyouth.net/nina-sky-nicole-natalie/,musica;video,disco-gratis;download;mp3;nicole-natalie;nina-sky;stream;video,True,A+C
2012-08-01,TEENGIRL FANTASY - EFX (FEAT. KELELA),cas,/teengirl-fantasy-efx-feat-kelela/,/teengirl-fantasy-efx-feat-kelela-9c1152/index.html,20131126084426,https://web.archive.org/web/20131126084426id_/http://negativeyouth.net/teengirl-fantasy-efx-feat-kelela/,musica,kelela;stream;teengirl-fantasy;true-panther-records,True,A
2012-08-02,JACK' IE LO - GIMME_M¥_DRUG$,eduardo-caudilio,/jack-ie-lo-gimme_m%C2%A5_drug/,/jack-ie-lo-gimme_m-_drug-2d78ea/index.html,20131126090316,https://web.archive.org/web/20131126090316id_/http://negativeyouth.net/jack-ie-lo-gimme_m%C2%A5_drug/,musica,download;extasis-records;jack-ie-lo;mp3;stream,True,A
2012-08-04,UNICORN KID - NEED U,eduardo-caudilio,/unicorn-kid-need-u/,/unicorn-kid-need-u-78baa8/index.html,20131126090322,https://web.archive.org/web/20131126090322id_/http://negativeyouth.net/unicorn-kid-need-u/,video,drogas;unicorn-kid;video,True,A
2012-08-07,EXO,cas,/exo-game/,/exo-game-48a9eb/index.html,20131126084248,https://web.archive.org/web/20131126084248id_/http://negativeyouth.net/exo-game/,uncategorized,del-futuro;exo;gatekeeper;gratis;tabor-robak;video-game,True,A
2012-08-08,ALEXICO - ARAÑAS,eduardo-caudilio,/alexico-aranas/,/alexico-aranas-9e5f65/index.html,20131126084647,https://web.archive.org/web/20131126084647id_/http://negativeyouth.net/alexico-aranas/,musica;video,alexico;entrevista;video,True,A
2012-08-09,TWIN-GEMZ - SUMMER SLAYING,eduardo-caudilio,/twin-gemz-summer-slaying/,/twin-gemz-summer-slaying-a4426c/index.html,20131126093643,https://web.archive.org/web/20131126093643id_/http://negativeyouth.net/twin-gemz-summer-slaying/,musica;video,amber-ibarreche;bunny-michael;mp3;stream;twin-gemz,True,A
2012-08-10,FIFTY GRAND,eduardo-caudilio,/fifty-grand/,/fifty-grand-a0f9fd/index.html,20131126084303,https://web.archive.org/web/20131126084303id_/http://negativeyouth.net/fifty-grand/,musica,aural-sects;bandcamp;disco-gratis;fifty-grand;mp3,True,A
2012-08-13,ANA CAPRIX - YOURS (FEAT. TAYLOR SWIFT),jc,/ana-caprix-yours-feat-taylor-swift/,/ana-caprix-yours-feat-taylor-swift-206b2e/index.html,20131104003753,https://web.archive.org/web/20131104003753id_/http://negativeyouth.net/ana-caprix-yours-feat-taylor-swift/,musica,ana-caprix;download;mp3;stream;taylor-swift,True,A
2012-08-13,SELMA OXOR - DOTES DE COCINA + ENTREVISTA,eduardo-caudilio,/selma-oxor-dotes-de-cocina-entrevista/,/selma-oxor-dotes-de-cocina-entrevista-40fb69/index.html,20131126113509,https://web.archive.org/web/20131126113509id_/http://negativeyouth.net/selma-oxor-dotes-de-cocina-entrevista/,entrevistas;video,centro-cultural-gati;dotes-de-cocina;entrevista;maria-tejeda;selma-oxor;user-69;vale-vergas-discos,True,A
2012-08-15,Nite Jewel &#038; Nicholas Krgovich - Thinking About You (Frank Ocean Cover),cas,/nite-jewel-nicholas-krgovich-thinking-about-you-frank-ocean-cover/,/nite-jewel-nicholas-krgovich-thinking-about-you-frank-ocean-cover-0c7486/index.html,20131104003749,https://web.archive.org/web/20131104003749id_/http://negativeyouth.net/nite-jewel-nicholas-krgovich-thinking-about-you-frank-ocean-cover/,musica,cover;download;frank-ocean;free;mp3;nicholas-krgovich;nite-jewel,True,A
2012-08-16,ÑAKA ÑAKA - VUH [LIVE @ NEGATIVE HOUSE],jc,/naka-naka-vuh-live/,/naka-naka-vuh-live-f5d9db/index.html,20131126105942,https://web.archive.org/web/20131126105942id_/http://negativeyouth.net/naka-naka-vuh-live/,video,live;naka-naka;negative-house;negative-youth;video,True,A
2012-08-16,Popcaan - System,cas,/popcaan-system/,/popcaan-system-82dc87/index.html,20131104102759,https://web.archive.org/web/20131104102759id_/http://negativeyouth.net/popcaan-system/,video,dancehall;dre-skull;popcaan;portmore-empire;video,True,A
2012-08-17,FEELINGS,jc,/feelings/,/feelings-bde113/index.html,20131126093504,https://web.archive.org/web/20131126093504id_/http://negativeyouth.net/feelings/,musica,amdiscs;disco-gratis;download;finally-boys;mp3;stream,True,A
2012-08-21,GLASS POPCORN - GOIN' HAMBURGER,eduardo-caudilio,/glass-popcorn-goin-hamburger/,/glass-popcorn-goin-hamburger-fd8624/index.html,20131126095656,https://web.archive.org/web/20131126095656id_/http://negativeyouth.net/glass-popcorn-goin-hamburger/,video,dump-fm;glass-popcorn;hamburger;lex-luger;ryder-ripps,True,A
2012-08-21,HOLY OTHER - HELD,jc,/holy-other-held/,/holy-other-held-2542a7/index.html,20131126084040,https://web.archive.org/web/20131126084040id_/http://negativeyouth.net/holy-other-held/,musica,holy-other;stream;tri-angle,True,A
2012-08-21,Mykki Blanco - Wavvy (VIDEO),eduardo-caudilio,/mykki-blanco-wavvy-video/,/mykki-blanco-wavvy-video-c0e627/index.html,20131126091808,https://web.archive.org/web/20131126091808id_/http://negativeyouth.net/mykki-blanco-wavvy-video/,video,brenmar;francesco-carrozzini;mykki-blanco,True,A
2012-08-22,GENESIS,jc,/genesis/,/genesis-557120/index.html,20131126092009,https://web.archive.org/web/20131126092009id_/http://negativeyouth.net/genesis/,video,4ad;arbustus;grimes;video,True,A
2012-08-22,RITUALZ - THE END OF SUMMER 2K12 MIX,eduardo-caudilio,/ritualz-the-end-of-summer-2k12-mix/,/ritualz-the-end-of-summer-2k12-mix-84bb6c/index.html,20131126090641,https://web.archive.org/web/20131126090641id_/http://negativeyouth.net/ritualz-the-end-of-summer-2k12-mix/,mixtapes;musica,gratis;mixtape;mp3;nightcore;ritualz,True,A
2012-08-23,EVERYONE (NOT EVERYONE),jc,/everyone-not-everyone/,/everyone-not-everyone-804053/index.html,20131126082519,https://web.archive.org/web/20131126082519id_/http://negativeyouth.net/everyone-not-everyone/,video,maxwell-velocity;video,True,A
2012-08-23,PROMISE+E,jc,/promisee/,/promisee-0d428d/index.html,20131126084119,https://web.archive.org/web/20131126084119id_/http://negativeyouth.net/promisee/,musica,descarga;ee;mixtape;mp3;stream,True,A
2012-08-24,COLD NITES (KORELESS REMIX),jc,/cold-nites-koreless-remix/,/cold-nites-koreless-remix-6b482d/index.html,20131126094541,https://web.archive.org/web/20131126094541id_/http://negativeyouth.net/cold-nites-koreless-remix/,musica,how-to-dress-well;koreless;stream,True,A
2012-08-24,HALEEK MAUL &#038; SUPREME CUTS,victor,/haleek-maul-supreme-cuts/,/haleek-maul-supreme-cuts-56667b/index.html,20131126083002,https://web.archive.org/web/20131126083002id_/http://negativeyouth.net/haleek-maul-supreme-cuts/,musica,haleek-maul;mishka;stream;supreme-cuts,True,A
2012-08-24,Physical Therapy - Drone On,cas,/physical-therapy-drone-on/,/physical-therapy-drone-on-5a00d7/index.html,20131126091822,https://web.archive.org/web/20131126091822id_/http://negativeyouth.net/physical-therapy-drone-on/,video,physical-therapy;video,True,A
2012-08-27,RACHEL HAIRCUT,jc,/rachel-haircut/,/rachel-haircut-94cbe7/index.html,20131126084848,https://web.archive.org/web/20131126084848id_/http://negativeyouth.net/rachel-haircut/,musica,90s;aural-sects;disco-gratis;download;mp3;rachel-haircut;stream,True,A+C
2012-08-27,XIU XIU - BORN TO SUFFER,eduardo-caudilio,/xiu-xiu-born-to-suffer/,/xiu-xiu-born-to-suffer-981fb5/index.html,20131126082855,https://web.archive.org/web/20131126082855id_/http://negativeyouth.net/xiu-xiu-born-to-suffer/,video,adriana-alba;born-to-suffer;video;xiu-xiu,True,A+C
2012-08-28,RED LIPS (ELITE GYMNASTICS REMIX),victor,/red-lips-elite-gymnastics-remix/,/red-lips-elite-gymnastics-remix-e30366/index.html,20131126100917,https://web.archive.org/web/20131126100917id_/http://negativeyouth.net/red-lips-elite-gymnastics-remix/,musica,elite-gymnastics;remix;sky-ferreira;stream,True,A+C
2012-08-29,Nordpolen - när mitt blod pumpar i dig (Video),cas,/vid-nar-mitt-blod-pumpar-i-dig/,/vid-nar-mitt-blod-pumpar-i-dig-aac0b8/index.html,20131126094602,https://web.archive.org/web/20131126094602id_/http://negativeyouth.net/vid-nar-mitt-blod-pumpar-i-dig/,video,malditos-suecos;nordpolen;sincerely-yours;video,True,A+C
2012-08-30,Sky Ferreira - Everything Is Embarrassing,eduardo-caudilio,/sky-ferreira-everything-is-embarrassing/,/sky-ferreira-everything-is-embarrassing-ec84ff/index.html,20131126094824,https://web.archive.org/web/20131126094824id_/http://negativeyouth.net/sky-ferreira-everything-is-embarrassing/,musica,blood-orange;download;mp3;sky-ferreira,True,A+C
2012-09-04,JULIA HOLTER &#038; NITE JEWEL - WHAT WE SEE,eduardo-caudilio,/julia-holter-nite-jewel-what-we-see/,/julia-holter-nite-jewel-what-we-see-5c7f8f/index.html,20131126084640,https://web.archive.org/web/20131126084640id_/http://negativeyouth.net/julia-holter-nite-jewel-what-we-see/,video,dublab;julia-holter;light-from-los-angeles;nite-jewel,True,A
2012-09-04,USER 69,jc,/user-69/,/user-69-7a7d46/index.html,20131126082708,https://web.archive.org/web/20131126082708id_/http://negativeyouth.net/user-69/,musica,disco-gratis;dr-dude;mp3;selma-oxor;stream;vale-vergas-discos,True,A
2012-09-05,MARIA MINERVA - FIRE (FEAT CHASE ROYAL),eduardo-caudilio,/maria-minerva-fire-feat-chase-royal/,/maria-minerva-fire-feat-chase-royal-cee4c7/index.html,20131126104123,https://web.archive.org/web/20131126104123id_/http://negativeyouth.net/maria-minerva-fire-feat-chase-royal/,musica,maria-minerva;mp3;not-not-fun;stream,True,A
2012-09-05,PUNISH ME FOR FUN,jc,/punish-me-for-fun/,/punish-me-for-fun-a05c4b/index.html,20131126083028,https://web.archive.org/web/20131126083028id_/http://negativeyouth.net/punish-me-for-fun/,musica,adeptus;download;mp3;mykki-blanco;stream,True,A
2012-09-05,STARGATE,jc,/stargate/,/stargate-8c7cfd/index.html,20131126082645,https://web.archive.org/web/20131126082645id_/http://negativeyouth.net/stargate/,musica,hundebiss-records;stargate;stream,True,A
2012-09-06,RECORDANDO A CARL CRACK,jc,/recordando-a-carl-crack/,/recordando-a-carl-crack-eef389/index.html,20131126085900,https://web.archive.org/web/20131126085900id_/http://negativeyouth.net/recordando-a-carl-crack/,video,atari-teenage-riot;carl-crack;rip;video,True,A
2012-09-10,ÑAKA ÑAKA - VUH,eduardo-caudilio,/naka-naka-vuh/,/naka-naka-vuh-9f573b/index.html,20131126091846,https://web.archive.org/web/20131126091846id_/http://negativeyouth.net/naka-naka-vuh/,musica,download;epn;mp3;naka-naka;third-world-doom-dance;u-f-o-ria;uforia,True,A
2012-09-11,BRUXA,jc,/bruxa/,/bruxa-a521e7/index.html,20131126105833,https://web.archive.org/web/20131126105833id_/http://negativeyouth.net/bruxa/,musica,bruxa;disco-gratis;download;mishka;mp3;strea,True,A
2012-09-11,FAM-LAY - LOOK INTO MY EYES (@LILINTERNET KILLAM AVE REMIX),eduardo-caudilio,/fam-lay-look-into-my-eyes-lilinternet-killam-ave-remix/,/fam-lay-look-into-my-eyes-lilinternet-killam-ave-remix-81962e/index.html,20131126084747,https://web.archive.org/web/20131126084747id_/http://negativeyouth.net/fam-lay-look-into-my-eyes-lilinternet-killam-ave-remix/,musica,fam-lay;lil-internet;mp3;remix,True,A
2012-09-12,SSION - &#8220;KIM&#8221;,eduardo-caudilio,/ssion-kim/,/ssion-kim-dcdc43/index.html,20131126091653,https://web.archive.org/web/20131126091653id_/http://negativeyouth.net/ssion-kim/,video,kim-gordon;kim-kardashian;ssion,True,A
2012-09-13,DRESSED FOR SPACE,jc,/dressed-for-space/,/dressed-for-space-7392ea/index.html,20131126090605,https://web.archive.org/web/20131126090605id_/http://negativeyouth.net/dressed-for-space/,video,trust;video,True,A
2012-09-13,MÉXICO X TEEHN BWITCHES,eduardo-caudilio,/mexico-x-teehn-bwitches/,/mexico-x-teehn-bwitches-36014f/index.html,20131126083044,https://web.archive.org/web/20131126083044id_/http://negativeyouth.net/mexico-x-teehn-bwitches/,musica,enrique-pena-nieto;epn;mexico;teehn-bwitches,True,A
2012-09-16,WAKA FLOCKA FLAME - MURDA (WHITE RING 2K12 REMIX),jc,/waka-flocka-flame-murda/,/waka-flocka-flame-murda-6de510/index.html,20131126083058,https://web.archive.org/web/20131126083058id_/http://negativeyouth.net/waka-flocka-flame-murda/,musica,download;mp3;remix;stream;waka-flocka-flame;white-ring,True,A
2012-09-17,LOST IN THE GAME,jc,/lost-in-the-game/,/lost-in-the-game-bfa6f4/index.html,20131126085853,https://web.archive.org/web/20131126085853id_/http://negativeyouth.net/lost-in-the-game/,musica,kid606;stream;tigerbeat6;xiu-xiu,True,A
2012-09-17,MÉXICO X JAVIER ESTRADA,eduardo-caudilio,/mexico-x-javier-estrada/,/mexico-x-javier-estrada-cda1fe/index.html,20131126085301,https://web.archive.org/web/20131126085301id_/http://negativeyouth.net/mexico-x-javier-estrada/,musica,dj-javier-estrada;el-futuro-de-mexico;mexico,True,A
2012-09-19,MÉXICO X OCCULTDΛNϟΣ,eduardo-caudilio,/mexico-x-occultdanse/,/mexico-x-occultdanse-448525/index.html,20131126084140,https://web.archive.org/web/20131126084140id_/http://negativeyouth.net/mexico-x-occultdanse/,musica,mexico;occultdanse;oliver-playrats,True,A
2012-09-19,STONED BOYS - ANDROMEDA,jc,/stoned-boys-andromeda/,/stoned-boys-andromeda-76f2e2/index.html,20131126084301,https://web.archive.org/web/20131126084301id_/http://negativeyouth.net/stoned-boys-andromeda/,musica,disco-gratis;download;mp3;stoned-boys;stream,True,A
2012-09-20,FIFTY GRAND - EXCEPTIONAL,eduardo-caudilio,/fifty-grand-exceptional/,/fifty-grand-exceptional-baa65e/index.html,20131126085252,https://web.archive.org/web/20131126085252id_/http://negativeyouth.net/fifty-grand-exceptional/,musica,aural-sects;disco-gratis;ep;fifty-grand;mp3,True,A
2012-09-20,MÉXICO X SELMA OXOR,eduardo-caudilio,/mexico-x-selma-oxor/,/mexico-x-selma-oxor-3f65d5/index.html,20131126090111,https://web.archive.org/web/20131126090111id_/http://negativeyouth.net/mexico-x-selma-oxor/,musica,el-futuro-de-mexico;mexico;selma-oxor,True,A
2012-09-21,CHARLI XCX - SO FAR AWAY (PRINCES VIDEO REMIX),eduardo-caudilio,/charli-xcx-so-far-away-princes-video-remix/,/charli-xcx-so-far-away-princes-video-remix-c27cdd/index.html,20131126104059,https://web.archive.org/web/20131126104059id_/http://negativeyouth.net/charli-xcx-so-far-away-princes-video-remix/,video,charli-xcx;mamasita;tumblr;video,True,A
2012-09-21,MÉXICO X TUAREG GEEKS,eduardo-caudilio,/mexico-x-tuareg-geeks/,/mexico-x-tuareg-geeks-f3061e/index.html,20131126085844,https://web.archive.org/web/20131126085844id_/http://negativeyouth.net/mexico-x-tuareg-geeks/,musica,mexico;tuareg-geeks,True,A
2012-09-24,MÉXICO X LAO + DJ SMURPHY,eduardo-caudilio,/mexico-x-lao-dj-smurphy/,/mexico-x-lao-dj-smurphy-e61cd7/index.html,20131126102539,https://web.archive.org/web/20131126102539id_/http://negativeyouth.net/mexico-x-lao-dj-smurphy/,musica,dj-smurphy;jessica-smurphy;lao;lauro-robles;mexico,True,A
2012-09-24,WEEKEND UPDATE,jc,/weekend-update/,/weekend-update-ef3260/index.html,20131126082950,https://web.archive.org/web/20131126082950id_/http://negativeyouth.net/weekend-update/,musica,ana-caprix;download;hippos-in-tanks;james-ferraro;javier-estrada;lao;laurel-halo;mp3;naka-naka;selma-oxor;stream;superpost;weekend-update,True,A
2012-09-25,MÉXICO X RITUALZ,eduardo-caudilio,/mexico-x-ritualz/,/mexico-x-ritualz-216ad6/index.html,20131126084523,https://web.archive.org/web/20131126084523id_/http://negativeyouth.net/mexico-x-ritualz/,musica,mexico;mp3;ritualz;stream,True,A
2012-09-26,CRYSTAL CASTLES III,jc,/crystal-castles-iii/,/crystal-castles-iii-853b6d/index.html,20131126084309,https://web.archive.org/web/20131126084309id_/http://negativeyouth.net/crystal-castles-iii/,musica,crystal-castles;download;mp3;stream,True,A
2012-09-26,LITANIC MASK - VIRGIN SPRING (VIDEO + ENTREVISTA),eduardo-caudilio,/litanic-mask-virgin-spring-video/,/litanic-mask-virgin-spring-video-32c675/index.html,20131126093242,https://web.archive.org/web/20131126093242id_/http://negativeyouth.net/litanic-mask-virgin-spring-video/,entrevistas;musica;video,entrevista;litanic-mask;video,True,A
2012-09-26,MEXICO X TURBIA,eduardo-caudilio,/mexico-x-turbia/,/mexico-x-turbia-dbf7df/index.html,20131126102637,https://web.archive.org/web/20131126102637id_/http://negativeyouth.net/mexico-x-turbia/,musica,mexico;turbia;zeamx,True,A+C
2012-09-26,SUPREME CUTS REANIMATED,jc,/supreme-cuts-reanimated/,/supreme-cuts-reanimated-b645fd/index.html,20131126090653,https://web.archive.org/web/20131126090653id_/http://negativeyouth.net/supreme-cuts-reanimated/,musica,brenmar;disco-gratis;dovecot-records;download;howse;mp3;physical-therapy;stream;supreme-cuts,True,A
2012-09-27,MEXICO X BONSAI BABIES,eduardo-caudilio,/mexico-x-bonsai-babies/,/mexico-x-bonsai-babies-0d40d8/index.html,20131126102526,https://web.archive.org/web/20131126102526id_/http://negativeyouth.net/mexico-x-bonsai-babies/,musica,bonsai-babies;lalala4e;mexico,True,A+C
2012-09-28,MÉXICO X NICOLAS,eduardo-caudilio,/mexico-x-nicolas/,/mexico-x-nicolas-e92186/index.html,20131126084513,https://web.archive.org/web/20131126084513id_/http://negativeyouth.net/mexico-x-nicolas/,musica,cassettezultan;ediciones-conquista;esteban-aldrete;mexico;nicolas,True,A+C
2012-09-28,MEXICO X PEEPR,jc,/mexico-x-peepr/,/mexico-x-peepr-188166/index.html,20131126093538,https://web.archive.org/web/20131126093538id_/http://negativeyouth.net/mexico-x-peepr/,musica,mexico;peepr;stream,True,A+C
2012-09-28,TAMARA SKY: Mixtape para Long Clothing,cas,/tamara-sky-mixtape-para-long-clothing/,/tamara-sky-mixtape-para-long-clothing-ad16b0/index.html,20131126085822,https://web.archive.org/web/20131126085822id_/http://negativeyouth.net/tamara-sky-mixtape-para-long-clothing/,musica,download;lil-death;long-clothing;mix;mixtape;mp3;tamara-sky,True,A+C
2012-10-02,きゃりーぱみゅぱみゅ - ファッションモンスター,jc,/%E3%81%8D%E3%82%83%E3%82%8A%E3%83%BC%E3%81%B1%E3%81%BF%E3%82%85%E3%81%B1%E3%81%BF%E3%82%85-%E3%83%95%E3%82%A1%E3%83%83%E3%82%B7%E3%83%A7%E3%83%B3%E3%83%A2%E3%83%B3%E3%82%B9%E3%82%BF%E3%83%BC/,/きゃりーぱみゅぱみゅ-ファッションモンスター-86d089/index.html,20131126091825,https://web.archive.org/web/20131126091825id_/http://negativeyouth.net/%E3%81%8D%E3%82%83%E3%82%8A%E3%83%BC%E3%81%B1%E3%81%BF%E3%82%85%E3%81%B1%E3%81%BF%E3%82%85-%E3%83%95%E3%82%A1%E3%83%83%E3%82%B7%E3%83%A7%E3%83%B3%E3%83%A2%E3%83%B3%E3%82%B9%E3%82%BF%E3%83%BC/,video,j-pop;kyary-pamyu-pamyu;video;きゃりーぱみゅぱみゅ,True,A
2012-10-03,ELLA Y EL MUERTO,jc,/ella-y-el-muerto/,/ella-y-el-muerto-22ae7a/index.html,20131126092059,https://web.archive.org/web/20131126092059id_/http://negativeyouth.net/ella-y-el-muerto/,musica,camila-sodi;ella-y-el-muerto;noiselab;snake-river-conspiracy;stream;wtf,True,A
2012-10-03,EVERYTHING IS EMBARRASSING [VIDEO],jc,/everything-is-embarrassing-video/,/everything-is-embarrassing-video-77b017/index.html,20131126084125,https://web.archive.org/web/20131126084125id_/http://negativeyouth.net/everything-is-embarrassing-video/,video,sky-ferreira;video,True,A
2012-10-03,[MAL001] NEGATIVE YOUTH MÉXICO,jc,/mal001-negative-youth-mexico/,/mal001-negative-youth-mexico-0097de/index.html,20131126083809,https://web.archive.org/web/20131126083809id_/http://negativeyouth.net/mal001-negative-youth-mexico/,musica,bonsai-babies;disco-gratis;dj-smurphy;download;javier-estrada;lao;maligna;mexico;mp3;negative-youth;nicolas;occultdanse;peepr;ritualz;selma-oxor;stream;teehn-bwitches;tuareg-geeks;turbia,True,A
2012-10-04,FATIMA AL QADIRI - DESERT STRIKE EP,jc,/fatima-al-qadiri-desert-strike-ep/,/fatima-al-qadiri-desert-strike-ep-fd0fab/index.html,20131126083023,https://web.archive.org/web/20131126083023id_/http://negativeyouth.net/fatima-al-qadiri-desert-strike-ep/,musica,fade-to-mind;fatima-al-qadiri;stream,True,A
2012-10-04,.inc - the place,cas,/inc-the-place/,/inc-the-place-011889/index.html,20131126095225,https://web.archive.org/web/20131126095225id_/http://negativeyouth.net/inc-the-place/,video,inc;4ad;andrew-aged;daniel-aged;download;gratis;mp3;teen-inc;video,True,A
2012-10-05,ARAAB WEEKEND,jc,/araab-weekend/,/araab-weekend-2f976e/index.html,20131126105807,https://web.archive.org/web/20131126105807id_/http://negativeyouth.net/araab-weekend/,musica,araabmuzik;remix;sleigh-bells;stream,True,A
2012-10-05,HOLY OTHER - LOVE SOME1 (TEENGIRL FANTASY REMIX FEATURING KELELA),eduardo-caudilio,/holy-other-love-some1-teengirl-fantasy-remix-featuring-kelela/,/holy-other-love-some1-teengirl-fantasy-remix-featuring-kelela-8a11a5/index.html,20131126090422,https://web.archive.org/web/20131126090422id_/http://negativeyouth.net/holy-other-love-some1-teengirl-fantasy-remix-featuring-kelela/,musica,holy-other;kelela;remix;teengirl-fantasy,True,A
2012-10-05,ÑAKA ÑAKA - VUH (VIDEO),eduardo-caudilio,/naka-naka-vuh-video/,/naka-naka-vuh-video-44eab6/index.html,20131126082506,https://web.archive.org/web/20131126082506id_/http://negativeyouth.net/naka-naka-vuh-video/,musica,naka-naka;u-f-o-ria;uforia,True,A
2012-10-09,SCHONWALD - MOON,eduardo-caudilio,/schonwald-moon/,/schonwald-moon-dd9518/index.html,20131126082604,https://web.archive.org/web/20131126082604id_/http://negativeyouth.net/schonwald-moon/,musica,schonwald;stream,True,A
2012-10-10,EVA CHERIE,jc,/eva-cherie/,/eva-cherie-c478ca/index.html,20131126084412,https://web.archive.org/web/20131126084412id_/http://negativeyouth.net/eva-cherie/,musica,indian-jewelry;stream,True,A
2012-10-11,DESTROYER + REMIX,jc,/destroyer-remix/,/destroyer-remix-563e40/index.html,20131126090320,https://web.archive.org/web/20131126090320id_/http://negativeyouth.net/destroyer-remix/,musica,alessandro-cortini;atticus-ross;federal-prism;stream;telepathe;trent-reznor,True,A
2012-10-11,HALEEK MAUL - 88,victor,/haleek-maul-88/,/haleek-maul-88-010069/index.html,20131126082544,https://web.archive.org/web/20131126082544id_/http://negativeyouth.net/haleek-maul-88/,video,haleek-maul;video,True,A
2012-10-11,VALLY GIRL - 4G,jc,/vally-girl-4g/,/vally-girl-4g-587c58/index.html,20131126095631,https://web.archive.org/web/20131126095631id_/http://negativeyouth.net/vally-girl-4g/,musica;video,disco-gratis;download;freak-city;la-rap;mp3;old-young;stream;vally-girl;video,True,A
2012-10-12,Brujjas Deejay feat Hanna Shinohara,eduardo-caudilio,/brujjas-deejay-feat-hanna-shinohara/,/brujjas-deejay-feat-hanna-shinohara-f4c373/index.html,20131126090431,https://web.archive.org/web/20131126090431id_/http://negativeyouth.net/brujjas-deejay-feat-hanna-shinohara/,musica,brujas-deejay;dj-javier-estrada;dj-vintage-ghetto;hanna-shinohara;javier-estrada,True,A
2012-10-15,GLASS POPCORN 2011 - 2012 + ENTREVISTA,eduardo-caudilio,/glass-popcorn-2011-2012-entrevista/,/glass-popcorn-2011-2012-entrevista-98e534/index.html,20131126085325,https://web.archive.org/web/20131126085325id_/http://negativeyouth.net/glass-popcorn-2011-2012-entrevista/,entrevistas;musica,disco-gratis;entrevista;glass-popcorn;mixtape;mp3;ryder-ripps;stream;will-neibergall,True,A
2012-10-15,"SKY, SKY, SKY",jc,/sky-sky-sky/,/sky-sky-sky-0a7345/index.html,20131126083115,https://web.archive.org/web/20131126083115id_/http://negativeyouth.net/sky-sky-sky/,musica,com-truise;gatekeeper;patrik-sandberg;remix;salem;sky-ferreira;stream,True,A
2012-10-15,WEEKEND UPDATE II,jc,/weekend-update-ii/,/weekend-update-ii-6a0f49/index.html,20131126100926,https://web.archive.org/web/20131126100926id_/http://negativeyouth.net/weekend-update-ii/,musica,antwon;brite-aid;domus;download;mp3;naka-naka;stream;teams;unicorn-kid;wasted-youth;weekend-update,True,A
2012-10-16,MAXWELL VELOCITY,jc,/maxwell-velocity/,/maxwell-velocity-d9e23e/index.html,20131126085244,https://web.archive.org/web/20131126085244id_/http://negativeyouth.net/maxwell-velocity/,entrevistas;musica,disco-gratis;download;entrevista;gvcci-hvcci;hd-boyz;maxwell-velocity;mp3,True,A
2012-10-17,MUSIC FOR KEYBOARDS VOL II &#038; III,jc,/music-for-keyboards-vol-ii-iii/,/music-for-keyboards-vol-ii-iii-d8e49c/index.html,20131126091636,https://web.archive.org/web/20131126091636id_/http://negativeyouth.net/music-for-keyboards-vol-ii-iii/,musica,deon;disco-gratis;download;hippos-in-tanks;mp3;music-for-keyboards;stream,True,A
2012-10-17,MÚSICA PARA CLUBS CLAUSURADOS,jc,/musica-para-clubs-clausurados/,/musica-para-clubs-clausurados-442751/index.html,20131126084533,https://web.archive.org/web/20131126084533id_/http://negativeyouth.net/musica-para-clubs-clausurados/,musica,naka-naka;stream,True,A
2012-10-18,ACTUALLY HUIZENGA LIVE + SOFTROCK 1-3,eduardo-caudilio,/actually-huizenga-live-softrock-1-3/,/actually-huizenga-live-softrock-1-3-0eeabf/index.html,20131126082512,https://web.archive.org/web/20131126082512id_/http://negativeyouth.net/actually-huizenga-live-softrock-1-3/,eventos,actually;actually-huizenga;cine-tonala;eventos;socrates-mitsios,True,A
2012-10-18,FAUNA,jc,/fauna/,/fauna-2fd59c/index.html,20131126082701,https://web.archive.org/web/20131126082701id_/http://negativeyouth.net/fauna/,video,fauna;moun10;video,True,A
2012-10-18,LA VAMPIRES x MARIA MINERVA,el-carlos,/la-vampires-x-maria-minerva/,/la-vampires-x-maria-minerva-b88cba/index.html,20131126090214,https://web.archive.org/web/20131126090214id_/http://negativeyouth.net/la-vampires-x-maria-minerva/,video,la-vampires;maria-minerva;not-not-fun;video,True,A
2012-10-19,HELD (TIM HECKER REMIX),victor,/held-tim-hecker-remix/,/held-tim-hecker-remix-380fe1/index.html,20131126090357,https://web.archive.org/web/20131126090357id_/http://negativeyouth.net/held-tim-hecker-remix/,musica,holy-other;stream;tim-hecker;tri-angle,True,A
2012-10-19,ZAK MATIC - VIOLENTO CLUB MIX,eduardo-caudilio,/zak-matic-violento-club-mix/,/zak-matic-violento-club-mix-cc5b8a/index.html,20131126092153,https://web.archive.org/web/20131126092153id_/http://negativeyouth.net/zak-matic-violento-club-mix/,musica;video,azul-azul;dj-pablito-mix;la-bomba;maluca;mixtape;mykki-blanco;plan-b;rollz-royce;traphouse;zak-matic,True,A
2012-10-22,IN AND OUT,el-carlos,/in-and-out/,/in-and-out-85cfdf/index.html,20131126084507,https://web.archive.org/web/20131126084507id_/http://negativeyouth.net/in-and-out/,musica,comeme;daniel-maloso;stream,True,A
2012-10-22,LIAR — STRANGE LOVE,victor,/liar-strange-love/,/liar-strange-love-3a2f81/index.html,20131126084809,https://web.archive.org/web/20131126084809id_/http://negativeyouth.net/liar-strange-love/,musica;video,download;infinite-machine;liar;stream;video,True,A
2012-10-23,CORONA CAPITALISMO,gregor,/corona-capitalismo/,/corona-capitalismo-1a20a3/index.html,20131126092159,https://web.archive.org/web/20131126092159id_/http://negativeyouth.net/corona-capitalismo/,articulos,articulo;corona-capital;gregor-rozanski,True,A
2012-10-23,SOLEDAD - FE EP,eduardo-caudilio,/soledad-fe-ep/,/soledad-fe-ep-1d84c5/index.html,20131126085936,https://web.archive.org/web/20131126085936id_/http://negativeyouth.net/soledad-fe-ep/,musica,brett-shchultz;disco-gratis;download;esteban-aldrete;mp3;soledad;vale-vergas-discos,True,A
2012-10-24,18+ FT AIDS-3D - NECTAR,eduardo-caudilio,/18-ft-aids-3d-nectar/,/18-ft-aids-3d-nectar-030691/index.html,20131126091617,https://web.archive.org/web/20131126091617id_/http://negativeyouth.net/18-ft-aids-3d-nectar/,musica;video,18;aids-3d;stream;video,True,A
2012-10-25,DESERT STRIKE EP [STREAM],jc,/desert-strike-ep-stream/,/desert-strike-ep-stream-16558d/index.html,20131126084548,https://web.archive.org/web/20131126084548id_/http://negativeyouth.net/desert-strike-ep-stream/,musica,fade-to-mind;fatima-al-qadiri;stream,True,A
2012-10-26,ARAAB WEEKEND 2,jc,/araab-weekend-2/,/araab-weekend-2-ad4c41/index.html,20131126105743,https://web.archive.org/web/20131126105743id_/http://negativeyouth.net/araab-weekend-2/,musica,araabmuzik;stream;styles-p,True,A
2012-10-26,BLOOD ORANGE - NEPTUNE (FT. STARCHILD),jc,/blood-orange-neptune-ft-starchild/,/blood-orange-neptune-ft-starchild-9633d7/index.html,20131126092339,https://web.archive.org/web/20131126092339id_/http://negativeyouth.net/blood-orange-neptune-ft-starchild/,musica,blood-orange;lemonade;starchild;stream,True,A
2012-10-29,WEEKEND UPDATE III,jc,/weekend-update-iii/,/weekend-update-iii-b9f6b1/index.html,20131126084451,https://web.archive.org/web/20131126084451id_/http://negativeyouth.net/weekend-update-iii/,musica,ana-caprix;brite-aid;download;fauna;men-in-burka;mp3;physical-therapy;project-pat;ssion;stream;weekend-update,True,A
2012-10-30,LIL B - HALLOWEEN H20,jc,/lil-b-halloween-h20/,/lil-b-halloween-h20-b3c351/index.html,20131126102532,https://web.archive.org/web/20131126102532id_/http://negativeyouth.net/lil-b-halloween-h20/,musica,datpiff;disco-gratis;download;halloween;lil-b;mixtape;mp3,True,A+C
2012-10-31,CRYSTAL CASLTES - AFFECTION,jc,/crystal-casltes-affection/,/crystal-casltes-affection-3eb0f7/index.html,20131126100825,https://web.archive.org/web/20131126100825id_/http://negativeyouth.net/crystal-casltes-affection/,musica,buzz;crystal-castles;hype;stream,True,A+C
2012-10-31,DANI SHIVERS - UP!,jc,/dani-shivers-up/,/dani-shivers-up-100058/index.html,20131126102459,https://web.archive.org/web/20131126102459id_/http://negativeyouth.net/dani-shivers-up/,video,dani-shivers;video;witch-house,True,A+C
2012-10-31,HEALTH - TEARS [VIDEO],jc,/health-tears-video/,/health-tears-video-77b830/index.html,20131126085333,https://web.archive.org/web/20131126085333id_/http://negativeyouth.net/health-tears-video/,video,health;max-payne-3;video;zombie-babies,True,A+C
2012-10-31,MEN IN BURKA - WAR/MAGIC,jc,/men-in-burka-warmagic/,/men-in-burka-warmagic-e9c8ab/index.html,20131126084629,https://web.archive.org/web/20131126084629id_/http://negativeyouth.net/men-in-burka-warmagic/,musica,disco-gratis;download;mario-zoots;men-in-burka;mp3,True,A+C
2012-11-01,PEEPR - EL DESCENSO [MAL002],jc,/peepr-el-descenso-mal002/,/peepr-el-descenso-mal002-98d1a4/index.html,20131126100757,https://web.archive.org/web/20131126100757id_/http://negativeyouth.net/peepr-el-descenso-mal002/,musica,disco-gratis;dj-maquina-de-muerte;download;maligna;mp3;peepr;stream,True,A
2012-11-05,TALES FROM THE DARKSIDE,el-carlos,/tales-from-the-darkside/,/tales-from-the-darkside-44403b/index.html,20131126095716,https://web.archive.org/web/20131126095716id_/http://negativeyouth.net/tales-from-the-darkside/,musica,dj-haus;unknown-to-the-unknown,True,A
2012-11-06,ENTREVISTA: NICOLAS,eduardo-caudilio,/entrevista-nicolas/,/entrevista-nicolas-a22c58/index.html,20131126082840,https://web.archive.org/web/20131126082840id_/http://negativeyouth.net/entrevista-nicolas/,entrevistas;musica,cassettezultan;ediciones-conquista;entrevista;esteban-aldrete;nicolas;stream,True,A
2012-11-07,FEATURELESS GHOST,victor,/featureless-ghost/,/featureless-ghost-48fec2/index.html,20131126084245,https://web.archive.org/web/20131126084245id_/http://negativeyouth.net/featureless-ghost/,musica;video,featureless-ghost;night-people;stream,True,A
2012-11-07,JAMES FERRARO — SUSHI,victor,/james-ferraro-sushi/,/james-ferraro-sushi-89a27b/index.html,20131126082723,https://web.archive.org/web/20131126082723id_/http://negativeyouth.net/james-ferraro-sushi/,musica,food;hippos-in-tanks;james-ferraro;stream,True,A
2012-11-07,PRINCE RAMA,victor,/prince-rama/,/prince-rama-d2776d/index.html,20131126091456,https://web.archive.org/web/20131126091456id_/http://negativeyouth.net/prince-rama/,musica,paw-tracks;pop;prince-rama;stream,True,A
2012-11-07,SUPER ULTRA MIXTAPE,jc,/super-ultra-mixtape/,/super-ultra-mixtape-2a112c/index.html,20131126094834,https://web.archive.org/web/20131126094834id_/http://negativeyouth.net/super-ultra-mixtape/,musica,brooke-candy;charli-xcx;disco-gratis;download;how-to-dress-well;mixtape;mp3;stream,True,A
2012-11-08,GN$ EP,victor,/gn-ep/,/gn-ep-daa12c/index.html,20131126102533,https://web.archive.org/web/20131126102533id_/http://negativeyouth.net/gn-ep/,musica,dollar-bin;download;free;hucci,True,A
2012-11-08,SEE FOREVER,victor,/see-forever/,/see-forever-063f28/index.html,20131126105904,https://web.archive.org/web/20131126105904id_/http://negativeyouth.net/see-forever/,video,indian-jewelry;stream;video,True,A
2012-11-09,COSMIC ANGEL: THE ILLUMINATI PRINCE/SS,jc,/cosmic-angel-the-illuminati-princess/,/cosmic-angel-the-illuminati-princess-768832/index.html,20131126082659,https://web.archive.org/web/20131126082659id_/http://negativeyouth.net/cosmic-angel-the-illuminati-princess/,musica,brenmar;disco-gratis;download;flosstradamus;gobby;mixtape;mp3;mykki-blanco;stream;teengirl-fantasy,True,A
2012-11-09,DE LA CABEZA,el-carlos,/de-la-cabeza/,/de-la-cabeza-9c946c/index.html,20131126090210,https://web.archive.org/web/20131126090210id_/http://negativeyouth.net/de-la-cabeza/,musica,comeme;djs-pareja;stream,True,A
2012-11-09,EVIAN CHRIST - NO EXPERIENCES,victor,/evian-christ-no-experiences/,/evian-christ-no-experiences-3fea79/index.html,20131126083001,https://web.archive.org/web/20131126083001id_/http://negativeyouth.net/evian-christ-no-experiences/,mixtapes,evian-christ;tri-angle,True,A
2012-11-12,情報デスクVIRTUAL,victor,/%E6%83%85%E5%A0%B1%E3%83%87%E3%82%B9%E3%82%AFvirtual/,/情報デスクvirtual-6472d9/index.html,20131126095619,https://web.archive.org/web/20131126095619id_/http://negativeyouth.net/%E6%83%85%E5%A0%B1%E3%83%87%E3%82%B9%E3%82%AFvirtual/,musica;video,beer-on-the-rug;laserdisc-vision;new-dreams-ltd;stream;情報デスクvirtual,True,A
2012-11-12,RITUALZ AUTUMN 2012 MIX 4 FUTURE PERFECT,jc,/ritualz-autumn-mix-4-future-perfect/,/ritualz-autumn-mix-4-future-perfect-cfa382/index.html,20131126084801,https://web.archive.org/web/20131126084801id_/http://negativeyouth.net/ritualz-autumn-mix-4-future-perfect/,musica,download;future-perfect;mix;mixtape;mp3;ritualz;stream,True,A
2012-11-13,WHITE EYES,jc,/white-eyes/,/white-eyes-a613af/index.html,20131126090416,https://web.archive.org/web/20131126090416id_/http://negativeyouth.net/white-eyes/,video,beastial-mouths;video,True,A
2012-11-14,TRIAD GOD - I NEVER TOLD YOU,cas,/triad-god-i-never-told-you/,/triad-god-i-never-told-you-38ae28/index.html,20131126092319,https://web.archive.org/web/20131126092319id_/http://negativeyouth.net/triad-god-i-never-told-you/,musica,hippos-in-tanks;musica-del-futuro;palmistry;tobias-lee;triad-god,True,A
2012-11-16,ZOLA JESUS – DIAMONDS (RIHANNA COVER),cas,/zola-jesus-diamonds/,/zola-jesus-diamonds-29d23f/index.html,20131126084128,https://web.archive.org/web/20131126084128id_/http://negativeyouth.net/zola-jesus-diamonds/,musica,rihanna;snl;zola-jesus,True,A
2012-11-19,BOODY &#038; LE1F - SODA,jc,/soda/,/soda-a35544/index.html,20131126105839,https://web.archive.org/web/20131126105839id_/http://negativeyouth.net/soda/,musica;video,boody;boys-noize;ceeda;le1f;mike-q;stream;video,True,A
2012-11-20,EWW,jc,/eww/,/eww-b00a09/index.html,20131126091647,https://web.archive.org/web/20131126091647id_/http://negativeyouth.net/eww/,musica,fatherhood;house-of-ladosha;physical-therapy;stream,True,A
2012-11-20,NC GUEST MIX#63: INDIAN JEWELRY,jc,/nc-guest-mix-63-indian-jewelry/,/nc-guest-mix-63-indian-jewelry-bc757e/index.html,20131126090314,https://web.archive.org/web/20131126090314id_/http://negativeyouth.net/nc-guest-mix-63-indian-jewelry/,musica,download;indian-jewelry;mix;mp3;no-conclusion;stream,True,A
2012-11-20,PROFLIGATE,victor,/profligate/,/profligate-1c0b0a/index.html,20131126084417,https://web.archive.org/web/20131126084417id_/http://negativeyouth.net/profligate/,musica;video,more-records;not-not-fun;profligate;stream;video,True,A
2012-11-21,MSI KICKSTARTER,jc,/msi-kickstarter/,/msi-kickstarter-a54029/index.html,20131126091917,https://web.archive.org/web/20131126091917id_/http://negativeyouth.net/msi-kickstarter/,musica;video,kickstarter;mindless-self-indulgence;stream;video,True,A
2012-11-21,PEEL IT STREAM IT,jc,/peel-it-stream-it/,/peel-it-stream-it-aecc21/index.html,20131126095707,https://web.archive.org/web/20131126095707id_/http://negativeyouth.net/peel-it-stream-it/,musica,indian-jewelry;reverberation-appreciation-society;streaming,True,A
2012-11-21,UNBEAR,jc,/unbear/,/unbear-0d2d0e/index.html,20131126093650,https://web.archive.org/web/20131126093650id_/http://negativeyouth.net/unbear/,arte-2;musica,arte;download;hannah-birch-carl;mp3;stream;unbear,True,A
2012-11-22,FESTIVAL REVÓLVER: 2DA EDICIÓN,cas,/festival-revolver-2da-edicion/,/festival-revolver-2da-edicion-8ead59/index.html,20131126101033,https://web.archive.org/web/20131126101033id_/http://negativeyouth.net/festival-revolver-2da-edicion/,arte-2,adult;festival-revolver;ghostigital;khan;revolver;teehn-bwitches;tobias-bernstrup,True,A
2012-11-22,LIFE &#038; DEATH,el-carlos,/life-death/,/life-death-453420/index.html,20131126082735,https://web.archive.org/web/20131126082735id_/http://negativeyouth.net/life-death/,musica,get-physical;kris-wadsworth;stream,True,A
2012-11-22,STRANGER§ OF A L(())ST ART,jc,/stranger%C2%A7-of-a-lst-art/,/stranger-of-a-lst-art-e148f7/index.html,20131126083234,https://web.archive.org/web/20131126083234id_/http://negativeyouth.net/stranger%C2%A7-of-a-lst-art/,musica,download;mp3;stream;twin-gemz,True,A
2012-11-22,Sulk [Revolution Recording Piano Version],jc,/sulk-revolution-recording-piano-version/,/sulk-revolution-recording-piano-version-23be75/index.html,20131126104242,https://web.archive.org/web/20131126104242id_/http://negativeyouth.net/sulk-revolution-recording-piano-version/,video,trust;video,True,A
2012-11-23,DRIFT KINGS,jc,/drift-kings/,/drift-kings-044c5a/index.html,20131126090346,https://web.archive.org/web/20131126090346id_/http://negativeyouth.net/drift-kings/,musica,adeptus;download;mp3;nissan-300zx;stream,True,A
2012-11-23,JAMES FERRARO - CONDOM,jc,/james-ferraro-condom/,/james-ferraro-condom-d20a21/index.html,20131126090334,https://web.archive.org/web/20131126090334id_/http://negativeyouth.net/james-ferraro-condom/,video,hippos-in-tanks;james-ferraro;video,True,A
2012-11-23,MONOCROMO,tomas-diaz,/monocromo/,/monocromo-702a7b/index.html,20131126104249,https://web.archive.org/web/20131126104249id_/http://negativeyouth.net/monocromo/,arte-2,arte;monocromo;neter,True,A
2012-11-23,STRAIN,jc,/strain/,/strain-f7e65d/index.html,20131126091908,https://web.archive.org/web/20131126091908id_/http://negativeyouth.net/strain/,video,stoned-boys;video,True,A
2012-11-23,WIFE,jc,/wife/,/wife-b2f235/index.html,20131126092022,https://web.archive.org/web/20131126092022id_/http://negativeyouth.net/wife/,video,altar-of-plagues;left_blank;tri-angle;video;wife,True,A
2012-11-26,ALL YOUR GIFS ARE BELONG TO US,gaby-cepeda,/all-your-gifs-are-belong-to-us/,/all-your-gifs-are-belong-to-us-14ea8b/index.html,20131126083035,https://web.archive.org/web/20131126083035id_/http://negativeyouth.net/all-your-gifs-are-belong-to-us/,articulos,articulo;azealia-banks;lil-internet;rihanna;seapunk;trends;video,True,A+C
2012-11-26,ARCHIVAL DIRGE MIX,jc,/archival-dirge-mix/,/archival-dirge-mix-c9a89d/index.html,20131126085130,https://web.archive.org/web/20131126085130id_/http://negativeyouth.net/archival-dirge-mix/,musica,aids-3d;download;mix;mp3,True,A+C
2012-11-26,CRIME FETISH,victor,/crime-fetish/,/crime-fetish-fddf63/index.html,20131126094955,https://web.archive.org/web/20131126094955id_/http://negativeyouth.net/crime-fetish/,video,datpiff;disco-gratis;download;lil-b;mixtape;mp3;stream,True,A
2012-11-28,CLOUD AURA,jc,/cloud-aura/,/cloud-aura-49a71f/index.html,20131126092346,https://web.archive.org/web/20131126092346id_/http://negativeyouth.net/cloud-aura/,video,brooke-candy;charli-xcx;video,True,A+C
2012-11-29,OUT OF BODY M.T.,jc,/out-of-body-m-t/,/out-of-body-m-t-eccd6f/index.html,20131126100938,https://web.archive.org/web/20131126100938id_/http://negativeyouth.net/out-of-body-m-t/,musica,maligna;stream;teehn-bwitches,True,A+C
2012-11-30,HMMMMMMEXICO,jc,/hmmmmmmexico/,/hmmmmmmexico-d584d4/index.html,20131126084657,https://web.archive.org/web/20131126084657id_/http://negativeyouth.net/hmmmmmmexico/,articulos,401;all-my-friends;articulo;extasis-records;mexico-df;monterrey;naafi;negative-youth;nrmal;tijuana;todd-p;uforia,True,A+C
2012-12-03,FEEL SO REAL,victor,/feel-so-real/,/feel-so-real-57480a/index.html,20131126082911,https://web.archive.org/web/20131126082911id_/http://negativeyouth.net/feel-so-real/,video,unicorn-kid;video,True,A
2012-12-03,JUMMY,el-carlos,/jummy/,/jummy-d11d3e/index.html,20131126095545,https://web.archive.org/web/20131126095545id_/http://negativeyouth.net/jummy/,musica,fourth-wave;gerry-read;stream,True,A
2012-12-03,WISH BOOK VOLUME 1,victor,/wish-book-volume-1/,/wish-book-volume-1-580a83/index.html,20131126094853,https://web.archive.org/web/20131126094853id_/http://negativeyouth.net/wish-book-volume-1/,musica,dan-deacon;stream,True,A
2012-12-05,&#038; IT WAS U (DOSS REMIX),jc,/it-was-u-doss-remix/,/it-was-u-doss-remix-d50292/index.html,20131126083034,https://web.archive.org/web/20131126083034id_/http://negativeyouth.net/it-was-u-doss-remix/,musica,acephale;doss;download;how-to-dress-well;mp3;stream,True,A
2012-12-06,MSI KICKSTARTER II,jc,/msi-kickstarter-ii/,/msi-kickstarter-ii-7400e9/index.html,20131126092254,https://web.archive.org/web/20131126092254id_/http://negativeyouth.net/msi-kickstarter-ii/,musica,kickstarter;mindless-self-indulgence;stream;video,True,A
2012-12-06,TEEHN BWITCHES - REMAIN [MAL003],jc,/teehn-bwitches-remain-mal003/,/teehn-bwitches-remain-mal003-ed04e5/index.html,20131126084830,https://web.archive.org/web/20131126084830id_/http://negativeyouth.net/teehn-bwitches-remain-mal003/,musica,disco-gratis;download;maligna;mp3;stream;teehn-bwitches,True,A
2012-12-07,YOUR ORDERS,el-carlos,/your-orders/,/your-orders-b9099f/index.html,20131126105846,https://web.archive.org/web/20131126105846id_/http://negativeyouth.net/your-orders/,musica,mpia3;rs;stream,True,A
2012-12-11,CASSIE TRILOGY,jc,/cassie-trilogy/,/cassie-trilogy-460a81/index.html,20131126084855,https://web.archive.org/web/20131126084855id_/http://negativeyouth.net/cassie-trilogy/,musica,cassie;disco-gratis;download;mp3,True,A
2012-12-11,KINGDOM VIP EDITION,jc,/kingdom-vip-edition/,/kingdom-vip-edition-addd62/index.html,20131126085101,https://web.archive.org/web/20131126085101id_/http://negativeyouth.net/kingdom-vip-edition/,musica,fade-to-mind;kingdom;stream,True,A
2012-12-12,ART THOUGHTZ,tomas-diaz,/art-thoughtz/,/art-thoughtz-71e030/index.html,20131126093657,https://web.archive.org/web/20131126093657id_/http://negativeyouth.net/art-thoughtz/,arte-2,art-thoughtz;arte;hennesy-youngman;jayson-musson,True,A
2012-12-13,CALL HER,jc,/call-her/,/call-her-99fa6c/index.html,20131126084908,https://web.archive.org/web/20131126084908id_/http://negativeyouth.net/call-her/,musica,alejandra-de-la-deheza;creep;tricky,True,A
2012-12-13,RITALIN 24.7,jc,/ritalin-24-7/,/ritalin-24-7-5b064b/index.html,20131126091837,https://web.archive.org/web/20131126091837id_/http://negativeyouth.net/ritalin-24-7/,mixtapes;musica,download;k-pop;maligna;mixtape;mp3;negative-youth;nightcore;panamerika;teehn-bwitches,True,A
2012-12-14,YUNG JAKE - 5,jc,/yung-jake-5/,/yung-jake-5-62cd81/index.html,20131126085344,https://web.archive.org/web/20131126085344id_/http://negativeyouth.net/yung-jake-5/,musica,download;mp3;stream;yung-jake,True,A
2012-12-18,CURSE,jc,/curse/,/curse-18654a/index.html,20131126104156,https://web.archive.org/web/20131126104156id_/http://negativeyouth.net/curse/,musica,bandcamp;curse;doom;electro;stream,True,A
2012-12-19,BRENMAR x RIHANNA,jc,/brenmar-x-rihanna/,/brenmar-x-rihanna-486145/index.html,20131126093022,https://web.archive.org/web/20131126093022id_/http://negativeyouth.net/brenmar-x-rihanna/,musica,brenmar;download;mp3;rihanna;stream,True,A
2012-12-19,LEMONADE REMIXES,jc,/lemonade-remixes/,/lemonade-remixes-29537f/index.html,20131126084609,https://web.archive.org/web/20131126084609id_/http://negativeyouth.net/lemonade-remixes/,uncategorized,chupacabras;contakt;faith-and-carter;jdh;lemonade;panteros666;pegasvs;remix;rush-midnight;stream;tezeo,True,A
2012-12-21,BOAN,jc,/boan/,/boan-672daa/index.html,20131126085150,https://web.archive.org/web/20131126085150id_/http://negativeyouth.net/boan/,musica,boan;medio-mutante;ssleeperhold;stream;tense,True,A
2012-12-21,ESTRATEGIAS EXITOSAS DE ESTILOS DE VIDA PARA EL FIN DEL MUNDO,tomas-diaz,/estrategias-exitosas-de-estilos-de-vida-para-el-fin-del-mundo/,/estrategias-exitosas-de-estilos-de-vida-para-el-fin-del-mundo-0fd68f/index.html,20131126084307,https://web.archive.org/web/20131126084307id_/http://negativeyouth.net/estrategias-exitosas-de-estilos-de-vida-para-el-fin-del-mundo/,arte-2,antonio-lopez;arte;jacinto-astiazaran;nora-ricchi;rachel-de-joode;tomas-diaz,True,A
2012-12-26,DO IT,jc,/do-it/,/do-it-db6c0c/index.html,20131126093247,https://web.archive.org/web/20131126093247id_/http://negativeyouth.net/do-it/,musica,disco-gratis;discos-tormento;download;mp3;selma-oxor;stream,True,A
2012-12-26,EMOTIONAL / PHYSICAL,jc,/emotional-physical/,/emotional-physical-a39431/index.html,20131126085107,https://web.archive.org/web/20131126085107id_/http://negativeyouth.net/emotional-physical/,uncategorized,disco-gratis;download;mp3;mr-kitty;stream,True,A
2012-12-28,NEW COLONY,jc,/new-colony/,/new-colony-2e0387/index.html,20131126093229,https://web.archive.org/web/20131126093229id_/http://negativeyouth.net/new-colony/,video,suicide-girls;tying-tiffany;video,True,A+C
2012-12-28,SAFE IN THE CELLS,jc,/safe-in-the-cells/,/safe-in-the-cells-a7525b/index.html,20131126094900,https://web.archive.org/web/20131126094900id_/http://negativeyouth.net/safe-in-the-cells/,musica,download;hollagramz;mp3;nyota;stream,True,A+C
2012-12-31,◕▲ ♨ ☯ HIPPIE NEW YEAR☯ ♨ ▲◕,jc,/%E2%97%95%E2%96%B2-%E2%99%A8-%E2%98%AF-hippie-new-year%E2%98%AF-%E2%99%A8-%E2%96%B2%E2%97%95/,/hippie-new-year-b56eac/index.html,20131126104252,https://web.archive.org/web/20131126104252id_/http://negativeyouth.net/%E2%97%95%E2%96%B2-%E2%99%A8-%E2%98%AF-hippie-new-year%E2%98%AF-%E2%99%A8-%E2%96%B2%E2%97%95/,mixtapes;musica,dj-smurphy;download;mixtape;mp3;stream,True,A+C
2012-12-31,AMERICAN NOISE,el-carlos,/american-noise/,/american-noise-7b73c5/index.html,20131126085158,https://web.archive.org/web/20131126085158id_/http://negativeyouth.net/american-noise/,musica,l-i-e-s;legowelt;stream,True,A+C
2012-12-31,BLOOD BLOOD BLOOD,jc,/blood-blood-blood/,/blood-blood-blood-ea86c2/index.html,20131126092110,https://web.archive.org/web/20131126092110id_/http://negativeyouth.net/blood-blood-blood/,video,lentonia-records;unison;video,True,A+C
2013-01-01,WHEN DOVES CRY,jc,/when-doves-cry/,/when-doves-cry-089dc8/index.html,20131126084715,https://web.archive.org/web/20131126084715id_/http://negativeyouth.net/when-doves-cry/,musica,boy-friend;cover;download;mp3;prince;stream,True,A
2013-01-02,ONE DIRECTION,jc,/one-direction/,/one-direction-dad220/index.html,20131126090158,https://web.archive.org/web/20131126090158id_/http://negativeyouth.net/one-direction/,musica,download;mp3;one-direction;remix;stream;teen-witch,True,A
2013-01-02,UDOWN KIT,jc,/udown-kit/,/udown-kit-f1da46/index.html,20131126093235,https://web.archive.org/web/20131126093235id_/http://negativeyouth.net/udown-kit/,musica,download;fauna;mp3;stream,True,A
2013-01-03,LEAVING,jc,/leaving/,/leaving-3dec2d/index.html,20131126095311,https://web.archive.org/web/20131126095311id_/http://negativeyouth.net/leaving/,musica,disco-gratis;download;mp3;skrillex;stream,True,A
2013-01-03,LOST IN MY BEDROOM,jc,/lost-in-my-bedroom/,/lost-in-my-bedroom-7c7314/index.html,20131126092327,https://web.archive.org/web/20131126092327id_/http://negativeyouth.net/lost-in-my-bedroom/,video,sky-ferreira;video,True,A
2013-01-07,NY'S MAN OF THE YEAR 2012: RYDER RIPPS,gaby-cepeda,/nys-man-of-the-year-2012-ryder-ripps/,/nys-man-of-the-year-2012-ryder-ripps-2920c5/index.html,20131126090712,https://web.archive.org/web/20131126090712id_/http://negativeyouth.net/nys-man-of-the-year-2012-ryder-ripps/,arte-2;articulos,aritculos;arte;man-of-the-year;ryder-ripps,True,A
2013-01-08,2013 #1,jc,/2013-1/,/2013-1-c26e58/index.html,20131126091742,https://web.archive.org/web/20131126091742id_/http://negativeyouth.net/2013-1/,eventos,bahia-bar;df;jack-ie-lo;ritualz;selma-oxor;teehn-bwitches,True,A
2013-01-10,TEEHN BWITCHES - ESCAPE,jc,/teehn-bwitches-escape/,/teehn-bwitches-escape-53d263/index.html,20131126104329,https://web.archive.org/web/20131126104329id_/http://negativeyouth.net/teehn-bwitches-escape/,video,maligna;teehn-bwitches;video,True,A
2013-01-11,きゃりーぱみゅぱみゅ - ふりそでーしょん,jc,/%E3%81%8D%E3%82%83%E3%82%8A%E3%83%BC%E3%81%B1%E3%81%BF%E3%82%85%E3%81%B1%E3%81%BF%E3%82%85-%E3%81%B5%E3%82%8A%E3%81%9D%E3%81%A7%E3%83%BC%E3%81%97%E3%82%87%E3%82%93/,/きゃりーぱみゅぱみゅ-ふりそでーしょん-4a81e3/index.html,20131126092306,https://web.archive.org/web/20131126092306id_/http://negativeyouth.net/%E3%81%8D%E3%82%83%E3%82%8A%E3%83%BC%E3%81%B1%E3%81%BF%E3%82%85%E3%81%B1%E3%81%BF%E3%82%85-%E3%81%B5%E3%82%8A%E3%81%9D%E3%81%A7%E3%83%BC%E3%81%97%E3%82%87%E3%82%93/,video,japon;kyary-pamyu-pamyu;video,True,A
2013-01-11,DON'T,jc,/dont/,/dont-bec213/index.html,20131126083424,https://web.archive.org/web/20131126083424id_/http://negativeyouth.net/dont/,video,butterclock;electronic-beats;video,True,A
2013-01-15,EP &#8216;Ñ',jc,/ep-n/,/ep-n-874bec/index.html,20131126100932,https://web.archive.org/web/20131126100932id_/http://negativeyouth.net/ep-n/,musica,naka-naka;streaming;uforia,True,A
2013-01-16,BRITE AID - SOUR EP [MAL004],cas,/brite-aid-sour-ep-mal004/,/brite-aid-sour-ep-mal004-50a64b/index.html,20131126084427,https://web.archive.org/web/20131126084427id_/http://negativeyouth.net/brite-aid-sour-ep-mal004/,musica,brite-aid;disco-gratis;download;maligna;mp3;stream,True,A
2013-01-17,OCCULTDΛNϟΣ - UFO13 MIX,jc,/occultd%CE%BBn%CF%9F%CF%83-ufo13-mix/,/occultdλnϟσ-ufo13-mix-f8709a/index.html,20131126105722,https://web.archive.org/web/20131126105722id_/http://negativeyouth.net/occultd%CE%BBn%CF%9F%CF%83-ufo13-mix/,mixtapes;musica,download;maligna;mix;mixtape;mp3;occultdanse;stream,True,A
2013-01-17,SIX FEET DEEP,jc,/six-feet-deep/,/six-feet-deep-53af92/index.html,20131126084315,https://web.archive.org/web/20131126084315id_/http://negativeyouth.net/six-feet-deep/,video,deathface;juggalo;karmaloop;lil-internet;mishka;video,True,A
2013-01-18,EVERYTHING IS EMBARRASSING (TWIN SHADOW REMIX),jc,/everything-is-embarrassing-twin-shadow-remix/,/everything-is-embarrassing-twin-shadow-remix-2b120d/index.html,20131126091908,https://web.archive.org/web/20131126091908id_/http://negativeyouth.net/everything-is-embarrassing-twin-shadow-remix/,musica,remix;sky-ferreira;stream;twin-shadow,True,A
2013-01-20,SAD EYES,jc,/sad-eyes/,/sad-eyes-4d4d61/index.html,20131126083002,https://web.archive.org/web/20131126083002id_/http://negativeyouth.net/sad-eyes/,articulos;video,articulo;crystal-castles;pictureplane;ritualz;salem;sterling-crispin;teehn-bwitches;video;white-ring,True,A
2013-01-21,GLOSSATA,victor,/glossata/,/glossata-e9ed9f/index.html,20131126100836,https://web.archive.org/web/20131126100836id_/http://negativeyouth.net/glossata/,musica,alteria-percepsyne;emily-griffiths;glossata,True,A
2013-01-22,GUESS/TIËSTO NYT LYF COLLECTION,daniela-quant,/guess-tiesto-nyt-lyf-collection/,/guess-tiesto-nyt-lyf-collection-2fb791/index.html,20131126100854,https://web.archive.org/web/20131126100854id_/http://negativeyouth.net/guess-tiesto-nyt-lyf-collection/,moda,guess;moda;tiesto,True,A
2013-01-22,TROLL CITY,jc,/troll-city/,/troll-city-82c320/index.html,20131126093521,https://web.archive.org/web/20131126093521id_/http://negativeyouth.net/troll-city/,video,dj-smurphy;freak-city;video,True,A
2013-01-22,WITCH DOKTOR (L-VIS 1990 EDIT),el-carlos,/witch-doktor-l-vis-1990-edit/,/witch-doktor-l-vis-1990-edit-1fa890/index.html,20131126082621,https://web.archive.org/web/20131126082621id_/http://negativeyouth.net/witch-doktor-l-vis-1990-edit/,musica,armand-van-helden;download;edit;l-vis-1990;mp3,True,A
2013-01-23,COINS,jc,/coins/,/coins-31ac0b/index.html,20131126104315,https://web.archive.org/web/20131126104315id_/http://negativeyouth.net/coins/,musica,,True,A
2013-01-23,FAUNA - NEGATIVE YOUTH MIX // 2013 #1,jc,/fauna-negative-youth-mix-2013-1/,/fauna-negative-youth-mix-2013-1-4d6dcd/index.html,20131126084719,https://web.archive.org/web/20131126084719id_/http://negativeyouth.net/fauna-negative-youth-mix-2013-1/,mixtapes;musica,download;fauna;mix;mixtape;moun10;mp3,True,A
2013-01-24,LESPHINXX,jc,/lesphinxx/,/lesphinxx-8e7662/index.html,20131126100930,https://web.archive.org/web/20131126100930id_/http://negativeyouth.net/lesphinxx/,video,lesphinxx;video,True,A
2013-01-24,MOHENJO DARO,jc,/mohenjo-daro/,/mohenjo-daro-7ec47c/index.html,20131126093513,https://web.archive.org/web/20131126093513id_/http://negativeyouth.net/mohenjo-daro/,video,mario-zoots;men-in-burka;video,True,A
2013-01-24,MOS Deep Essentials,el-carlos,/mos-deep-essentials/,/mos-deep-essentials-161b69/index.html,20131126093621,https://web.archive.org/web/20131126093621id_/http://negativeyouth.net/mos-deep-essentials/,musica,delsin;g-string;mos_deep;stream,True,A
2013-01-25,HEAVEN,jc,/heaven/,/heaven-2dff27/index.html,20131126085839,https://web.archive.org/web/20131126085839id_/http://negativeyouth.net/heaven/,musica;video,arts-and-crafts;petra-collins;stream;trust;video,True,A
2013-01-25,KINGPINNING,jc,/kingpinning/,/kingpinning-4fee3c/index.html,20131126082604,https://web.archive.org/web/20131126082604id_/http://negativeyouth.net/kingpinning/,video,brenmar;mykki-blanco;video,True,A
2013-01-25,SLUSH FUND,jc,/slush-fund/,/slush-fund-e4357a/index.html,20131126092226,https://web.archive.org/web/20131126092226id_/http://negativeyouth.net/slush-fund/,musica,adr;download;mp3;stream,True,A
2013-01-25,YOU (HA HA HA),jc,/you-ha-ha-ha/,/you-ha-ha-ha-a23890/index.html,20131126082804,https://web.archive.org/web/20131126082804id_/http://negativeyouth.net/you-ha-ha-ha/,uncategorized,charli-xcx;video,True,A
2013-01-28,ARENA,victor,/arena/,/arena-d74590/index.html,20131126084234,https://web.archive.org/web/20131126084234id_/http://negativeyouth.net/arena/,musica,download;mp3;stream;yen-tech,True,A
2013-01-28,FULL OF FIRE,jc,/full-of-fire/,/full-of-fire-7e9430/index.html,20131126084446,https://web.archive.org/web/20131126084446id_/http://negativeyouth.net/full-of-fire/,video,marit-otsberg;rabid-records;the-knife;video,True,A
2013-01-28,OCCULTDΛNϞΣ - GRIMMERS DANSERS [MAL005],jc,/occultd%CE%BBn%CF%9F%CF%83-grimmers-dansers-mal005/,/occultdλnϟσ-grimmers-dansers-mal005-ef6d87/index.html,20131126084340,https://web.archive.org/web/20131126084340id_/http://negativeyouth.net/occultd%CE%BBn%CF%9F%CF%83-grimmers-dansers-mal005/,musica,disco-gratis;download;maligna;mp3;occultdanse;stream,True,A
2013-01-29,IRL,el-carlos,/irl/,/irl-14af9a/index.html,20131126101007,https://web.archive.org/web/20131126101007id_/http://negativeyouth.net/irl/,musica,dj-paypal;interscape-recordings;stream,True,A
2013-01-30,APES,el-carlos,/apes/,/apes-a562ca/index.html,20131126095320,https://web.archive.org/web/20131126095320id_/http://negativeyouth.net/apes/,video,claude-violante;crackwood;tiger-sushi-records;video,True,A
2013-01-30,CHAINLESS,jc,/chainless/,/chainless-1a4ae9/index.html,20131126084217,https://web.archive.org/web/20131126084217id_/http://negativeyouth.net/chainless/,musica,chainless;download;moun10;mp3;stream,True,A
2013-01-30,PLAY BY PLAY,jc,/play-by-play/,/play-by-play-ac3272/index.html,20131126082905,https://web.archive.org/web/20131126082905id_/http://negativeyouth.net/play-by-play/,musica;video,autre-ne-veut;software;video,True,A+C
2013-01-30,SUPER FUTURE,jc,/super-future/,/super-future-0d6b0f/index.html,20131126090647,https://web.archive.org/web/20131126090647id_/http://negativeyouth.net/super-future/,video,actually;chad-alva;cheetahs;video,True,A
2013-01-31,BEND MY DICK TO MY ASS,jc,/bend-my-dick-to-my-ass/,/bend-my-dick-to-my-ass-57c38d/index.html,20131126090221,https://web.archive.org/web/20131126090221id_/http://negativeyouth.net/bend-my-dick-to-my-ass/,video,bam-margera;full-retard;video,True,A+C
2013-01-31,OBSESSION,jc,/obsession/,/obsession-aca30f/index.html,20131126092312,https://web.archive.org/web/20131126092312id_/http://negativeyouth.net/obsession/,musica,disco-gratis;download;magic-fades;mishka;mp3;stream,True,A+C
2013-01-31,ROOFTOP/I WANT TO BE ALONE,jc,/rooftop-i-want-to-be-alone/,/rooftop-i-want-to-be-alone-d0fc43/index.html,20131126082747,https://web.archive.org/web/20131126082747id_/http://negativeyouth.net/rooftop-i-want-to-be-alone/,musica,hippos-in-tanks;sleep-over;stream;vashti-bunyan,True,A+C
2013-01-31,SNOW CRASH,jc,/snow-crash/,/snow-crash-af8e03/index.html,20131126082955,https://web.archive.org/web/20131126082955id_/http://negativeyouth.net/snow-crash/,musica,disco-gratis;download;mishka;mp3;stream;xander-harris,True,A+C
2013-02-01,DRUMCORPS,jc,/drumcorps/,/drumcorps-551824/index.html,20131126090101,https://web.archive.org/web/20131126090101id_/http://negativeyouth.net/drumcorps/,musica,aaron-spectre;download;drumcorps;mp3;stream,True,A
2013-02-01,MARATHON,jc,/marathon/,/marathon-301135/index.html,20131126084333,https://web.archive.org/web/20131126084333id_/http://negativeyouth.net/marathon/,video,maxwell-velocity;video,True,A
2013-02-01,#RAVE4EVAR,jc,/rave4evar/,/rave4evar-e17e8b/index.html,20131126082648,https://web.archive.org/web/20131126082648id_/http://negativeyouth.net/rave4evar/,video,dillon-francis;karmaloop;karmalooptv;lil-internet;rave4evar;video,True,A
2013-02-04,GHOST RAID,jc,/ghost-raid/,/ghost-raid-b3e778/index.html,20131126084705,https://web.archive.org/web/20131126084705id_/http://negativeyouth.net/ghost-raid/,video,fade-to-mind;fatima-al-qadiri;thunderhorse;thunderhorse-video;video,True,A
2013-02-04,GLASS TEETH x FUNERALS,jc,/glass-teeth-x-funerals/,/glass-teeth-x-funerals-ff8f8c/index.html,20131126090326,https://web.archive.org/web/20131126090326id_/http://negativeyouth.net/glass-teeth-x-funerals/,musica,download;funerals;glass-teeth;mp3;stream,True,A
2013-02-04,WORLD WAR,victor,/world-war/,/world-war-9bf8c2/index.html,20131126102458,https://web.archive.org/web/20131126102458id_/http://negativeyouth.net/world-war/,video,autre-ne-veut;live;software;video,True,A
2013-02-05,THE PRINCE IS COMING,jc,/the-prince-is-coming/,/the-prince-is-coming-18f15e/index.html,20131126090438,https://web.archive.org/web/20131126090438id_/http://negativeyouth.net/the-prince-is-coming/,musica,araabmuzik;stream,True,A
2013-02-06,PURE ONE IMPORTS,jc,/pure-one-imports/,/pure-one-imports-34c2c8/index.html,20131126094846,https://web.archive.org/web/20131126094846id_/http://negativeyouth.net/pure-one-imports/,entrevistas;musica,alexandra-crotta;download;entrevista;mp3;pure-one-imports;stream;video,True,A
2013-02-06,YOU SHOW GREAT SPIRIT,victor,/you-show-great-spirit/,/you-show-great-spirit-764b89/index.html,20131126084457,https://web.archive.org/web/20131126084457id_/http://negativeyouth.net/you-show-great-spirit/,musica,blackest-ever-black;dominick-fernow;jk-flesh;prurient,True,A
2013-02-07,COMMA RUTTUS,jc,/comma-ruttus/,/comma-ruttus-4982bf/index.html,20131126105826,https://web.archive.org/web/20131126105826id_/http://negativeyouth.net/comma-ruttus/,musica,dj-smurphy;maligna;stream,True,A
2013-02-08,FART-FACE MIX,jc,/fart-face-mix/,/fart-face-mix-511227/index.html,20131126084159,https://web.archive.org/web/20131126084159id_/http://negativeyouth.net/fart-face-mix/,mixtapes;musica,dj-smurphy;download;maligna;mix;mixtape;mp3;negative-youth;panamerika;stream,True,A
2013-02-11,DJ SMURPHY - #SMURPHWAVE [MAL006],jc,/dj-smurphy-smurphwave-mal006/,/dj-smurphy-smurphwave-mal006-87b128/index.html,20131126090342,https://web.archive.org/web/20131126090342id_/http://negativeyouth.net/dj-smurphy-smurphwave-mal006/,musica,disco-gratis;dj-smurphy;download;lao;maligna;mp3;stream,True,A
2013-02-12,MANIQUI LAZER - NEGATIVE YOUTH MIX // 2013 #2,jc,/maniqui-lazer-negative-youth-mix-2013-2/,/maniqui-lazer-negative-youth-mix-2013-2-08f60e/index.html,20131126082833,https://web.archive.org/web/20131126082833id_/http://negativeyouth.net/maniqui-lazer-negative-youth-mix-2013-2/,mixtapes;musica,download;maniqui-lazer;mix;mixtape;mp3;stream,True,A
2013-02-15,THIS IS FOR THE ONES WHO CARE,jc,/this-is-for-the-ones-who-care/,/this-is-for-the-ones-who-care-7ff500/index.html,20131126100817,https://web.archive.org/web/20131126100817id_/http://negativeyouth.net/this-is-for-the-ones-who-care/,musica,araabmuzik;disco-gratis;download;livemixtapes;mixtape;mp3;stream,True,A
2013-02-15,TRADE,el-carlos,/trade/,/trade-6a644a/index.html,20131126084320,https://web.archive.org/web/20131126084320id_/http://negativeyouth.net/trade/,musica,blawan;sheworks;surgeon;trade,True,A
2013-02-18,KATIE GOT BANDZ - I NEED A HITTA ($LUDGEHAMMER BLACKENED DRILLWAVE BOOTLEG),jc,/katie-got-bandz-i-need-a-hitta-ludgehammer-blackened-drillwave-bootleg/,/katie-got-bandz-i-need-a-hitta-ludgehammer-blackened-drillwave-bootleg-c338e3/index.html,20131126101024,https://web.archive.org/web/20131126101024id_/http://negativeyouth.net/katie-got-bandz-i-need-a-hitta-ludgehammer-blackened-drillwave-bootleg/,musica,ludgehammer;burzum;download;katie-got-banz;mp3;remix;stream,True,A
2013-02-19,LADATEL,jc,/ladatel/,/ladatel-a95de5/index.html,20131126102521,https://web.archive.org/web/20131126102521id_/http://negativeyouth.net/ladatel/,musica;video,disco-gratis;download;ladatel;mexico;mp3;stream;video,True,A
2013-02-20,MALIGNA SHOWCASE,jc,/maligna-showcase/,/maligna-showcase-70d171/index.html,20131126090241,https://web.archive.org/web/20131126090241id_/http://negativeyouth.net/maligna-showcase/,eventos,bahia-bar;dj-maquina-de-muerte;dj-smurphy;maligna;occultdanse;teehn-bwitches,True,A
2013-02-20,NUEVO VIDEO DE PHYSICAL THERAPY: DO IT ALL,cas,/nuevo-video-de-physical-therapy-do-it-all/,/nuevo-video-de-physical-therapy-do-it-all-29549d/index.html,20131126090622,https://web.archive.org/web/20131126090622id_/http://negativeyouth.net/nuevo-video-de-physical-therapy-do-it-all/,musica,musica-2;physical-therapy;video,True,A
2013-02-20,PARALLAX,jc,/parallax/,/parallax-2e3a40/index.html,20131126084615,https://web.archive.org/web/20131126084615id_/http://negativeyouth.net/parallax/,musica,fostercare;stream;true-parameters,True,A
2013-02-21,WANDERLUST,jc,/wanderlust/,/wanderlust-7d8b4d/index.html,20131126084227,https://web.archive.org/web/20131126084227id_/http://negativeyouth.net/wanderlust/,musica,download;mp3;polly-scattergood;stream,True,A
2013-02-22,BB PINK/BLUE,jc,/bb-pinkblue/,/bb-pinkblue-1d36ff/index.html,20131126094840,https://web.archive.org/web/20131126094840id_/http://negativeyouth.net/bb-pinkblue/,arte-2;musica,ana-caprix;arte;download;mp3;nightcoregirl;priz-tats;stream,True,A
2013-02-22,CLASSIFIED,el-carlos,/classified/,/classified-70cbba/index.html,20131126092300,https://web.archive.org/web/20131126092300id_/http://negativeyouth.net/classified/,musica;video,dj-haus;dj-q;unknown-to-the-unknown;video,True,A
2013-02-26,VERMZ - LA PETITE MORT,jc,/vermz-la-petite-mort/,/vermz-la-petite-mort-cf6882/index.html,20131126102509,https://web.archive.org/web/20131126102509id_/http://negativeyouth.net/vermz-la-petite-mort/,musica,maligna;stream;vermz,True,A
2013-02-27,AARON SPECTRE LION MIX,jc,/aaron-spectre-lion-mix/,/aaron-spectre-lion-mix-27248a/index.html,20131126094907,https://web.archive.org/web/20131126094907id_/http://negativeyouth.net/aaron-spectre-lion-mix/,musica,aaron-spectre;download;drumcorps;mix;mixtape;mp3;stream,True,A
2013-02-27,ALIEN AMV,jc,/alien-amv/,/alien-amv-935743/index.html,20131126100919,https://web.archive.org/web/20131126100919id_/http://negativeyouth.net/alien-amv/,video,mishka;ritualz;video,True,A
2013-02-27,KUCHIBIRU NETWORK 3,jc,/kuchibiru-network-3/,/kuchibiru-network-3-515eef/index.html,20131126093522,https://web.archive.org/web/20131126093522id_/http://negativeyouth.net/kuchibiru-network-3/,musica,disco-gratis;download;finally-boys;friendzone;jerome-lol;kuchibiru-network;main-attraktionz;mixtape;mp3;stream;svengali,True,A+C
2013-02-28,FOREVER BALLIN,victor,/forever-ballin/,/forever-ballin-fb54dc/index.html,20131126084104,https://web.archive.org/web/20131126084104id_/http://negativeyouth.net/forever-ballin/,video,priz-tats;video;yen-tech,True,A+C
2013-02-28,LA MINITK DEL MIEDO,jc,/la-minitk-del-miedo/,/la-minitk-del-miedo-f69f3b/index.html,20131126082719,https://web.archive.org/web/20131126082719id_/http://negativeyouth.net/la-minitk-del-miedo/,musica,download;la-minitk-del-miedo;mp3;stream,True,A+C
2013-02-28,LA PETITE MORT,jc,/la-petite-mort/,/la-petite-mort-689def/index.html,20131126085828,https://web.archive.org/web/20131126085828id_/http://negativeyouth.net/la-petite-mort/,video,maligna;vermz;video,True,A+C
2013-02-28,SIERRA CITY CENTER (DIAMOND CLUB),jc,/sierra-city-center-diamond-club/,/sierra-city-center-diamond-club-c9e42c/index.html,20131126102542,https://web.archive.org/web/20131126102542id_/http://negativeyouth.net/sierra-city-center-diamond-club/,musica,stream;teams,True,A+C
2013-03-01,CHVRCHES,jc,/chvrches/,/chvrches-de05b3/index.html,20131126084241,https://web.archive.org/web/20131126084241id_/http://negativeyouth.net/chvrches/,musica,chvrches;cid-rim;stream,True,A
2013-03-01,NOT THE SAME,jc,/not-the-same/,/not-the-same-c7bff6/index.html,20131126094913,https://web.archive.org/web/20131126094913id_/http://negativeyouth.net/not-the-same/,arte-2;musica,arte;ok-focus;ryder-ripps;tanlines;video,True,A
2013-03-01,PERRA SUCIA,jc,/perra-sucia/,/perra-sucia-450710/index.html,20131126093712,https://web.archive.org/web/20131126093712id_/http://negativeyouth.net/perra-sucia/,musica,dr-dude;selma-oxor;stream,True,A
2013-03-01,PISCES,jc,/pisces/,/pisces-9a3091/index.html,20131126082917,https://web.archive.org/web/20131126082917id_/http://negativeyouth.net/pisces/,musica,ritualz;stream,True,A
2013-03-01,OBSESSION,victor,/tannhausser-gate-obsession/,/tannhausser-gate-obsession-a94f82/index.html,20131126085224,https://web.archive.org/web/20131126085224id_/http://negativeyouth.net/tannhausser-gate-obsession/,video,featureless-ghost;tannhauser-gate;video,True,A
2013-03-02,CEL,jc,/cel/,/cel-ef2d25/index.html,20131126092333,https://web.archive.org/web/20131126092333id_/http://negativeyouth.net/cel/,musica,naka-naka;stream,True,A
2013-03-04,KRENSHAW,el-carlos,/krenshaw/,/krenshaw-e26064/index.html,20131126100912,https://web.archive.org/web/20131126100912id_/http://negativeyouth.net/krenshaw/,musica,bobby-champs;stream;wncl-records,True,A
2013-03-04,OUTWORLD MUSIC II,jc,/outworld-music-ii/,/outworld-music-ii-380bad/index.html,20131126105928,https://web.archive.org/web/20131126105928id_/http://negativeyouth.net/outworld-music-ii/,musica,ritualz;stream,True,A
2013-03-05,GUÍA NY A NRMAL 2013,jc,/guia-ny-a-nrmal-2013/,/guia-ny-a-nrmal-2013-8810d3/index.html,20131126102513,https://web.archive.org/web/20131126102513id_/http://negativeyouth.net/guia-ny-a-nrmal-2013/,articulos,a-life-once-lost;articulo;brujeria;daniel-maloso;diiv;dj-dog-dick;doomsday-student;dr-dude;fear-of-men;festival-nrmal;javier-estrada;maniqui-lazer;mortuary;mueran-humanos;mykki-blanco;nguzunguzu;pc-worship;pictureplane;run-dmt;selma-oxor;sky-ferreira;solar-year;soledad;the-dreebs;tonstartssbandht;twin-shadow;vegan-cannibal;weird-magic;white-ninja,True,A
2013-03-05,VERMZ - IN SEARCH OF DOWNERS PT. 1 [MAL007],jc,/vermz-in-search-of-downers-pt-1-mal007/,/vermz-in-search-of-downers-pt-1-mal007-2098ef/index.html,20131126093449,https://web.archive.org/web/20131126093449id_/http://negativeyouth.net/vermz-in-search-of-downers-pt-1-mal007/,musica,maligna;stream;vermz,True,A
2013-03-06,BLOOD FLOW,jc,/blood-flow/,/blood-flow-7f4850/index.html,20131126084745,https://web.archive.org/web/20131126084745id_/http://negativeyouth.net/blood-flow/,musica,download;hippos-in-tanks;james-ferraro;stream,True,A
2013-03-06,BOY RUINS LIVES,el-carlos,/boy-ruins-lives/,/boy-ruins-lives-7d5380/index.html,20131126082500,https://web.archive.org/web/20131126082500id_/http://negativeyouth.net/boy-ruins-lives/,musica,disco-gratis;dj-boy-drama;download;mall-music;mp3;sewage-tapes;stream,True,A
2013-03-07,FULL HEARTS,jc,/full-hearts/,/full-hearts-a83c8c/index.html,20131126082716,https://web.archive.org/web/20131126082716id_/http://negativeyouth.net/full-hearts/,musica,acephale;doss;stream;wildarms,True,A
2013-03-07,ONE,jc,/one/,/one-7990c5/index.html,20131126084544,https://web.archive.org/web/20131126084544id_/http://negativeyouth.net/one/,musica,download;mp3;stream;tying-tiffany,True,A
2013-03-08,A TOOTH FOR AN EYE,jc,/a-tooth-for-an-eye/,/a-tooth-for-an-eye-2de1ba/index.html,20131126100927,https://web.archive.org/web/20131126100927id_/http://negativeyouth.net/a-tooth-for-an-eye/,video,the-knife;video,True,A
2013-03-08,I COME WITH KNIVES,jc,/i-come-with-knives/,/i-come-with-knives-cf311b/index.html,20131126084648,https://web.archive.org/web/20131126084648id_/http://negativeyouth.net/i-come-with-knives/,video,iamx;video,True,A
2013-03-08,VOLUME CONTROL,jc,/volume-control/,/volume-control-b459b1/index.html,20131126084621,https://web.archive.org/web/20131126084621id_/http://negativeyouth.net/volume-control/,musica,disco-gratis;maxpiff-com;maxwell-velocity;mixtape;mp3,True,A
2013-03-11,DRESDEN DRESSES,cas,/dresden-dresses/,/dresden-dresses-c4411d/index.html,20131126084737,https://web.archive.org/web/20131126084737id_/http://negativeyouth.net/dresden-dresses/,musica,dresden-dresses;montreal;video,True,A
2013-03-11,ONE VIDEO,jc,/one-video/,/one-video-ff751c/index.html,20131126084713,https://web.archive.org/web/20131126084713id_/http://negativeyouth.net/one-video/,video,tying-tiffany;video,True,A
2013-03-11,#YUNGRAPUNXEL,jc,/yungrapunxel/,/yungrapunxel-c69c42/index.html,20131126084636,https://web.archive.org/web/20131126084636id_/http://negativeyouth.net/yungrapunxel/,musica,azealia-banks;lil-internet;stream,True,A
2013-03-13,FOTOS NRMAL 2013,jc,/fotos-nrmal-2013/,/fotos-nrmal-2013-2ecfc3/index.html,20131126092000,https://web.archive.org/web/20131126092000id_/http://negativeyouth.net/fotos-nrmal-2013/,fotos-2,festival-nrmal;fotos;nrmal,True,A
2013-03-13,THE PRINCE IS COMING (VIDEO),victor,/the-prince-is-coming-video/,/the-prince-is-coming-video-b53380/index.html,20131126090318,https://web.archive.org/web/20131126090318id_/http://negativeyouth.net/the-prince-is-coming-video/,video,araabmuzik;video,True,A
2013-03-15,THINK &#038; CHANGE,el-carlos,/think-change/,/think-change-1c8362/index.html,20131126095537,https://web.archive.org/web/20131126095537id_/http://negativeyouth.net/think-change/,musica;video,basic-soul-unit;boddika;nonplus,True,A
2013-03-16,FEATHERS,jc,/feathers/,/feathers-e7cac3/index.html,20131126093721,https://web.archive.org/web/20131126093721id_/http://negativeyouth.net/feathers/,video,austin;feathers;video,True,A
2013-03-18,BLOODY KNIVES,jc,/bloody-knives/,/bloody-knives-190b36/index.html,20131126090231,https://web.archive.org/web/20131126090231id_/http://negativeyouth.net/bloody-knives/,musica;video,austin;bloody-knives;stream;sxsw-2013;video,True,A
2013-03-18,OCCULTDΛNϞΣ - UFOmania! // NEGATIVE YOUTH 2013 #3,jc,/occultd%CE%BBn%CF%9F%CF%83-ufomania-negative-youth-2013-3/,/occultdλnϟσ-ufomania-negative-youth-2013-3-8ca3b9/index.html,20131126084732,https://web.archive.org/web/20131126084732id_/http://negativeyouth.net/occultd%CE%BBn%CF%9F%CF%83-ufomania-negative-youth-2013-3/,mixtapes;musica,download;mix;mixtape;mp3;occultdanse,True,A
2013-03-20,DREAM AFFAIR,jc,/dream-affair/,/dream-affair-ad6547/index.html,20131126084903,https://web.archive.org/web/20131126084903id_/http://negativeyouth.net/dream-affair/,musica;video,brooklyn;download;dream-affair;mp3;stream;sxsw-2013;video,True,A
2013-03-21,KONTRAVOID,jc,/kontravoid/,/kontravoid-837a17/index.html,20131126091809,https://web.archive.org/web/20131126091809id_/http://negativeyouth.net/kontravoid/,musica;video,kontravoid;stream;sxsw-2013;toronto;video,True,A
2013-03-21,#TEAMSINCERITY,gaby-cepeda,/teamsincerity/,/teamsincerity-8d3a11/index.html,20131126104204,https://web.archive.org/web/20131126104204id_/http://negativeyouth.net/teamsincerity/,articulos,articulo,True,A
2013-03-22,GOD CREATED THE BEAT,el-carlos,/god-created-the-beat/,/god-created-the-beat-946592/index.html,20131126084209,https://web.archive.org/web/20131126084209id_/http://negativeyouth.net/god-created-the-beat/,musica,grizzly-records;matrixxman;mykki-blanco;physical-therapy,True,A
2013-03-22,WHERE'S GOD?,jc,/wheres-god/,/wheres-god-e1ae9e/index.html,20131126093728,https://web.archive.org/web/20131126093728id_/http://negativeyouth.net/wheres-god/,video,icp;insance-clown-posee;juggalo;video,True,A
2013-03-26,F.M. SUSHI,jc,/f-m-sushi/,/f-m-sushi-d981c0/index.html,20131126084337,https://web.archive.org/web/20131126084337id_/http://negativeyouth.net/f-m-sushi/,musica,rainbow-arabia;stream,True,A+C
2013-03-26,RAIN,jc,/rain/,/rain-a39910/index.html,20131126082903,https://web.archive.org/web/20131126082903id_/http://negativeyouth.net/rain/,musica,digital-latex;maligna;stream,True,A+C
2013-03-28,PRETTY YOUNG THUG,victor,/pretty-young-thug/,/pretty-young-thug-17eb07/index.html,20131126105910,https://web.archive.org/web/20131126105910id_/http://negativeyouth.net/pretty-young-thug/,mixtapes,basedgod;disco-gratis;download;lil-b;mixtape;mp3,True,A+C
2013-03-29,HOUSE OF COMMENTS,jc,/house-of-comments/,/house-of-comments-19a632/index.html,20131126091700,https://web.archive.org/web/20131126091700id_/http://negativeyouth.net/house-of-comments/,video,brooklyn;video;wrld-tovr,True,A+C
2013-03-29,ON THE ROAD TO MAKE SOME NOISE,jc,/on-the-road-to-make-some-noise/,/on-the-road-to-make-some-noise-876223/index.html,20131126104149,https://web.archive.org/web/20131126104149id_/http://negativeyouth.net/on-the-road-to-make-some-noise/,video,documental;endymion,True,A+C
2013-04-01,MY CIRCLE,jc,/my-circle/,/my-circle-4dbdf4/index.html,20131126093528,https://web.archive.org/web/20131126093528id_/http://negativeyouth.net/my-circle/,video,glass-popcorn;video,True,A
2013-04-02,DIGITAL LATEX - PATTERN RECOGNITION [MAL008],jc,/digital-latex-pattern-recognition-mal008/,/digital-latex-pattern-recognition-mal008-252dbb/index.html,20131126090209,https://web.archive.org/web/20131126090209id_/http://negativeyouth.net/digital-latex-pattern-recognition-mal008/,musica,boston;digital-latex;disco-gratis;download;maligna;mp3;stream,True,A
2013-04-03,SECRET CITY,jc,/secret-city/,/secret-city-12a0f9/index.html,20131126082556,https://web.archive.org/web/20131126082556id_/http://negativeyouth.net/secret-city/,musica;video,austin;boy-friend;night-people,True,A
2013-04-08,RITUALZ MIX 4 LOGO,jc,/ritualz-mix-4-logo/,/ritualz-mix-4-logo-cc9b3d/index.html,20131126091900,https://web.archive.org/web/20131126091900id_/http://negativeyouth.net/ritualz-mix-4-logo/,musica,download;logo;mexico;mix;mixtape;mp3;rave;ritualz;stream,True,A
2013-04-09,EDGES OF VORTEX,el-carlos,/edges-of-vortex/,/edges-of-vortex-5b7f49/index.html,20131126084346,https://web.archive.org/web/20131126084346id_/http://negativeyouth.net/edges-of-vortex/,musica,matrixxman;unknown-to-the-unknown;vin-sol,True,A
2013-04-09,STAY HERE,jc,/stay-here/,/stay-here-ec224c/index.html,20131126100939,https://web.archive.org/web/20131126100939id_/http://negativeyouth.net/stay-here/,musica,nihjgt-feelings;ooooo;san-francisco;stream,True,A
2013-04-10,HYPER REALITY,el-carlos,/hyper-reality/,/hyper-reality-105cc3/index.html,20131126090258,https://web.archive.org/web/20131126090258id_/http://negativeyouth.net/hyper-reality/,video,francia;marble-records;panteros666;video,True,A
2013-04-10,PURE WAR,jc,/pure-war/,/pure-war-f89abd/index.html,20131126090216,https://web.archive.org/web/20131126090216id_/http://negativeyouth.net/pure-war/,musica,brooklyn;dc-comics;injustice-gods-among-us;pictureplane;stream,True,A
2013-04-16,IONIKA,jc,/ionika/,/ionika-0c13bb/index.html,20131126082639,https://web.archive.org/web/20131126082639id_/http://negativeyouth.net/ionika/,musica,metal-mother;oakland;post-primal;stream,True,A
2013-04-18,MATHEMATIQUE FT DRESDEN DRESSES,jc,/mathematique-ft-dresden-dresses/,/mathematique-ft-dresden-dresses-68f9f2/index.html,20131126094937,https://web.archive.org/web/20131126094937id_/http://negativeyouth.net/mathematique-ft-dresden-dresses/,video,dresden-dresses;mathematique;montreal;video,True,A
2013-04-19,FIRST PROM,jc,/first-prom/,/first-prom-6d8d66/index.html,20131126095609,https://web.archive.org/web/20131126095609id_/http://negativeyouth.net/first-prom/,musica,berlin;butterclock;f-a-n-t-a-s-y;stream,True,A
2013-04-23,CAMPAÑA MALIGNA/RITUALZ EN INDIEGOGO,jc,/campana-malignaritualz-en-indiegogo/,/campana-malignaritualz-en-indiegogo-8aa689/index.html,20131126093615,https://web.archive.org/web/20131126093615id_/http://negativeyouth.net/campana-malignaritualz-en-indiegogo/,articulos;musica,articulo;buena-causa;indiegogo;ladytron;maligna;ritualz;stream,True,A
2013-04-23,DANCING ANYMORE,jc,/dancing-anymore/,/dancing-anymore-56bf39/index.html,20131126101014,https://web.archive.org/web/20131126101014id_/http://negativeyouth.net/dancing-anymore/,video,3d-porn;is-tropical;kitsune;sex;uk;video,True,A
2013-04-24,LONELY BOYS,jc,/lonely-boys/,/lonely-boys-410c83/index.html,20131126094923,https://web.archive.org/web/20131126094923id_/http://negativeyouth.net/lonely-boys/,musica;video,arte;chichis;londres;lonely-boys;moun10;stream;video;vienna,True,A+C
2013-04-25,RAYMONDSTOCK,jc,/raymondstock/,/raymondstock-c6f381/index.html,20131126101045,https://web.archive.org/web/20131126101045id_/http://negativeyouth.net/raymondstock/,eventos;musica,alexico;colonia-roma;df;dj-smurphy;occultdanse;raymondstock;ritualz;selma-oxor;teehn-bwitches;vegan-cannibal,True,A+C
2013-04-26,NEVERLAND [VIDEO],jc,/neverland-video/,/neverland-video-4497a9/index.html,20131126084213,https://web.archive.org/web/20131126084213id_/http://negativeyouth.net/neverland-video/,musica;video,brite-aid;disco-gratis;download;houston;maligna;mp3;napoles;stream;video,True,A+C
2013-04-30,COYOTE,jc,/coyote/,/coyote-ed2e5a/index.html,20131126084254,https://web.archive.org/web/20131126084254id_/http://negativeyouth.net/coyote/,video,electric-set;indian-jewelry;maligna;neverstop;video,True,A+C
2013-04-30,ÑAKA ÑAKA OPAL TAPE,jc,/naka-naka-opal-tape/,/naka-naka-opal-tape-251c55/index.html,20131126085216,https://web.archive.org/web/20131126085216id_/http://negativeyouth.net/naka-naka-opal-tape/,musica,mexico;naka-naka;nyc;opal-tapes;stream,True,A+C
2013-05-01,DANGEROUS BOYS CLUB,jc,/dangerous-boys-club/,/dangerous-boys-club-77bebe/index.html,20131126083043,https://web.archive.org/web/20131126083043id_/http://negativeyouth.net/dangerous-boys-club/,video,dais-records;dangerous-boys-club;video,True,A
2013-05-01,PERFECT BLUE,jc,/perfect-blue/,/perfect-blue-7b2423/index.html,20131126084643,https://web.archive.org/web/20131126084643id_/http://negativeyouth.net/perfect-blue/,musica,download;lemonade;mp3;stream,True,A
2013-05-02,SOFT,jc,/soft/,/soft-6b8419/index.html,20131126085207,https://web.archive.org/web/20131126085207id_/http://negativeyouth.net/soft/,video,austin;feathers;nyc;nyx;video,True,A
2013-05-02,TELL ME,jc,/tell-me/,/tell-me-9bada4/index.html,20131126084237,https://web.archive.org/web/20131126084237id_/http://negativeyouth.net/tell-me/,musica,captured-tracks;los-angeles;soft-metals;stream,True,A
2013-05-03,HOLOGRAMS,jc,/holograms/,/holograms-1554eb/index.html,20131126090055,https://web.archive.org/web/20131126090055id_/http://negativeyouth.net/holograms/,video,butterclock;fantasy;video,True,A
2013-05-06,BROKEN,jc,/broken/,/broken-2614e4/index.html,20131126104338,https://web.archive.org/web/20131126104338id_/http://negativeyouth.net/broken/,video,nine-inch-nails;nsfw;pelicula;peter-christopherson;snuff;video,True,A
2013-05-07,ELECTRIC SET - EVERYTHING IN YOUR POWER [MAL009],jc,/electric-set-everything-in-your-power-mal009/,/electric-set-everything-in-your-power-mal009-c4c1ab/index.html,20131126083415,https://web.archive.org/web/20131126083415id_/http://negativeyouth.net/electric-set-everything-in-your-power-mal009/,musica,disco-gratis;downdload;electric-set;maligna;mp3;neverstop;nyc;stream,True,A
2013-05-13,きゃりーぱみゅぱみゅ - インベーダーインベーダー,jc,/%E3%81%8D%E3%82%83%E3%82%8A%E3%83%BC%E3%81%B1%E3%81%BF%E3%82%85%E3%81%B1%E3%81%BF%E3%82%85-%E3%82%A4%E3%83%B3%E3%83%99%E3%83%BC%E3%83%80%E3%83%BC%E3%82%A4%E3%83%B3%E3%83%99%E3%83%BC%E3%83%80/,/きゃりーぱみゅぱみゅ-インベーダーインベーダ-63153e/index.html,20131126084058,https://web.archive.org/web/20131126084058id_/http://negativeyouth.net/%E3%81%8D%E3%82%83%E3%82%8A%E3%83%BC%E3%81%B1%E3%81%BF%E3%82%85%E3%81%B1%E3%81%BF%E3%82%85-%E3%82%A4%E3%83%B3%E3%83%99%E3%83%BC%E3%83%80%E3%83%BC%E3%82%A4%E3%83%B3%E3%83%99%E3%83%BC%E3%83%80/,video,japon;kyary-pamyu-pamyu;video,True,A
2013-05-15,DSTVV,jc,/dstvv/,/dstvv-cb58ba/index.html,20131126082823,https://web.archive.org/web/20131126082823id_/http://negativeyouth.net/dstvv/,video,dstvv;san-francisco;video;wormhole-records,True,A
2013-05-17,aura - team rockit,cas,/aura-team-rockit/,/aura-team-rockit-ef5163/index.html,20131126084646,https://web.archive.org/web/20131126084646id_/http://negativeyouth.net/aura-team-rockit/,uncategorized,sincerely-yours;team-rockit,True,A
2013-05-21,ONE PLACE,jc,/one-place/,/one-place-ce108b/index.html,20131126091833,https://web.archive.org/web/20131126091833id_/http://negativeyouth.net/one-place/,video,italia;italy;tying-tiffany;video;zerokilled-music,True,A
2013-05-21,THE ETERNAL INTERNET BROTHERHOOD,tomas-diaz,/the-eternal-internet-brotherhood/,/the-eternal-internet-brotherhood-72dcb6/index.html,20131126084308,https://web.archive.org/web/20131126084308id_/http://negativeyouth.net/the-eternal-internet-brotherhood/,arte-2;entrevistas,angelo-plassas;arte;entrevista;internet;the-eternal-internet-brotherood,True,A
2013-05-22,BLACK SKINHEAD,jc,/black-skinhead/,/black-skinhead-16bb40/index.html,20131126082828,https://web.archive.org/web/20131126082828id_/http://negativeyouth.net/black-skinhead/,video,chicago;def-jam;good-music;kanye-west;roc-nation;roc-a-fella;snl;video,True,A+C
2013-05-27,GUN,jc,/gun/,/gun-004f56/index.html,20131126084503,https://web.archive.org/web/20131126084503id_/http://negativeyouth.net/gun/,musica,chvrches;glasgow;goodbye-records;stream,True,A+C
2013-05-28,LITTLE FETISH,jc,/little-fetish/,/little-fetish-9d96c6/index.html,20131126084553,https://web.archive.org/web/20131126084553id_/http://negativeyouth.net/little-fetish/,musica,chile;hdxd;maligna;mexico;stream,True,A+C
2013-05-30,THE ARCHITECT,el-carlos,/the-architect/,/the-architect-95e21a/index.html,20131126091845,https://web.archive.org/web/20131126091845id_/http://negativeyouth.net/the-architect/,musica,detroit;kyle-hall;wild-oats-music,True,A+C
2013-05-31,AFFECTION,jc,/affection/,/affection-e9610f/index.html,20131126082840,https://web.archive.org/web/20131126082840id_/http://negativeyouth.net/affection/,uncategorized,bandwagon;crystal-castles;toronto;trap;video,True,A+C
2013-06-04,HDXD - DEMOTICON [MAL010],jc,/hdxd-demoticon-mal010/,/hdxd-demoticon-mal010-76dd86/index.html,20131126084406,https://web.archive.org/web/20131126084406id_/http://negativeyouth.net/hdxd-demoticon-mal010/,musica,chile;disco-gratis;download;hdxd;maligna;mexico;mp3,True,A
2013-06-10,JUNE,jc,/june/,/june-11032f/index.html,20131126084434,https://web.archive.org/web/20131126084434id_/http://negativeyouth.net/june/,video,dj-smurphy;maligna;mexico;video,True,A
2013-06-11,REVENGEANCE Mixtape,cas,/revengeance-mixtape/,/revengeance-mixtape-09dcc5/index.html,20131126102551,https://web.archive.org/web/20131126102551id_/http://negativeyouth.net/revengeance-mixtape/,musica,download;mp3;stream;yen-tech,True,A
2013-06-11,TAROT,el-carlos,/tarot/,/tarot-3b2c5f/index.html,20131126091903,https://web.archive.org/web/20131126091903id_/http://negativeyouth.net/tarot/,video,100-silk;alex-burkat,True,A
2013-06-11,YO TE QUIERO CALAVERA,jc,/yo-te-quiero-calavera/,/yo-te-quiero-calavera-71c9fe/index.html,20131126084537,https://web.archive.org/web/20131126084537id_/http://negativeyouth.net/yo-te-quiero-calavera/,video,colombia;la-minitk-del-miedo;video,True,A
2013-06-13,FOSTERCARE B-SIDES,jc,/fostercare-b-sides/,/fostercare-b-sides-410451/index.html,20131126100834,https://web.archive.org/web/20131126100834id_/http://negativeyouth.net/fostercare-b-sides/,musica,fostearcare;minneapolis;stream,True,A
2013-06-14,THE RING MODULATOR,el-carlos,/the-ring-modulator/,/the-ring-modulator-4eeea7/index.html,20131126113517,https://web.archive.org/web/20131126113517id_/http://negativeyouth.net/the-ring-modulator/,musica,crackboy;sanfuentes-records;stream,True,A
2013-06-17,GESAFFELSTEIN - PURSUIT,jc,/gesaffelstein-pursuit/,/gesaffelstein-pursuit-ce4a3c/index.html,20131126095056,https://web.archive.org/web/20131126095056id_/http://negativeyouth.net/gesaffelstein-pursuit/,video,gesaffelstein;paris;video,True,A
2013-06-18,LEVANTATE DIEGORS,el-carlos,/levantate-diegors/,/levantate-diegors-54d934/index.html,20140109200412,https://web.archive.org/web/20140109200412id_/http://negativeyouth.net/levantate-diegors/,video,chile;comeme;matias-aguayo,True,A
2013-06-25,티아라 N4 - 전원일기,jc,/%ED%8B%B0%EC%95%84%EB%9D%BC-n4-%EC%A0%84%EC%9B%90%EC%9D%BC%EA%B8%B0/,/티아라-n4-전원일기-c6f68e/index.html,20140102150510,https://web.archive.org/web/20140102150510id_/http://negativeyouth.net/%ED%8B%B0%EC%95%84%EB%9D%BC-n4-%EC%A0%84%EC%9B%90%EC%9D%BC%EA%B8%B0/,video,k-pop;seoul;t-ara;t-ara-n4;video,True,A
2013-06-25,AVALANCHE SLOW,jc,/avalanche-slow/,/avalanche-slow-d4735a/index.html,20140404044259,https://web.archive.org/web/20140404044259id_/http://negativeyouth.net/avalanche-slow/,video,adelle;florence-and-the-machine;phoenix;sacred-bones-records;video;zola-jesus,True,A+C
2013-06-25,JUST FOR HITS RICHARD DAWKINS,jc,/just-for-hits-richard-dawkins/,/just-for-hits-richard-dawkins-eeb630/index.html,20150220145453,https://web.archive.org/web/20150220145453id_/http://negativeyouth.net/just-for-hits-richard-dawkins/,arte-2,internet;richard-dawkins;the-saatchi-saatchi-new-directors-showcase,True,A+C
2013-06-25,THE FIRM,jc,/the-firm/,/the-firm-ac71b5/index.html,20140102150856,https://web.archive.org/web/20140102150856id_/http://negativeyouth.net/the-firm/,video,alemania;funker-vogt;out-of-line,True,A+C
2013-06-28,NIN x DAVID LYNCH,jc,/nin-x-david-lynch/,/nin-x-david-lynch-a2b073/index.html,20140601045220,https://web.archive.org/web/20140601045220id_/http://negativeyouth.net/nin-x-david-lynch/,video,columbia-records;david-lynch;los-angeles;nine-inch-nails;video,True,A+C
2013-06-28,NOMMO OGO,jc,/nommo-ogo/,/nommo-ogo-65cbe7/index.html,20140601065717,https://web.archive.org/web/20140601065717id_/http://negativeyouth.net/nommo-ogo/,musica;video,anchorage;nommo-ogo;record-label-records;stream;video,True,A+C
2013-07-03,LATER FAGS,jc,/later-fags/,/later-fags-59671a/index.html,20140601013948,https://web.archive.org/web/20140601013948id_/http://negativeyouth.net/later-fags/,arte-2,chavvos-was-here;death-to-posers;el-adios;mexico;negative-youth,True,A+C
,,,/about,/about-2a1c0c/index.html,20110207073038,https://web.archive.org/web/20110207073038id_/http://negativeyouth.net/about,,,True,A
,,,/archive,/archive-c94195/index.html,20110207072924,https://web.archive.org/web/20110207072924id_/http://negativeyouth.net/archive,,,True,A
,,,/ask,/ask-b0f28c/index.html,20110207072333,https://web.archive.org/web/20110207072333id_/http://negativeyouth.net/ask,,,True,A
,,,/freak-out-2/,/freak-out-2-b3eb6d/index.html,20131126110713,https://web.archive.org/web/20131126110713id_/http://negativeyouth.net/freak-out-2/,,,True,A
,,,/mobile,/mobile-80f80a/index.html,20110207073043,https://web.archive.org/web/20110207073043id_/http://negativeyouth.net/mobile,,,True,A
,,,/nosotros,/nosotros-980a00/index.html,20110207072357,https://web.archive.org/web/20110207072357id_/http://negativeyouth.net/nosotros,,,True,A
,,,/post/2946548866/black-metal-kids,/post-2946548866-black-metal-kids-aac85e/index.html,20110204205842,https://web.archive.org/web/20110204205842id_/http://negativeyouth.net/post/2946548866/black-metal-kids,,,True,A
,,,/post/3053617238/alexico-gordo-grande-y-marica,/post-3053617238-alexico-gordo-grande-y-marica-b25373/index.html,20110205125241,https://web.archive.org/web/20110205125241id_/http://negativeyouth.net/post/3053617238/alexico-gordo-grande-y-marica,,,True,A
,,,/tagged/alexico,/tagged-alexico-751238/index.html,20110207073102,https://web.archive.org/web/20110207073102id_/http://negativeyouth.net/tagged/alexico,,,True,A
,,,/tagged/gatekeeper/,/tagged-gatekeeper-0ad0c6/index.html,20140530004814,https://web.archive.org/web/20140530004814id_/http://negativeyouth.net/tagged/gatekeeper/,,,True,A
,,,/tagged/video,/tagged-video-ce6831/index.html,20110207073106,https://web.archive.org/web/20110207073106id_/http://negativeyouth.net/tagged/video,,,True,A
